timestamp,accel.x,accel.y,accel.z
1726407111084.168,-0.97863769531,0.201171875,-0.11022949218
1726407111104.168,-0.97863769531,0.201171875,-0.11022949218
1726407111124.046,-0.98010253906,0.20166015625,-0.10876464843
1726407111144.1375,-0.98010253906,0.20166015625,-0.10876464843
1726407111164.168,-0.98010253906,0.20166015625,-0.10876464843
1726407111184.168,-0.98010253906,0.20166015625,-0.10876464843
1726407111204.0457,-0.98608398437,0.20190429687,-0.12158203125
1726407111224.1675,-0.98608398437,0.20190429687,-0.12158203125
1726407111244.1372,-0.98608398437,0.20190429687,-0.12158203125
1726407111264.1375,-0.98608398437,0.20190429687,-0.12158203125
1726407111284.0457,-0.98669433593,0.20104980468,-0.12023925781
1726407111304.1375,-0.98669433593,0.20104980468,-0.12023925781
1726407111324.1375,-0.98669433593,0.20104980468,-0.12023925781
1726407111344.168,-0.98669433593,0.20104980468,-0.12023925781
1726407111364.046,-0.98596191406,0.20166015625,-0.1123046875
1726407111384.168,-0.98596191406,0.20166015625,-0.1123046875
1726407111404.168,-0.98596191406,0.20166015625,-0.1123046875
1726407111424.168,-0.98596191406,0.20166015625,-0.1123046875
1726407111444.0151,-0.98669433593,0.20080566406,-0.11389160156
1726407111464.1675,-0.98669433593,0.20080566406,-0.11389160156
1726407111484.168,-0.98669433593,0.20080566406,-0.11389160156
1726407111504.1375,-0.98669433593,0.20080566406,-0.11389160156
1726407111524.0457,-0.98901367187,0.19946289062,-0.11669921875
1726407111544.1375,-0.98901367187,0.19946289062,-0.11669921875
1726407111564.168,-0.98901367187,0.19946289062,-0.11669921875
1726407111584.1375,-0.98901367187,0.19946289062,-0.11669921875
1726407111604.046,-0.98706054687,0.20300292968,-0.11486816406
1726407111624.168,-0.98706054687,0.20300292968,-0.11486816406
1726407111644.1375,-0.98706054687,0.20300292968,-0.11486816406
1726407111664.1375,-0.98706054687,0.20300292968,-0.11486816406
1726407111684.046,-0.98718261718,0.20141601562,-0.11499023437
1726407111704.1372,-0.98718261718,0.20141601562,-0.11499023437
1726407111724.1675,-0.98718261718,0.20141601562,-0.11499023437
1726407111744.168,-0.98718261718,0.20141601562,-0.11499023437
1726407111764.0457,-0.9892578125,0.20178222656,-0.11511230468
1726407111784.1375,-0.9892578125,0.20178222656,-0.11511230468
1726407111804.1375,-0.9892578125,0.20178222656,-0.11511230468
1726407111824.1375,-0.9892578125,0.20178222656,-0.11511230468
1726407111844.046,-0.99133300781,0.20825195312,-0.11511230468
1726407111864.168,-0.99133300781,0.20825195312,-0.11511230468
1726407111884.1375,-0.99133300781,0.20825195312,-0.11511230468
1726407111904.1375,-0.99133300781,0.20825195312,-0.11511230468
1726407111924.046,-0.98815917968,0.21020507812,-0.11730957031
1726407111944.168,-0.98815917968,0.21020507812,-0.11730957031
1726407111964.1372,-0.98815917968,0.21020507812,-0.11730957031
1726407111984.1372,-0.98815917968,0.21020507812,-0.11730957031
1726407112004.0151,-0.98352050781,0.2080078125,-0.12036132812
1726407112024.168,-0.98352050781,0.2080078125,-0.12036132812
1726407112044.1375,-0.98352050781,0.2080078125,-0.12036132812
1726407112064.1375,-0.98352050781,0.2080078125,-0.12036132812
1726407112084.0151,-0.98449707031,0.20483398437,-0.12487792968
1726407112104.1375,-0.98449707031,0.20483398437,-0.12487792968
1726407112124.1375,-0.98449707031,0.20483398437,-0.12487792968
1726407112144.168,-0.98449707031,0.20483398437,-0.12487792968
1726407112164.046,-0.98706054687,0.20129394531,-0.1259765625
1726407112184.1375,-0.98706054687,0.20129394531,-0.1259765625
1726407112204.1675,-0.98706054687,0.20129394531,-0.1259765625
1726407112224.1675,-0.98706054687,0.20129394531,-0.1259765625
1726407112244.0151,-0.98718261718,0.19653320312,-0.12438964843
1726407112264.168,-0.98718261718,0.19653320312,-0.12438964843
1726407112284.168,-0.98718261718,0.19653320312,-0.12438964843
1726407112304.168,-0.98718261718,0.19653320312,-0.12438964843
1726407112324.046,-0.99133300781,0.1953125,-0.12475585937
1726407112344.1375,-0.99133300781,0.1953125,-0.12475585937
1726407112364.1375,-0.99133300781,0.1953125,-0.12475585937
1726407112384.1375,-0.99133300781,0.1953125,-0.12475585937
1726407112404.046,-0.99340820312,0.19689941406,-0.125
1726407112424.168,-0.99340820312,0.19689941406,-0.125
1726407112444.1375,-0.99340820312,0.19689941406,-0.125
1726407112464.1675,-0.99340820312,0.19689941406,-0.125
1726407112484.0457,-0.98803710937,0.19653320312,-0.125
1726407112504.1375,-0.98803710937,0.19653320312,-0.125
1726407112524.168,-0.98803710937,0.19653320312,-0.125
1726407112544.168,-0.98803710937,0.19653320312,-0.125
1726407112564.046,-0.98547363281,0.19946289062,-0.12182617187
1726407112584.168,-0.98547363281,0.19946289062,-0.12182617187
1726407112604.168,-0.98547363281,0.19946289062,-0.12182617187
1726407112624.1375,-0.98547363281,0.19946289062,-0.12182617187
1726407112644.0151,-0.98645019531,0.20190429687,-0.11926269531
1726407112664.168,-0.98645019531,0.20190429687,-0.11926269531
1726407112684.168,-0.98645019531,0.20190429687,-0.11926269531
1726407112704.1675,-0.98645019531,0.20190429687,-0.11926269531
1726407112724.0457,-0.98583984375,0.20520019531,-0.12646484375
1726407112744.168,-0.98583984375,0.20520019531,-0.12646484375
1726407112764.168,-0.98583984375,0.20520019531,-0.12646484375
1726407112784.168,-0.98583984375,0.20520019531,-0.12646484375
1726407112804.046,-0.97119140625,0.23278808593,-0.11352539062
1726407112824.168,-0.97119140625,0.23278808593,-0.11352539062
1726407112844.1375,-0.97119140625,0.23278808593,-0.11352539062
1726407112864.1375,-0.97119140625,0.23278808593,-0.11352539062
1726407112884.046,-0.98181152343,0.22265625,-0.12902832031
1726407112904.168,-0.98181152343,0.22265625,-0.12902832031
1726407112924.168,-0.98181152343,0.22265625,-0.12902832031
1726407112944.168,-0.98181152343,0.22265625,-0.12902832031
1726407112964.0457,-0.98681640625,0.22009277343,-0.14147949218
1726407112984.1372,-0.98681640625,0.22009277343,-0.14147949218
1726407113004.168,-0.98681640625,0.22009277343,-0.14147949218
1726407113024.1375,-0.98681640625,0.22009277343,-0.14147949218
1726407113044.0151,-0.98596191406,0.22094726562,-0.13891601562
1726407113064.168,-0.98596191406,0.22094726562,-0.13891601562
1726407113084.168,-0.98596191406,0.22094726562,-0.13891601562
1726407113104.168,-0.98596191406,0.22094726562,-0.13891601562
1726407113124.046,-0.9814453125,0.22863769531,-0.12414550781
1726407113144.168,-0.9814453125,0.22863769531,-0.12414550781
1726407113164.168,-0.9814453125,0.22863769531,-0.12414550781
1726407113184.1375,-0.9814453125,0.22863769531,-0.12414550781
1726407113204.0457,-0.97729492187,0.236328125,-0.11730957031
1726407113224.1675,-0.97729492187,0.236328125,-0.11730957031
1726407113244.1372,-0.97729492187,0.236328125,-0.11730957031
1726407113264.168,-0.97729492187,0.236328125,-0.11730957031
1726407113284.0457,-0.98266601562,0.23474121093,-0.12036132812
1726407113304.168,-0.98266601562,0.23474121093,-0.12036132812
1726407113324.1375,-0.98266601562,0.23474121093,-0.12036132812
1726407113344.1375,-0.98266601562,0.23474121093,-0.12036132812
1726407113364.046,-0.98718261718,0.2236328125,-0.12280273437
1726407113384.1375,-0.98718261718,0.2236328125,-0.12280273437
1726407113404.168,-0.98718261718,0.2236328125,-0.12280273437
1726407113424.168,-0.98718261718,0.2236328125,-0.12280273437
1726407113443.8933,-0.98413085937,0.208984375,-0.12194824218
1726407113464.1675,-0.98413085937,0.208984375,-0.12194824218
1726407113484.1372,-0.98413085937,0.208984375,-0.12194824218
1726407113504.1375,-0.98413085937,0.208984375,-0.12194824218
1726407113524.0457,-0.98376464843,0.20422363281,-0.12145996093
1726407113544.168,-0.98376464843,0.20422363281,-0.12145996093
1726407113564.1375,-0.98376464843,0.20422363281,-0.12145996093
1726407113584.1375,-0.98376464843,0.20422363281,-0.12145996093
1726407113604.046,-0.99291992187,0.20629882812,-0.12329101562
1726407113624.1375,-0.99291992187,0.20629882812,-0.12329101562
1726407113644.1375,-0.99291992187,0.20629882812,-0.12329101562
1726407113664.168,-0.99291992187,0.20629882812,-0.12329101562
1726407113684.046,-0.9951171875,0.20300292968,-0.12109375
1726407113704.1675,-0.9951171875,0.20300292968,-0.12109375
1726407113724.1372,-0.9951171875,0.20300292968,-0.12109375
1726407113744.1372,-0.9951171875,0.20300292968,-0.12109375
1726407113764.0457,-0.98571777343,0.19421386718,-0.12634277343
1726407113784.1375,-0.98571777343,0.19421386718,-0.12634277343
1726407113804.168,-0.98571777343,0.19421386718,-0.12634277343
1726407113824.168,-0.98571777343,0.19421386718,-0.12634277343
1726407113843.893,-0.97924804687,0.1962890625,-0.13708496093
1726407113864.168,-0.97924804687,0.1962890625,-0.13708496093
1726407113884.168,-0.97924804687,0.1962890625,-0.13708496093
1726407113904.168,-0.97924804687,0.1962890625,-0.13708496093
1726407113924.046,-0.98352050781,0.20983886718,-0.13891601562
1726407113944.168,-0.98352050781,0.20983886718,-0.13891601562
1726407113964.1372,-0.98352050781,0.20983886718,-0.13891601562
1726407113984.168,-0.98352050781,0.20983886718,-0.13891601562
1726407114003.893,-0.99182128906,0.21618652343,-0.13879394531
1726407114024.168,-0.99182128906,0.21618652343,-0.13879394531
1726407114044.168,-0.99182128906,0.21618652343,-0.13879394531
1726407114064.168,-0.99182128906,0.21618652343,-0.13879394531
1726407114083.9236,-0.9873046875,0.2138671875,-0.14599609375
1726407114104.168,-0.9873046875,0.2138671875,-0.14599609375
1726407114124.1375,-0.9873046875,0.2138671875,-0.14599609375
1726407114144.168,-0.9873046875,0.2138671875,-0.14599609375
1726407114163.9543,-0.97900390625,0.21276855468,-0.15454101562
1726407114184.168,-0.97900390625,0.21276855468,-0.15454101562
1726407114204.1675,-0.97900390625,0.21276855468,-0.15454101562
1726407114224.1675,-0.97900390625,0.21276855468,-0.15454101562
1726407114244.0457,-0.99279785156,0.19567871093,-0.16589355468
1726407114264.1375,-0.99279785156,0.19567871093,-0.16589355468
1726407114284.168,-0.99279785156,0.19567871093,-0.16589355468
1726407114304.1375,-0.99279785156,0.19567871093,-0.16589355468
1726407114323.8623,-0.99084472656,0.19287109375,-0.18371582031
1726407114344.1375,-0.99084472656,0.19287109375,-0.18371582031
1726407114364.168,-0.99084472656,0.19287109375,-0.18371582031
1726407114384.1375,-0.99084472656,0.19287109375,-0.18371582031
1726407114403.8933,-0.97546386718,0.21655273437,-0.17626953125
1726407114424.1375,-0.97546386718,0.21655273437,-0.17626953125
1726407114444.229,-0.97546386718,0.21655273437,-0.17626953125
1726407114464.1372,-0.97546386718,0.21655273437,-0.17626953125
1726407114483.9236,-0.99523925781,0.20251464843,-0.16003417968
1726407114504.1375,-0.99523925781,0.20251464843,-0.16003417968
1726407114524.168,-0.99523925781,0.20251464843,-0.16003417968
1726407114544.1375,-0.99523925781,0.20251464843,-0.16003417968
1726407114563.954,-0.98266601562,0.21789550781,-0.17785644531
1726407114584.168,-0.98266601562,0.21789550781,-0.17785644531
1726407114604.168,-0.98266601562,0.21789550781,-0.17785644531
1726407114624.168,-0.98266601562,0.21789550781,-0.17785644531
1726407114644.229,-0.97155761718,0.23767089843,-0.162109375
1726407114664.1375,-0.97155761718,0.23767089843,-0.162109375
1726407114684.168,-0.97155761718,0.23767089843,-0.162109375
1726407114704.1675,-0.97155761718,0.23767089843,-0.162109375
1726407114724.0151,-0.97058105468,0.23229980468,-0.14538574218
1726407114744.1372,-0.97058105468,0.23229980468,-0.14538574218
1726407114764.1375,-0.97058105468,0.23229980468,-0.14538574218
1726407114784.1375,-0.97058105468,0.23229980468,-0.14538574218
1726407114804.046,-0.98266601562,0.20263671875,-0.14184570312
1726407114824.168,-0.98266601562,0.20263671875,-0.14184570312
1726407114844.29,-0.98266601562,0.20263671875,-0.14184570312
1726407114864.168,-0.98266601562,0.20263671875,-0.14184570312
1726407114884.0764,-0.98095703125,0.18041992187,-0.14221191406
1726407114904.168,-0.98095703125,0.18041992187,-0.14221191406
1726407114924.1375,-0.98095703125,0.18041992187,-0.14221191406
1726407114944.168,-0.98095703125,0.18041992187,-0.14221191406
1726407114964.1067,-0.97802734375,0.17956542968,-0.14135742187
1726407114984.168,-0.97802734375,0.17956542968,-0.14135742187
1726407115004.1375,-0.97802734375,0.17956542968,-0.14135742187
1726407115024.168,-0.97802734375,0.17956542968,-0.14135742187
1726407115044.351,-0.98303222656,0.189453125,-0.13879394531
1726407115064.168,-0.98303222656,0.189453125,-0.13879394531
1726407115084.168,-0.98303222656,0.189453125,-0.13879394531
1726407115104.168,-0.98303222656,0.189453125,-0.13879394531
1726407115124.168,-0.98840332031,0.18994140625,-0.13977050781
1726407115144.168,-0.98840332031,0.18994140625,-0.13977050781
1726407115164.168,-0.98840332031,0.18994140625,-0.13977050781
1726407115184.1375,-0.98840332031,0.18994140625,-0.13977050781
1726407115204.1982,-0.99401855468,0.18395996093,-0.13916015625
1726407115224.1675,-0.99401855468,0.18395996093,-0.13916015625
1726407115244.29,-0.99401855468,0.18395996093,-0.13916015625
1726407115264.1375,-0.99401855468,0.18395996093,-0.13916015625
1726407115284.229,-0.99877929687,0.18212890625,-0.1357421875
1726407115304.168,-0.99877929687,0.18212890625,-0.1357421875
1726407115324.168,-0.99877929687,0.18212890625,-0.1357421875
1726407115344.1375,-0.99877929687,0.18212890625,-0.1357421875
1726407115364.2595,-0.99890136718,0.18139648437,-0.13732910156
1726407115384.1375,-0.99890136718,0.18139648437,-0.13732910156
1726407115404.1375,-0.99890136718,0.18139648437,-0.13732910156
1726407115424.168,-0.99890136718,0.18139648437,-0.13732910156
1726407115444.504,-0.99792480468,0.17785644531,-0.1337890625
1726407115464.1675,-0.99792480468,0.17785644531,-0.1337890625
1726407115484.1372,-0.99792480468,0.17785644531,-0.1337890625
1726407115504.1375,-0.99792480468,0.17785644531,-0.1337890625
1726407115524.3203,-1.00158691406,0.16479492187,-0.13012695312
1726407115544.168,-1.00158691406,0.16479492187,-0.13012695312
1726407115564.168,-1.00158691406,0.16479492187,-0.13012695312
1726407115584.168,-1.00158691406,0.16479492187,-0.13012695312
1726407115604.351,-0.99816894531,0.15759277343,-0.12731933593
1726407115624.168,-0.99816894531,0.15759277343,-0.12731933593
1726407115644.1985,-0.99816894531,0.15759277343,-0.12731933593
1726407115664.1375,-0.99816894531,0.15759277343,-0.12731933593
1726407115684.3818,-0.99133300781,0.16149902343,-0.11560058593
1726407115704.1675,-0.99133300781,0.16149902343,-0.11560058593
1726407115724.1372,-0.99133300781,0.16149902343,-0.11560058593
1726407115744.168,-0.99133300781,0.16149902343,-0.11560058593
1726407115764.412,-0.98913574218,0.158203125,-0.10913085937
1726407115784.1375,-0.98913574218,0.158203125,-0.10913085937
1726407115804.168,-0.98913574218,0.158203125,-0.10913085937
1726407115824.168,-0.98913574218,0.158203125,-0.10913085937
1726407115844.6565,-0.98706054687,0.150390625,-0.11865234375
1726407115864.168,-0.98706054687,0.150390625,-0.11865234375
1726407115884.168,-0.98706054687,0.150390625,-0.11865234375
1726407115904.1375,-0.98706054687,0.150390625,-0.11865234375
1726407115924.4731,-0.990234375,0.158203125,-0.13037109375
1726407115944.168,-0.990234375,0.158203125,-0.13037109375
1726407115964.1372,-0.990234375,0.158203125,-0.13037109375
1726407115984.1372,-0.990234375,0.158203125,-0.13037109375
1726407116004.5037,-0.98974609375,0.17749023437,-0.13891601562
1726407116024.168,-0.98974609375,0.17749023437,-0.13891601562
1726407116044.168,-0.98974609375,0.17749023437,-0.13891601562
1726407116064.1375,-0.98974609375,0.17749023437,-0.13891601562
1726407116084.5344,-0.99365234375,0.1865234375,-0.14184570312
1726407116104.168,-0.99365234375,0.1865234375,-0.14184570312
1726407116124.168,-0.99365234375,0.1865234375,-0.14184570312
1726407116144.1375,-0.99365234375,0.1865234375,-0.14184570312
1726407116164.5647,-0.99645996093,0.17810058593,-0.11779785156
1726407116184.168,-0.99645996093,0.17810058593,-0.11779785156
1726407116204.1675,-0.99645996093,0.17810058593,-0.11779785156
1726407116224.1675,-0.99645996093,0.17810058593,-0.11779785156
1726407116244.87,-0.99084472656,0.15454101562,-0.11645507812
1726407116264.1375,-0.99084472656,0.15454101562,-0.11645507812
1726407116284.0151,-0.99084472656,0.15454101562,-0.11645507812
1726407116304.168,-0.99084472656,0.15454101562,-0.11645507812
1726407116324.626,-0.98999023437,0.11950683593,-0.13452148437
1726407116344.168,-0.98999023437,0.11950683593,-0.13452148437
1726407116364.1375,-0.98999023437,0.11950683593,-0.13452148437
1726407116384.168,-0.98999023437,0.11950683593,-0.13452148437
1726407116404.6565,-0.99682617187,0.01977539062,-0.27221679687
1726407116424.168,-0.99682617187,0.01977539062,-0.27221679687
1726407116444.168,-0.99682617187,0.01977539062,-0.27221679687
1726407116464.1675,-0.99682617187,0.01977539062,-0.27221679687
1726407116484.687,-0.99169921875,0.12756347656,-0.30102539062
1726407116504.1375,-0.99169921875,0.12756347656,-0.30102539062
1726407116524.168,-0.99169921875,0.12756347656,-0.30102539062
1726407116544.168,-0.99169921875,0.12756347656,-0.30102539062
1726407116564.7175,-0.99145507812,0.39245605468,-0.17883300781
1726407116584.168,-0.99145507812,0.39245605468,-0.17883300781
1726407116604.168,-0.99145507812,0.39245605468,-0.17883300781
1726407116624.168,-0.99145507812,0.39245605468,-0.17883300781
1726407116644.8704,-0.97143554687,0.38464355468,0.04370117187
1726407116664.0151,-0.97143554687,0.38464355468,0.04370117187
1726407116684.168,-0.97143554687,0.38464355468,0.04370117187
1726407116704.1675,-0.97143554687,0.38464355468,0.04370117187
1726407116724.7783,-0.95593261718,0.36340332031,0.16015625
1726407116744.1372,-0.95593261718,0.36340332031,0.16015625
1726407116764.1375,-0.95593261718,0.36340332031,0.16015625
1726407116784.1375,-0.95593261718,0.36340332031,0.16015625
1726407116804.87,-0.92468261718,0.18981933593,0.29675292968
1726407116824.1375,-0.92468261718,0.18981933593,0.29675292968
1726407116844.168,-0.92468261718,0.18981933593,0.29675292968
1726407116864.168,-0.92468261718,0.18981933593,0.29675292968
1726407116884.8398,-0.88305664062,0.23706054687,0.26879882812
1726407116904.168,-0.88305664062,0.23706054687,0.26879882812
1726407116924.168,-0.88305664062,0.23706054687,0.26879882812
1726407116944.1375,-0.88305664062,0.23706054687,0.26879882812
1726407116964.87,-0.91467285156,0.07971191406,0.1806640625
1726407116984.1372,-0.91467285156,0.07971191406,0.1806640625
1726407117004.168,-0.91467285156,0.07971191406,0.1806640625
1726407117024.1375,-0.91467285156,0.07971191406,0.1806640625
1726407117045.0227,-0.90649414062,0.21911621093,0.10205078125
1726407117064.168,-0.90649414062,0.21911621093,0.10205078125
1726407117084.1375,-0.90649414062,0.21911621093,0.10205078125
1726407117104.1375,-0.90649414062,0.21911621093,0.10205078125
1726407117124.9312,-0.92150878906,0.38623046875,-0.04724121093
1726407117144.168,-0.92150878906,0.38623046875,-0.04724121093
1726407117164.1375,-0.92150878906,0.38623046875,-0.04724121093
1726407117184.1375,-0.92150878906,0.38623046875,-0.04724121093
1726407117204.9617,-0.91906738281,0.43591308593,-0.12829589843
1726407117224.1675,-0.91906738281,0.43591308593,-0.12829589843
1726407117244.1372,-0.91906738281,0.43591308593,-0.12829589843
1726407117264.1375,-0.91906738281,0.43591308593,-0.12829589843
1726407117284.9924,-0.88879394531,0.59362792968,-0.14111328125
1726407117304.0151,-0.88879394531,0.59362792968,-0.14111328125
1726407117324.168,-0.88879394531,0.59362792968,-0.14111328125
1726407117344.168,-0.88879394531,0.59362792968,-0.14111328125
1726407117365.0227,-1.00183105468,0.55249023437,-0.07202148437
1726407117384.0151,-1.00183105468,0.55249023437,-0.07202148437
1726407117404.168,-1.00183105468,0.55249023437,-0.07202148437
1726407117424.168,-1.00183105468,0.55249023437,-0.07202148437
1726407117445.1145,-1.05236816406,0.79284667968,-0.11486816406
1726407117464.0151,-1.05236816406,0.79284667968,-0.11486816406
1726407117484.168,-1.05236816406,0.79284667968,-0.11486816406
1726407117504.168,-1.05236816406,0.79284667968,-0.11486816406
1726407117525.084,-0.97912597656,0.56408691406,0.00903320312
1726407117544.0151,-0.97912597656,0.56408691406,0.00903320312
1726407117564.168,-0.97912597656,0.56408691406,0.00903320312
1726407117584.168,-0.97912597656,0.56408691406,0.00903320312
1726407117605.1145,-0.94799804687,0.20422363281,-0.04162597656
1726407117624.0151,-0.94799804687,0.20422363281,-0.04162597656
1726407117644.168,-0.94799804687,0.20422363281,-0.04162597656
1726407117664.168,-0.94799804687,0.20422363281,-0.04162597656
1726407117685.145,-0.96472167968,0.13220214843,-0.15588378906
1726407117704.0151,-0.96472167968,0.13220214843,-0.15588378906
1726407117724.1675,-0.96472167968,0.13220214843,-0.15588378906
1726407117744.168,-0.96472167968,0.13220214843,-0.15588378906
1726407117765.1755,-1.0048828125,0.24255371093,-0.14672851562
1726407117784.0151,-1.0048828125,0.24255371093,-0.14672851562
1726407117804.168,-1.0048828125,0.24255371093,-0.14672851562
1726407117824.1375,-1.0048828125,0.24255371093,-0.14672851562
1726407117845.267,-1.02160644531,0.26062011718,-0.16320800781
1726407117864.0151,-1.02160644531,0.26062011718,-0.16320800781
1726407117884.1375,-1.02160644531,0.26062011718,-0.16320800781
1726407117904.168,-1.02160644531,0.26062011718,-0.16320800781
1726407117925.2368,-0.97814941406,0.22021484375,-0.08911132812
1726407117944.0151,-0.97814941406,0.22021484375,-0.08911132812
1726407117964.1675,-0.97814941406,0.22021484375,-0.08911132812
1726407117984.168,-0.97814941406,0.22021484375,-0.08911132812
1726407118005.267,-0.97045898437,0.23034667968,-0.06762695312
1726407118024.0151,-0.97045898437,0.23034667968,-0.06762695312
1726407118044.168,-0.97045898437,0.23034667968,-0.06762695312
1726407118064.1375,-0.97045898437,0.23034667968,-0.06762695312
1726407118085.2979,-0.97839355468,0.23718261718,-0.06909179687
1726407118104.0151,-0.97839355468,0.23718261718,-0.06909179687
1726407118124.1375,-0.97839355468,0.23718261718,-0.06909179687
1726407118144.1375,-0.97839355468,0.23718261718,-0.06909179687
1726407118165.3284,-0.98937988281,0.23828125,-0.0947265625
1726407118184.0151,-0.98937988281,0.23828125,-0.0947265625
1726407118204.1675,-0.98937988281,0.23828125,-0.0947265625
1726407118224.1675,-0.98937988281,0.23828125,-0.0947265625
1726407118245.4197,-0.99243164062,0.22729492187,-0.12341308593
1726407118264.0151,-0.99243164062,0.22729492187,-0.12341308593
1726407118284.1375,-0.99243164062,0.22729492187,-0.12341308593
1726407118304.168,-0.99243164062,0.22729492187,-0.12341308593
1726407118325.3894,-0.98974609375,0.21594238281,-0.12219238281
1726407118344.0151,-0.98974609375,0.21594238281,-0.12219238281
1726407118364.168,-0.98974609375,0.21594238281,-0.12219238281
1726407118384.168,-0.98974609375,0.21594238281,-0.12219238281
1726407118405.42,-0.99047851562,0.21484375,-0.10180664062
1726407118424.0151,-0.99047851562,0.21484375,-0.10180664062
1726407118444.1985,-0.99047851562,0.21484375,-0.10180664062
1726407118464.1675,-0.99047851562,0.21484375,-0.10180664062
1726407118485.45,-0.99084472656,0.21008300781,-0.0849609375
1726407118504.0151,-0.99084472656,0.21008300781,-0.0849609375
1726407118524.1375,-0.99084472656,0.21008300781,-0.0849609375
1726407118544.168,-0.99084472656,0.21008300781,-0.0849609375
1726407118565.4807,-0.994140625,0.1943359375,-0.08227539062
1726407118584.0151,-0.994140625,0.1943359375,-0.08227539062
1726407118604.1375,-0.994140625,0.1943359375,-0.08227539062
1726407118624.1375,-0.994140625,0.1943359375,-0.08227539062
1726407118645.5725,-0.99365234375,0.1796875,-0.08630371093
1726407118664.0151,-0.99365234375,0.1796875,-0.08630371093
1726407118684.168,-0.99365234375,0.1796875,-0.08630371093
1726407118704.1675,-0.99365234375,0.1796875,-0.08630371093
1726407118725.542,-0.98608398437,0.18542480468,-0.09020996093
1726407118744.0151,-0.98608398437,0.18542480468,-0.09020996093
1726407118764.168,-0.98608398437,0.18542480468,-0.09020996093
1726407118784.168,-0.98608398437,0.18542480468,-0.09020996093
1726407118805.5725,-0.98779296875,0.20788574218,-0.09521484375
1726407118824.0151,-0.98779296875,0.20788574218,-0.09521484375
1726407118844.168,-0.98779296875,0.20788574218,-0.09521484375
1726407118864.168,-0.98779296875,0.20788574218,-0.09521484375
1726407118885.603,-0.99267578125,0.22778320312,-0.10168457031
1726407118904.0151,-0.99267578125,0.22778320312,-0.10168457031
1726407118924.168,-0.99267578125,0.22778320312,-0.10168457031
1726407118944.168,-0.99267578125,0.22778320312,-0.10168457031
1726407118965.6335,-0.99291992187,0.22033691406,-0.10681152343
1726407118984.0151,-0.99291992187,0.22033691406,-0.10681152343
1726407119004.168,-0.99291992187,0.22033691406,-0.10681152343
1726407119024.1375,-0.99291992187,0.22033691406,-0.10681152343
1726407119045.725,-0.99096679687,0.20434570312,-0.10607910156
1726407119064.0151,-0.99096679687,0.20434570312,-0.10607910156
1726407119084.168,-0.99096679687,0.20434570312,-0.10607910156
1726407119104.168,-0.99096679687,0.20434570312,-0.10607910156
1726407119125.6948,-0.99108886718,0.19482421875,-0.09533691406
1726407119144.0151,-0.99108886718,0.19482421875,-0.09533691406
1726407119164.1375,-0.99108886718,0.19482421875,-0.09533691406
1726407119184.168,-0.99108886718,0.19482421875,-0.09533691406
1726407119205.725,-0.9921875,0.19030761718,-0.08825683593
1726407119224.0151,-0.9921875,0.19030761718,-0.08825683593
1726407119244.1372,-0.9921875,0.19030761718,-0.08825683593
1726407119264.168,-0.9921875,0.19030761718,-0.08825683593
1726407119285.7556,-0.99060058593,0.19140625,-0.09326171875
1726407119304.0151,-0.99060058593,0.19140625,-0.09326171875
1726407119324.168,-0.99060058593,0.19140625,-0.09326171875
1726407119344.1375,-0.99060058593,0.19140625,-0.09326171875
1726407119365.7864,-0.98986816406,0.19396972656,-0.11853027343
1726407119384.0151,-0.98986816406,0.19396972656,-0.11853027343
1726407119404.168,-0.98986816406,0.19396972656,-0.11853027343
1726407119424.1375,-0.98986816406,0.19396972656,-0.11853027343
1726407119445.8777,-0.99060058593,0.181640625,-0.14282226562
1726407119464.0151,-0.99060058593,0.181640625,-0.14282226562
1726407119484.168,-0.99060058593,0.181640625,-0.14282226562
1726407119504.168,-0.99060058593,0.181640625,-0.14282226562
1726407119525.8474,-0.98669433593,0.1748046875,-0.13427734375
1726407119544.0151,-0.98669433593,0.1748046875,-0.13427734375
1726407119564.168,-0.98669433593,0.1748046875,-0.13427734375
1726407119584.1375,-0.98669433593,0.1748046875,-0.13427734375
1726407119605.878,-0.98181152343,0.19470214843,-0.12145996093
1726407119624.0151,-0.98181152343,0.19470214843,-0.12145996093
1726407119644.168,-0.98181152343,0.19470214843,-0.12145996093
1726407119664.168,-0.98181152343,0.19470214843,-0.12145996093
1726407119685.9082,-0.98815917968,0.18615722656,-0.1337890625
1726407119704.0151,-0.98815917968,0.18615722656,-0.1337890625
1726407119724.1372,-0.98815917968,0.18615722656,-0.1337890625
1726407119744.168,-0.98815917968,0.18615722656,-0.1337890625
1726407119765.9387,-0.98559570312,0.17797851562,-0.142578125
1726407119784.0151,-0.98559570312,0.17797851562,-0.142578125
1726407119804.1375,-0.98559570312,0.17797851562,-0.142578125
1726407119824.168,-0.98559570312,0.17797851562,-0.142578125
1726407119846.0305,-0.984375,0.18249511718,-0.13525390625
1726407119864.0151,-0.984375,0.18249511718,-0.13525390625
1726407119884.168,-0.984375,0.18249511718,-0.13525390625
1726407119904.168,-0.984375,0.18249511718,-0.13525390625
1726407119926.0,-0.98901367187,0.18774414062,-0.13403320312
1726407119944.0151,-0.98901367187,0.18774414062,-0.13403320312
1726407119964.1372,-0.98901367187,0.18774414062,-0.13403320312
1726407119984.168,-0.98901367187,0.18774414062,-0.13403320312
1726407120006.0305,-0.98913574218,0.18286132812,-0.13439941406
1726407120024.0151,-0.98913574218,0.18286132812,-0.13439941406
1726407120044.168,-0.98913574218,0.18286132812,-0.13439941406
1726407120064.1375,-0.98913574218,0.18286132812,-0.13439941406
1726407120086.061,-0.98608398437,0.17956542968,-0.13244628906
1726407120104.0151,-0.98608398437,0.17956542968,-0.13244628906
1726407120124.168,-0.98608398437,0.17956542968,-0.13244628906
1726407120144.1375,-0.98608398437,0.17956542968,-0.13244628906
1726407120166.0916,-0.98461914062,0.18432617187,-0.13061523437
1726407120184.0151,-0.98461914062,0.18432617187,-0.13061523437
1726407120204.1372,-0.98461914062,0.18432617187,-0.13061523437
1726407120224.1372,-0.98461914062,0.18432617187,-0.13061523437
1726407120246.183,-0.98498535156,0.1865234375,-0.12548828125
1726407120264.0151,-0.98498535156,0.1865234375,-0.12548828125
1726407120284.1375,-0.98498535156,0.1865234375,-0.12548828125
1726407120304.168,-0.98498535156,0.1865234375,-0.12548828125
1726407120326.2139,-0.99035644531,0.18237304687,-0.12414550781
1726407120344.0151,-0.99035644531,0.18237304687,-0.12414550781
1726407120364.1375,-0.99035644531,0.18237304687,-0.12414550781
1726407120384.1375,-0.99035644531,0.18237304687,-0.12414550781
1726407120406.183,-0.99182128906,0.17834472656,-0.12878417968
1726407120424.0151,-0.99182128906,0.17834472656,-0.12878417968
1726407120444.1375,-0.99182128906,0.17834472656,-0.12878417968
1726407120464.1675,-0.99182128906,0.17834472656,-0.12878417968
1726407120486.2136,-0.98840332031,0.17749023437,-0.1298828125
1726407120504.0151,-0.98840332031,0.17749023437,-0.1298828125
1726407120524.168,-0.98840332031,0.17749023437,-0.1298828125
1726407120544.168,-0.98840332031,0.17749023437,-0.1298828125
1726407120566.2444,-0.98986816406,0.18225097656,-0.12512207031
1726407120584.0151,-0.98986816406,0.18225097656,-0.12512207031
1726407120604.168,-0.98986816406,0.18225097656,-0.12512207031
1726407120624.1375,-0.98986816406,0.18225097656,-0.12512207031
1726407120646.336,-0.99267578125,0.18981933593,-0.12292480468
1726407120664.0151,-0.99267578125,0.18981933593,-0.12292480468
1726407120684.1375,-0.99267578125,0.18981933593,-0.12292480468
1726407120704.1675,-0.99267578125,0.18981933593,-0.12292480468
1726407120726.3052,-0.99182128906,0.19006347656,-0.12512207031
1726407120744.0151,-0.99182128906,0.19006347656,-0.12512207031
1726407120764.1375,-0.99182128906,0.19006347656,-0.12512207031
1726407120784.168,-0.99182128906,0.19006347656,-0.12512207031
1726407120806.336,-0.98937988281,0.18713378906,-0.12927246093
1726407120824.0151,-0.98937988281,0.18713378906,-0.12927246093
1726407120844.168,-0.98937988281,0.18713378906,-0.12927246093
1726407120864.1375,-0.98937988281,0.18713378906,-0.12927246093
1726407120886.3665,-0.98828125,0.18151855468,-0.13012695312
1726407120904.0151,-0.98828125,0.18151855468,-0.13012695312
1726407120924.1375,-0.98828125,0.18151855468,-0.13012695312
1726407120944.168,-0.98828125,0.18151855468,-0.13012695312
1726407120966.3967,-0.98986816406,0.18005371093,-0.12316894531
1726407120984.0151,-0.98986816406,0.18005371093,-0.12316894531
1726407121004.168,-0.98986816406,0.18005371093,-0.12316894531
1726407121024.1375,-0.98986816406,0.18005371093,-0.12316894531
1726407121046.4883,-0.9853515625,0.18762207031,-0.1220703125
1726407121064.0151,-0.9853515625,0.18762207031,-0.1220703125
1726407121084.168,-0.9853515625,0.18762207031,-0.1220703125
1726407121104.1375,-0.9853515625,0.18762207031,-0.1220703125
1726407121126.458,-0.986328125,0.19128417968,-0.12353515625
1726407121144.0151,-0.986328125,0.19128417968,-0.12353515625
1726407121164.1375,-0.986328125,0.19128417968,-0.12353515625
1726407121184.1375,-0.986328125,0.19128417968,-0.12353515625
1726407121206.4883,-0.9931640625,0.19079589843,-0.11694335937
1726407121224.0151,-0.9931640625,0.19079589843,-0.11694335937
1726407121244.1372,-0.9931640625,0.19079589843,-0.11694335937
1726407121264.168,-0.9931640625,0.19079589843,-0.11694335937
1726407121286.519,-0.9931640625,0.18640136718,-0.11389160156
1726407121304.0151,-0.9931640625,0.18640136718,-0.11389160156
1726407121324.168,-0.9931640625,0.18640136718,-0.11389160156
1726407121344.168,-0.9931640625,0.18640136718,-0.11389160156
1726407121366.5498,-0.98950195312,0.18103027343,-0.12365722656
1726407121384.0151,-0.98950195312,0.18103027343,-0.12365722656
1726407121404.168,-0.98950195312,0.18103027343,-0.12365722656
1726407121424.168,-0.98950195312,0.18103027343,-0.12365722656
1726407121446.641,-0.99255371093,0.18920898437,-0.12756347656
1726407121464.0151,-0.99255371093,0.18920898437,-0.12756347656
1726407121484.168,-0.99255371093,0.18920898437,-0.12756347656
1726407121504.168,-0.99255371093,0.18920898437,-0.12756347656
1726407121526.6104,-0.99279785156,0.19091796875,-0.12512207031
1726407121544.0151,-0.99279785156,0.19091796875,-0.12512207031
1726407121564.168,-0.99279785156,0.19091796875,-0.12512207031
1726407121584.168,-0.99279785156,0.19091796875,-0.12512207031
1726407121606.641,-0.98986816406,0.1884765625,-0.12292480468
1726407121624.0151,-0.98986816406,0.1884765625,-0.12292480468
1726407121644.1375,-0.98986816406,0.1884765625,-0.12292480468
1726407121664.168,-0.98986816406,0.1884765625,-0.12292480468
1726407121686.6716,-0.98950195312,0.18737792968,-0.11877441406
1726407121704.0151,-0.98950195312,0.18737792968,-0.11877441406
1726407121724.1675,-0.98950195312,0.18737792968,-0.11877441406
1726407121744.1372,-0.98950195312,0.18737792968,-0.11877441406
1726407121766.702,-0.9873046875,0.18273925781,-0.11376953125
1726407121784.0151,-0.9873046875,0.18273925781,-0.11376953125
1726407121804.168,-0.9873046875,0.18273925781,-0.11376953125
1726407121824.1375,-0.9873046875,0.18273925781,-0.11376953125
1726407121846.794,-0.99047851562,0.18579101562,-0.11560058593
1726407121864.0151,-0.99047851562,0.18579101562,-0.11560058593
1726407121884.1375,-0.99047851562,0.18579101562,-0.11560058593
1726407121904.168,-0.99047851562,0.18579101562,-0.11560058593
1726407121926.7632,-0.99291992187,0.19140625,-0.11950683593
1726407121944.0151,-0.99291992187,0.19140625,-0.11950683593
1726407121964.1372,-0.99291992187,0.19140625,-0.11950683593
1726407121984.168,-0.99291992187,0.19140625,-0.11950683593
1726407122006.794,-0.98986816406,0.19091796875,-0.12243652343
1726407122024.0151,-0.98986816406,0.19091796875,-0.12243652343
1726407122044.1375,-0.98986816406,0.19091796875,-0.12243652343
1726407122064.1375,-0.98986816406,0.19091796875,-0.12243652343
1726407122086.8245,-0.98742675781,0.19165039062,-0.12280273437
1726407122104.0151,-0.98742675781,0.19165039062,-0.12280273437
1726407122124.168,-0.98742675781,0.19165039062,-0.12280273437
1726407122144.1375,-0.98742675781,0.19165039062,-0.12280273437
1726407122166.8547,-0.98217773437,0.19311523437,-0.125
1726407122184.0151,-0.98217773437,0.19311523437,-0.125
1726407122204.1675,-0.98217773437,0.19311523437,-0.125
1726407122224.1675,-0.98217773437,0.19311523437,-0.125
1726407122246.9463,-0.9775390625,0.19689941406,-0.12915039062
1726407122264.0151,-0.9775390625,0.19689941406,-0.12915039062
1726407122284.168,-0.9775390625,0.19689941406,-0.12915039062
1726407122304.168,-0.9775390625,0.19689941406,-0.12915039062
1726407122326.916,-0.98168945312,0.20275878906,-0.13110351562
1726407122344.0151,-0.98168945312,0.20275878906,-0.13110351562
1726407122364.1375,-0.98168945312,0.20275878906,-0.13110351562
1726407122384.1375,-0.98168945312,0.20275878906,-0.13110351562
1726407122406.9468,-0.98669433593,0.20239257812,-0.13403320312
1726407122424.0151,-0.98669433593,0.20239257812,-0.13403320312
1726407122444.1375,-0.98669433593,0.20239257812,-0.13403320312
1726407122464.1675,-0.98669433593,0.20239257812,-0.13403320312
1726407122486.977,-0.98596191406,0.19702148437,-0.13439941406
1726407122504.0151,-0.98596191406,0.19702148437,-0.13439941406
1726407122524.168,-0.98596191406,0.19702148437,-0.13439941406
1726407122544.168,-0.98596191406,0.19702148437,-0.13439941406
1726407122567.0076,-0.98254394531,0.19763183593,-0.12524414062
1726407122584.0151,-0.98254394531,0.19763183593,-0.12524414062
1726407122604.168,-0.98254394531,0.19763183593,-0.12524414062
1726407122624.168,-0.98254394531,0.19763183593,-0.12524414062
1726407122647.099,-0.98193359375,0.19897460937,-0.11669921875
1726407122664.046,-0.98193359375,0.19897460937,-0.11669921875
1726407122684.168,-0.98193359375,0.19897460937,-0.11669921875
1726407122704.1372,-0.98193359375,0.19897460937,-0.11669921875
1726407122727.0686,-0.98583984375,0.19860839843,-0.1201171875
1726407122744.0151,-0.98583984375,0.19860839843,-0.1201171875
1726407122764.168,-0.98583984375,0.19860839843,-0.1201171875
1726407122784.1375,-0.98583984375,0.19860839843,-0.1201171875
1726407122807.099,-0.98559570312,0.19836425781,-0.12585449218
1726407122824.0151,-0.98559570312,0.19836425781,-0.12585449218
1726407122844.1375,-0.98559570312,0.19836425781,-0.12585449218
1726407122864.1375,-0.98559570312,0.19836425781,-0.12585449218
1726407122887.13,-0.98229980468,0.19616699218,-0.12646484375
1726407122904.0151,-0.98229980468,0.19616699218,-0.12646484375
1726407122924.1375,-0.98229980468,0.19616699218,-0.12646484375
1726407122944.168,-0.98229980468,0.19616699218,-0.12646484375
1726407122967.16,-0.98388671875,0.19616699218,-0.12255859375
1726407122984.0151,-0.98388671875,0.19616699218,-0.12255859375
1726407123004.168,-0.98388671875,0.19616699218,-0.12255859375
1726407123024.168,-0.98388671875,0.19616699218,-0.12255859375
1726407123047.3127,-0.9814453125,0.19311523437,-0.1259765625
1726407123064.046,-0.9814453125,0.19311523437,-0.1259765625
1726407123084.168,-0.9814453125,0.19311523437,-0.1259765625
1726407123104.1375,-0.9814453125,0.19311523437,-0.1259765625
1726407123127.2214,-0.98669433593,0.18334960937,-0.12231445312
1726407123144.0151,-0.98669433593,0.18334960937,-0.12231445312
1726407123164.168,-0.98669433593,0.18334960937,-0.12231445312
1726407123184.168,-0.98669433593,0.18334960937,-0.12231445312
1726407123207.252,-0.98803710937,0.17041015625,-0.12377929687
1726407123224.0151,-0.98803710937,0.17041015625,-0.12377929687
1726407123244.168,-0.98803710937,0.17041015625,-0.12377929687
1726407123264.168,-0.98803710937,0.17041015625,-0.12377929687
1726407123287.2825,-0.99072265625,0.16540527343,-0.12023925781
1726407123304.046,-0.99072265625,0.16540527343,-0.12023925781
1726407123324.1375,-0.99072265625,0.16540527343,-0.12023925781
1726407123344.168,-0.99072265625,0.16540527343,-0.12023925781
1726407123367.3127,-0.9951171875,0.16943359375,-0.11450195312
1726407123384.0151,-0.9951171875,0.16943359375,-0.11450195312
1726407123404.168,-0.9951171875,0.16943359375,-0.11450195312
1726407123424.1375,-0.9951171875,0.16943359375,-0.11450195312
1726407123447.4043,-0.99206542968,0.17639160156,-0.11486816406
1726407123464.0457,-0.99206542968,0.17639160156,-0.11486816406
1726407123484.168,-0.99206542968,0.17639160156,-0.11486816406
1726407123504.168,-0.99206542968,0.17639160156,-0.11486816406
1726407123527.374,-0.98425292968,0.18286132812,-0.12133789062
1726407123544.0151,-0.98425292968,0.18286132812,-0.12133789062
1726407123564.168,-0.98425292968,0.18286132812,-0.12133789062
1726407123584.168,-0.98425292968,0.18286132812,-0.12133789062
1726407123607.4043,-0.98486328125,0.18579101562,-0.12536621093
1726407123624.046,-0.98486328125,0.18579101562,-0.12536621093
1726407123644.168,-0.98486328125,0.18579101562,-0.12536621093
1726407123664.1375,-0.98486328125,0.18579101562,-0.12536621093
1726407123687.496,-0.98815917968,0.17993164062,-0.123046875
1726407123704.0151,-0.98815917968,0.17993164062,-0.123046875
1726407123724.1675,-0.98815917968,0.17993164062,-0.123046875
1726407123744.168,-0.98815917968,0.17993164062,-0.123046875
1726407123767.5266,-0.98876953125,0.16882324218,-0.11254882812
1726407123784.0151,-0.98876953125,0.16882324218,-0.11254882812
1726407123804.168,-0.98876953125,0.16882324218,-0.11254882812
1726407123824.168,-0.98876953125,0.16882324218,-0.11254882812
1726407123847.5571,-0.9921875,0.169921875,-0.10461425781
1726407123864.046,-0.9921875,0.169921875,-0.10461425781
1726407123884.1375,-0.9921875,0.169921875,-0.10461425781
1726407123904.168,-0.9921875,0.169921875,-0.10461425781
1726407123927.5266,-0.99475097656,0.17248535156,-0.10815429687
1726407123944.0151,-0.99475097656,0.17248535156,-0.10815429687
1726407123964.1372,-0.99475097656,0.17248535156,-0.10815429687
1726407123984.168,-0.99475097656,0.17248535156,-0.10815429687
1726407124007.6184,-0.99279785156,0.17163085937,-0.11291503906
1726407124024.0151,-0.99279785156,0.17163085937,-0.11291503906
1726407124044.168,-0.99279785156,0.17163085937,-0.11291503906
1726407124064.1375,-0.99279785156,0.17163085937,-0.11291503906
1726407124087.588,-0.99096679687,0.17956542968,-0.11828613281
1726407124104.0151,-0.99096679687,0.17956542968,-0.11828613281
1726407124124.1375,-0.99096679687,0.17956542968,-0.11828613281
1726407124144.168,-0.99096679687,0.17956542968,-0.11828613281
1726407124167.618,-0.98901367187,0.18322753906,-0.11975097656
1726407124184.0151,-0.98901367187,0.18322753906,-0.11975097656
1726407124204.1372,-0.98901367187,0.18322753906,-0.11975097656
1726407124224.1372,-0.98901367187,0.18322753906,-0.11975097656
1726407124247.71,-0.9921875,0.17456054687,-0.12048339843
1726407124264.0151,-0.9921875,0.17456054687,-0.12048339843
1726407124284.1375,-0.9921875,0.17456054687,-0.12048339843
1726407124304.1375,-0.9921875,0.17456054687,-0.12048339843
1726407124327.6794,-0.99487304687,0.16943359375,-0.125
1726407124344.0151,-0.99487304687,0.16943359375,-0.125
1726407124364.168,-0.99487304687,0.16943359375,-0.125
1726407124384.1375,-0.99487304687,0.16943359375,-0.125
1726407124407.7097,-0.99291992187,0.17126464843,-0.12182617187
1726407124424.0151,-0.99291992187,0.17126464843,-0.12182617187
1726407124444.1375,-0.99291992187,0.17126464843,-0.12182617187
1726407124464.1372,-0.99291992187,0.17126464843,-0.12182617187
1726407124487.7405,-0.99194335937,0.16479492187,-0.12036132812
1726407124504.0151,-0.99194335937,0.16479492187,-0.12036132812
1726407124524.168,-0.99194335937,0.16479492187,-0.12036132812
1726407124544.168,-0.99194335937,0.16479492187,-0.12036132812
1726407124567.7708,-0.99255371093,0.15869140625,-0.1259765625
1726407124584.046,-0.99255371093,0.15869140625,-0.1259765625
1726407124604.1375,-0.99255371093,0.15869140625,-0.1259765625
1726407124624.168,-0.99255371093,0.15869140625,-0.1259765625
1726407124647.8628,-0.99182128906,0.16198730468,-0.13061523437
1726407124664.0151,-0.99182128906,0.16198730468,-0.13061523437
1726407124684.1375,-0.99182128906,0.16198730468,-0.13061523437
1726407124704.1675,-0.99182128906,0.16198730468,-0.13061523437
1726407124727.893,-0.99035644531,0.15869140625,-0.115234375
1726407124744.0151,-0.99035644531,0.15869140625,-0.115234375
1726407124764.168,-0.99035644531,0.15869140625,-0.115234375
1726407124784.1375,-0.99035644531,0.15869140625,-0.115234375
1726407124807.8623,-0.98974609375,0.16625976562,-0.11633300781
1726407124824.0151,-0.98974609375,0.16625976562,-0.11633300781
1726407124844.168,-0.98974609375,0.16625976562,-0.11633300781
1726407124864.1375,-0.98974609375,0.16625976562,-0.11633300781
1726407124887.8933,-0.98742675781,0.17492675781,-0.1240234375
1726407124904.0151,-0.98742675781,0.17492675781,-0.1240234375
1726407124924.168,-0.98742675781,0.17492675781,-0.1240234375
1726407124944.1375,-0.98742675781,0.17492675781,-0.1240234375
1726407124967.9236,-0.9873046875,0.18322753906,-0.12145996093
1726407124984.0151,-0.9873046875,0.18322753906,-0.12145996093
1726407125004.168,-0.9873046875,0.18322753906,-0.12145996093
1726407125024.1375,-0.9873046875,0.18322753906,-0.12145996093
1726407125048.0151,-0.98828125,0.18188476562,-0.119140625
1726407125064.046,-0.98828125,0.18188476562,-0.119140625
1726407125084.1375,-0.98828125,0.18188476562,-0.119140625
1726407125104.168,-0.98828125,0.18188476562,-0.119140625
1726407125127.9849,-0.99084472656,0.1728515625,-0.119140625
1726407125144.0151,-0.99084472656,0.1728515625,-0.119140625
1726407125164.168,-0.99084472656,0.1728515625,-0.119140625
1726407125184.168,-0.99084472656,0.1728515625,-0.119140625
1726407125208.0151,-0.99108886718,0.1728515625,-0.119140625
1726407125224.0151,-0.99108886718,0.1728515625,-0.119140625
1726407125244.1372,-0.99108886718,0.1728515625,-0.119140625
1726407125264.168,-0.99108886718,0.1728515625,-0.119140625
1726407125288.046,-0.99011230468,0.1728515625,-0.119140625
1726407125304.0151,-0.99011230468,0.1728515625,-0.119140625
1726407125324.168,-0.99011230468,0.1728515625,-0.119140625
1726407125344.1375,-0.99011230468,0.1728515625,-0.119140625
1726407125368.0764,-0.98852539062,0.16552734375,-0.11706542968
1726407125384.0151,-0.98852539062,0.16552734375,-0.11706542968
1726407125404.168,-0.98852539062,0.16552734375,-0.11706542968
1726407125424.1375,-0.98852539062,0.16552734375,-0.11706542968
1726407125448.1067,-0.98681640625,0.16735839843,-0.11926269531
1726407125464.0457,-0.98681640625,0.16735839843,-0.11926269531
1726407125484.168,-0.98681640625,0.16735839843,-0.11926269531
1726407125504.1375,-0.98681640625,0.16735839843,-0.11926269531
1726407125528.1375,-0.98803710937,0.17028808593,-0.12756347656
1726407125544.0151,-0.98803710937,0.17028808593,-0.12756347656
1726407125564.1375,-0.98803710937,0.17028808593,-0.12756347656
1726407125584.168,-0.98803710937,0.17028808593,-0.12756347656
1726407125608.168,-0.98974609375,0.16540527343,-0.13562011718
1726407125624.0151,-0.98974609375,0.16540527343,-0.13562011718
1726407125644.168,-0.98974609375,0.16540527343,-0.13562011718
1726407125664.168,-0.98974609375,0.16540527343,-0.13562011718
1726407125688.1985,-0.98950195312,0.16625976562,-0.14135742187
1726407125704.0151,-0.98950195312,0.16625976562,-0.14135742187
1726407125724.1372,-0.98950195312,0.16625976562,-0.14135742187
1726407125744.1372,-0.98950195312,0.16625976562,-0.14135742187
1726407125768.229,-0.98828125,0.17077636718,-0.13891601562
1726407125784.0151,-0.98828125,0.17077636718,-0.13891601562
1726407125804.1375,-0.98828125,0.17077636718,-0.13891601562
1726407125824.1375,-0.98828125,0.17077636718,-0.13891601562
1726407125848.2595,-0.99084472656,0.16455078125,-0.12829589843
1726407125864.0151,-0.99084472656,0.16455078125,-0.12829589843
1726407125884.168,-0.99084472656,0.16455078125,-0.12829589843
1726407125904.1375,-0.99084472656,0.16455078125,-0.12829589843
1726407125928.29,-0.994140625,0.15966796875,-0.12341308593
1726407125944.0151,-0.994140625,0.15966796875,-0.12341308593
1726407125964.1675,-0.994140625,0.15966796875,-0.12341308593
1726407125984.1372,-0.994140625,0.15966796875,-0.12341308593
1726407126008.3203,-0.99365234375,0.16357421875,-0.12109375
1726407126024.0457,-0.99365234375,0.16357421875,-0.12109375
1726407126044.1375,-0.99365234375,0.16357421875,-0.12109375
1726407126064.1375,-0.99365234375,0.16357421875,-0.12109375
1726407126088.3513,-0.99340820312,0.17260742187,-0.12634277343
1726407126104.0151,-0.99340820312,0.17260742187,-0.12634277343
1726407126124.1375,-0.99340820312,0.17260742187,-0.12634277343
1726407126144.1375,-0.99340820312,0.17260742187,-0.12634277343
1726407126168.3816,-0.99426269531,0.17590332031,-0.13708496093
1726407126184.046,-0.99426269531,0.17590332031,-0.13708496093
1726407126204.1675,-0.99426269531,0.17590332031,-0.13708496093
1726407126224.1675,-0.99426269531,0.17590332031,-0.13708496093
1726407126248.412,-0.99267578125,0.17529296875,-0.1357421875
1726407126264.0457,-0.99267578125,0.17529296875,-0.1357421875
1726407126284.168,-0.99267578125,0.17529296875,-0.1357421875
1726407126304.1375,-0.99267578125,0.17529296875,-0.1357421875
1726407126328.4429,-0.98669433593,0.17602539062,-0.12683105468
1726407126344.046,-0.98669433593,0.17602539062,-0.12683105468
1726407126364.168,-0.98669433593,0.17602539062,-0.12683105468
1726407126384.1375,-0.98669433593,0.17602539062,-0.12683105468
1726407126408.4731,-0.98718261718,0.18286132812,-0.12951660156
1726407126424.0151,-0.98718261718,0.18286132812,-0.12951660156
1726407126444.1375,-0.98718261718,0.18286132812,-0.12951660156
1726407126464.1372,-0.98718261718,0.18286132812,-0.12951660156
1726407126488.504,-0.98620605468,0.19006347656,-0.13537597656
1726407126504.0457,-0.98620605468,0.19006347656,-0.13537597656
1726407126524.168,-0.98620605468,0.19006347656,-0.13537597656
1726407126544.168,-0.98620605468,0.19006347656,-0.13537597656
1726407126568.5344,-0.98779296875,0.18811035156,-0.14440917968
1726407126584.0151,-0.98779296875,0.18811035156,-0.14440917968
1726407126604.168,-0.98779296875,0.18811035156,-0.14440917968
1726407126624.1375,-0.98779296875,0.18811035156,-0.14440917968
1726407126648.5647,-0.98754882812,0.18310546875,-0.14453125
1726407126664.046,-0.98754882812,0.18310546875,-0.14453125
1726407126684.1375,-0.98754882812,0.18310546875,-0.14453125
1726407126704.1675,-0.98754882812,0.18310546875,-0.14453125
1726407126728.5955,-0.99047851562,0.18591308593,-0.13195800781
1726407126744.0151,-0.99047851562,0.18591308593,-0.13195800781
1726407126764.168,-0.99047851562,0.18591308593,-0.13195800781
1726407126784.168,-0.99047851562,0.18591308593,-0.13195800781
1726407126808.626,-0.99719238281,0.1904296875,-0.12414550781
1726407126824.0151,-0.99719238281,0.1904296875,-0.12414550781
1726407126844.168,-0.99719238281,0.1904296875,-0.12414550781
1726407126864.1375,-0.99719238281,0.1904296875,-0.12414550781
1726407126888.6565,-0.99816894531,0.17785644531,-0.12768554687
1726407126904.0151,-0.99816894531,0.17785644531,-0.12768554687
1726407126924.168,-0.99816894531,0.17785644531,-0.12768554687
1726407126944.1375,-0.99816894531,0.17785644531,-0.12768554687
1726407126968.687,-0.99865722656,0.16784667968,-0.13049316406
1726407126984.0151,-0.99865722656,0.16784667968,-0.13049316406
1726407127004.168,-0.99865722656,0.16784667968,-0.13049316406
1726407127024.1375,-0.99865722656,0.16784667968,-0.13049316406
1726407127048.7175,-0.99890136718,0.16735839843,-0.12438964843
1726407127064.0151,-0.99890136718,0.16735839843,-0.12438964843
1726407127084.168,-0.99890136718,0.16735839843,-0.12438964843
1726407127104.168,-0.99890136718,0.16735839843,-0.12438964843
1726407127128.7483,-0.99682617187,0.1640625,-0.12255859375
1726407127144.0151,-0.99682617187,0.1640625,-0.12255859375
1726407127164.1375,-0.99682617187,0.1640625,-0.12255859375
1726407127184.1375,-0.99682617187,0.1640625,-0.12255859375
1726407127208.7783,-0.99487304687,0.15930175781,-0.13012695312
1726407127224.0151,-0.99487304687,0.15930175781,-0.13012695312
1726407127244.168,-0.99487304687,0.15930175781,-0.13012695312
1726407127264.168,-0.99487304687,0.15930175781,-0.13012695312
1726407127288.809,-0.99291992187,0.15612792968,-0.1357421875
1726407127304.0151,-0.99291992187,0.15612792968,-0.1357421875
1726407127324.168,-0.99291992187,0.15612792968,-0.1357421875
1726407127344.1375,-0.99291992187,0.15612792968,-0.1357421875
1726407127368.8398,-0.98461914062,0.15979003906,-0.13098144531
1726407127384.046,-0.98461914062,0.15979003906,-0.13098144531
1726407127404.168,-0.98461914062,0.15979003906,-0.13098144531
1726407127424.168,-0.98461914062,0.15979003906,-0.13098144531
1726407127448.87,-0.97875976562,0.16674804687,-0.12048339843
1726407127464.0457,-0.97875976562,0.16674804687,-0.12048339843
1726407127484.168,-0.97875976562,0.16674804687,-0.12048339843
1726407127504.168,-0.97875976562,0.16674804687,-0.12048339843
1726407127528.901,-0.98120117187,0.15954589843,-0.12182617187
1726407127544.0151,-0.98120117187,0.15954589843,-0.12182617187
1726407127564.1375,-0.98120117187,0.15954589843,-0.12182617187
1726407127584.1375,-0.98120117187,0.15954589843,-0.12182617187
1726407127608.9312,-0.9833984375,0.15209960937,-0.13500976562
1726407127624.0151,-0.9833984375,0.15209960937,-0.13500976562
1726407127644.168,-0.9833984375,0.15209960937,-0.13500976562
1726407127664.1375,-0.9833984375,0.15209960937,-0.13500976562
1726407127688.9617,-0.98657226562,0.16101074218,-0.14416503906
1726407127704.0151,-0.98657226562,0.16101074218,-0.14416503906
1726407127724.1675,-0.98657226562,0.16101074218,-0.14416503906
1726407127744.1372,-0.98657226562,0.16101074218,-0.14416503906
1726407127768.9924,-0.9921875,0.17358398437,-0.14013671875
1726407127784.0151,-0.9921875,0.17358398437,-0.14013671875
1726407127804.1375,-0.9921875,0.17358398437,-0.14013671875
1726407127824.1375,-0.9921875,0.17358398437,-0.14013671875
1726407127849.0227,-0.99890136718,0.1826171875,-0.13208007812
1726407127864.046,-0.99890136718,0.1826171875,-0.13208007812
1726407127884.168,-0.99890136718,0.1826171875,-0.13208007812
1726407127904.168,-0.99890136718,0.1826171875,-0.13208007812
1726407127929.0535,-1.00317382812,0.18054199218,-0.12719726562
1726407127944.046,-1.00317382812,0.18054199218,-0.12719726562
1726407127964.1675,-1.00317382812,0.18054199218,-0.12719726562
1726407127984.168,-1.00317382812,0.18054199218,-0.12719726562
1726407128009.084,-1.001953125,0.17333984375,-0.11767578125
1726407128024.0151,-1.001953125,0.17333984375,-0.11767578125
1726407128044.1375,-1.001953125,0.17333984375,-0.11767578125
1726407128064.168,-1.001953125,0.17333984375,-0.11767578125
1726407128089.1145,-0.98779296875,0.18896484375,-0.11889648437
1726407128104.046,-0.98779296875,0.18896484375,-0.11889648437
1726407128124.168,-0.98779296875,0.18896484375,-0.11889648437
1726407128144.1375,-0.98779296875,0.18896484375,-0.11889648437
1726407128169.145,-0.98229980468,0.19384765625,-0.12316894531
1726407128184.0151,-0.98229980468,0.19384765625,-0.12316894531
1726407128204.1372,-0.98229980468,0.19384765625,-0.12316894531
1726407128224.1675,-0.98229980468,0.19384765625,-0.12316894531
1726407128249.1145,-0.98278808593,0.19934082031,-0.12939453125
1726407128264.0151,-0.98278808593,0.19934082031,-0.12939453125
1726407128284.1375,-0.98278808593,0.19934082031,-0.12939453125
1726407128304.1375,-0.98278808593,0.19934082031,-0.12939453125
1726407128329.145,-0.99255371093,0.20080566406,-0.13427734375
1726407128344.0151,-0.99255371093,0.20080566406,-0.13427734375
1726407128364.0151,-0.99255371093,0.20080566406,-0.13427734375
1726407128384.168,-0.99255371093,0.20080566406,-0.13427734375
1726407128409.145,-0.9970703125,0.19104003906,-0.12927246093
1726407128424.0151,-0.9970703125,0.19104003906,-0.12927246093
1726407128444.168,-0.9970703125,0.19104003906,-0.12927246093
1726407128464.1675,-0.9970703125,0.19104003906,-0.12927246093
1726407128489.084,-0.99499511718,0.17712402343,-0.12182617187
1726407128504.0457,-0.99499511718,0.17712402343,-0.12182617187
1726407128524.168,-0.99499511718,0.17712402343,-0.12182617187
1726407128544.168,-0.99499511718,0.17712402343,-0.12182617187
1726407128569.145,-0.98876953125,0.16650390625,-0.11926269531
1726407128584.0151,-0.98876953125,0.16650390625,-0.11926269531
1726407128604.168,-0.98876953125,0.16650390625,-0.11926269531
1726407128624.168,-0.98876953125,0.16650390625,-0.11926269531
1726407128649.1145,-0.98376464843,0.16674804687,-0.1181640625
1726407128664.046,-0.98376464843,0.16674804687,-0.1181640625
1726407128684.168,-0.98376464843,0.16674804687,-0.1181640625
1726407128704.1372,-0.98376464843,0.16674804687,-0.1181640625
1726407128729.1145,-0.98461914062,0.17724609375,-0.11975097656
1726407128744.0151,-0.98461914062,0.17724609375,-0.11975097656
1726407128764.168,-0.98461914062,0.17724609375,-0.11975097656
1726407128784.1375,-0.98461914062,0.17724609375,-0.11975097656
1726407128809.145,-0.98498535156,0.18640136718,-0.12670898437
1726407128824.0151,-0.98498535156,0.18640136718,-0.12670898437
1726407128844.168,-0.98498535156,0.18640136718,-0.12670898437
1726407128864.168,-0.98498535156,0.18640136718,-0.12670898437
1726407128889.084,-0.98620605468,0.19482421875,-0.13415527343
1726407128904.0151,-0.98620605468,0.19482421875,-0.13415527343
1726407128924.1375,-0.98620605468,0.19482421875,-0.13415527343
1726407128944.168,-0.98620605468,0.19482421875,-0.13415527343
1726407128969.084,-0.98889160156,0.19873046875,-0.13439941406
1726407128984.0151,-0.98889160156,0.19873046875,-0.13439941406
1726407129004.1375,-0.98889160156,0.19873046875,-0.13439941406
1726407129024.1375,-0.98889160156,0.19873046875,-0.13439941406
1726407129049.145,-0.99108886718,0.1943359375,-0.13037109375
1726407129064.0151,-0.99108886718,0.1943359375,-0.13037109375
1726407129084.168,-0.99108886718,0.1943359375,-0.13037109375
1726407129104.168,-0.99108886718,0.1943359375,-0.13037109375
1726407129129.1145,-0.98901367187,0.18908691406,-0.12646484375
1726407129144.0151,-0.98901367187,0.18908691406,-0.12646484375
1726407129164.1375,-0.98901367187,0.18908691406,-0.12646484375
1726407129184.168,-0.98901367187,0.18908691406,-0.12646484375
1726407129209.145,-0.98706054687,0.1845703125,-0.12670898437
1726407129224.0457,-0.98706054687,0.1845703125,-0.12670898437
1726407129244.1372,-0.98706054687,0.1845703125,-0.12670898437
1726407129264.2595,-0.98706054687,0.1845703125,-0.12670898437
1726407129289.1145,-0.990234375,0.17932128906,-0.13098144531
1726407129304.046,-0.990234375,0.17932128906,-0.13098144531
1726407129324.168,-0.990234375,0.17932128906,-0.13098144531
1726407129344.1375,-0.990234375,0.17932128906,-0.13098144531
1726407129369.1453,-0.98974609375,0.17590332031,-0.13195800781
1726407129384.046,-0.98974609375,0.17590332031,-0.13195800781
1726407129404.168,-0.98974609375,0.17590332031,-0.13195800781
1726407129424.1375,-0.98974609375,0.17590332031,-0.13195800781
1726407129449.1145,-0.986328125,0.1826171875,-0.13244628906
1726407129464.0151,-0.986328125,0.1826171875,-0.13244628906
1726407129484.168,-0.986328125,0.1826171875,-0.13244628906
1726407129504.1375,-0.986328125,0.1826171875,-0.13244628906
1726407129529.1145,-0.98571777343,0.1826171875,-0.13684082031
1726407129544.0151,-0.98571777343,0.1826171875,-0.13684082031
1726407129564.1375,-0.98571777343,0.1826171875,-0.13684082031
1726407129584.1375,-0.98571777343,0.1826171875,-0.13684082031
1726407129604.168,-0.98754882812,0.17834472656,-0.1357421875
1726407129624.0151,-0.98754882812,0.17834472656,-0.1357421875
1726407129644.1375,-0.98754882812,0.17834472656,-0.1357421875
1726407129664.229,-0.98754882812,0.17834472656,-0.1357421875
1726407129684.168,-0.98840332031,0.181640625,-0.13208007812
1726407129704.0151,-0.98840332031,0.181640625,-0.13208007812
1726407129724.1675,-0.98840332031,0.181640625,-0.13208007812
1726407129744.168,-0.98840332031,0.181640625,-0.13208007812
1726407129764.168,-0.99841308593,0.17834472656,-0.1357421875
1726407129784.0457,-0.99841308593,0.17834472656,-0.1357421875
1726407129804.168,-0.99841308593,0.17834472656,-0.1357421875
1726407129824.1375,-0.99841308593,0.17834472656,-0.1357421875
1726407129844.1375,-1.00073242187,0.18054199218,-0.13098144531
1726407129864.0151,-1.00073242187,0.18054199218,-0.13098144531
1726407129884.168,-1.00073242187,0.18054199218,-0.13098144531
1726407129904.168,-1.00073242187,0.18054199218,-0.13098144531
1726407129924.1375,-0.99560546875,0.18371582031,-0.12670898437
1726407129944.0151,-0.99560546875,0.18371582031,-0.12670898437
1726407129964.1675,-0.99560546875,0.18371582031,-0.12670898437
1726407129984.168,-0.99560546875,0.18371582031,-0.12670898437
1726407130004.1375,-0.98803710937,0.1904296875,-0.1279296875
1726407130024.0457,-0.98803710937,0.1904296875,-0.1279296875
1726407130044.1375,-0.98803710937,0.1904296875,-0.1279296875
1726407130064.1375,-0.98803710937,0.1904296875,-0.1279296875
1726407130084.1375,-0.98559570312,0.1904296875,-0.13366699218
1726407130104.0151,-0.98559570312,0.1904296875,-0.13366699218
1726407130124.168,-0.98559570312,0.1904296875,-0.13366699218
1726407130144.168,-0.98559570312,0.1904296875,-0.13366699218
1726407130164.1375,-0.98852539062,0.18420410156,-0.13635253906
1726407130184.046,-0.98852539062,0.18420410156,-0.13635253906
1726407130204.1675,-0.98852539062,0.18420410156,-0.13635253906
1726407130224.1675,-0.98852539062,0.18420410156,-0.13635253906
1726407130244.168,-0.98889160156,0.1865234375,-0.13024902343
1726407130264.0151,-0.98889160156,0.1865234375,-0.13024902343
1726407130284.168,-0.98889160156,0.1865234375,-0.13024902343
1726407130304.168,-0.98889160156,0.1865234375,-0.13024902343
1726407130324.1375,-0.98693847656,0.18127441406,-0.12536621093
1726407130344.046,-0.98693847656,0.18127441406,-0.12536621093
1726407130364.1375,-0.98693847656,0.18127441406,-0.12536621093
1726407130384.168,-0.98693847656,0.18127441406,-0.12536621093
1726407130404.168,-0.98498535156,0.17468261718,-0.12829589843
1726407130424.046,-0.98498535156,0.17468261718,-0.12829589843
1726407130444.168,-0.98498535156,0.17468261718,-0.12829589843
1726407130464.1675,-0.98498535156,0.17468261718,-0.12829589843
1726407130484.168,-0.98510742187,0.18408203125,-0.12756347656
1726407130504.0151,-0.98510742187,0.18408203125,-0.12756347656
1726407130524.168,-0.98510742187,0.18408203125,-0.12756347656
1726407130544.168,-0.98510742187,0.18408203125,-0.12756347656
1726407130564.1375,-0.98510742187,0.18957519531,-0.12512207031
1726407130584.0151,-0.98425292968,0.18957519531,-0.12512207031
1726407130604.1375,-0.98425292968,0.18957519531,-0.12512207031
1726407130624.168,-0.98425292968,0.18957519531,-0.12512207031
1726407130644.168,-0.98425292968,0.19091796875,-0.13024902343
1726407130664.0151,-0.98376464843,0.19091796875,-0.13024902343
1726407130684.168,-0.98376464843,0.19091796875,-0.13024902343
1726407130704.1675,-0.98376464843,0.19091796875,-0.13024902343
1726407130724.1675,-0.98376464843,0.19091796875,-0.1357421875
1726407130744.0457,-0.99194335937,0.19482421875,-0.1357421875
1726407130764.1375,-0.99194335937,0.19482421875,-0.1357421875
1726407130784.1375,-0.99194335937,0.19482421875,-0.1357421875
1726407130804.168,-0.99194335937,0.19482421875,-0.1357421875
1726407130824.046,-0.99047851562,0.19763183593,-0.13415527343
1726407130844.168,-0.99047851562,0.19763183593,-0.13415527343
1726407130864.1375,-0.99047851562,0.19763183593,-0.13415527343
1726407130884.1375,-0.99047851562,0.19763183593,-0.13415527343
1726407130904.046,-0.98669433593,0.20007324218,-0.13024902343
1726407130924.168,-0.98669433593,0.20007324218,-0.13024902343
1726407130944.1375,-0.98669433593,0.20007324218,-0.13024902343
1726407130964.1372,-0.98669433593,0.20007324218,-0.13024902343
1726407130984.0151,-0.98913574218,0.2021484375,-0.12634277343
1726407131004.1375,-0.98913574218,0.2021484375,-0.12634277343
1726407131024.168,-0.98913574218,0.2021484375,-0.12634277343
1726407131044.168,-0.98913574218,0.2021484375,-0.12634277343
1726407131064.0151,-0.98913574218,0.201171875,-0.12243652343
1726407131084.1375,-0.98913574218,0.201171875,-0.12243652343
1726407131104.1375,-0.98913574218,0.201171875,-0.12243652343
1726407131124.1375,-0.98913574218,0.201171875,-0.12243652343
1726407131144.0151,-0.9912109375,0.19848632812,-0.12280273437
1726407131164.168,-0.9912109375,0.19848632812,-0.12280273437
1726407131184.1375,-0.9912109375,0.19848632812,-0.12280273437
1726407131204.1372,-0.9912109375,0.19848632812,-0.12280273437
1726407131224.0151,-0.99328613281,0.19836425781,-0.12390136718
1726407131244.168,-0.99328613281,0.19836425781,-0.12390136718
1726407131264.168,-0.99328613281,0.19836425781,-0.12390136718
1726407131284.1375,-0.99328613281,0.19836425781,-0.12390136718
1726407131304.0151,-0.99743652343,0.19519042968,-0.12133789062
1726407131324.1375,-0.99743652343,0.19519042968,-0.12133789062
1726407131344.168,-0.99743652343,0.19519042968,-0.12133789062
1726407131364.1375,-0.99743652343,0.19519042968,-0.12133789062
1726407131384.046,-0.99621582031,0.20178222656,-0.12780761718
1726407131404.1375,-0.99621582031,0.20178222656,-0.12780761718
1726407131424.1375,-0.99621582031,0.20178222656,-0.12780761718
1726407131444.168,-0.99621582031,0.20178222656,-0.12780761718
1726407131464.0457,-0.98767089843,0.205078125,-0.12841796875
1726407131484.1372,-0.98767089843,0.205078125,-0.12841796875
1726407131504.1375,-0.98767089843,0.205078125,-0.12841796875
1726407131524.1375,-0.98767089843,0.205078125,-0.12841796875
1726407131544.0151,-0.98742675781,0.20446777343,-0.12231445312
1726407131564.168,-0.98742675781,0.20446777343,-0.12231445312
1726407131584.1375,-0.98742675781,0.20446777343,-0.12231445312
1726407131604.168,-0.98742675781,0.20446777343,-0.12231445312
1726407131624.0151,-0.98742675781,0.20007324218,-0.11437988281
1726407131644.1375,-0.98742675781,0.20007324218,-0.11437988281
1726407131664.168,-0.98742675781,0.20007324218,-0.11437988281
1726407131684.1375,-0.98742675781,0.20007324218,-0.11437988281
1726407131704.0457,-0.98840332031,0.19287109375,-0.11279296875
1726407131724.1675,-0.98840332031,0.19287109375,-0.11279296875
1726407131744.168,-0.98840332031,0.19287109375,-0.11279296875
1726407131764.1375,-0.98840332031,0.19287109375,-0.11279296875
1726407131784.0151,-0.98986816406,0.19055175781,-0.11401367187
1726407131804.1375,-0.98986816406,0.19055175781,-0.11401367187
1726407131824.168,-0.98986816406,0.19055175781,-0.11401367187
1726407131844.168,-0.98986816406,0.19055175781,-0.11401367187
1726407131864.0151,-0.98852539062,0.19152832031,-0.11889648437
1726407131884.168,-0.98852539062,0.19152832031,-0.11889648437
1726407131904.168,-0.98852539062,0.19152832031,-0.11889648437
1726407131924.1375,-0.98852539062,0.19152832031,-0.11889648437
1726407131944.0151,-0.98889160156,0.19189453125,-0.11486816406
1726407131964.1675,-0.98889160156,0.19189453125,-0.11486816406
1726407131984.1372,-0.98889160156,0.19189453125,-0.11486816406
1726407132004.1375,-0.98889160156,0.19189453125,-0.11486816406
1726407132024.0151,-0.99011230468,0.18591308593,-0.10778808593
1726407132044.168,-0.99011230468,0.18591308593,-0.10778808593
1726407132064.168,-0.99011230468,0.18591308593,-0.10778808593
1726407132084.168,-0.99011230468,0.18591308593,-0.10778808593
1726407132104.0151,-0.98962402343,0.18310546875,-0.10656738281
1726407132124.168,-0.98962402343,0.18310546875,-0.10656738281
1726407132144.168,-0.98962402343,0.18310546875,-0.10656738281
1726407132164.1375,-0.98962402343,0.18310546875,-0.10656738281
1726407132184.0151,-0.9873046875,0.18383789062,-0.10803222656
1726407132204.1372,-0.9873046875,0.18383789062,-0.10803222656
1726407132224.1372,-0.9873046875,0.18383789062,-0.10803222656
1726407132244.1372,-0.9873046875,0.18383789062,-0.10803222656
1726407132264.0457,-0.98620605468,0.18530273437,-0.10461425781
1726407132284.1375,-0.98620605468,0.18530273437,-0.10461425781
1726407132304.168,-0.98620605468,0.18530273437,-0.10461425781
1726407132324.1375,-0.98620605468,0.18530273437,-0.10461425781
1726407132344.0151,-0.98779296875,0.19421386718,-0.10192871093
1726407132364.168,-0.98779296875,0.19421386718,-0.10192871093
1726407132384.168,-0.98779296875,0.19421386718,-0.10192871093
1726407132404.1375,-0.98779296875,0.19421386718,-0.10192871093
1726407132424.0151,-0.98754882812,0.20263671875,-0.10791015625
1726407132444.1375,-0.98754882812,0.20263671875,-0.10791015625
1726407132464.1675,-0.98754882812,0.20263671875,-0.10791015625
1726407132484.168,-0.98754882812,0.20263671875,-0.10791015625
1726407132504.0457,-0.98742675781,0.20446777343,-0.11071777343
1726407132524.1375,-0.98742675781,0.20446777343,-0.11071777343
1726407132544.168,-0.98742675781,0.20446777343,-0.11071777343
1726407132564.1375,-0.98742675781,0.20446777343,-0.11071777343
1726407132584.0151,-0.98840332031,0.20532226562,-0.11206054687
1726407132604.168,-0.98840332031,0.20532226562,-0.11206054687
1726407132624.1375,-0.98840332031,0.20532226562,-0.11206054687
1726407132644.168,-0.98840332031,0.20532226562,-0.11206054687
1726407132664.0151,-0.99194335937,0.20251464843,-0.11059570312
1726407132684.168,-0.99194335937,0.20251464843,-0.11059570312
1726407132704.1675,-0.99194335937,0.20251464843,-0.11059570312
1726407132724.1675,-0.99194335937,0.20251464843,-0.11059570312
1726407132744.0151,-0.99365234375,0.20336914062,-0.10375976562
1726407132764.1375,-0.99365234375,0.20336914062,-0.10375976562
1726407132784.1375,-0.99365234375,0.20336914062,-0.10375976562
1726407132804.168,-0.99365234375,0.20336914062,-0.10375976562
1726407132824.0151,-0.990234375,0.20373535156,-0.1025390625
1726407132844.1375,-0.990234375,0.20373535156,-0.1025390625
1726407132864.1375,-0.990234375,0.20373535156,-0.1025390625
1726407132884.168,-0.990234375,0.20373535156,-0.1025390625
1726407132904.0151,-0.99072265625,0.19763183593,-0.10302734375
1726407132924.168,-0.99072265625,0.19763183593,-0.10302734375
1726407132944.168,-0.99072265625,0.19763183593,-0.10302734375
1726407132964.1675,-0.99072265625,0.19763183593,-0.10302734375
1726407132984.0151,-0.99096679687,0.19274902343,-0.10021972656
1726407133004.168,-0.99096679687,0.19274902343,-0.10021972656
1726407133024.1375,-0.99096679687,0.19274902343,-0.10021972656
1726407133044.168,-0.99096679687,0.19274902343,-0.10021972656
1726407133064.0151,-0.98388671875,0.20739746093,-0.09826660156
1726407133084.1375,-0.98388671875,0.20739746093,-0.09826660156
1726407133104.168,-0.98388671875,0.20739746093,-0.09826660156
1726407133124.1375,-0.98388671875,0.20739746093,-0.09826660156
1726407133144.0151,-0.9794921875,0.21398925781,-0.10412597656
1726407133164.168,-0.9794921875,0.21398925781,-0.10412597656
1726407133184.168,-0.9794921875,0.21398925781,-0.10412597656
1726407133204.1675,-0.9794921875,0.21398925781,-0.10412597656
1726407133224.0151,-0.98156738281,0.21081542968,-0.10900878906
1726407133244.168,-0.98156738281,0.21081542968,-0.10900878906
1726407133264.168,-0.98156738281,0.21081542968,-0.10900878906
1726407133284.1375,-0.98156738281,0.21081542968,-0.10900878906
1726407133304.0151,-0.98254394531,0.20617675781,-0.11437988281
1726407133324.168,-0.98254394531,0.20617675781,-0.11437988281
1726407133344.1375,-0.98254394531,0.20617675781,-0.11437988281
1726407133364.168,-0.98254394531,0.20617675781,-0.11437988281
1726407133384.0151,-0.98400878906,0.20397949218,-0.11584472656
1726407133404.168,-0.98400878906,0.20397949218,-0.11584472656
1726407133424.168,-0.98400878906,0.20397949218,-0.11584472656
1726407133444.168,-0.98400878906,0.20397949218,-0.11584472656
1726407133464.0151,-0.98779296875,0.20092773437,-0.11450195312
1726407133484.168,-0.98779296875,0.20092773437,-0.11450195312
1726407133504.168,-0.98779296875,0.20092773437,-0.11450195312
1726407133524.168,-0.98779296875,0.20092773437,-0.11450195312
1726407133544.0151,-0.99060058593,0.1953125,-0.11486816406
1726407133564.1375,-0.99060058593,0.1953125,-0.11486816406
1726407133584.168,-0.99060058593,0.1953125,-0.11486816406
1726407133604.168,-0.99060058593,0.1953125,-0.11486816406
1726407133624.0151,-0.99096679687,0.19372558593,-0.11401367187
1726407133644.1375,-0.99096679687,0.19372558593,-0.11401367187
1726407133664.168,-0.99096679687,0.19372558593,-0.11401367187
1726407133684.1375,-0.99096679687,0.19372558593,-0.11401367187
1726407133704.0151,-0.98901367187,0.19604492187,-0.11254882812
1726407133724.1372,-0.98901367187,0.19604492187,-0.11254882812
1726407133744.168,-0.98901367187,0.19604492187,-0.11254882812
1726407133764.1375,-0.98901367187,0.19604492187,-0.11254882812
1726407133784.0151,-0.98803710937,0.20141601562,-0.11291503906
1726407133804.1375,-0.98803710937,0.20141601562,-0.11291503906
1726407133824.1375,-0.98803710937,0.20141601562,-0.11291503906
1726407133844.168,-0.98803710937,0.20141601562,-0.11291503906
1726407133864.0151,-0.98974609375,0.21325683593,-0.11730957031
1726407133884.1375,-0.98974609375,0.21325683593,-0.11730957031
1726407133904.1375,-0.98974609375,0.21325683593,-0.11730957031
1726407133924.168,-0.98974609375,0.21325683593,-0.11730957031
1726407133944.0151,-0.98840332031,0.21667480468,-0.11938476562
1726407133964.1372,-0.98840332031,0.21667480468,-0.11938476562
1726407133984.1372,-0.98840332031,0.21667480468,-0.11938476562
1726407134004.168,-0.98840332031,0.21667480468,-0.11938476562
1726407134024.0151,-0.98669433593,0.21203613281,-0.12231445312
1726407134044.1375,-0.98669433593,0.21203613281,-0.12231445312
1726407134064.1375,-0.98669433593,0.21203613281,-0.12231445312
1726407134084.168,-0.98669433593,0.21203613281,-0.12231445312
1726407134104.0151,-0.98803710937,0.20568847656,-0.12683105468
1726407134124.168,-0.98803710937,0.20568847656,-0.12683105468
1726407134144.168,-0.98803710937,0.20568847656,-0.12683105468
1726407134164.1375,-0.98803710937,0.20568847656,-0.12683105468
1726407134184.0151,-0.98767089843,0.19750976562,-0.12060546875
1726407134204.1675,-0.98767089843,0.19750976562,-0.12060546875
1726407134224.1372,-0.98767089843,0.19750976562,-0.12060546875
1726407134244.168,-0.98767089843,0.19750976562,-0.12060546875
1726407134264.0457,-0.98425292968,0.19580078125,-0.11352539062
1726407134284.168,-0.98425292968,0.19580078125,-0.11352539062
1726407134304.168,-0.98425292968,0.19580078125,-0.11352539062
1726407134324.1375,-0.98425292968,0.19580078125,-0.11352539062
1726407134344.0151,-0.98278808593,0.19604492187,-0.11022949218
1726407134364.0151,-0.98278808593,0.19604492187,-0.11022949218
1726407134384.168,-0.98278808593,0.19604492187,-0.11022949218
1726407134404.168,-0.98278808593,0.19604492187,-0.11022949218
1726407134424.0151,-0.98413085937,0.19616699218,-0.10668945312
1726407134444.168,-0.98413085937,0.19616699218,-0.10668945312
1726407134464.1675,-0.98413085937,0.19616699218,-0.10668945312
1726407134484.168,-0.98413085937,0.19616699218,-0.10668945312
1726407134504.0151,-0.98474121093,0.20458984375,-0.10913085937
1726407134524.168,-0.98474121093,0.20458984375,-0.10913085937
1726407134544.168,-0.98474121093,0.20458984375,-0.10913085937
1726407134564.1375,-0.98474121093,0.20458984375,-0.10913085937
1726407134584.0151,-0.98510742187,0.20642089843,-0.12072753906
1726407134604.1375,-0.98510742187,0.20642089843,-0.12072753906
1726407134624.168,-0.98510742187,0.20642089843,-0.12072753906
1726407134644.168,-0.98510742187,0.20642089843,-0.12072753906
1726407134664.0151,-0.98620605468,0.20251464843,-0.12438964843
1726407134684.168,-0.98620605468,0.20251464843,-0.12438964843
1726407134704.1372,-0.98620605468,0.20251464843,-0.12438964843
1726407134724.1372,-0.98620605468,0.20251464843,-0.12438964843
1726407134744.0151,-0.98754882812,0.19714355468,-0.12365722656
1726407134764.168,-0.98754882812,0.19714355468,-0.12365722656
1726407134784.168,-0.98754882812,0.19714355468,-0.12365722656
1726407134804.1375,-0.98754882812,0.19714355468,-0.12365722656
1726407134824.046,-0.986328125,0.19567871093,-0.12023925781
1726407134844.168,-0.986328125,0.19567871093,-0.12023925781
1726407134864.168,-0.986328125,0.19567871093,-0.12023925781
1726407134884.1375,-0.986328125,0.19567871093,-0.12023925781
1726407134904.0151,-0.98791503906,0.19702148437,-0.12072753906
1726407134924.1375,-0.98791503906,0.19702148437,-0.12072753906
1726407134944.1375,-0.98791503906,0.19702148437,-0.12072753906
1726407134964.1372,-0.98791503906,0.19702148437,-0.12072753906
1726407134984.0151,-0.99169921875,0.19763183593,-0.12194824218
1726407135004.168,-0.99169921875,0.19763183593,-0.12194824218
1726407135024.168,-0.99169921875,0.19763183593,-0.12194824218
1726407135044.168,-0.99169921875,0.19763183593,-0.12194824218
1726407135064.0151,-0.99145507812,0.20104980468,-0.11840820312
1726407135084.168,-0.99145507812,0.20104980468,-0.11840820312
1726407135104.1375,-0.99145507812,0.20104980468,-0.11840820312
1726407135124.168,-0.99145507812,0.20104980468,-0.11840820312
1726407135144.0151,-0.98815917968,0.20166015625,-0.11462402343
1726407135164.168,-0.98815917968,0.20166015625,-0.11462402343
1726407135184.168,-0.98815917968,0.20166015625,-0.11462402343
1726407135204.1372,-0.98815917968,0.20166015625,-0.11462402343
1726407135224.0151,-0.98461914062,0.19665527343,-0.11596679687
1726407135244.1372,-0.98461914062,0.19665527343,-0.11596679687
1726407135264.1375,-0.98461914062,0.19665527343,-0.11596679687
1726407135284.1375,-0.98461914062,0.19665527343,-0.11596679687
1726407135304.0151,-0.98498535156,0.193359375,-0.11657714843
1726407135324.168,-0.98498535156,0.193359375,-0.11657714843
1726407135344.168,-0.98498535156,0.193359375,-0.11657714843
1726407135364.1375,-0.98498535156,0.193359375,-0.11657714843
1726407135384.0151,-0.98828125,0.19482421875,-0.11071777343
1726407135404.1375,-0.98828125,0.19482421875,-0.11071777343
1726407135424.168,-0.98828125,0.19482421875,-0.11071777343
1726407135444.1375,-0.98828125,0.19482421875,-0.11071777343
1726407135464.0151,-0.98876953125,0.19665527343,-0.10998535156
1726407135484.168,-0.98876953125,0.19665527343,-0.10998535156
1726407135504.1375,-0.98876953125,0.19665527343,-0.10998535156
1726407135524.1375,-0.98876953125,0.19665527343,-0.10998535156
1726407135544.0457,-0.99108886718,0.19750976562,-0.11584472656
1726407135564.168,-0.99108886718,0.19750976562,-0.11584472656
1726407135584.168,-0.99108886718,0.19750976562,-0.11584472656
1726407135604.168,-0.99108886718,0.19750976562,-0.11584472656
1726407135624.0151,-0.9921875,0.19580078125,-0.11865234375
1726407135644.1375,-0.9921875,0.19580078125,-0.11865234375
1726407135664.1375,-0.9921875,0.19580078125,-0.11865234375
1726407135684.168,-0.9921875,0.19580078125,-0.11865234375
1726407135704.0151,-0.99169921875,0.19494628906,-0.11889648437
1726407135724.1675,-0.99169921875,0.19494628906,-0.11889648437
1726407135744.1372,-0.99169921875,0.19494628906,-0.11889648437
1726407135764.168,-0.99169921875,0.19494628906,-0.11889648437
1726407135784.0151,-0.9892578125,0.19458007812,-0.11791992187
1726407135804.168,-0.9892578125,0.19458007812,-0.11791992187
1726407135824.1375,-0.9892578125,0.19458007812,-0.11791992187
1726407135844.168,-0.9892578125,0.19458007812,-0.11791992187
1726407135864.0151,-0.98510742187,0.19555664062,-0.11755371093
1726407135884.168,-0.98510742187,0.19555664062,-0.11755371093
1726407135904.168,-0.98510742187,0.19555664062,-0.11755371093
1726407135924.168,-0.98510742187,0.19555664062,-0.11755371093
1726407135944.0151,-0.9873046875,0.19897460937,-0.11938476562
1726407135964.1372,-0.9873046875,0.19897460937,-0.11938476562
1726407135984.168,-0.9873046875,0.19897460937,-0.11938476562
1726407136004.1375,-0.9873046875,0.19897460937,-0.11938476562
1726407136024.0151,-0.99035644531,0.19860839843,-0.11608886718
1726407136044.168,-0.99035644531,0.19860839843,-0.11608886718
1726407136064.168,-0.99035644531,0.19860839843,-0.11608886718
1726407136084.1375,-0.99035644531,0.19860839843,-0.11608886718
1726407136104.0151,-0.98876953125,0.1953125,-0.11145019531
1726407136124.168,-0.98876953125,0.1953125,-0.11145019531
1726407136144.1375,-0.98876953125,0.1953125,-0.11145019531
1726407136164.1375,-0.98876953125,0.1953125,-0.11145019531
1726407136184.0151,-0.98693847656,0.19885253906,-0.11450195312
1726407136204.1372,-0.98693847656,0.19885253906,-0.11450195312
1726407136224.1372,-0.98693847656,0.19885253906,-0.11450195312
1726407136244.168,-0.98693847656,0.19885253906,-0.11450195312
1726407136264.0457,-0.99133300781,0.197265625,-0.11694335937
1726407136284.168,-0.99133300781,0.197265625,-0.11694335937
1726407136304.1375,-0.99133300781,0.197265625,-0.11694335937
1726407136324.1375,-0.99133300781,0.197265625,-0.11694335937
1726407136344.0151,-0.99340820312,0.19677734375,-0.11706542968
1726407136364.1375,-0.99340820312,0.19677734375,-0.11706542968
1726407136384.168,-0.99340820312,0.19677734375,-0.11706542968
1726407136404.168,-0.99340820312,0.19677734375,-0.11706542968
1726407136424.0151,-0.99011230468,0.193359375,-0.1181640625
1726407136444.168,-0.99011230468,0.193359375,-0.1181640625
1726407136464.1675,-0.99011230468,0.193359375,-0.1181640625
1726407136484.168,-0.99011230468,0.193359375,-0.1181640625
1726407136504.0151,-0.99072265625,0.19287109375,-0.11657714843
1726407136524.1375,-0.99072265625,0.19287109375,-0.11657714843
1726407136544.168,-0.99072265625,0.19287109375,-0.11657714843
1726407136564.168,-0.99072265625,0.19287109375,-0.11657714843
1726407136584.0151,-0.99096679687,0.19262695312,-0.11584472656
1726407136604.168,-0.99096679687,0.19262695312,-0.11584472656
1726407136624.168,-0.99096679687,0.19262695312,-0.11584472656
1726407136644.1375,-0.99096679687,0.19262695312,-0.11584472656
1726407136664.0151,-0.98999023437,0.19348144531,-0.11755371093
1726407136684.1375,-0.98999023437,0.19348144531,-0.11755371093
1726407136704.1372,-0.98999023437,0.19348144531,-0.11755371093
1726407136724.1372,-0.98999023437,0.19348144531,-0.11755371093
1726407136744.0457,-0.98962402343,0.19494628906,-0.11950683593
1726407136764.1375,-0.98962402343,0.19494628906,-0.11950683593
1726407136784.168,-0.98962402343,0.19494628906,-0.11950683593
1726407136804.1375,-0.98962402343,0.19494628906,-0.11950683593
1726407136824.0151,-0.9873046875,0.19250488281,-0.1171875
1726407136844.1375,-0.9873046875,0.19250488281,-0.1171875
1726407136864.168,-0.9873046875,0.19250488281,-0.1171875
1726407136884.168,-0.9873046875,0.19250488281,-0.1171875
1726407136904.0151,-0.99047851562,0.19555664062,-0.11401367187
1726407136924.1375,-0.99047851562,0.19555664062,-0.11401367187
1726407136944.1375,-0.99047851562,0.19555664062,-0.11401367187
1726407136964.1675,-0.99047851562,0.19555664062,-0.11401367187
1726407136984.0151,-0.99084472656,0.19799804687,-0.11462402343
1726407137004.1375,-0.99084472656,0.19799804687,-0.11462402343
1726407137024.168,-0.99084472656,0.19799804687,-0.11462402343
1726407137044.168,-0.99084472656,0.19799804687,-0.11462402343
1726407137064.0151,-0.98999023437,0.19714355468,-0.11389160156
1726407137084.168,-0.98999023437,0.19714355468,-0.11389160156
1726407137104.1375,-0.98999023437,0.19714355468,-0.11389160156
1726407137124.168,-0.98999023437,0.19714355468,-0.11389160156
1726407137144.0151,-0.99157714843,0.19763183593,-0.10827636718
1726407137164.168,-0.99157714843,0.19763183593,-0.10827636718
1726407137184.1375,-0.99157714843,0.19763183593,-0.10827636718
1726407137204.1675,-0.99157714843,0.19763183593,-0.10827636718
1726407137224.0151,-0.98828125,0.19482421875,-0.10778808593
1726407137244.168,-0.98828125,0.19482421875,-0.10778808593
1726407137264.1375,-0.98828125,0.19482421875,-0.10778808593
1726407137284.168,-0.98828125,0.19482421875,-0.10778808593
1726407137304.0151,-0.98669433593,0.1904296875,-0.11181640625
1726407137324.1375,-0.98669433593,0.1904296875,-0.11181640625
1726407137344.168,-0.98669433593,0.1904296875,-0.11181640625
1726407137364.168,-0.98669433593,0.1904296875,-0.11181640625
1726407137384.0151,-0.99011230468,0.18518066406,-0.11669921875
1726407137404.1375,-0.99011230468,0.18518066406,-0.11669921875
1726407137424.1375,-0.99011230468,0.18518066406,-0.11669921875
1726407137444.168,-0.99011230468,0.18518066406,-0.11669921875
1726407137464.0151,-0.99267578125,0.17956542968,-0.1201171875
1726407137484.1372,-0.99267578125,0.17956542968,-0.1201171875
1726407137504.168,-0.99267578125,0.17956542968,-0.1201171875
1726407137524.168,-0.99267578125,0.17956542968,-0.1201171875
1726407137544.0151,-0.99084472656,0.17700195312,-0.12377929687
1726407137564.1375,-0.99084472656,0.17700195312,-0.12377929687
1726407137584.168,-0.99084472656,0.17700195312,-0.12377929687
1726407137604.1375,-0.99084472656,0.17700195312,-0.12377929687
1726407137624.0151,-0.98901367187,0.17895507812,-0.12329101562
1726407137644.1375,-0.98901367187,0.17895507812,-0.12329101562
1726407137664.168,-0.98901367187,0.17895507812,-0.12329101562
1726407137684.168,-0.98901367187,0.17895507812,-0.12329101562
1726407137704.0151,-0.98498535156,0.18090820312,-0.12109375
1726407137724.1675,-0.98498535156,0.18090820312,-0.12109375
1726407137744.168,-0.98498535156,0.18090820312,-0.12109375
1726407137764.1375,-0.98498535156,0.18090820312,-0.12109375
1726407137784.0457,-0.98205566406,0.1796875,-0.12219238281
1726407137804.1375,-0.98205566406,0.1796875,-0.12219238281
1726407137824.168,-0.98205566406,0.1796875,-0.12219238281
1726407137844.168,-0.98205566406,0.1796875,-0.12219238281
1726407137864.0764,-0.98986816406,0.18200683593,-0.11157226562
1726407137884.168,-0.98986816406,0.18200683593,-0.11157226562
1726407137904.168,-0.98986816406,0.18200683593,-0.11157226562
1726407137924.168,-0.98986816406,0.18200683593,-0.11157226562
1726407137944.0151,-0.98852539062,0.18237304687,-0.1103515625
1726407137964.1675,-0.98852539062,0.18237304687,-0.1103515625
1726407137984.168,-0.98852539062,0.18237304687,-0.1103515625
1726407138004.1375,-0.98852539062,0.18237304687,-0.1103515625
1726407138024.0151,-0.98364257812,0.19079589843,-0.11083984375
1726407138044.168,-0.98364257812,0.19079589843,-0.11083984375
1726407138064.1375,-0.98364257812,0.19079589843,-0.11083984375
1726407138084.168,-0.98364257812,0.19079589843,-0.11083984375
1726407138104.0151,-0.98767089843,0.19274902343,-0.12048339843
1726407138124.168,-0.98767089843,0.19274902343,-0.12048339843
1726407138144.168,-0.98767089843,0.19274902343,-0.12048339843
1726407138164.1375,-0.98767089843,0.19274902343,-0.12048339843
1726407138184.046,-0.98950195312,0.18725585937,-0.12915039062
1726407138204.1675,-0.98950195312,0.18725585937,-0.12915039062
1726407138224.1372,-0.98950195312,0.18725585937,-0.12915039062
1726407138244.1372,-0.98950195312,0.18725585937,-0.12915039062
1726407138264.076,-0.99145507812,0.181640625,-0.126953125
1726407138284.168,-0.99145507812,0.181640625,-0.126953125
1726407138304.168,-0.99145507812,0.181640625,-0.126953125
1726407138324.168,-0.99145507812,0.181640625,-0.126953125
1726407138344.046,-0.99548339843,0.16967773437,-0.11962890625
1726407138364.1375,-0.99548339843,0.16967773437,-0.11962890625
1726407138384.1375,-0.99548339843,0.16967773437,-0.11962890625
1726407138404.1375,-0.99548339843,0.16967773437,-0.11962890625
1726407138424.0151,-0.99523925781,0.1640625,-0.12036132812
1726407138444.168,-0.99523925781,0.1640625,-0.12036132812
1726407138464.1675,-0.99523925781,0.1640625,-0.12036132812
1726407138484.168,-0.99523925781,0.1640625,-0.12036132812
1726407138504.0151,-0.99206542968,0.16979980468,-0.12805175781
1726407138524.168,-0.99206542968,0.16979980468,-0.12805175781
1726407138544.168,-0.99206542968,0.16979980468,-0.12805175781
1726407138564.168,-0.99206542968,0.16979980468,-0.12805175781
1726407138584.0151,-0.99572753906,0.17553710937,-0.13269042968
1726407138604.1375,-0.99572753906,0.17553710937,-0.13269042968
1726407138624.168,-0.99572753906,0.17553710937,-0.13269042968
1726407138644.1375,-0.99572753906,0.17553710937,-0.13269042968
1726407138664.0151,-0.99536132812,0.18139648437,-0.1337890625
1726407138684.168,-0.99536132812,0.18139648437,-0.1337890625
1726407138704.1675,-0.99536132812,0.18139648437,-0.1337890625
1726407138724.1675,-0.99536132812,0.18139648437,-0.1337890625
1726407138744.0151,-0.98999023437,0.18933105468,-0.13842773437
1726407138764.1375,-0.98999023437,0.18933105468,-0.13842773437
1726407138784.168,-0.98999023437,0.18933105468,-0.13842773437
1726407138804.168,-0.98999023437,0.18933105468,-0.13842773437
1726407138824.0151,-0.99377441406,0.19409179687,-0.14794921875
1726407138844.168,-0.99377441406,0.19409179687,-0.14794921875
1726407138864.168,-0.99377441406,0.19409179687,-0.14794921875
1726407138884.1375,-0.99377441406,0.19409179687,-0.14794921875
1726407138904.0151,-0.99133300781,0.21081542968,-0.16271972656
1726407138924.1375,-0.99133300781,0.21081542968,-0.16271972656
1726407138944.168,-0.99133300781,0.21081542968,-0.16271972656
1726407138964.1675,-0.99133300781,0.21081542968,-0.16271972656
1726407138984.0151,-0.98193359375,0.23229980468,-0.17492675781
1726407139004.168,-0.98193359375,0.23229980468,-0.17492675781
1726407139024.168,-0.98193359375,0.23229980468,-0.17492675781
1726407139044.168,-0.98193359375,0.23229980468,-0.17492675781
1726407139064.0151,-0.97534179687,0.2265625,-0.18469238281
1726407139084.168,-0.97534179687,0.2265625,-0.18469238281
1726407139104.1375,-0.97534179687,0.2265625,-0.18469238281
1726407139124.1375,-0.97534179687,0.2265625,-0.18469238281
1726407139144.0151,-0.95568847656,0.22497558593,-0.27270507812
1726407139164.168,-0.95568847656,0.22497558593,-0.27270507812
1726407139184.1375,-0.95568847656,0.22497558593,-0.27270507812
1726407139204.1372,-0.95568847656,0.22497558593,-0.27270507812
1726407139224.0457,-0.99230957031,0.15234375,-0.42211914062
1726407139244.168,-0.99230957031,0.15234375,-0.42211914062
1726407139264.1375,-0.99230957031,0.15234375,-0.42211914062
1726407139284.1375,-0.99230957031,0.15234375,-0.42211914062
1726407139304.0151,-1.03967285156,0.02673339843,-0.25732421875
1726407139324.168,-1.03967285156,0.02673339843,-0.25732421875
1726407139344.1375,-1.03967285156,0.02673339843,-0.25732421875
1726407139364.168,-1.03967285156,0.02673339843,-0.25732421875
1726407139384.0151,-1.00964355468,0.23400878906,0.01550292968
1726407139404.168,-1.00964355468,0.23400878906,0.01550292968
1726407139424.1375,-1.00964355468,0.23400878906,0.01550292968
1726407139444.168,-1.00964355468,0.23400878906,0.01550292968
1726407139464.0457,-0.88562011718,0.09899902343,-0.15832519531
1726407139484.168,-0.88562011718,0.09899902343,-0.15832519531
1726407139504.1375,-0.88562011718,0.09899902343,-0.15832519531
1726407139524.1375,-0.88562011718,0.09899902343,-0.15832519531
1726407139544.0151,-0.82409667968,-0.42443847656,-0.00402832031
1726407139564.1375,-0.82409667968,-0.42443847656,-0.00402832031
1726407139584.168,-0.82409667968,-0.42443847656,-0.00402832031
1726407139604.168,-0.82409667968,-0.42443847656,-0.00402832031
1726407139624.0151,-1.23327636718,0.03076171875,-0.14050292968
1726407139644.168,-1.23327636718,0.03076171875,-0.14050292968
1726407139664.1375,-1.23327636718,0.03076171875,-0.14050292968
1726407139684.168,-1.23327636718,0.03076171875,-0.14050292968
1726407139704.0457,-1.58044433593,-0.19360351562,-0.4365234375
1726407139724.1675,-1.58044433593,-0.19360351562,-0.4365234375
1726407139744.1372,-1.58044433593,-0.19360351562,-0.4365234375
1726407139764.168,-1.58044433593,-0.19360351562,-0.4365234375
1726407139784.0151,-1.31079101562,0.43627929687,0.20190429687
1726407139804.168,-1.31079101562,0.43627929687,0.20190429687
1726407139824.1375,-1.31079101562,0.43627929687,0.20190429687
1726407139844.168,-1.31079101562,0.43627929687,0.20190429687
1726407139864.046,-0.91613769531,1.33666992187,0.40588378906
1726407139884.168,-0.91613769531,1.33666992187,0.40588378906
1726407139904.1375,-0.91613769531,1.33666992187,0.40588378906
1726407139924.1375,-0.91613769531,1.33666992187,0.40588378906
1726407139944.046,-0.77685546875,0.52160644531,0.43640136718
1726407139964.1675,-0.77685546875,0.52160644531,0.43640136718
1726407139984.168,-0.77685546875,0.52160644531,0.43640136718
1726407140004.168,-0.77685546875,0.52160644531,0.43640136718
1726407140024.0151,-0.99755859375,-0.06469726562,0.29736328125
1726407140044.1375,-0.99755859375,-0.06469726562,0.29736328125
1726407140064.168,-0.99755859375,-0.06469726562,0.29736328125
1726407140084.168,-0.99755859375,-0.06469726562,0.29736328125
1726407140104.046,-0.962890625,-0.33605957031,-0.25109863281
1726407140124.168,-0.962890625,-0.33605957031,-0.25109863281
1726407140144.168,-0.962890625,-0.33605957031,-0.25109863281
1726407140164.168,-0.962890625,-0.33605957031,-0.25109863281
1726407140184.0151,-0.60791015625,-0.26257324218,0.08093261718
1726407140204.1372,-0.60791015625,-0.26257324218,0.08093261718
1726407140224.1675,-0.60791015625,-0.26257324218,0.08093261718
1726407140244.1372,-0.60791015625,-0.26257324218,0.08093261718
1726407140264.0151,-0.6884765625,0.03955078125,0.34631347656
1726407140284.168,-0.6884765625,0.03955078125,0.34631347656
1726407140304.168,-0.6884765625,0.03955078125,0.34631347656
1726407140324.1375,-0.6884765625,0.03955078125,0.34631347656
1726407140344.046,-1.19921875,-0.38439941406,0.34497070312
1726407140364.1375,-1.19921875,-0.38439941406,0.34497070312
1726407140384.168,-1.19921875,-0.38439941406,0.34497070312
1726407140404.1375,-1.19921875,-0.38439941406,0.34497070312
1726407140424.0151,-1.23620605468,0.38269042968,0.40905761718
1726407140444.0151,-1.23620605468,0.38269042968,0.40905761718
1726407140464.1372,-1.23620605468,0.38269042968,0.40905761718
1726407140484.168,-1.23620605468,0.38269042968,0.40905761718
1726407140504.0151,-0.74060058593,1.21997070312,0.1689453125
1726407140524.168,-0.74060058593,1.21997070312,0.1689453125
1726407140544.1375,-0.74060058593,1.21997070312,0.1689453125
1726407140564.1375,-0.74060058593,1.21997070312,0.1689453125
1726407140584.0151,-0.58251953125,0.64025878906,0.18615722656
1726407140604.168,-0.58251953125,0.64025878906,0.18615722656
1726407140624.1375,-0.58251953125,0.64025878906,0.18615722656
1726407140644.1375,-0.58251953125,0.64025878906,0.18615722656
1726407140664.0151,-0.7255859375,1.31433105468,-0.41870117187
1726407140684.168,-0.7255859375,1.31433105468,-0.41870117187
1726407140704.1675,-0.7255859375,1.31433105468,-0.41870117187
1726407140724.1675,-0.7255859375,1.31433105468,-0.41870117187
1726407140744.0151,-0.44409179687,1.20654296875,-0.72680664062
1726407140764.168,-0.44409179687,1.20654296875,-0.72680664062
1726407140784.168,-0.44409179687,1.20654296875,-0.72680664062
1726407140804.1375,-0.44409179687,1.20654296875,-0.72680664062
1726407140824.0151,-0.16381835937,0.60485839843,0.07067871093
1726407140844.168,-0.16381835937,0.60485839843,0.07067871093
1726407140864.1375,-0.16381835937,0.60485839843,0.07067871093
1726407140884.168,-0.16381835937,0.60485839843,0.07067871093
1726407140904.046,-0.37609863281,0.8955078125,0.29040527343
1726407140924.168,-0.37609863281,0.8955078125,0.29040527343
1726407140944.168,-0.37609863281,0.8955078125,0.29040527343
1726407140964.1675,-0.37609863281,0.8955078125,0.29040527343
1726407140984.0151,-0.85546875,0.14819335937,0.51489257812
1726407141004.168,-0.85546875,0.14819335937,0.51489257812
1726407141024.168,-0.85546875,0.14819335937,0.51489257812
1726407141044.168,-0.85546875,0.14819335937,0.51489257812
1726407141064.0151,-0.77258300781,1.37048339843,-0.0361328125
1726407141084.168,-0.77258300781,1.37048339843,-0.0361328125
1726407141104.168,-0.77258300781,1.37048339843,-0.0361328125
1726407141124.168,-0.77258300781,1.37048339843,-0.0361328125
1726407141144.046,-0.36938476562,0.95227050781,-0.07836914062
1726407141164.1375,-0.36938476562,0.95227050781,-0.07836914062
1726407141184.1375,-0.36938476562,0.95227050781,-0.07836914062
1726407141204.1675,-0.36938476562,0.95227050781,-0.07836914062
1726407141224.0151,-0.37182617187,1.81079101562,0.12719726562
1726407141244.168,-0.37182617187,1.81079101562,0.12719726562
1726407141264.168,-0.37182617187,1.81079101562,0.12719726562
1726407141284.168,-0.37182617187,1.81079101562,0.12719726562
1726407141304.0151,0.01159667968,2.21423339843,-0.046875
1726407141324.1375,0.01159667968,2.21423339843,-0.046875
1726407141344.168,0.01159667968,2.21423339843,-0.046875
1726407141364.168,0.01159667968,2.21423339843,-0.046875
1726407141384.0151,-0.41101074218,0.802734375,0.21789550781
1726407141404.168,-0.41101074218,0.802734375,0.21789550781
1726407141424.168,-0.41101074218,0.802734375,0.21789550781
1726407141444.1375,-0.41101074218,0.802734375,0.21789550781
1726407141464.0151,-0.87585449218,0.6259765625,0.7978515625
1726407141484.1372,-0.87585449218,0.6259765625,0.7978515625
1726407141504.168,-0.87585449218,0.6259765625,0.7978515625
1726407141524.168,-0.87585449218,0.6259765625,0.7978515625
1726407141544.0151,-0.72900390625,1.18981933593,0.60668945312
1726407141564.168,-0.72900390625,1.18981933593,0.60668945312
1726407141584.168,-0.72900390625,1.18981933593,0.60668945312
1726407141604.168,-0.72900390625,1.18981933593,0.60668945312
1726407141624.046,-0.60620117187,0.38549804687,-0.01611328125
1726407141644.1375,-0.60620117187,0.38549804687,-0.01611328125
1726407141664.1375,-0.60620117187,0.38549804687,-0.01611328125
1726407141684.168,-0.60620117187,0.38549804687,-0.01611328125
1726407141704.0457,-0.84924316406,-0.14392089843,-0.23364257812
1726407141724.1372,-0.84924316406,-0.14392089843,-0.23364257812
1726407141744.168,-0.84924316406,-0.14392089843,-0.23364257812
1726407141764.168,-0.84924316406,-0.14392089843,-0.23364257812
1726407141784.0151,-0.87182617187,-0.11975097656,-0.38830566406
1726407141804.168,-0.87182617187,-0.11975097656,-0.38830566406
1726407141824.168,-0.87182617187,-0.11975097656,-0.38830566406
1726407141844.168,-0.87182617187,-0.11975097656,-0.38830566406
1726407141864.0151,-0.71350097656,0.17504882812,-0.251953125
1726407141884.1375,-0.71350097656,0.17504882812,-0.251953125
1726407141904.1375,-0.71350097656,0.17504882812,-0.251953125
1726407141924.168,-0.71350097656,0.17504882812,-0.251953125
1726407141944.0151,-0.96276855468,0.30932617187,-0.09460449218
1726407141964.1372,-0.96276855468,0.30932617187,-0.09460449218
1726407141984.168,-0.96276855468,0.30932617187,-0.09460449218
1726407142004.168,-0.96276855468,0.30932617187,-0.09460449218
1726407142024.0151,-1.35009765625,-0.01879882812,-0.04724121093
1726407142044.168,-1.35009765625,-0.01879882812,-0.04724121093
1726407142064.1375,-1.35009765625,-0.01879882812,-0.04724121093
1726407142084.1375,-1.35009765625,-0.01879882812,-0.04724121093
1726407142104.0151,-1.08874511718,0.87878417968,-0.00842285156
1726407142124.168,-1.08874511718,0.87878417968,-0.00842285156
1726407142144.168,-1.08874511718,0.87878417968,-0.00842285156
1726407142164.168,-1.08874511718,0.87878417968,-0.00842285156
1726407142184.0151,-0.66040039062,1.78198242187,-0.09875488281
1726407142204.1372,-0.66040039062,1.78198242187,-0.09875488281
1726407142224.1372,-0.66040039062,1.78198242187,-0.09875488281
1726407142244.168,-0.66040039062,1.78198242187,-0.09875488281
1726407142264.0151,-0.70349121093,1.35473632812,-0.04809570312
1726407142284.1375,-0.70349121093,1.35473632812,-0.04809570312
1726407142304.168,-0.70349121093,1.35473632812,-0.04809570312
1726407142324.1375,-0.70349121093,1.35473632812,-0.04809570312
1726407142344.0151,-0.91540527343,1.01586914062,-0.32788085937
1726407142364.168,-0.91540527343,1.01586914062,-0.32788085937
1726407142384.168,-0.91540527343,1.01586914062,-0.32788085937
1726407142404.168,-0.91540527343,1.01586914062,-0.32788085937
1726407142424.0151,-0.88500976562,0.17504882812,-0.1298828125
1726407142444.1375,-0.88500976562,0.17504882812,-0.1298828125
1726407142464.1675,-0.88500976562,0.17504882812,-0.1298828125
1726407142484.1372,-0.88500976562,0.17504882812,-0.1298828125
1726407142504.0151,-0.58093261718,0.27502441406,0.04370117187
1726407142524.168,-0.58093261718,0.27502441406,0.04370117187
1726407142544.1375,-0.58093261718,0.27502441406,0.04370117187
1726407142564.168,-0.58093261718,0.27502441406,0.04370117187
1726407142584.0151,-0.38818359375,0.97204589843,-0.03698730468
1726407142604.1375,-0.38818359375,0.97204589843,-0.03698730468
1726407142624.168,-0.38818359375,0.97204589843,-0.03698730468
1726407142644.1375,-0.38818359375,0.97204589843,-0.03698730468
1726407142664.0151,-0.40771484375,1.00720214843,0.13073730468
1726407142684.168,-0.40771484375,1.00720214843,0.13073730468
1726407142704.1675,-0.40771484375,1.00720214843,0.13073730468
1726407142724.1372,-0.40771484375,1.00720214843,0.13073730468
1726407142744.0151,-0.64819335937,0.42614746093,-0.16247558593
1726407142764.1375,-0.64819335937,0.42614746093,-0.16247558593
1726407142784.168,-0.64819335937,0.42614746093,-0.16247558593
1726407142804.168,-0.64819335937,0.42614746093,-0.16247558593
1726407142824.0151,-0.71862792968,-0.08435058593,-0.21960449218
1726407142844.168,-0.71862792968,-0.08435058593,-0.21960449218
1726407142864.1375,-0.71862792968,-0.08435058593,-0.21960449218
1726407142884.1375,-0.71862792968,-0.08435058593,-0.21960449218
1726407142904.046,-0.46496582031,0.27697753906,-0.07531738281
1726407142924.168,-0.46496582031,0.27697753906,-0.07531738281
1726407142944.1375,-0.46496582031,0.27697753906,-0.07531738281
1726407142964.1675,-0.46496582031,0.27697753906,-0.07531738281
1726407142984.0457,-0.46752929687,0.90625,0.3193359375
1726407143004.168,-0.46752929687,0.90625,0.3193359375
1726407143024.168,-0.46752929687,0.90625,0.3193359375
1726407143044.1375,-0.46752929687,0.90625,0.3193359375
1726407143064.046,-0.72814941406,1.17041015625,0.05407714843
1726407143084.168,-0.72814941406,1.17041015625,0.05407714843
1726407143104.168,-0.72814941406,1.17041015625,0.05407714843
1726407143124.1375,-0.72814941406,1.17041015625,0.05407714843
1726407143144.046,-0.84875488281,0.55676269531,-0.39587402343
1726407143164.168,-0.84875488281,0.55676269531,-0.39587402343
1726407143184.168,-0.84875488281,0.55676269531,-0.39587402343
1726407143204.1372,-0.84875488281,0.55676269531,-0.39587402343
1726407143224.0151,-1.27709960937,0.44775390625,-0.61303710937
1726407143244.1372,-1.27709960937,0.44775390625,-0.61303710937
1726407143264.168,-1.27709960937,0.44775390625,-0.61303710937
1726407143284.1375,-1.27709960937,0.44775390625,-0.61303710937
1726407143304.0151,-1.16625976562,0.17492675781,-0.27648925781
1726407143324.1375,-1.16625976562,0.17492675781,-0.27648925781
1726407143344.168,-1.16625976562,0.17492675781,-0.27648925781
1726407143364.1375,-1.16625976562,0.17492675781,-0.27648925781
1726407143384.046,-0.79345703125,0.25927734375,0.24536132812
1726407143404.1375,-0.79345703125,0.25927734375,0.24536132812
1726407143424.168,-0.79345703125,0.25927734375,0.24536132812
1726407143444.1375,-0.79345703125,0.25927734375,0.24536132812
1726407143464.0151,-0.93334960937,0.65612792968,-0.15344238281
1726407143484.1372,-0.93334960937,0.65612792968,-0.15344238281
1726407143504.168,-0.93334960937,0.65612792968,-0.15344238281
1726407143524.1375,-0.93334960937,0.65612792968,-0.15344238281
1726407143544.0151,-0.89855957031,0.83178710937,-0.30603027343
1726407143564.168,-0.89855957031,0.83178710937,-0.30603027343
1726407143584.168,-0.89855957031,0.83178710937,-0.30603027343
1726407143604.168,-0.89855957031,0.83178710937,-0.30603027343
1726407143624.0151,-0.88439941406,1.28271484375,-0.2958984375
1726407143644.168,-0.88439941406,1.28271484375,-0.2958984375
1726407143664.1375,-0.88439941406,1.28271484375,-0.2958984375
1726407143684.168,-0.88439941406,1.28271484375,-0.2958984375
1726407143704.0457,-0.85693359375,0.42456054687,-0.44030761718
1726407143724.1372,-0.85693359375,0.42456054687,-0.44030761718
1726407143744.168,-0.85693359375,0.42456054687,-0.44030761718
1726407143764.168,-0.85693359375,0.42456054687,-0.44030761718
1726407143784.0151,-0.82849121093,-0.12780761718,-0.56799316406
1726407143804.168,-0.82849121093,-0.12780761718,-0.56799316406
1726407143824.1375,-0.82849121093,-0.12780761718,-0.56799316406
1726407143844.168,-0.82849121093,-0.12780761718,-0.56799316406
1726407143864.046,-0.51928710937,0.23803710937,-0.20861816406
1726407143884.1375,-0.51928710937,0.23803710937,-0.20861816406
1726407143904.1375,-0.51928710937,0.23803710937,-0.20861816406
1726407143924.168,-0.51928710937,0.23803710937,-0.20861816406
1726407143944.0151,-0.30004882812,0.63269042968,0.38427734375
1726407143964.1372,-0.30004882812,0.63269042968,0.38427734375
1726407143984.168,-0.30004882812,0.63269042968,0.38427734375
1726407144004.1375,-0.30004882812,0.63269042968,0.38427734375
1726407144024.0151,-0.41662597656,0.96472167968,-0.05114746093
1726407144044.1375,-0.41662597656,0.96472167968,-0.05114746093
1726407144064.168,-0.41662597656,0.96472167968,-0.05114746093
1726407144084.168,-0.41662597656,0.96472167968,-0.05114746093
1726407144104.0151,-0.39172363281,0.11682128906,-0.37817382812
1726407144124.168,-0.39172363281,0.11682128906,-0.37817382812
1726407144144.1375,-0.39172363281,0.11682128906,-0.37817382812
1726407144164.1375,-0.39172363281,0.11682128906,-0.37817382812
1726407144184.0151,-0.75024414062,-0.40893554687,-0.42443847656
1726407144204.1372,-0.75024414062,-0.40893554687,-0.42443847656
1726407144224.1675,-0.75024414062,-0.40893554687,-0.42443847656
1726407144244.168,-0.75024414062,-0.40893554687,-0.42443847656
1726407144264.0151,-0.77880859375,-0.1474609375,-0.38037109375
1726407144284.1375,-0.77880859375,-0.1474609375,-0.38037109375
1726407144304.168,-0.77880859375,-0.1474609375,-0.38037109375
1726407144324.1375,-0.77880859375,-0.1474609375,-0.38037109375
1726407144344.0151,-0.50329589843,0.40698242187,0.03942871093
1726407144364.1375,-0.50329589843,0.40698242187,0.03942871093
1726407144384.1375,-0.50329589843,0.40698242187,0.03942871093
1726407144404.1375,-0.50329589843,0.40698242187,0.03942871093
1726407144424.0151,-1.13488769531,-0.50769042968,-0.49157714843
1726407144444.168,-1.13488769531,-0.50769042968,-0.49157714843
1726407144464.1675,-1.13488769531,-0.50769042968,-0.49157714843
1726407144484.168,-1.13488769531,-0.50769042968,-0.49157714843
1726407144504.0151,-0.91125488281,-0.09790039062,0.0146484375
1726407144524.1375,-0.91125488281,-0.09790039062,0.0146484375
1726407144544.1375,-0.91125488281,-0.09790039062,0.0146484375
1726407144564.168,-0.91125488281,-0.09790039062,0.0146484375
1726407144584.0151,-0.38061523437,0.98645019531,-0.04626464843
1726407144604.168,-0.38061523437,0.98645019531,-0.04626464843
1726407144624.1375,-0.38061523437,0.98645019531,-0.04626464843
1726407144644.168,-0.38061523437,0.98645019531,-0.04626464843
1726407144664.0151,-0.39477539062,0.40734863281,-0.51770019531
1726407144684.168,-0.39477539062,0.40734863281,-0.51770019531
1726407144704.1372,-0.39477539062,0.40734863281,-0.51770019531
1726407144724.1372,-0.39477539062,0.40734863281,-0.51770019531
1726407144744.0151,-1.03833007812,-0.0576171875,-0.66564941406
1726407144764.168,-1.03833007812,-0.0576171875,-0.66564941406
1726407144784.1375,-1.03833007812,-0.0576171875,-0.66564941406
1726407144804.168,-1.03833007812,-0.0576171875,-0.66564941406
1726407144824.0151,-1.27478027343,0.12585449218,-0.35205078125
1726407144844.168,-1.27478027343,0.12585449218,-0.35205078125
1726407144864.1375,-1.27478027343,0.12585449218,-0.35205078125
1726407144884.168,-1.27478027343,0.12585449218,-0.35205078125
1726407144904.046,-0.89929199218,0.8408203125,0.16943359375
1726407144924.168,-0.89929199218,0.8408203125,0.16943359375
1726407144944.1375,-0.89929199218,0.8408203125,0.16943359375
1726407144964.1372,-0.89929199218,0.8408203125,0.16943359375
1726407144984.0151,-0.74096679687,0.95959472656,0.00500488281
1726407145004.168,-0.74096679687,0.95959472656,0.00500488281
1726407145024.168,-0.74096679687,0.95959472656,0.00500488281
1726407145044.1375,-0.74096679687,0.95959472656,0.00500488281
1726407145064.0151,-0.81298828125,0.71484375,-0.09973144531
1726407145084.1375,-0.81298828125,0.71484375,-0.09973144531
1726407145104.1375,-0.81298828125,0.71484375,-0.09973144531
1726407145124.168,-0.81298828125,0.71484375,-0.09973144531
1726407145144.0151,-1.01745605468,0.29736328125,-0.45300292968
1726407145164.168,-1.01745605468,0.29736328125,-0.45300292968
1726407145184.168,-1.01745605468,0.29736328125,-0.45300292968
1726407145204.1675,-1.01745605468,0.29736328125,-0.45300292968
1726407145224.0151,-1.09936523437,0.083984375,-0.66259765625
1726407145244.168,-1.09936523437,0.083984375,-0.66259765625
1726407145264.168,-1.09936523437,0.083984375,-0.66259765625
1726407145284.168,-1.09936523437,0.083984375,-0.66259765625
1726407145304.0151,-0.99255371093,0.17407226562,-0.32153320312
1726407145324.168,-0.99255371093,0.17407226562,-0.32153320312
1726407145344.1375,-0.99255371093,0.17407226562,-0.32153320312
1726407145364.168,-0.99255371093,0.17407226562,-0.32153320312
1726407145384.0151,-0.94494628906,0.15783691406,-0.19885253906
1726407145404.168,-0.94494628906,0.15783691406,-0.19885253906
1726407145424.1375,-0.94494628906,0.15783691406,-0.19885253906
1726407145444.168,-0.94494628906,0.15783691406,-0.19885253906
1726407145464.0151,-0.97802734375,0.16271972656,-0.19799804687
1726407145484.168,-0.97802734375,0.16271972656,-0.19799804687
1726407145504.168,-0.97802734375,0.16271972656,-0.19799804687
1726407145524.1375,-0.97802734375,0.16271972656,-0.19799804687
1726407145544.0151,-0.98706054687,0.22436523437,-0.14855957031
1726407145564.1375,-0.98706054687,0.22436523437,-0.14855957031
1726407145584.168,-0.98706054687,0.22436523437,-0.14855957031
1726407145604.168,-0.98706054687,0.22436523437,-0.14855957031
1726407145624.0151,-0.99548339843,0.25939941406,-0.12036132812
1726407145644.1375,-0.99548339843,0.25939941406,-0.12036132812
1726407145664.1375,-0.99548339843,0.25939941406,-0.12036132812
1726407145684.168,-0.99548339843,0.25939941406,-0.12036132812
1726407145704.0151,-1.00158691406,0.22875976562,-0.11975097656
1726407145724.1675,-1.00158691406,0.22875976562,-0.11975097656
1726407145744.168,-1.00158691406,0.22875976562,-0.11975097656
1726407145764.1375,-1.00158691406,0.22875976562,-0.11975097656
1726407145784.0151,-1.01171875,0.16040039062,-0.08715820312
1726407145804.168,-1.01171875,0.16040039062,-0.08715820312
1726407145824.1375,-1.01171875,0.16040039062,-0.08715820312
1726407145844.1375,-1.01171875,0.16040039062,-0.08715820312
1726407145864.0151,-1.01525878906,0.12731933593,-0.08654785156
1726407145884.168,-1.01525878906,0.12731933593,-0.08654785156
1726407145904.168,-1.01525878906,0.12731933593,-0.08654785156
1726407145924.1375,-1.01525878906,0.12731933593,-0.08654785156
1726407145944.0151,-0.99621582031,0.12768554687,-0.11743164062
1726407145964.1675,-0.99621582031,0.12768554687,-0.11743164062
1726407145984.1372,-0.99621582031,0.12768554687,-0.11743164062
1726407146004.1375,-0.99621582031,0.12768554687,-0.11743164062
1726407146024.0151,-0.99670410156,0.12670898437,-0.11413574218
1726407146044.1375,-0.99670410156,0.12670898437,-0.11413574218
1726407146064.1375,-0.99670410156,0.12670898437,-0.11413574218
1726407146084.1375,-0.99670410156,0.12670898437,-0.11413574218
1726407146104.0151,-1.00085449218,0.12573242187,-0.08679199218
1726407146124.168,-1.00085449218,0.12573242187,-0.08679199218
1726407146144.168,-1.00085449218,0.12573242187,-0.08679199218
1726407146164.168,-1.00085449218,0.12573242187,-0.08679199218
1726407146184.0151,-0.97595214843,0.16333007812,-0.05090332031
1726407146204.1675,-0.97595214843,0.16333007812,-0.05090332031
1726407146224.1372,-0.97595214843,0.16333007812,-0.05090332031
1726407146244.168,-0.97595214843,0.16333007812,-0.05090332031
1726407146264.0457,-0.96325683593,0.26745605468,-0.11645507812
1726407146284.1375,-0.96325683593,0.26745605468,-0.11645507812
1726407146304.168,-0.96325683593,0.26745605468,-0.11645507812
1726407146324.168,-0.96325683593,0.26745605468,-0.11645507812
1726407146344.0151,-1.0146484375,0.37634277343,-0.353515625
1726407146364.168,-1.0146484375,0.37634277343,-0.353515625
1726407146384.168,-1.0146484375,0.37634277343,-0.353515625
1726407146404.1375,-1.0146484375,0.37634277343,-0.353515625
1726407146424.0151,-0.98547363281,0.76708984375,-0.43896484375
1726407146444.168,-0.98547363281,0.76708984375,-0.43896484375
1726407146464.1675,-0.98547363281,0.76708984375,-0.43896484375
1726407146484.168,-0.98547363281,0.76708984375,-0.43896484375
1726407146504.0151,-0.89892578125,1.00231933593,-0.43505859375
1726407146524.168,-0.89892578125,1.00231933593,-0.43505859375
1726407146544.0457,-0.89892578125,1.00231933593,-0.43505859375
1726407146564.168,-0.89892578125,1.00231933593,-0.43505859375
1726407146584.0151,-1.02526855468,0.63891601562,-0.50512695312
1726407146604.1375,-1.02526855468,0.63891601562,-0.50512695312
1726407146624.168,-1.02526855468,0.63891601562,-0.50512695312
1726407146644.1375,-1.02526855468,0.63891601562,-0.50512695312
1726407146664.0151,-0.92370605468,0.44958496093,-0.49194335937
1726407146684.168,-0.92370605468,0.44958496093,-0.49194335937
1726407146704.1675,-0.92370605468,0.44958496093,-0.49194335937
1726407146724.1675,-0.92370605468,0.44958496093,-0.49194335937
1726407146744.0151,-0.87634277343,0.07775878906,-0.47741699218
1726407146764.168,-0.87634277343,0.07775878906,-0.47741699218
1726407146784.168,-0.87634277343,0.07775878906,-0.47741699218
1726407146804.168,-0.87634277343,0.07775878906,-0.47741699218
1726407146824.0151,-0.80932617187,-0.18420410156,-0.98876953125
1726407146844.168,-0.80932617187,-0.18420410156,-0.98876953125
1726407146864.168,-0.80932617187,-0.18420410156,-0.98876953125
1726407146884.1375,-0.80932617187,-0.18420410156,-0.98876953125
1726407146904.0151,-0.5634765625,-0.19384765625,-0.93115234375
1726407146924.168,-0.5634765625,-0.19384765625,-0.93115234375
1726407146944.168,-0.5634765625,-0.19384765625,-0.93115234375
1726407146964.1675,-0.5634765625,-0.19384765625,-0.93115234375
1726407146984.0457,-1.04187011718,-0.44323730468,-0.84594726562
1726407147004.168,-1.04187011718,-0.44323730468,-0.84594726562
1726407147024.168,-1.04187011718,-0.44323730468,-0.84594726562
1726407147044.168,-1.04187011718,-0.44323730468,-0.84594726562
1726407147064.1067,-1.47973632812,-0.59399414062,-1.06787109375
1726407147084.1375,-1.47973632812,-0.59399414062,-1.06787109375
1726407147104.168,-1.47973632812,-0.59399414062,-1.06787109375
1726407147124.168,-1.47973632812,-0.59399414062,-1.06787109375
1726407147144.046,-1.03039550781,0.01745605468,-0.14880371093
1726407147164.168,-1.03039550781,0.01745605468,-0.14880371093
1726407147184.1375,-1.03039550781,0.01745605468,-0.14880371093
1726407147204.1675,-1.03039550781,0.01745605468,-0.14880371093
1726407147224.0457,-0.63842773437,0.74243164062,-0.10168457031
1726407147244.1372,-0.63842773437,0.74243164062,-0.10168457031
1726407147264.229,-0.63842773437,0.74243164062,-0.10168457031
1726407147284.168,-0.63842773437,0.74243164062,-0.10168457031
1726407147304.0151,-0.96118164062,0.31030273437,-0.19226074218
1726407147324.1375,-0.96118164062,0.31030273437,-0.19226074218
1726407147344.168,-0.96118164062,0.31030273437,-0.19226074218
1726407147364.1375,-0.96118164062,0.31030273437,-0.19226074218
1726407147384.0151,-1.23571777343,-0.10498046875,-0.18029785156
1726407147404.1375,-1.23571777343,-0.10498046875,-0.18029785156
1726407147424.1375,-1.23571777343,-0.10498046875,-0.18029785156
1726407147444.1375,-1.23571777343,-0.10498046875,-0.18029785156
1726407147464.1675,-1.14685058593,0.22973632812,-0.46862792968
1726407147484.168,-1.14685058593,0.22973632812,-0.46862792968
1726407147504.1375,-1.14685058593,0.22973632812,-0.46862792968
1726407147524.168,-1.14685058593,0.22973632812,-0.46862792968
1726407147544.0151,-0.85632324218,0.76843261718,0.30053710937
1726407147564.168,-0.85632324218,0.76843261718,0.30053710937
1726407147584.168,-0.85632324218,0.76843261718,0.30053710937
1726407147604.168,-0.85632324218,0.76843261718,0.30053710937
1726407147624.0151,-1.16076660156,0.72058105468,0.07348632812
1726407147644.168,-1.16076660156,0.72058105468,0.07348632812
1726407147664.2903,-1.16076660156,0.72058105468,0.07348632812
1726407147684.1375,-1.16076660156,0.72058105468,0.07348632812
1726407147704.0151,-1.85717773437,0.35949707031,0.11242675781
1726407147724.1675,-1.85717773437,0.35949707031,0.11242675781
1726407147744.168,-1.85717773437,0.35949707031,0.11242675781
1726407147764.1375,-1.85717773437,0.35949707031,0.11242675781
1726407147784.0151,-0.79235839843,0.8798828125,-0.41369628906
1726407147804.1375,-0.79235839843,0.8798828125,-0.41369628906
1726407147824.1375,-0.79235839843,0.8798828125,-0.41369628906
1726407147844.168,-0.79235839843,0.8798828125,-0.41369628906
1726407147864.1985,-0.78381347656,0.90380859375,-0.74011230468
1726407147884.168,-0.78381347656,0.90380859375,-0.74011230468
1726407147904.168,-0.78381347656,0.90380859375,-0.74011230468
1726407147924.1375,-0.78381347656,0.90380859375,-0.74011230468
1726407147944.046,-1.23950195312,0.98486328125,-0.70166015625
1726407147964.1372,-1.23950195312,0.98486328125,-0.70166015625
1726407147984.168,-1.23950195312,0.98486328125,-0.70166015625
1726407148004.168,-1.23950195312,0.98486328125,-0.70166015625
1726407148024.0151,-1.37280273437,0.56506347656,-0.49499511718
1726407148044.168,-1.37280273437,0.56506347656,-0.49499511718
1726407148064.29,-1.37280273437,0.56506347656,-0.49499511718
1726407148084.1375,-1.37280273437,0.56506347656,-0.49499511718
1726407148104.046,-0.72924804687,1.36059570312,0.07556152343
1726407148124.1375,-0.72924804687,1.36059570312,0.07556152343
1726407148144.168,-0.72924804687,1.36059570312,0.07556152343
1726407148164.168,-0.72924804687,1.36059570312,0.07556152343
1726407148184.0151,-0.33850097656,1.43444824218,-0.3681640625
1726407148204.1372,-0.33850097656,1.43444824218,-0.3681640625
1726407148224.1675,-0.33850097656,1.43444824218,-0.3681640625
1726407148244.168,-0.33850097656,1.43444824218,-0.3681640625
1726407148264.1067,-0.51904296875,0.65795898437,-0.88562011718
1726407148284.168,-0.51904296875,0.65795898437,-0.88562011718
1726407148304.1375,-0.51904296875,0.65795898437,-0.88562011718
1726407148324.168,-0.51904296875,0.65795898437,-0.88562011718
1726407148344.0151,-0.9638671875,0.2509765625,-0.93090820312
1726407148364.1375,-0.9638671875,0.2509765625,-0.93090820312
1726407148384.168,-0.9638671875,0.2509765625,-0.93090820312
1726407148404.168,-0.9638671875,0.2509765625,-0.93090820312
1726407148424.0151,-1.13061523437,0.12585449218,-0.52685546875
1726407148444.1375,-1.13061523437,0.12585449218,-0.52685546875
1726407148464.229,-1.13061523437,0.12585449218,-0.52685546875
1726407148484.1372,-1.13061523437,0.12585449218,-0.52685546875
1726407148504.0151,-0.94262695312,0.8701171875,0.15869140625
1726407148524.1375,-0.94262695312,0.8701171875,0.15869140625
1726407148544.168,-0.94262695312,0.8701171875,0.15869140625
1726407148564.168,-0.94262695312,0.8701171875,0.15869140625
1726407148584.0151,-0.69750976562,1.33081054687,-0.02917480468
1726407148604.168,-0.69750976562,1.33081054687,-0.02917480468
1726407148624.1375,-0.69750976562,1.33081054687,-0.02917480468
1726407148644.1375,-0.69750976562,1.33081054687,-0.02917480468
1726407148664.0151,-0.48840332031,0.46887207031,-0.54931640625
1726407148684.168,-0.48840332031,0.46887207031,-0.54931640625
1726407148704.1675,-0.48840332031,0.46887207031,-0.54931640625
1726407148724.1675,-0.48840332031,0.46887207031,-0.54931640625
1726407148744.0457,-0.56909179687,0.19409179687,-0.64916992187
1726407148764.1375,-0.56909179687,0.19409179687,-0.64916992187
1726407148784.168,-0.56909179687,0.19409179687,-0.64916992187
1726407148804.168,-0.56909179687,0.19409179687,-0.64916992187
1726407148824.046,-0.416015625,0.70397949218,-0.2421875
1726407148844.1375,-0.416015625,0.70397949218,-0.2421875
1726407148864.168,-0.416015625,0.70397949218,-0.2421875
1726407148884.168,-0.416015625,0.70397949218,-0.2421875
1726407148904.0151,-0.34777832031,1.05944824218,0.26025390625
1726407148924.1375,-0.34777832031,1.05944824218,0.26025390625
1726407148944.168,-0.34777832031,1.05944824218,0.26025390625
1726407148964.1675,-0.34777832031,1.05944824218,0.26025390625
1726407148984.0151,-0.65991210937,1.32214355468,0.02868652343
1726407149004.168,-0.65991210937,1.32214355468,0.02868652343
1726407149024.1375,-0.65991210937,1.32214355468,0.02868652343
1726407149044.1375,-0.65991210937,1.32214355468,0.02868652343
1726407149064.046,-0.78149414062,1.07043457031,-0.19921875
1726407149084.168,-0.78149414062,1.07043457031,-0.19921875
1726407149104.1375,-0.78149414062,1.07043457031,-0.19921875
1726407149124.168,-0.78149414062,1.07043457031,-0.19921875
1726407149144.0151,-0.67553710937,1.02087402343,-0.01574707031
1726407149164.168,-0.67553710937,1.02087402343,-0.01574707031
1726407149184.168,-0.67553710937,1.02087402343,-0.01574707031
1726407149204.1372,-0.67553710937,1.02087402343,-0.01574707031
1726407149224.0151,-0.76171875,0.95080566406,-0.26904296875
1726407149244.168,-0.76171875,0.95080566406,-0.26904296875
1726407149264.1375,-0.76171875,0.95080566406,-0.26904296875
1726407149284.168,-0.76171875,0.95080566406,-0.26904296875
1726407149304.0151,-0.88208007812,0.65234375,-0.48706054687
1726407149324.1375,-0.88208007812,0.65234375,-0.48706054687
1726407149344.168,-0.88208007812,0.65234375,-0.48706054687
1726407149364.168,-0.88208007812,0.65234375,-0.48706054687
1726407149384.0151,-0.88293457031,0.45263671875,-0.46276855468
1726407149404.168,-0.88293457031,0.45263671875,-0.46276855468
1726407149424.1375,-0.88293457031,0.45263671875,-0.46276855468
1726407149444.168,-0.88293457031,0.45263671875,-0.46276855468
1726407149464.0457,-0.89184570312,0.49841308593,-0.27026367187
1726407149484.168,-0.89184570312,0.49841308593,-0.27026367187
1726407149504.1375,-0.89184570312,0.49841308593,-0.27026367187
1726407149524.168,-0.89184570312,0.49841308593,-0.27026367187
1726407149544.0151,-0.91979980468,0.38818359375,-0.20629882812
1726407149564.168,-0.91979980468,0.38818359375,-0.20629882812
1726407149584.168,-0.91979980468,0.38818359375,-0.20629882812
1726407149604.168,-0.91979980468,0.38818359375,-0.20629882812
1726407149624.0151,-0.96313476562,0.30969238281,-0.16809082031
1726407149644.1375,-0.96313476562,0.30969238281,-0.16809082031
1726407149664.1375,-0.96313476562,0.30969238281,-0.16809082031
1726407149684.168,-0.96313476562,0.30969238281,-0.16809082031
1726407149704.0151,-0.9853515625,0.31481933593,-0.13989257812
1726407149724.1675,-0.9853515625,0.31481933593,-0.13989257812
1726407149744.168,-0.9853515625,0.31481933593,-0.13989257812
1726407149764.168,-0.9853515625,0.31481933593,-0.13989257812
1726407149784.0151,-0.98327636718,0.31726074218,-0.14758300781
1726407149804.168,-0.98327636718,0.31726074218,-0.14758300781
1726407149824.168,-0.98327636718,0.31726074218,-0.14758300781
1726407149844.1375,-0.98327636718,0.31726074218,-0.14758300781
1726407149864.046,-0.97180175781,0.31420898437,-0.154296875
1726407149884.1375,-0.97180175781,0.31420898437,-0.154296875
1726407149904.168,-0.97180175781,0.31420898437,-0.154296875
1726407149924.168,-0.97180175781,0.31420898437,-0.154296875
1726407149944.0151,-0.96337890625,0.31689453125,-0.14282226562
1726407149964.1675,-0.96337890625,0.31689453125,-0.14282226562
1726407149984.1372,-0.96337890625,0.31689453125,-0.14282226562
1726407150004.168,-0.96337890625,0.31689453125,-0.14282226562
1726407150024.0151,-0.96984863281,0.30249023437,-0.12390136718
1726407150044.1375,-0.96984863281,0.30249023437,-0.12390136718
1726407150064.1375,-0.96984863281,0.30249023437,-0.12390136718
1726407150084.1375,-0.96984863281,0.30249023437,-0.12390136718
1726407150104.0151,-0.97705078125,0.265625,-0.11303710937
1726407150124.1375,-0.97705078125,0.265625,-0.11303710937
1726407150144.168,-0.97705078125,0.265625,-0.11303710937
1726407150164.1375,-0.97705078125,0.265625,-0.11303710937
1726407150184.0151,-0.97631835937,0.23693847656,-0.11206054687
1726407150204.1675,-0.97631835937,0.23693847656,-0.11206054687
1726407150224.1372,-0.97631835937,0.23693847656,-0.11206054687
1726407150244.168,-0.97631835937,0.23693847656,-0.11206054687
1726407150264.0457,-0.97485351562,0.23608398437,-0.11694335937
1726407150284.1375,-0.97485351562,0.23608398437,-0.11694335937
1726407150304.168,-0.97485351562,0.23608398437,-0.11694335937
1726407150324.168,-0.97485351562,0.23608398437,-0.11694335937
1726407150344.046,-0.97521972656,0.25244140625,-0.12536621093
1726407150364.1375,-0.97521972656,0.25244140625,-0.12536621093
1726407150384.1375,-0.97521972656,0.25244140625,-0.12536621093
1726407150404.1375,-0.97521972656,0.25244140625,-0.12536621093
1726407150424.0151,-0.97644042968,0.26208496093,-0.12731933593
1726407150444.168,-0.97644042968,0.26208496093,-0.12731933593
1726407150464.1675,-0.97644042968,0.26208496093,-0.12731933593
1726407150484.1372,-0.97644042968,0.26208496093,-0.12731933593
1726407150504.0457,-0.98010253906,0.251953125,-0.12292480468
1726407150524.168,-0.98010253906,0.251953125,-0.12292480468
1726407150544.1375,-0.98010253906,0.251953125,-0.12292480468
1726407150564.1375,-0.98010253906,0.251953125,-0.12292480468
1726407150584.0151,-0.98181152343,0.24621582031,-0.11352539062
1726407150604.168,-0.98181152343,0.24621582031,-0.11352539062
1726407150624.168,-0.98181152343,0.24621582031,-0.11352539062
1726407150644.1375,-0.98181152343,0.24621582031,-0.11352539062
1726407150664.1067,-0.98266601562,0.24145507812,-0.10717773437
1726407150684.168,-0.98266601562,0.24145507812,-0.10717773437
1726407150704.1675,-0.98266601562,0.24145507812,-0.10717773437
1726407150724.1372,-0.98266601562,0.24145507812,-0.10717773437
1726407150744.0151,-0.98620605468,0.23718261718,-0.11352539062
1726407150764.1375,-0.98620605468,0.23718261718,-0.11352539062
1726407150784.1375,-0.98620605468,0.23718261718,-0.11352539062
1726407150804.168,-0.98620605468,0.23718261718,-0.11352539062
1726407150824.046,-0.98571777343,0.24560546875,-0.11962890625
1726407150844.168,-0.98571777343,0.24560546875,-0.11962890625
1726407150864.1985,-0.98571777343,0.24560546875,-0.11962890625
1726407150884.168,-0.98571777343,0.24560546875,-0.11962890625
1726407150904.0151,-0.9833984375,0.25573730468,-0.11730957031
1726407150924.168,-0.9833984375,0.25573730468,-0.11730957031
1726407150944.1375,-0.9833984375,0.25573730468,-0.11730957031
1726407150964.1675,-0.9833984375,0.25573730468,-0.11730957031
1726407150984.0151,-0.9833984375,0.25622558593,-0.11828613281
1726407151004.168,-0.9833984375,0.25622558593,-0.11828613281
1726407151024.168,-0.9833984375,0.25622558593,-0.11828613281
1726407151044.1375,-0.9833984375,0.25622558593,-0.11828613281
1726407151064.046,-0.98022460937,0.25024414062,-0.11877441406
1726407151084.168,-0.98022460937,0.25024414062,-0.11877441406
1726407151104.168,-0.98022460937,0.25024414062,-0.11877441406
1726407151124.168,-0.98022460937,0.25024414062,-0.11877441406
1726407151144.0151,-0.97912597656,0.24987792968,-0.12072753906
1726407151164.1375,-0.97912597656,0.24987792968,-0.12072753906
1726407151184.168,-0.97912597656,0.24987792968,-0.12072753906
1726407151204.1675,-0.97912597656,0.24987792968,-0.12072753906
1726407151224.0151,-0.97717285156,0.24938964843,-0.11987304687
1726407151244.168,-0.97717285156,0.24938964843,-0.11987304687
1726407151264.168,-0.97717285156,0.24938964843,-0.11987304687
1726407151284.168,-0.97717285156,0.24938964843,-0.11987304687
1726407151304.0151,-0.97631835937,0.24389648437,-0.11218261718
1726407151324.1375,-0.97631835937,0.24389648437,-0.11218261718
1726407151344.168,-0.97631835937,0.24389648437,-0.11218261718
1726407151364.168,-0.97631835937,0.24389648437,-0.11218261718
1726407151384.0151,-0.97900390625,0.24243164062,-0.11694335937
1726407151404.1375,-0.97900390625,0.24243164062,-0.11694335937
1726407151424.168,-0.97900390625,0.24243164062,-0.11694335937
1726407151444.168,-0.97900390625,0.24243164062,-0.11694335937
1726407151464.0151,-0.98449707031,0.2490234375,-0.12023925781
1726407151484.168,-0.98449707031,0.2490234375,-0.12023925781
1726407151504.168,-0.98449707031,0.2490234375,-0.12023925781
1726407151524.168,-0.98449707031,0.2490234375,-0.12023925781
1726407151544.0457,-0.98291015625,0.25427246093,-0.11547851562
1726407151564.168,-0.98291015625,0.25427246093,-0.11547851562
1726407151584.1375,-0.98291015625,0.25427246093,-0.11547851562
1726407151604.1375,-0.98291015625,0.25427246093,-0.11547851562
1726407151624.0151,-0.97998046875,0.25354003906,-0.11010742187
1726407151644.168,-0.97998046875,0.25354003906,-0.11010742187
1726407151664.168,-0.97998046875,0.25354003906,-0.11010742187
1726407151684.168,-0.97998046875,0.25354003906,-0.11010742187
1726407151704.0457,-0.98388671875,0.25109863281,-0.1044921875
1726407151724.1675,-0.98388671875,0.25109863281,-0.1044921875
1726407151744.1372,-0.98388671875,0.25109863281,-0.1044921875
1726407151764.168,-0.98388671875,0.25109863281,-0.1044921875
1726407151784.0151,-0.98461914062,0.24682617187,-0.10083007812
1726407151804.1375,-0.98461914062,0.24682617187,-0.10083007812
1726407151824.168,-0.98461914062,0.24682617187,-0.10083007812
1726407151844.1375,-0.98461914062,0.24682617187,-0.10083007812
1726407151864.046,-0.98083496093,0.23864746093,-0.10437011718
1726407151884.168,-0.98083496093,0.23864746093,-0.10437011718
1726407151904.1375,-0.98083496093,0.23864746093,-0.10437011718
1726407151924.1375,-0.98083496093,0.23864746093,-0.10437011718
1726407151944.046,-0.97802734375,0.23681640625,-0.10803222656
1726407151964.1372,-0.97802734375,0.23681640625,-0.10803222656
1726407151984.168,-0.97802734375,0.23681640625,-0.10803222656
1726407152004.1375,-0.97802734375,0.23681640625,-0.10803222656
1726407152024.0151,-0.97778320312,0.24340820312,-0.10668945312
1726407152044.168,-0.97778320312,0.24340820312,-0.10668945312
1726407152064.168,-0.97778320312,0.24340820312,-0.10668945312
1726407152084.168,-0.97778320312,0.24340820312,-0.10668945312
1726407152104.046,-0.97863769531,0.24841308593,-0.10815429687
1726407152124.1375,-0.97863769531,0.24841308593,-0.10815429687
1726407152144.168,-0.97863769531,0.24841308593,-0.10815429687
1726407152164.1375,-0.97863769531,0.24841308593,-0.10815429687
1726407152184.0151,-0.98010253906,0.24768066406,-0.11083984375
1726407152204.1675,-0.98010253906,0.24768066406,-0.11083984375
1726407152224.1372,-0.98010253906,0.24768066406,-0.11083984375
1726407152244.1372,-0.98010253906,0.24768066406,-0.11083984375
1726407152264.0457,-0.98181152343,0.24108886718,-0.10791015625
1726407152284.1375,-0.98181152343,0.24108886718,-0.10791015625
1726407152304.168,-0.98181152343,0.24108886718,-0.10791015625
1726407152324.168,-0.98181152343,0.24108886718,-0.10791015625
1726407152344.046,-0.98376464843,0.23803710937,-0.10766601562
1726407152364.1375,-0.98376464843,0.23803710937,-0.10766601562
1726407152384.1375,-0.98376464843,0.23803710937,-0.10766601562
1726407152404.1375,-0.98376464843,0.23803710937,-0.10766601562
1726407152424.046,-0.98461914062,0.23754882812,-0.1064453125
1726407152444.1375,-0.98461914062,0.23754882812,-0.1064453125
1726407152464.1675,-0.98461914062,0.23754882812,-0.1064453125
1726407152484.1372,-0.98461914062,0.23754882812,-0.1064453125
1726407152504.0457,-0.98498535156,0.23840332031,-0.10180664062
1726407152524.1375,-0.98498535156,0.23840332031,-0.10180664062
1726407152544.168,-0.98498535156,0.23840332031,-0.10180664062
1726407152564.168,-0.98498535156,0.23840332031,-0.10180664062
1726407152584.046,-0.98510742187,0.244140625,-0.10473632812
1726407152604.168,-0.98510742187,0.244140625,-0.10473632812
1726407152624.0151,-0.98510742187,0.244140625,-0.10473632812
1726407152644.168,-0.98510742187,0.244140625,-0.10473632812
1726407152664.046,-0.98413085937,0.251953125,-0.10620117187
1726407152684.168,-0.98413085937,0.251953125,-0.10620117187
1726407152704.1372,-0.98413085937,0.251953125,-0.10620117187
1726407152724.1675,-0.98413085937,0.251953125,-0.10620117187
1726407152744.0151,-0.98474121093,0.25659179687,-0.10363769531
1726407152764.168,-0.98474121093,0.25659179687,-0.10363769531
1726407152784.168,-0.98474121093,0.25659179687,-0.10363769531
1726407152804.168,-0.98474121093,0.25659179687,-0.10363769531
1726407152824.046,-0.98876953125,0.248046875,-0.11633300781
1726407152844.1375,-0.98876953125,0.248046875,-0.11633300781
1726407152864.168,-0.98876953125,0.248046875,-0.11633300781
1726407152884.1375,-0.98876953125,0.248046875,-0.11633300781
1726407152904.046,-0.98583984375,0.25695800781,-0.11364746093
1726407152924.168,-0.98583984375,0.25695800781,-0.11364746093
1726407152944.168,-0.98583984375,0.25695800781,-0.11364746093
1726407152964.1675,-0.98583984375,0.25695800781,-0.11364746093
1726407152984.0457,-0.98559570312,0.2568359375,-0.10925292968
1726407153004.168,-0.98559570312,0.2568359375,-0.10925292968
1726407153024.168,-0.98559570312,0.2568359375,-0.10925292968
1726407153044.168,-0.98559570312,0.2568359375,-0.10925292968
1726407153064.046,-0.9833984375,0.25158691406,-0.11450195312
1726407153084.168,-0.9833984375,0.25158691406,-0.11450195312
1726407153104.1375,-0.9833984375,0.25158691406,-0.11450195312
1726407153124.168,-0.9833984375,0.25158691406,-0.11450195312
1726407153144.0151,-0.97924804687,0.25646972656,-0.11901855468
1726407153164.168,-0.97924804687,0.25646972656,-0.11901855468
1726407153184.168,-0.97924804687,0.25646972656,-0.11901855468
1726407153204.1675,-0.97924804687,0.25646972656,-0.11901855468
1726407153224.0457,-0.97729492187,0.25769042968,-0.12121582031
1726407153244.168,-0.97729492187,0.25769042968,-0.12121582031
1726407153264.168,-0.97729492187,0.25769042968,-0.12121582031
1726407153284.168,-0.97729492187,0.25769042968,-0.12121582031
1726407153304.0151,-0.97424316406,0.25622558593,-0.12951660156
1726407153324.168,-0.97424316406,0.25622558593,-0.12951660156
1726407153344.1375,-0.97424316406,0.25622558593,-0.12951660156
1726407153364.168,-0.97424316406,0.25622558593,-0.12951660156
1726407153384.0151,-0.97497558593,0.25964355468,-0.13330078125
1726407153404.168,-0.97497558593,0.25964355468,-0.13330078125
1726407153424.168,-0.97497558593,0.25964355468,-0.13330078125
1726407153444.1375,-0.97497558593,0.25964355468,-0.13330078125
1726407153464.0151,-0.97839355468,0.26330566406,-0.14038085937
1726407153484.1372,-0.97839355468,0.26330566406,-0.14038085937
1726407153504.1375,-0.97839355468,0.26330566406,-0.14038085937
1726407153524.1375,-0.97839355468,0.26330566406,-0.14038085937
1726407153544.0151,-0.98107910156,0.26196289062,-0.15087890625
1726407153564.168,-0.98107910156,0.26196289062,-0.15087890625
1726407153584.1375,-0.98107910156,0.26196289062,-0.15087890625
1726407153604.168,-0.98107910156,0.26196289062,-0.15087890625
1726407153624.0151,-0.98327636718,0.25927734375,-0.15161132812
1726407153644.1375,-0.98327636718,0.25927734375,-0.15161132812
1726407153664.1375,-0.98327636718,0.25927734375,-0.15161132812
1726407153684.1375,-0.98327636718,0.25927734375,-0.15161132812
1726407153704.0151,-0.97607421875,0.25695800781,-0.1416015625
1726407153724.1372,-0.97607421875,0.25695800781,-0.1416015625
1726407153744.1372,-0.97607421875,0.25695800781,-0.1416015625
1726407153764.168,-0.97607421875,0.25695800781,-0.1416015625
1726407153784.0457,-0.97265625,0.25158691406,-0.13171386718
1726407153804.168,-0.97265625,0.25158691406,-0.13171386718
1726407153824.168,-0.97265625,0.25158691406,-0.13171386718
1726407153844.168,-0.97265625,0.25158691406,-0.13171386718
1726407153864.046,-0.97534179687,0.24609375,-0.13122558593
1726407153884.168,-0.97534179687,0.24609375,-0.13122558593
1726407153904.1375,-0.97534179687,0.24609375,-0.13122558593
1726407153924.1375,-0.97534179687,0.24609375,-0.13122558593
1726407153944.0151,-0.9775390625,0.24450683593,-0.13830566406
1726407153964.1675,-0.9775390625,0.24450683593,-0.13830566406
1726407153984.168,-0.9775390625,0.24450683593,-0.13830566406
1726407154004.168,-0.9775390625,0.24450683593,-0.13830566406
1726407154024.0151,-0.9775390625,0.24584960937,-0.14050292968
1726407154044.1375,-0.9775390625,0.24584960937,-0.14050292968
1726407154064.168,-0.9775390625,0.24584960937,-0.14050292968
1726407154084.168,-0.9775390625,0.24584960937,-0.14050292968
1726407154104.046,-0.97436523437,0.24230957031,-0.13854980468
1726407154124.168,-0.97436523437,0.24230957031,-0.13854980468
1726407154144.1375,-0.97436523437,0.24230957031,-0.13854980468
1726407154164.168,-0.97436523437,0.24230957031,-0.13854980468
1726407154184.046,-0.97814941406,0.23754882812,-0.13647460937
1726407154204.1675,-0.97814941406,0.23754882812,-0.13647460937
1726407154224.1372,-0.97814941406,0.23754882812,-0.13647460937
1726407154244.1372,-0.97814941406,0.23754882812,-0.13647460937
1726407154264.0457,-0.97985839843,0.23315429687,-0.13452148437
1726407154284.168,-0.97985839843,0.23315429687,-0.13452148437
1726407154304.168,-0.97985839843,0.23315429687,-0.13452148437
1726407154324.1375,-0.97985839843,0.23315429687,-0.13452148437
1726407154344.0151,-0.9775390625,0.23852539062,-0.13989257812
1726407154364.168,-0.9775390625,0.23852539062,-0.13989257812
1726407154384.168,-0.9775390625,0.23852539062,-0.13989257812
1726407154404.168,-0.9775390625,0.23852539062,-0.13989257812
1726407154424.0151,-0.9765625,0.24926757812,-0.146484375
1726407154444.1375,-0.9765625,0.24926757812,-0.146484375
1726407154464.1372,-0.9765625,0.24926757812,-0.146484375
1726407154484.1372,-0.9765625,0.24926757812,-0.146484375
1726407154504.0457,-0.97473144531,0.25305175781,-0.15100097656
1726407154524.1375,-0.97473144531,0.25305175781,-0.15100097656
1726407154544.168,-0.97473144531,0.25305175781,-0.15100097656
1726407154564.1375,-0.97473144531,0.25305175781,-0.15100097656
1726407154584.046,-0.97729492187,0.25402832031,-0.14758300781
1726407154604.168,-0.97729492187,0.25402832031,-0.14758300781
1726407154624.1375,-0.97729492187,0.25402832031,-0.14758300781
1726407154644.1375,-0.97729492187,0.25402832031,-0.14758300781
1726407154664.0151,-0.98156738281,0.25646972656,-0.14587402343
1726407154684.168,-0.98156738281,0.25646972656,-0.14587402343
1726407154704.1675,-0.98156738281,0.25646972656,-0.14587402343
1726407154724.1675,-0.98156738281,0.25646972656,-0.14587402343
1726407154744.0151,-0.98046875,0.25659179687,-0.14306640625
1726407154764.168,-0.98046875,0.25659179687,-0.14306640625
1726407154784.168,-0.98046875,0.25659179687,-0.14306640625
1726407154804.168,-0.98046875,0.25659179687,-0.14306640625
1726407154824.0151,-0.97680664062,0.25463867187,-0.14379882812
1726407154844.168,-0.97680664062,0.25463867187,-0.14379882812
1726407154864.168,-0.97680664062,0.25463867187,-0.14379882812
1726407154884.168,-0.97680664062,0.25463867187,-0.14379882812
1726407154904.0151,-0.97412109375,0.25476074218,-0.14526367187
1726407154924.168,-0.97412109375,0.25476074218,-0.14526367187
1726407154944.1375,-0.97412109375,0.25476074218,-0.14526367187
1726407154964.1675,-0.97412109375,0.25476074218,-0.14526367187
1726407154984.0151,-0.97485351562,0.255859375,-0.14685058593
1726407155004.1375,-0.97485351562,0.255859375,-0.14685058593
1726407155024.1375,-0.97485351562,0.255859375,-0.14685058593
1726407155044.168,-0.97485351562,0.255859375,-0.14685058593
1726407155064.046,-0.97521972656,0.25524902343,-0.15393066406
1726407155084.168,-0.97521972656,0.25524902343,-0.15393066406
1726407155104.1375,-0.97521972656,0.25524902343,-0.15393066406
1726407155124.168,-0.97521972656,0.25524902343,-0.15393066406
1726407155144.046,-0.97436523437,0.25708007812,-0.15307617187
1726407155164.168,-0.97436523437,0.25708007812,-0.15307617187
1726407155184.168,-0.97436523437,0.25708007812,-0.15307617187
1726407155204.1675,-0.97436523437,0.25708007812,-0.15307617187
1726407155224.0457,-0.97497558593,0.2548828125,-0.15478515625
1726407155244.168,-0.97497558593,0.2548828125,-0.15478515625
1726407155264.1375,-0.97497558593,0.2548828125,-0.15478515625
1726407155284.168,-0.97497558593,0.2548828125,-0.15478515625
1726407155304.046,-0.97631835937,0.25268554687,-0.16174316406
1726407155324.1375,-0.97631835937,0.25268554687,-0.16174316406
1726407155344.1375,-0.97631835937,0.25268554687,-0.16174316406
1726407155364.168,-0.97631835937,0.25268554687,-0.16174316406
1726407155384.046,-0.97595214843,0.2548828125,-0.16198730468
1726407155404.1375,-0.97595214843,0.2548828125,-0.16198730468
1726407155424.1375,-0.97595214843,0.2548828125,-0.16198730468
1726407155444.168,-0.97595214843,0.2548828125,-0.16198730468
1726407155464.0457,-0.97473144531,0.255859375,-0.1630859375
1726407155484.1372,-0.97473144531,0.255859375,-0.1630859375
1726407155504.168,-0.97473144531,0.255859375,-0.1630859375
1726407155524.168,-0.97473144531,0.255859375,-0.1630859375
1726407155544.0457,-0.97717285156,0.25122070312,-0.16674804687
1726407155564.168,-0.97717285156,0.25122070312,-0.16674804687
1726407155584.1375,-0.97717285156,0.25122070312,-0.16674804687
1726407155604.168,-0.97717285156,0.25122070312,-0.16674804687
1726407155624.046,-0.97631835937,0.24682617187,-0.16638183593
1726407155644.1375,-0.97631835937,0.24682617187,-0.16638183593
1726407155664.1375,-0.97631835937,0.24682617187,-0.16638183593
1726407155684.168,-0.97631835937,0.24682617187,-0.16638183593
1726407155704.0457,-0.97485351562,0.25109863281,-0.16516113281
1726407155724.1675,-0.97485351562,0.25109863281,-0.16516113281
1726407155744.168,-0.97485351562,0.25109863281,-0.16516113281
1726407155764.1375,-0.97485351562,0.25109863281,-0.16516113281
1726407155784.0457,-0.97521972656,0.25305175781,-0.16247558593
1726407155804.1375,-0.97521972656,0.25305175781,-0.16247558593
1726407155824.1375,-0.97521972656,0.25305175781,-0.16247558593
1726407155844.1375,-0.97521972656,0.25305175781,-0.16247558593
1726407155864.0151,-0.97436523437,0.2529296875,-0.1611328125
1726407155884.1375,-0.97436523437,0.2529296875,-0.1611328125
1726407155904.1375,-0.97436523437,0.2529296875,-0.1611328125
1726407155924.168,-0.97436523437,0.2529296875,-0.1611328125
1726407155944.046,-0.97399902343,0.25500488281,-0.16577148437
1726407155964.1372,-0.97399902343,0.25500488281,-0.16577148437
1726407155984.168,-0.97399902343,0.25500488281,-0.16577148437
1726407156004.1375,-0.97399902343,0.25500488281,-0.16577148437
1726407156024.0457,-0.97375488281,0.25598144531,-0.16906738281
1726407156044.168,-0.97375488281,0.25598144531,-0.16906738281
1726407156064.168,-0.97375488281,0.25598144531,-0.16906738281
1726407156084.168,-0.97375488281,0.25598144531,-0.16906738281
1726407156104.046,-0.97680664062,0.25634765625,-0.16735839843
1726407156124.1375,-0.97680664062,0.25634765625,-0.16735839843
1726407156144.1375,-0.97680664062,0.25634765625,-0.16735839843
1726407156164.168,-0.97680664062,0.25634765625,-0.16735839843
1726407156184.046,-0.97314453125,0.26184082031,-0.16479492187
1726407156204.1675,-0.97314453125,0.26184082031,-0.16479492187
1726407156224.1372,-0.97314453125,0.26184082031,-0.16479492187
1726407156244.168,-0.97314453125,0.26184082031,-0.16479492187
1726407156264.0151,-0.97241210937,0.26440429687,-0.16333007812
1726407156284.168,-0.97241210937,0.26440429687,-0.16333007812
1726407156304.168,-0.97241210937,0.26440429687,-0.16333007812
1726407156324.1375,-0.97241210937,0.26440429687,-0.16333007812
1726407156344.046,-0.97094726562,0.26342773437,-0.16052246093
1726407156364.1375,-0.97094726562,0.26342773437,-0.16052246093
1726407156384.168,-0.97094726562,0.26342773437,-0.16052246093
1726407156404.168,-0.97094726562,0.26342773437,-0.16052246093
1726407156424.0151,-0.96716308593,0.25988769531,-0.158203125
1726407156444.168,-0.96716308593,0.25988769531,-0.158203125
1726407156464.1675,-0.96716308593,0.25988769531,-0.158203125
1726407156484.168,-0.96716308593,0.25988769531,-0.158203125
1726407156504.0151,-0.96435546875,0.26135253906,-0.16235351562
1726407156524.168,-0.96435546875,0.26135253906,-0.16235351562
1726407156544.168,-0.96435546875,0.26135253906,-0.16235351562
1726407156564.1375,-0.96435546875,0.26135253906,-0.16235351562
1726407156584.046,-0.96716308593,0.26208496093,-0.16320800781
1726407156604.168,-0.96716308593,0.26208496093,-0.16320800781
1726407156624.168,-0.96716308593,0.26208496093,-0.16320800781
1726407156644.1375,-0.96716308593,0.26208496093,-0.16320800781
1726407156664.046,-0.9716796875,0.25927734375,-0.15747070312
1726407156684.168,-0.9716796875,0.25927734375,-0.15747070312
1726407156704.1675,-0.9716796875,0.25927734375,-0.15747070312
1726407156724.1675,-0.9716796875,0.25927734375,-0.15747070312
1726407156744.0457,-0.97473144531,0.26110839843,-0.15893554687
1726407156764.168,-0.97473144531,0.26110839843,-0.15893554687
1726407156784.1375,-0.97473144531,0.26110839843,-0.15893554687
1726407156804.168,-0.97473144531,0.26110839843,-0.15893554687
1726407156824.0151,-0.97521972656,0.26611328125,-0.16271972656
1726407156844.1375,-0.97521972656,0.26611328125,-0.16271972656
1726407156864.168,-0.97521972656,0.26611328125,-0.16271972656
1726407156884.1375,-0.97521972656,0.26611328125,-0.16271972656
1726407156904.046,-0.97229003906,0.2705078125,-0.16345214843
1726407156924.1375,-0.97229003906,0.2705078125,-0.16345214843
1726407156944.168,-0.97229003906,0.2705078125,-0.16345214843
1726407156964.1675,-0.97229003906,0.2705078125,-0.16345214843
1726407156984.0151,-0.97192382812,0.2705078125,-0.16271972656
1726407157004.168,-0.97192382812,0.2705078125,-0.16271972656
1726407157024.1375,-0.97192382812,0.2705078125,-0.16271972656
1726407157044.1375,-0.97192382812,0.2705078125,-0.16271972656
1726407157064.046,-0.97595214843,0.26733398437,-0.15612792968
1726407157084.1375,-0.97595214843,0.26733398437,-0.15612792968
1726407157104.168,-0.97595214843,0.26733398437,-0.15612792968
1726407157124.1375,-0.97595214843,0.26733398437,-0.15612792968
1726407157144.0151,-0.97680664062,0.27001953125,-0.15612792968
1726407157164.1375,-0.97680664062,0.27001953125,-0.15612792968
1726407157184.168,-0.97680664062,0.27001953125,-0.15612792968
1726407157204.1675,-0.97680664062,0.27001953125,-0.15612792968
1726407157224.0457,-0.97302246093,0.27233886718,-0.1572265625
1726407157244.168,-0.97302246093,0.27233886718,-0.1572265625
1726407157264.168,-0.97302246093,0.27233886718,-0.1572265625
1726407157284.168,-0.97302246093,0.27233886718,-0.1572265625
1726407157304.046,-0.96813964843,0.26818847656,-0.15771484375
1726407157324.1375,-0.96813964843,0.26818847656,-0.15771484375
1726407157344.168,-0.96813964843,0.26818847656,-0.15771484375
1726407157364.1375,-0.96813964843,0.26818847656,-0.15771484375
1726407157384.046,-0.96484375,0.271484375,-0.162109375
1726407157404.1375,-0.96484375,0.271484375,-0.162109375
1726407157424.1375,-0.96484375,0.271484375,-0.162109375
1726407157444.1375,-0.96484375,0.271484375,-0.162109375
1726407157464.0457,-0.96850585937,0.28344726562,-0.1630859375
1726407157484.168,-0.96850585937,0.28344726562,-0.1630859375
1726407157504.168,-0.96850585937,0.28344726562,-0.1630859375
1726407157524.1375,-0.96850585937,0.28344726562,-0.1630859375
1726407157544.0457,-0.97229003906,0.28076171875,-0.16772460937
1726407157564.168,-0.97229003906,0.28076171875,-0.16772460937
1726407157584.1375,-0.97229003906,0.28076171875,-0.16772460937
1726407157604.168,-0.97229003906,0.28076171875,-0.16772460937
1726407157624.046,-0.97192382812,0.26794433593,-0.1689453125
1726407157644.1375,-0.97192382812,0.26794433593,-0.1689453125
1726407157664.168,-0.97192382812,0.26794433593,-0.1689453125
1726407157684.168,-0.97192382812,0.26794433593,-0.1689453125
1726407157704.0457,-0.96862792968,0.26098632812,-0.1611328125
1726407157724.1675,-0.96862792968,0.26098632812,-0.1611328125
1726407157744.168,-0.96862792968,0.26098632812,-0.1611328125
1726407157764.168,-0.96862792968,0.26098632812,-0.1611328125
1726407157784.0457,-0.96606445312,0.26904296875,-0.15368652343
1726407157804.1375,-0.96606445312,0.26904296875,-0.15368652343
1726407157824.168,-0.96606445312,0.26904296875,-0.15368652343
1726407157844.1375,-0.96606445312,0.26904296875,-0.15368652343
1726407157864.046,-0.96887207031,0.26989746093,-0.15502929687
1726407157884.168,-0.96887207031,0.26989746093,-0.15502929687
1726407157904.1375,-0.96887207031,0.26989746093,-0.15502929687
1726407157924.1375,-0.96887207031,0.26989746093,-0.15502929687
1726407157944.046,-0.96618652343,0.26184082031,-0.15783691406
1726407157964.1675,-0.96618652343,0.26184082031,-0.15783691406
1726407157984.168,-0.96618652343,0.26184082031,-0.15783691406
1726407158004.1375,-0.96618652343,0.26184082031,-0.15783691406
1726407158024.0457,-0.96801757812,0.26025390625,-0.16003417968
1726407158044.168,-0.96801757812,0.26025390625,-0.16003417968
1726407158064.1375,-0.96801757812,0.26025390625,-0.16003417968
1726407158084.168,-0.96801757812,0.26025390625,-0.16003417968
1726407158104.046,-0.97314453125,0.25219726562,-0.15795898437
1726407158124.168,-0.97314453125,0.25219726562,-0.15795898437
1726407158144.168,-0.97314453125,0.25219726562,-0.15795898437
1726407158164.1375,-0.97314453125,0.25219726562,-0.15795898437
1726407158184.046,-0.9775390625,0.24633789062,-0.15393066406
1726407158204.1372,-0.9775390625,0.24633789062,-0.15393066406
1726407158224.1675,-0.9775390625,0.24633789062,-0.15393066406
1726407158244.1372,-0.9775390625,0.24633789062,-0.15393066406
1726407158264.0457,-0.98059082031,0.24987792968,-0.15515136718
1726407158284.1375,-0.98059082031,0.24987792968,-0.15515136718
1726407158304.168,-0.98059082031,0.24987792968,-0.15515136718
1726407158324.168,-0.98059082031,0.24987792968,-0.15515136718
1726407158344.046,-0.98315429687,0.25048828125,-0.15148925781
1726407158364.168,-0.98315429687,0.25048828125,-0.15148925781
1726407158384.168,-0.98315429687,0.25048828125,-0.15148925781
1726407158404.168,-0.98315429687,0.25048828125,-0.15148925781
1726407158424.046,-0.98217773437,0.24548339843,-0.14465332031
1726407158444.1375,-0.98217773437,0.24548339843,-0.14465332031
1726407158464.1675,-0.98217773437,0.24548339843,-0.14465332031
1726407158484.1372,-0.98217773437,0.24548339843,-0.14465332031
1726407158504.0457,-0.97863769531,0.23376464843,-0.14147949218
1726407158524.168,-0.97863769531,0.23376464843,-0.14147949218
1726407158544.1375,-0.97863769531,0.23376464843,-0.14147949218
1726407158564.168,-0.97863769531,0.23376464843,-0.14147949218
1726407158584.046,-0.97802734375,0.21789550781,-0.134765625
1726407158604.1375,-0.97802734375,0.21789550781,-0.134765625
1726407158624.168,-0.97802734375,0.21789550781,-0.134765625
1726407158644.0151,-0.97802734375,0.21789550781,-0.134765625
1726407158664.046,-0.98718261718,0.20849609375,-0.12536621093
1726407158684.168,-0.98718261718,0.20849609375,-0.12536621093
1726407158704.1675,-0.98718261718,0.20849609375,-0.12536621093
1726407158724.1675,-0.98718261718,0.20849609375,-0.12536621093
1726407158744.0457,-0.99243164062,0.20300292968,-0.12719726562
1726407158764.168,-0.99243164062,0.20300292968,-0.12719726562
1726407158784.168,-0.99243164062,0.20300292968,-0.12719726562
1726407158804.1375,-0.99243164062,0.20300292968,-0.12719726562
1726407158824.046,-0.98547363281,0.20153808593,-0.13122558593
1726407158844.168,-0.98547363281,0.20153808593,-0.13122558593
1726407158864.1375,-0.98547363281,0.20153808593,-0.13122558593
1726407158884.1375,-0.98547363281,0.20153808593,-0.13122558593
1726407158904.046,-0.98327636718,0.20385742187,-0.12377929687
1726407158924.168,-0.98327636718,0.20385742187,-0.12377929687
1726407158944.168,-0.98327636718,0.20385742187,-0.12377929687
1726407158964.1372,-0.98327636718,0.20385742187,-0.12377929687
1726407158984.0457,-0.98547363281,0.20397949218,-0.12023925781
1726407159004.168,-0.98547363281,0.20397949218,-0.12023925781
1726407159024.1375,-0.98547363281,0.20397949218,-0.12023925781
1726407159044.168,-0.98547363281,0.20397949218,-0.12023925781
1726407159064.046,-0.9853515625,0.20922851562,-0.12805175781
1726407159084.1375,-0.9853515625,0.20922851562,-0.12805175781
1726407159104.1375,-0.9853515625,0.20922851562,-0.12805175781
1726407159124.1375,-0.9853515625,0.20922851562,-0.12805175781
1726407159144.046,-0.986328125,0.2158203125,-0.134765625
1726407159164.168,-0.986328125,0.2158203125,-0.134765625
1726407159184.168,-0.986328125,0.2158203125,-0.134765625
1726407159204.1675,-0.986328125,0.2158203125,-0.134765625
1726407159224.0151,-0.98791503906,0.21789550781,-0.134765625
1726407159244.1372,-0.98791503906,0.21789550781,-0.134765625
1726407159264.1375,-0.98791503906,0.21789550781,-0.134765625
1726407159284.1375,-0.98791503906,0.21789550781,-0.134765625
1726407159304.0151,-0.98547363281,0.22204589843,-0.1357421875
1726407159324.168,-0.98547363281,0.22204589843,-0.1357421875
1726407159344.168,-0.98547363281,0.22204589843,-0.1357421875
1726407159364.168,-0.98547363281,0.22204589843,-0.1357421875
1726407159384.046,-0.98327636718,0.22912597656,-0.13525390625
1726407159404.1375,-0.98327636718,0.22912597656,-0.13525390625
1726407159424.1375,-0.98327636718,0.22912597656,-0.13525390625
1726407159444.168,-0.98327636718,0.22912597656,-0.13525390625
1726407159464.0457,-0.97766113281,0.24084472656,-0.12451171875
1726407159484.1372,-0.97766113281,0.24084472656,-0.12451171875
1726407159504.168,-0.97766113281,0.24084472656,-0.12451171875
1726407159524.1375,-0.97766113281,0.24084472656,-0.12451171875
1726407159544.0457,-0.97863769531,0.24304199218,-0.12268066406
1726407159564.168,-0.97863769531,0.24304199218,-0.12268066406
1726407159584.168,-0.97863769531,0.24304199218,-0.12268066406
1726407159604.168,-0.97863769531,0.24304199218,-0.12268066406
1726407159624.046,-0.98327636718,0.2294921875,-0.125
1726407159644.168,-0.98327636718,0.2294921875,-0.125
1726407159664.168,-0.98327636718,0.2294921875,-0.125
1726407159684.168,-0.98327636718,0.2294921875,-0.125
1726407159704.0151,-0.9853515625,0.23156738281,-0.13012695312
1726407159724.1372,-0.9853515625,0.23156738281,-0.13012695312
1726407159744.168,-0.9853515625,0.23156738281,-0.13012695312
1726407159764.168,-0.9853515625,0.23156738281,-0.13012695312
1726407159784.0457,-0.99060058593,0.24084472656,-0.14086914062
1726407159804.168,-0.99060058593,0.24084472656,-0.14086914062
1726407159824.1375,-0.99060058593,0.24084472656,-0.14086914062
1726407159844.1375,-0.99060058593,0.24084472656,-0.14086914062
1726407159864.046,-0.99084472656,0.23693847656,-0.14074707031
1726407159884.1375,-0.99084472656,0.23693847656,-0.14074707031
1726407159904.1375,-0.99084472656,0.23693847656,-0.14074707031
1726407159924.168,-0.99084472656,0.23693847656,-0.14074707031
1726407159944.0151,-0.98681640625,0.22985839843,-0.13342285156
1726407159964.1675,-0.98681640625,0.22985839843,-0.13342285156
1726407159984.1372,-0.98681640625,0.22985839843,-0.13342285156
1726407160004.1375,-0.98681640625,0.22985839843,-0.13342285156
1726407160024.0151,-0.98291015625,0.2275390625,-0.13623046875
1726407160044.168,-0.98291015625,0.2275390625,-0.13623046875
1726407160064.168,-0.98291015625,0.2275390625,-0.13623046875
1726407160084.168,-0.98291015625,0.2275390625,-0.13623046875
1726407160104.0151,-0.97998046875,0.228515625,-0.14477539062
1726407160124.1375,-0.97998046875,0.228515625,-0.14477539062
1726407160144.1375,-0.97998046875,0.228515625,-0.14477539062
1726407160164.168,-0.97998046875,0.228515625,-0.14477539062
1726407160184.046,-0.97973632812,0.23425292968,-0.14880371093
1726407160204.1372,-0.97973632812,0.23425292968,-0.14880371093
1726407160224.1372,-0.97973632812,0.23425292968,-0.14880371093
1726407160244.1372,-0.97973632812,0.23425292968,-0.14880371093
1726407160264.0151,-0.97546386718,0.24206542968,-0.14855957031
1726407160284.168,-0.97546386718,0.24206542968,-0.14855957031
1726407160304.1375,-0.97546386718,0.24206542968,-0.14855957031
1726407160324.168,-0.97546386718,0.24206542968,-0.14855957031
1726407160344.046,-0.97448730468,0.24475097656,-0.14953613281
1726407160364.1375,-0.97448730468,0.24475097656,-0.14953613281
1726407160384.168,-0.97448730468,0.24475097656,-0.14953613281
1726407160404.168,-0.97448730468,0.24475097656,-0.14953613281
1726407160424.046,-0.98022460937,0.23657226562,-0.14685058593
1726407160444.168,-0.98022460937,0.23657226562,-0.14685058593
1726407160464.1372,-0.98022460937,0.23657226562,-0.14685058593
1726407160484.168,-0.98022460937,0.23657226562,-0.14685058593
1726407160504.0151,-0.97778320312,0.22448730468,-0.13928222656
1726407160524.168,-0.97778320312,0.22448730468,-0.13928222656
1726407160544.168,-0.97778320312,0.22448730468,-0.13928222656
1726407160564.1375,-0.97778320312,0.22448730468,-0.13928222656
1726407160584.046,-0.9765625,0.22082519531,-0.14111328125
1726407160604.1375,-0.9765625,0.22082519531,-0.14111328125
1726407160624.1375,-0.9765625,0.22082519531,-0.14111328125
1726407160644.1375,-0.9765625,0.22082519531,-0.14111328125
1726407160664.046,-0.97814941406,0.22436523437,-0.14599609375
1726407160684.168,-0.97814941406,0.22436523437,-0.14599609375
1726407160704.1675,-0.97814941406,0.22436523437,-0.14599609375
1726407160724.1675,-0.97814941406,0.22436523437,-0.14599609375
1726407160744.0151,-0.97778320312,0.234375,-0.14514160156
1726407160764.1375,-0.97778320312,0.234375,-0.14514160156
1726407160784.1375,-0.97778320312,0.234375,-0.14514160156
1726407160804.1375,-0.97778320312,0.234375,-0.14514160156
1726407160824.0151,-0.97766113281,0.24743652343,-0.15100097656
1726407160844.1375,-0.97766113281,0.24743652343,-0.15100097656
1726407160864.168,-0.97766113281,0.24743652343,-0.15100097656
1726407160884.168,-0.97766113281,0.24743652343,-0.15100097656
1726407160904.046,-0.97448730468,0.2451171875,-0.15063476562
1726407160924.1375,-0.97448730468,0.2451171875,-0.15063476562
1726407160944.168,-0.97448730468,0.2451171875,-0.15063476562
1726407160964.1675,-0.97448730468,0.2451171875,-0.15063476562
1726407160984.0457,-0.97924804687,0.2294921875,-0.13793945312
1726407161004.1375,-0.97924804687,0.2294921875,-0.13793945312
1726407161024.1375,-0.97924804687,0.2294921875,-0.13793945312
1726407161044.168,-0.97924804687,0.2294921875,-0.13793945312
1726407161064.0151,-0.98559570312,0.22009277343,-0.13208007812
1726407161084.1375,-0.98559570312,0.22009277343,-0.13208007812
1726407161104.168,-0.98559570312,0.22009277343,-0.13208007812
1726407161124.168,-0.98559570312,0.22009277343,-0.13208007812
1726407161144.046,-0.984375,0.22399902343,-0.12841796875
1726407161164.168,-0.984375,0.22399902343,-0.12841796875
1726407161184.1375,-0.984375,0.22399902343,-0.12841796875
1726407161204.1675,-0.984375,0.22399902343,-0.12841796875
1726407161224.0457,-0.98266601562,0.23889160156,-0.12976074218
1726407161244.1372,-0.98266601562,0.23889160156,-0.12976074218
1726407161264.1375,-0.98266601562,0.23889160156,-0.12976074218
1726407161284.168,-0.98266601562,0.23889160156,-0.12976074218
1726407161304.046,-0.98620605468,0.23803710937,-0.13244628906
1726407161324.168,-0.98620605468,0.23803710937,-0.13244628906
1726407161344.1375,-0.98620605468,0.23803710937,-0.13244628906
1726407161364.168,-0.98620605468,0.23803710937,-0.13244628906
1726407161384.046,-0.98461914062,0.24389648437,-0.13256835937
1726407161404.168,-0.98461914062,0.24389648437,-0.13256835937
1726407161424.1375,-0.98461914062,0.24389648437,-0.13256835937
1726407161444.168,-0.98461914062,0.24389648437,-0.13256835937
1726407161464.0457,-0.98498535156,0.24450683593,-0.13586425781
1726407161484.1372,-0.98498535156,0.24450683593,-0.13586425781
1726407161504.168,-0.98498535156,0.24450683593,-0.13586425781
1726407161524.1375,-0.98498535156,0.24450683593,-0.13586425781
1726407161544.0457,-0.98510742187,0.24377441406,-0.13623046875
1726407161564.168,-0.98510742187,0.24377441406,-0.13623046875
1726407161584.1375,-0.98510742187,0.24377441406,-0.13623046875
1726407161604.168,-0.98510742187,0.24377441406,-0.13623046875
1726407161624.046,-0.98315429687,0.24658203125,-0.13439941406
1726407161644.1375,-0.98315429687,0.24658203125,-0.13439941406
1726407161664.168,-0.98315429687,0.24658203125,-0.13439941406
1726407161684.168,-0.98315429687,0.24658203125,-0.13439941406
1726407161704.0457,-0.98120117187,0.24584960937,-0.13256835937
1726407161724.1372,-0.98120117187,0.24584960937,-0.13256835937
1726407161744.168,-0.98120117187,0.24584960937,-0.13256835937
1726407161764.1375,-0.98120117187,0.24584960937,-0.13256835937
1726407161784.0457,-0.98034667968,0.23913574218,-0.13159179687
1726407161804.168,-0.98034667968,0.23913574218,-0.13159179687
1726407161824.168,-0.98034667968,0.23913574218,-0.13159179687
1726407161844.1375,-0.98034667968,0.23913574218,-0.13159179687
1726407161864.0151,-0.98400878906,0.23608398437,-0.13220214843
1726407161884.2595,-0.98400878906,0.23608398437,-0.13220214843
1726407161904.168,-0.98400878906,0.23608398437,-0.13220214843
1726407161924.168,-0.98400878906,0.23608398437,-0.13220214843
1726407161944.046,-0.98266601562,0.23669433593,-0.13879394531
1726407161964.1372,-0.98266601562,0.23669433593,-0.13879394531
1726407161984.1372,-0.98266601562,0.23669433593,-0.13879394531
1726407162004.168,-0.98266601562,0.23669433593,-0.13879394531
1726407162024.0457,-0.98095703125,0.23388671875,-0.138671875
1726407162044.168,-0.98095703125,0.23388671875,-0.138671875
1726407162064.168,-0.98095703125,0.23388671875,-0.138671875
1726407162084.3203,-0.98095703125,0.23388671875,-0.138671875
1726407162104.0151,-0.98229980468,0.23571777343,-0.13757324218
1726407162124.1375,-0.98229980468,0.23571777343,-0.13757324218
1726407162144.168,-0.98229980468,0.23571777343,-0.13757324218
1726407162164.168,-0.98229980468,0.23571777343,-0.13757324218
1726407162184.0151,-0.98706054687,0.232421875,-0.14025878906
1726407162204.1675,-0.98706054687,0.232421875,-0.14025878906
1726407162224.1372,-0.98706054687,0.232421875,-0.14025878906
1726407162244.168,-0.98706054687,0.232421875,-0.14025878906
1726407162264.0151,-0.9892578125,0.22143554687,-0.14245605468
1726407162284.229,-0.9892578125,0.22143554687,-0.14245605468
1726407162304.1375,-0.9892578125,0.22143554687,-0.14245605468
1726407162324.168,-0.9892578125,0.22143554687,-0.14245605468
1726407162344.046,-0.97985839843,0.22778320312,-0.1435546875
1726407162364.168,-0.97985839843,0.22778320312,-0.1435546875
1726407162384.168,-0.97985839843,0.22778320312,-0.1435546875
1726407162404.1375,-0.97985839843,0.22778320312,-0.1435546875
1726407162424.046,-0.9765625,0.23803710937,-0.13879394531
1726407162444.168,-0.9765625,0.23803710937,-0.13879394531
1726407162464.1675,-0.9765625,0.23803710937,-0.13879394531
1726407162484.1985,-0.9765625,0.23803710937,-0.13879394531
1726407162504.0457,-0.98120117187,0.23657226562,-0.13977050781
1726407162524.168,-0.98120117187,0.23657226562,-0.13977050781
1726407162544.168,-0.98120117187,0.23657226562,-0.13977050781
1726407162564.168,-0.98120117187,0.23657226562,-0.13977050781
1726407162584.046,-0.98449707031,0.22961425781,-0.14233398437
1726407162604.1375,-0.98449707031,0.22961425781,-0.14233398437
1726407162624.1375,-0.98449707031,0.22961425781,-0.14233398437
1726407162644.168,-0.98449707031,0.22961425781,-0.14233398437
1726407162664.046,-0.98693847656,0.228515625,-0.14245605468
1726407162684.168,-0.98693847656,0.228515625,-0.14245605468
1726407162704.1675,-0.98693847656,0.228515625,-0.14245605468
1726407162724.1372,-0.98693847656,0.228515625,-0.14245605468
1726407162744.0457,-0.98815917968,0.236328125,-0.14562988281
1726407162764.168,-0.98815917968,0.236328125,-0.14562988281
1726407162784.1375,-0.98815917968,0.236328125,-0.14562988281
1726407162804.168,-0.98815917968,0.236328125,-0.14562988281
1726407162824.046,-0.98559570312,0.23681640625,-0.14465332031
1726407162844.168,-0.98559570312,0.23681640625,-0.14465332031
1726407162864.1375,-0.98559570312,0.23681640625,-0.14465332031
1726407162884.168,-0.98559570312,0.23681640625,-0.14465332031
1726407162904.046,-0.9833984375,0.24365234375,-0.14147949218
1726407162924.168,-0.9833984375,0.24365234375,-0.14147949218
1726407162944.1375,-0.9833984375,0.24365234375,-0.14147949218
1726407162964.1675,-0.9833984375,0.24365234375,-0.14147949218
1726407162984.0457,-0.9833984375,0.224609375,-0.13781738281
1726407163004.168,-0.9833984375,0.224609375,-0.13781738281
1726407163024.168,-0.9833984375,0.224609375,-0.13781738281
1726407163044.168,-0.9833984375,0.224609375,-0.13781738281
1726407163064.046,-0.98449707031,0.21057128906,-0.13928222656
1726407163084.1375,-0.98449707031,0.21057128906,-0.13928222656
1726407163104.168,-0.98449707031,0.21057128906,-0.13928222656
1726407163124.1375,-0.98449707031,0.21057128906,-0.13928222656
1726407163144.046,-0.98388671875,0.21130371093,-0.14514160156
1726407163164.168,-0.98388671875,0.21130371093,-0.14514160156
1726407163184.168,-0.98388671875,0.21130371093,-0.14514160156
1726407163204.1675,-0.98388671875,0.21130371093,-0.14514160156
1726407163224.0457,-0.98571777343,0.216796875,-0.140625
1726407163244.1372,-0.98571777343,0.216796875,-0.140625
1726407163264.1375,-0.98571777343,0.216796875,-0.140625
1726407163284.168,-0.98571777343,0.216796875,-0.140625
1726407163304.046,-0.98229980468,0.21936035156,-0.13745117187
1726407163324.168,-0.98229980468,0.21936035156,-0.13745117187
1726407163344.168,-0.98229980468,0.21936035156,-0.13745117187
1726407163364.168,-0.98229980468,0.21936035156,-0.13745117187
1726407163384.046,-0.9765625,0.22680664062,-0.14123535156
1726407163404.168,-0.9765625,0.22680664062,-0.14123535156
1726407163424.168,-0.9765625,0.22680664062,-0.14123535156
1726407163444.1375,-0.9765625,0.22680664062,-0.14123535156
1726407163464.0457,-0.97814941406,0.232421875,-0.15026855468
1726407163484.1372,-0.97814941406,0.232421875,-0.15026855468
1726407163504.168,-0.97814941406,0.232421875,-0.15026855468
1726407163524.168,-0.97814941406,0.232421875,-0.15026855468
1726407163544.0457,-0.97888183593,0.22875976562,-0.15759277343
1726407163564.168,-0.97888183593,0.22875976562,-0.15759277343
1726407163584.1375,-0.97888183593,0.22875976562,-0.15759277343
1726407163604.1375,-0.97888183593,0.22875976562,-0.15759277343
1726407163624.046,-0.97705078125,0.22705078125,-0.15686035156
1726407163644.1375,-0.97705078125,0.22705078125,-0.15686035156
1726407163664.1375,-0.97705078125,0.22705078125,-0.15686035156
1726407163684.1375,-0.97705078125,0.22705078125,-0.15686035156
1726407163704.0457,-0.97729492187,0.23352050781,-0.15649414062
1726407163724.1675,-0.97729492187,0.23352050781,-0.15649414062
1726407163744.168,-0.97729492187,0.23352050781,-0.15649414062
1726407163764.1375,-0.97729492187,0.23352050781,-0.15649414062
1726407163784.0457,-0.97839355468,0.23547363281,-0.15637207031
1726407163804.1375,-0.97839355468,0.23547363281,-0.15637207031
1726407163824.1375,-0.97839355468,0.23547363281,-0.15637207031
1726407163844.168,-0.97839355468,0.23547363281,-0.15637207031
1726407163864.046,-0.97583007812,0.23120117187,-0.15417480468
1726407163884.1375,-0.97583007812,0.23120117187,-0.15417480468
1726407163904.1375,-0.97583007812,0.23120117187,-0.15417480468
1726407163924.1375,-0.97583007812,0.23120117187,-0.15417480468
1726407163944.046,-0.97570800781,0.23132324218,-0.14794921875
1726407163964.1675,-0.97570800781,0.23132324218,-0.14794921875
1726407163984.168,-0.97570800781,0.23132324218,-0.14794921875
1726407164004.168,-0.97570800781,0.23132324218,-0.14794921875
1726407164024.0457,-0.98083496093,0.23657226562,-0.14929199218
1726407164044.1375,-0.98083496093,0.23657226562,-0.14929199218
1726407164064.168,-0.98083496093,0.23657226562,-0.14929199218
1726407164084.168,-0.98083496093,0.23657226562,-0.14929199218
1726407164104.046,-0.98425292968,0.23791503906,-0.14880371093
1726407164124.1375,-0.98425292968,0.23791503906,-0.14880371093
1726407164144.168,-0.98425292968,0.23791503906,-0.14880371093
1726407164164.168,-0.98425292968,0.23791503906,-0.14880371093
1726407164184.046,-0.98693847656,0.23547363281,-0.1455078125
1726407164204.1675,-0.98693847656,0.23547363281,-0.1455078125
1726407164224.1675,-0.98693847656,0.23547363281,-0.1455078125
1726407164244.1372,-0.98693847656,0.23547363281,-0.1455078125
1726407164264.0457,-0.98608398437,0.22607421875,-0.14282226562
1726407164284.1375,-0.98608398437,0.22607421875,-0.14282226562
1726407164304.168,-0.98608398437,0.22607421875,-0.14282226562
1726407164324.168,-0.98608398437,0.22607421875,-0.14282226562
1726407164344.046,-0.98364257812,0.22265625,-0.13647460937
1726407164364.168,-0.98364257812,0.22265625,-0.13647460937
1726407164384.168,-0.98364257812,0.22265625,-0.13647460937
1726407164404.168,-0.98364257812,0.22265625,-0.13647460937
1726407164424.046,-0.98449707031,0.22204589843,-0.13549804687
1726407164444.168,-0.98449707031,0.22204589843,-0.13549804687
1726407164464.1372,-0.98449707031,0.22204589843,-0.13549804687
1726407164484.168,-0.98449707031,0.22204589843,-0.13549804687
1726407164504.0457,-0.98706054687,0.22351074218,-0.13134765625
1726407164524.1375,-0.98706054687,0.22351074218,-0.13134765625
1726407164544.1375,-0.98706054687,0.22351074218,-0.13134765625
1726407164564.168,-0.98706054687,0.22351074218,-0.13134765625
1726407164584.046,-0.97888183593,0.22253417968,-0.13208007812
1726407164604.1375,-0.97888183593,0.22253417968,-0.13208007812
1726407164624.168,-0.97888183593,0.22253417968,-0.13208007812
1726407164644.1375,-0.97888183593,0.22253417968,-0.13208007812
1726407164664.046,-0.97814941406,0.21887207031,-0.12719726562
1726407164684.168,-0.97814941406,0.21887207031,-0.12719726562
1726407164704.0457,-0.97814941406,0.21887207031,-0.12719726562
1726407164724.1372,-0.97814941406,0.21887207031,-0.12719726562
1726407164744.0457,-0.97680664062,0.2265625,-0.13330078125
1726407164764.168,-0.97680664062,0.2265625,-0.13330078125
1726407164784.168,-0.97680664062,0.2265625,-0.13330078125
1726407164804.168,-0.97680664062,0.2265625,-0.13330078125
1726407164824.046,-0.97302246093,0.23327636718,-0.13928222656
1726407164844.168,-0.97302246093,0.23327636718,-0.13928222656
1726407164864.1375,-0.97302246093,0.23327636718,-0.13928222656
1726407164884.168,-0.97302246093,0.23327636718,-0.13928222656
1726407164904.046,-0.97644042968,0.22912597656,-0.13684082031
1726407164924.1375,-0.97644042968,0.22912597656,-0.13684082031
1726407164944.168,-0.97644042968,0.22912597656,-0.13684082031
1726407164964.1675,-0.97644042968,0.22912597656,-0.13684082031
1726407164984.0151,-0.98327636718,0.216796875,-0.1357421875
1726407165004.1375,-0.98327636718,0.216796875,-0.1357421875
1726407165024.168,-0.98327636718,0.216796875,-0.1357421875
1726407165044.1375,-0.98327636718,0.216796875,-0.1357421875
1726407165064.046,-0.98120117187,0.22045898437,-0.13317871093
1726407165084.1985,-0.98120117187,0.22045898437,-0.13317871093
1726407165104.168,-0.98120117187,0.22045898437,-0.13317871093
1726407165124.168,-0.98120117187,0.22045898437,-0.13317871093
1726407165144.046,-0.97924804687,0.22424316406,-0.13293457031
1726407165164.168,-0.97924804687,0.22424316406,-0.13293457031
1726407165184.1375,-0.97924804687,0.22424316406,-0.13293457031
1726407165204.1372,-0.97924804687,0.22424316406,-0.13293457031
1726407165224.0457,-0.98767089843,0.21447753906,-0.13488769531
1726407165244.168,-0.98767089843,0.21447753906,-0.13488769531
1726407165264.168,-0.98767089843,0.21447753906,-0.13488769531
1726407165284.1985,-0.98767089843,0.21447753906,-0.13488769531
1726407165304.046,-0.99060058593,0.21728515625,-0.134765625
1726407165324.168,-0.99060058593,0.21728515625,-0.134765625
1726407165344.1375,-0.99060058593,0.21728515625,-0.134765625
1726407165364.168,-0.99060058593,0.21728515625,-0.134765625
1726407165384.046,-0.98461914062,0.22900390625,-0.134765625
1726407165404.1375,-0.98461914062,0.22900390625,-0.134765625
1726407165424.168,-0.98461914062,0.22900390625,-0.134765625
1726407165444.1375,-0.98461914062,0.22900390625,-0.134765625
1726407165464.0457,-0.97973632812,0.23657226562,-0.13891601562
1726407165484.1985,-0.97973632812,0.23657226562,-0.13891601562
1726407165504.168,-0.97973632812,0.23657226562,-0.13891601562
1726407165524.168,-0.97973632812,0.23657226562,-0.13891601562
1726407165544.0457,-0.98168945312,0.23071289062,-0.14392089843
1726407165564.168,-0.98168945312,0.23071289062,-0.14392089843
1726407165584.1375,-0.98168945312,0.23071289062,-0.14392089843
1726407165604.1375,-0.98168945312,0.23071289062,-0.14392089843
1726407165624.046,-0.98669433593,0.21447753906,-0.14318847656
1726407165644.1375,-0.98669433593,0.21447753906,-0.14318847656
1726407165664.168,-0.98669433593,0.21447753906,-0.14318847656
1726407165684.168,-0.98669433593,0.21447753906,-0.14318847656
1726407165704.0457,-0.98803710937,0.21508789062,-0.138671875
1726407165724.1372,-0.98803710937,0.21508789062,-0.138671875
1726407165744.168,-0.98803710937,0.21508789062,-0.138671875
1726407165764.168,-0.98803710937,0.21508789062,-0.138671875
1726407165784.0457,-0.98767089843,0.22375488281,-0.13134765625
1726407165804.168,-0.98767089843,0.22375488281,-0.13134765625
1726407165824.1375,-0.98767089843,0.22375488281,-0.13134765625
1726407165844.168,-0.98767089843,0.22375488281,-0.13134765625
1726407165864.0151,-0.98217773437,0.22473144531,-0.12683105468
1726407165884.1375,-0.98217773437,0.22473144531,-0.12683105468
1726407165904.1375,-0.98217773437,0.22473144531,-0.12683105468
1726407165924.1375,-0.98217773437,0.22473144531,-0.12683105468
1726407165944.0151,-0.97766113281,0.22302246093,-0.12475585937
1726407165964.1372,-0.97766113281,0.22302246093,-0.12475585937
1726407165984.168,-0.97766113281,0.22302246093,-0.12475585937
1726407166004.1375,-0.97766113281,0.22302246093,-0.12475585937
1726407166024.0457,-0.97961425781,0.22119140625,-0.12072753906
1726407166044.1375,-0.97961425781,0.22119140625,-0.12072753906
1726407166064.1375,-0.97961425781,0.22119140625,-0.12072753906
1726407166084.1375,-0.97961425781,0.22119140625,-0.12072753906
1726407166104.046,-0.98266601562,0.22253417968,-0.12097167968
1726407166124.1375,-0.98266601562,0.22253417968,-0.12097167968
1726407166144.1375,-0.98266601562,0.22253417968,-0.12097167968
1726407166164.168,-0.98266601562,0.22253417968,-0.12097167968
1726407166184.046,-0.98779296875,0.21716308593,-0.12573242187
1726407166204.1675,-0.98779296875,0.21716308593,-0.12573242187
1726407166224.1675,-0.98779296875,0.21716308593,-0.12573242187
1726407166244.168,-0.98779296875,0.21716308593,-0.12573242187
1726407166264.0151,-0.98645019531,0.22265625,-0.12841796875
1726407166284.168,-0.98645019531,0.22265625,-0.12841796875
1726407166304.1375,-0.98645019531,0.22265625,-0.12841796875
1726407166324.168,-0.98645019531,0.22265625,-0.12841796875
1726407166344.046,-0.98486328125,0.22631835937,-0.12756347656
1726407166364.168,-0.98486328125,0.22631835937,-0.12756347656
1726407166384.1375,-0.98486328125,0.22631835937,-0.12756347656
1726407166404.168,-0.98486328125,0.22631835937,-0.12756347656
1726407166423.8933,-0.97875976562,0.22692871093,-0.12927246093
1726407166444.168,-0.97875976562,0.22692871093,-0.12927246093
1726407166464.1675,-0.97875976562,0.22692871093,-0.12927246093
1726407166484.168,-0.97875976562,0.22692871093,-0.12927246093
1726407166503.9236,-0.97814941406,0.232421875,-0.13745117187
1726407166524.168,-0.97814941406,0.232421875,-0.13745117187
1726407166544.1375,-0.97814941406,0.232421875,-0.13745117187
1726407166564.168,-0.97814941406,0.232421875,-0.13745117187
1726407166583.954,-0.98095703125,0.240234375,-0.13903808593
1726407166604.168,-0.98095703125,0.240234375,-0.13903808593
1726407166624.168,-0.98095703125,0.240234375,-0.13903808593
1726407166644.168,-0.98095703125,0.240234375,-0.13903808593
1726407166663.9849,-0.98010253906,0.24597167968,-0.1357421875
1726407166684.1375,-0.98010253906,0.24597167968,-0.1357421875
1726407166704.1372,-0.98010253906,0.24597167968,-0.1357421875
1726407166724.1675,-0.98010253906,0.24597167968,-0.1357421875
1726407166743.8623,-0.97973632812,0.24243164062,-0.13098144531
1726407166764.168,-0.97973632812,0.24243164062,-0.13098144531
1726407166784.168,-0.97973632812,0.24243164062,-0.13098144531
1726407166804.168,-0.97973632812,0.24243164062,-0.13098144531
1726407166823.893,-0.97961425781,0.23962402343,-0.12878417968
1726407166844.1375,-0.97961425781,0.23962402343,-0.12878417968
1726407166864.1375,-0.97961425781,0.23962402343,-0.12878417968
1726407166884.168,-0.97961425781,0.23962402343,-0.12878417968
1726407166903.9238,-0.98059082031,0.23425292968,-0.13403320312
1726407166924.168,-0.98059082031,0.23425292968,-0.13403320312
1726407166944.168,-0.98059082031,0.23425292968,-0.13403320312
1726407166964.1675,-0.98059082031,0.23425292968,-0.13403320312
1726407166983.954,-0.97790527343,0.23376464843,-0.13854980468
1726407167004.168,-0.97790527343,0.23376464843,-0.13854980468
1726407167024.168,-0.97790527343,0.23376464843,-0.13854980468
1726407167044.1375,-0.97790527343,0.23376464843,-0.13854980468
1726407167063.9846,-0.97766113281,0.23461914062,-0.138671875
1726407167084.1375,-0.97766113281,0.23461914062,-0.138671875
1726407167104.1375,-0.97766113281,0.23461914062,-0.138671875
1726407167124.1375,-0.97766113281,0.23461914062,-0.138671875
1726407167144.0151,-0.98486328125,0.22766113281,-0.138671875
1726407167164.1375,-0.98486328125,0.22766113281,-0.138671875
1726407167184.1375,-0.98486328125,0.22766113281,-0.138671875
1726407167204.1675,-0.98486328125,0.22766113281,-0.138671875
1726407167224.0457,-0.98510742187,0.23278808593,-0.138671875
1726407167244.168,-0.98510742187,0.23278808593,-0.138671875
1726407167264.1375,-0.98510742187,0.23278808593,-0.138671875
1726407167284.168,-0.98510742187,0.23278808593,-0.138671875
1726407167304.0764,-0.97692871093,0.24035644531,-0.13757324218
1726407167324.168,-0.97692871093,0.24035644531,-0.13757324218
1726407167344.1375,-0.97692871093,0.24035644531,-0.13757324218
1726407167364.1375,-0.97692871093,0.24035644531,-0.13757324218
1726407167384.1067,-0.97619628906,0.23767089843,-0.13403320312
1726407167404.168,-0.97619628906,0.23767089843,-0.13403320312
1726407167424.168,-0.97619628906,0.23767089843,-0.13403320312
1726407167444.1375,-0.97619628906,0.23767089843,-0.13403320312
1726407167464.1372,-0.97998046875,0.22705078125,-0.13134765625
1726407167484.1372,-0.97998046875,0.22705078125,-0.13134765625
1726407167504.168,-0.97998046875,0.22705078125,-0.13134765625
1726407167524.168,-0.97998046875,0.22705078125,-0.13134765625
1726407167544.168,-0.97973632812,0.22204589843,-0.13208007812
1726407167564.168,-0.97973632812,0.22204589843,-0.13208007812
1726407167584.1375,-0.97973632812,0.22204589843,-0.13208007812
1726407167604.168,-0.97973632812,0.22204589843,-0.13208007812
1726407167624.1985,-0.98059082031,0.22912597656,-0.13452148437
1726407167644.1375,-0.98059082031,0.22912597656,-0.13452148437
1726407167664.1375,-0.98059082031,0.22912597656,-0.13452148437
1726407167684.168,-0.98059082031,0.22912597656,-0.13452148437
1726407167704.229,-0.98413085937,0.23864746093,-0.13671875
1726407167724.1372,-0.98413085937,0.23864746093,-0.13671875
1726407167744.1372,-0.98413085937,0.23864746093,-0.13671875
1726407167764.168,-0.98413085937,0.23864746093,-0.13671875
1726407167784.2595,-0.98376464843,0.24523925781,-0.13464355468
1726407167804.168,-0.98376464843,0.24523925781,-0.13464355468
1726407167824.1375,-0.98376464843,0.24523925781,-0.13464355468
1726407167844.1375,-0.98376464843,0.24523925781,-0.13464355468
1726407167864.29,-0.98352050781,0.24829101562,-0.13464355468
1726407167884.168,-0.98352050781,0.24829101562,-0.13464355468
1726407167904.168,-0.98352050781,0.24829101562,-0.13464355468
1726407167924.168,-0.98352050781,0.24829101562,-0.13464355468
1726407167944.3208,-0.98645019531,0.24377441406,-0.13208007812
1726407167964.1675,-0.98645019531,0.24377441406,-0.13208007812
1726407167984.168,-0.98645019531,0.24377441406,-0.13208007812
1726407168004.1375,-0.98645019531,0.24377441406,-0.13208007812
1726407168024.351,-0.98889160156,0.24865722656,-0.123046875
1726407168044.168,-0.98889160156,0.24865722656,-0.123046875
1726407168064.168,-0.98889160156,0.24865722656,-0.123046875
1726407168084.1375,-0.98889160156,0.24865722656,-0.123046875
1726407168104.3816,-0.98803710937,0.24365234375,-0.11779785156
1726407168124.168,-0.98803710937,0.24365234375,-0.11779785156
1726407168144.168,-0.98803710937,0.24365234375,-0.11779785156
1726407168164.168,-0.98803710937,0.24365234375,-0.11779785156
1726407168184.4124,-0.9833984375,0.23913574218,-0.12268066406
1726407168204.1675,-0.9833984375,0.23913574218,-0.12268066406
1726407168224.1372,-0.9833984375,0.23913574218,-0.12268066406
1726407168244.1372,-0.9833984375,0.23913574218,-0.12268066406
1726407168264.4426,-0.98022460937,0.23913574218,-0.12487792968
1726407168284.1375,-0.98022460937,0.23913574218,-0.12487792968
1726407168304.168,-0.98022460937,0.23913574218,-0.12487792968
1726407168324.168,-0.98022460937,0.23913574218,-0.12487792968
1726407168344.4731,-0.9736328125,0.23913574218,-0.125
1726407168364.1375,-0.9736328125,0.23913574218,-0.125
1726407168384.1375,-0.9736328125,0.23913574218,-0.125
1726407168404.168,-0.9736328125,0.23913574218,-0.125
1726407168424.504,-0.974609375,0.23913574218,-0.13024902343
1726407168444.168,-0.974609375,0.23913574218,-0.13024902343
1726407168464.1372,-0.974609375,0.23913574218,-0.13024902343
1726407168484.168,-0.974609375,0.23913574218,-0.13024902343
1726407168504.534,-0.98132324218,0.23913574218,-0.13989257812
1726407168524.168,-0.98132324218,0.23913574218,-0.13989257812
1726407168544.1375,-0.98132324218,0.23913574218,-0.13989257812
1726407168564.168,-0.98132324218,0.23913574218,-0.13989257812
1726407168584.5647,-0.97937011718,0.24548339843,-0.14343261718
1726407168604.1375,-0.97937011718,0.24548339843,-0.14343261718
1726407168624.168,-0.97937011718,0.24548339843,-0.14343261718
1726407168644.168,-0.97937011718,0.24548339843,-0.14343261718
1726407168664.5955,-0.97839355468,0.24841308593,-0.13562011718
1726407168684.1375,-0.97839355468,0.24841308593,-0.13562011718
1726407168704.1675,-0.97839355468,0.24841308593,-0.13562011718
1726407168724.1372,-0.97839355468,0.24841308593,-0.13562011718
1726407168744.626,-0.97888183593,0.24975585937,-0.13610839843
1726407168764.1375,-0.97888183593,0.24975585937,-0.13610839843
1726407168784.168,-0.97888183593,0.24975585937,-0.13610839843
1726407168804.168,-0.97888183593,0.24975585937,-0.13610839843
1726407168824.6565,-0.98022460937,0.24829101562,-0.14270019531
1726407168844.1375,-0.98022460937,0.24829101562,-0.14270019531
1726407168864.1375,-0.98022460937,0.24829101562,-0.14270019531
1726407168884.1375,-0.98022460937,0.24829101562,-0.14270019531
1726407168904.687,-0.97985839843,0.24560546875,-0.14575195312
1726407168924.168,-0.97985839843,0.24560546875,-0.14575195312
1726407168944.1375,-0.97985839843,0.24560546875,-0.14575195312
1726407168964.1675,-0.97985839843,0.24560546875,-0.14575195312
1726407168984.7175,-0.97961425781,0.24633789062,-0.14294433593
1726407169004.1375,-0.97961425781,0.24633789062,-0.14294433593
1726407169024.168,-0.97961425781,0.24633789062,-0.14294433593
1726407169044.1375,-0.97961425781,0.24633789062,-0.14294433593
1726407169064.748,-0.978515625,0.24670410156,-0.140625
1726407169084.168,-0.978515625,0.24670410156,-0.140625
1726407169104.1375,-0.978515625,0.24670410156,-0.140625
1726407169124.168,-0.978515625,0.24670410156,-0.140625
1726407169144.7788,-0.97692871093,0.2490234375,-0.15002441406
1726407169164.168,-0.97692871093,0.2490234375,-0.15002441406
1726407169184.168,-0.97692871093,0.2490234375,-0.15002441406
1726407169204.1372,-0.97692871093,0.2490234375,-0.15002441406
1726407169224.87,-0.982421875,0.25,-0.15637207031
1726407169244.168,-0.982421875,0.25,-0.15637207031
1726407169264.168,-0.982421875,0.25,-0.15637207031
1726407169284.1375,-0.982421875,0.25,-0.15637207031
1726407169304.8396,-0.98181152343,0.25048828125,-0.15734863281
1726407169324.1375,-0.98181152343,0.25048828125,-0.15734863281
1726407169344.1375,-0.98181152343,0.25048828125,-0.15734863281
1726407169364.168,-0.98181152343,0.25048828125,-0.15734863281
1726407169384.8704,-0.97644042968,0.24865722656,-0.15673828125
1726407169404.168,-0.97644042968,0.24865722656,-0.15673828125
1726407169424.1375,-0.97644042968,0.24865722656,-0.15673828125
1726407169444.168,-0.97644042968,0.24865722656,-0.15673828125
1726407169464.9617,-0.97705078125,0.24157714843,-0.15649414062
1726407169484.0151,-0.97705078125,0.24157714843,-0.15649414062
1726407169504.1375,-0.97705078125,0.24157714843,-0.15649414062
1726407169524.1375,-0.97705078125,0.24157714843,-0.15649414062
1726407169544.9924,-0.97937011718,0.240234375,-0.15844726562
1726407169564.168,-0.97937011718,0.240234375,-0.15844726562
1726407169584.168,-0.97937011718,0.240234375,-0.15844726562
1726407169604.168,-0.97937011718,0.240234375,-0.15844726562
1726407169624.962,-0.97888183593,0.23413085937,-0.14733886718
1726407169644.168,-0.97888183593,0.23413085937,-0.14733886718
1726407169664.168,-0.97888183593,0.23413085937,-0.14733886718
1726407169684.168,-0.97888183593,0.23413085937,-0.14733886718
1726407169704.992,-0.98022460937,0.2275390625,-0.14477539062
1726407169724.1372,-0.98022460937,0.2275390625,-0.14477539062
1726407169744.168,-0.98022460937,0.2275390625,-0.14477539062
1726407169764.1375,-0.98022460937,0.2275390625,-0.14477539062
1726407169785.0227,-0.98083496093,0.23474121093,-0.15502929687
1726407169804.0151,-0.98083496093,0.23474121093,-0.15502929687
1726407169824.168,-0.98083496093,0.23474121093,-0.15502929687
1726407169844.168,-0.98083496093,0.23474121093,-0.15502929687
1726407169865.1145,-0.98010253906,0.24035644531,-0.15881347656
1726407169884.0151,-0.98010253906,0.24035644531,-0.15881347656
1726407169904.1375,-0.98010253906,0.24035644531,-0.15881347656
1726407169924.168,-0.98010253906,0.24035644531,-0.15881347656
1726407169945.0835,-0.98083496093,0.24072265625,-0.15747070312
1726407169964.0151,-0.98083496093,0.24072265625,-0.15747070312
1726407169984.168,-0.98083496093,0.24072265625,-0.15747070312
1726407170004.168,-0.98083496093,0.24072265625,-0.15747070312
1726407170025.1145,-0.97802734375,0.24719238281,-0.15673828125
1726407170044.0151,-0.97802734375,0.24719238281,-0.15673828125
1726407170064.1375,-0.97802734375,0.24719238281,-0.15673828125
1726407170084.168,-0.97802734375,0.24719238281,-0.15673828125
1726407170105.145,-0.97875976562,0.25231933593,-0.1533203125
1726407170124.0151,-0.97875976562,0.25231933593,-0.1533203125
1726407170144.168,-0.97875976562,0.25231933593,-0.1533203125
1726407170164.1375,-0.97875976562,0.25231933593,-0.1533203125
1726407170185.1755,-0.98022460937,0.2412109375,-0.146484375
1726407170204.0151,-0.98022460937,0.2412109375,-0.146484375
1726407170224.1675,-0.98022460937,0.2412109375,-0.146484375
1726407170244.168,-0.98022460937,0.2412109375,-0.146484375
1726407170265.206,-0.97875976562,0.23181152343,-0.14233398437
1726407170284.0151,-0.97875976562,0.23181152343,-0.14233398437
1726407170304.1375,-0.97875976562,0.23181152343,-0.14233398437
1726407170324.168,-0.97875976562,0.23181152343,-0.14233398437
1726407170345.2363,-0.97912597656,0.23571777343,-0.13720703125
1726407170364.0151,-0.97912597656,0.23571777343,-0.13720703125
1726407170384.168,-0.97912597656,0.23571777343,-0.13720703125
1726407170404.1375,-0.97912597656,0.23571777343,-0.13720703125
1726407170425.267,-0.97717285156,0.2333984375,-0.13488769531
1726407170444.0151,-0.97717285156,0.2333984375,-0.13488769531
1726407170464.1675,-0.97717285156,0.2333984375,-0.13488769531
1726407170484.1372,-0.97717285156,0.2333984375,-0.13488769531
1726407170505.2976,-0.97631835937,0.23547363281,-0.13586425781
1726407170524.0151,-0.97631835937,0.23547363281,-0.13586425781
1726407170544.168,-0.97631835937,0.23547363281,-0.13586425781
1726407170564.168,-0.97631835937,0.23547363281,-0.13586425781
1726407170585.3284,-0.98010253906,0.24060058593,-0.13732910156
1726407170604.0151,-0.98010253906,0.24060058593,-0.13732910156
1726407170624.168,-0.98010253906,0.24060058593,-0.13732910156
1726407170644.168,-0.98010253906,0.24060058593,-0.13732910156
1726407170665.359,-0.98181152343,0.2451171875,-0.13806152343
1726407170684.0151,-0.98181152343,0.2451171875,-0.13806152343
1726407170704.1675,-0.98181152343,0.2451171875,-0.13806152343
1726407170724.1372,-0.98181152343,0.2451171875,-0.13806152343
1726407170745.3892,-0.98266601562,0.24304199218,-0.13110351562
1726407170764.0151,-0.98266601562,0.24304199218,-0.13110351562
1726407170784.1375,-0.98266601562,0.24304199218,-0.13110351562
1726407170804.168,-0.98266601562,0.24304199218,-0.13110351562
1726407170825.42,-0.97998046875,0.24096679687,-0.130859375
1726407170844.0151,-0.97998046875,0.24096679687,-0.130859375
1726407170864.168,-0.97998046875,0.24096679687,-0.130859375
1726407170884.1375,-0.97998046875,0.24096679687,-0.130859375
1726407170905.4504,-0.98181152343,0.24938964843,-0.130859375
1726407170924.0151,-0.98181152343,0.24938964843,-0.130859375
1726407170944.1375,-0.98181152343,0.24938964843,-0.130859375
1726407170964.1675,-0.98181152343,0.24938964843,-0.130859375
1726407170985.4807,-0.98266601562,0.25122070312,-0.12768554687
1726407171004.0151,-0.98266601562,0.25122070312,-0.12768554687
1726407171024.168,-0.98266601562,0.25122070312,-0.12768554687
1726407171044.1375,-0.98266601562,0.25122070312,-0.12768554687
1726407171065.5115,-0.97473144531,0.25219726562,-0.13037109375
1726407171084.0151,-0.97473144531,0.25219726562,-0.13037109375
1726407171104.1375,-0.97473144531,0.25219726562,-0.13037109375
1726407171124.168,-0.97473144531,0.25219726562,-0.13037109375
1726407171145.542,-0.97302246093,0.25256347656,-0.13269042968
1726407171164.0151,-0.97302246093,0.25256347656,-0.13269042968
1726407171184.168,-0.97302246093,0.25256347656,-0.13269042968
1726407171204.1372,-0.97302246093,0.25256347656,-0.13269042968
1726407171225.5725,-0.97546386718,0.25061035156,-0.1337890625
1726407171244.0151,-0.97546386718,0.25061035156,-0.1337890625
1726407171264.1375,-0.97546386718,0.25061035156,-0.1337890625
1726407171284.1375,-0.97546386718,0.25061035156,-0.1337890625
1726407171305.603,-0.98168945312,0.25390625,-0.13537597656
1726407171324.0151,-0.98168945312,0.25390625,-0.13537597656
1726407171344.168,-0.98168945312,0.25390625,-0.13537597656
1726407171364.168,-0.98168945312,0.25390625,-0.13537597656
1726407171385.6335,-0.97729492187,0.25708007812,-0.12963867187
1726407171404.0151,-0.97729492187,0.25708007812,-0.12963867187
1726407171424.168,-0.97729492187,0.25708007812,-0.12963867187
1726407171444.168,-0.97729492187,0.25708007812,-0.12963867187
1726407171465.664,-0.98046875,0.255859375,-0.12927246093
1726407171484.0151,-0.98046875,0.255859375,-0.12927246093
1726407171504.168,-0.98046875,0.255859375,-0.12927246093
1726407171524.168,-0.98046875,0.255859375,-0.12927246093
1726407171545.6943,-0.98095703125,0.25634765625,-0.126953125
1726407171564.0151,-0.98095703125,0.25634765625,-0.126953125
1726407171584.1375,-0.98095703125,0.25634765625,-0.126953125
1726407171604.1375,-0.98095703125,0.25634765625,-0.126953125
1726407171625.725,-0.97912597656,0.25451660156,-0.12902832031
1726407171644.0151,-0.97912597656,0.25451660156,-0.12902832031
1726407171664.1375,-0.97912597656,0.25451660156,-0.12902832031
1726407171684.168,-0.97912597656,0.25451660156,-0.12902832031
1726407171705.7556,-0.97924804687,0.25158691406,-0.13415527343
1726407171724.0151,-0.97924804687,0.25158691406,-0.13415527343
1726407171744.168,-0.97924804687,0.25158691406,-0.13415527343
1726407171764.168,-0.97924804687,0.25158691406,-0.13415527343
1726407171785.786,-0.97729492187,0.25012207031,-0.13549804687
1726407171804.0151,-0.97729492187,0.25012207031,-0.13549804687
1726407171824.168,-0.97729492187,0.25012207031,-0.13549804687
1726407171844.168,-0.97729492187,0.25012207031,-0.13549804687
1726407171865.817,-0.97326660156,0.25061035156,-0.13195800781
1726407171884.0151,-0.97326660156,0.25061035156,-0.13195800781
1726407171904.1375,-0.97326660156,0.25061035156,-0.13195800781
1726407171924.1375,-0.97326660156,0.25061035156,-0.13195800781
1726407171945.8472,-0.9765625,0.24353027343,-0.13037109375
1726407171964.0151,-0.9765625,0.24353027343,-0.13037109375
1726407171984.1372,-0.9765625,0.24353027343,-0.13037109375
1726407172004.168,-0.9765625,0.24353027343,-0.13037109375
1726407172025.878,-0.97814941406,0.2412109375,-0.12951660156
1726407172044.0151,-0.97814941406,0.2412109375,-0.12951660156
1726407172064.168,-0.97814941406,0.2412109375,-0.12951660156
1726407172084.168,-0.97814941406,0.2412109375,-0.12951660156
1726407172105.9084,-0.97778320312,0.24951171875,-0.13024902343
1726407172124.0151,-0.97778320312,0.24951171875,-0.13024902343
1726407172144.168,-0.97778320312,0.24951171875,-0.13024902343
1726407172164.168,-0.97778320312,0.24951171875,-0.13024902343
1726407172185.9387,-0.98071289062,0.25134277343,-0.13256835937
1726407172204.0151,-0.98071289062,0.25134277343,-0.13256835937
1726407172224.1675,-0.98071289062,0.25134277343,-0.13256835937
1726407172244.168,-0.98071289062,0.25134277343,-0.13256835937
1726407172265.9695,-0.98010253906,0.25,-0.134765625
1726407172284.0151,-0.98010253906,0.25,-0.134765625
1726407172304.1375,-0.98010253906,0.25,-0.134765625
1726407172324.168,-0.98010253906,0.25,-0.134765625
1726407172346.0,-0.98181152343,0.24633789062,-0.13793945312
1726407172364.0151,-0.98181152343,0.24633789062,-0.13793945312
1726407172384.1375,-0.98181152343,0.24633789062,-0.13793945312
1726407172404.168,-0.98181152343,0.24633789062,-0.13793945312
1726407172426.0305,-0.98364257812,0.24877929687,-0.13623046875
1726407172444.0151,-0.98364257812,0.24877929687,-0.13623046875
1726407172464.1675,-0.98364257812,0.24877929687,-0.13623046875
1726407172484.168,-0.98364257812,0.24877929687,-0.13623046875
1726407172506.122,-0.982421875,0.25,-0.13122558593
1726407172524.0151,-0.982421875,0.25,-0.13122558593
1726407172544.1375,-0.982421875,0.25,-0.13122558593
1726407172564.168,-0.982421875,0.25,-0.13122558593
1726407172586.0916,-0.98498535156,0.24426269531,-0.1279296875
1726407172604.0151,-0.98498535156,0.24426269531,-0.1279296875
1726407172624.1375,-0.98498535156,0.24426269531,-0.1279296875
1726407172644.1375,-0.98498535156,0.24426269531,-0.1279296875
1726407172666.1223,-0.98828125,0.24572753906,-0.12951660156
1726407172684.0151,-0.98828125,0.24572753906,-0.12951660156
1726407172704.1675,-0.98828125,0.24572753906,-0.12951660156
1726407172724.1372,-0.98828125,0.24572753906,-0.12951660156
1726407172746.1523,-0.98669433593,0.24853515625,-0.13745117187
1726407172764.0151,-0.98669433593,0.24853515625,-0.13745117187
1726407172784.168,-0.98669433593,0.24853515625,-0.13745117187
1726407172804.168,-0.98669433593,0.24853515625,-0.13745117187
1726407172826.183,-0.98486328125,0.24987792968,-0.14428710937
1726407172844.0151,-0.98486328125,0.24987792968,-0.14428710937
1726407172864.168,-0.98486328125,0.24987792968,-0.14428710937
1726407172884.1375,-0.98486328125,0.24987792968,-0.14428710937
1726407172906.2139,-0.98095703125,0.25463867187,-0.14233398437
1726407172924.0151,-0.98095703125,0.25463867187,-0.14233398437
1726407172944.1375,-0.98095703125,0.25463867187,-0.14233398437
1726407172964.1372,-0.98095703125,0.25463867187,-0.14233398437
1726407172986.244,-0.97802734375,0.25268554687,-0.13720703125
1726407173004.0151,-0.97802734375,0.25268554687,-0.13720703125
1726407173024.168,-0.97802734375,0.25268554687,-0.13720703125
1726407173044.168,-0.97802734375,0.25268554687,-0.13720703125
1726407173066.275,-0.98327636718,0.23889160156,-0.134765625
1726407173084.0151,-0.98327636718,0.23889160156,-0.134765625
1726407173104.1375,-0.98327636718,0.23889160156,-0.134765625
1726407173124.168,-0.98327636718,0.23889160156,-0.134765625
1726407173146.3054,-0.98327636718,0.23278808593,-0.1357421875
1726407173164.0151,-0.98327636718,0.23278808593,-0.1357421875
1726407173184.168,-0.98327636718,0.23278808593,-0.1357421875
1726407173204.1372,-0.98327636718,0.23278808593,-0.1357421875
1726407173226.3357,-0.98229980468,0.24353027343,-0.13830566406
1726407173244.0151,-0.98229980468,0.24353027343,-0.13830566406
1726407173264.1375,-0.98229980468,0.24353027343,-0.13830566406
1726407173284.168,-0.98229980468,0.24353027343,-0.13830566406
1726407173306.3665,-0.98291015625,0.24340820312,-0.140625
1726407173324.0151,-0.98291015625,0.24340820312,-0.140625
1726407173344.1375,-0.98291015625,0.24340820312,-0.140625
1726407173364.168,-0.98291015625,0.24340820312,-0.140625
1726407173386.3967,-0.98205566406,0.23693847656,-0.14367675781
1726407173404.0151,-0.98205566406,0.23693847656,-0.14367675781
1726407173424.1375,-0.98205566406,0.23693847656,-0.14367675781
1726407173444.1375,-0.98205566406,0.23693847656,-0.14367675781
1726407173466.4275,-0.97863769531,0.240234375,-0.14831542968
1726407173484.0151,-0.97863769531,0.240234375,-0.14831542968
1726407173504.1375,-0.97863769531,0.240234375,-0.14831542968
1726407173524.168,-0.97863769531,0.240234375,-0.14831542968
1726407173546.458,-0.98010253906,0.24072265625,-0.14733886718
1726407173564.0151,-0.98010253906,0.24072265625,-0.14733886718
1726407173584.1375,-0.98010253906,0.24072265625,-0.14733886718
1726407173604.168,-0.98010253906,0.24072265625,-0.14733886718
1726407173626.4883,-0.98291015625,0.24206542968,-0.14575195312
1726407173644.0151,-0.98291015625,0.24206542968,-0.14575195312
1726407173664.168,-0.98291015625,0.24206542968,-0.14575195312
1726407173684.168,-0.98291015625,0.24206542968,-0.14575195312
1726407173706.519,-0.98205566406,0.23742675781,-0.14514160156
1726407173724.0151,-0.98205566406,0.23742675781,-0.14514160156
1726407173744.1372,-0.98205566406,0.23742675781,-0.14514160156
1726407173764.168,-0.98205566406,0.23742675781,-0.14514160156
1726407173786.5496,-0.9775390625,0.23425292968,-0.14379882812
1726407173804.0151,-0.9775390625,0.23425292968,-0.14379882812
1726407173824.1375,-0.9775390625,0.23425292968,-0.14379882812
1726407173844.168,-0.9775390625,0.23425292968,-0.14379882812
1726407173866.5803,-0.97436523437,0.24426269531,-0.14416503906
1726407173884.0151,-0.97436523437,0.24426269531,-0.14416503906
1726407173904.168,-0.97436523437,0.24426269531,-0.14416503906
1726407173924.168,-0.97436523437,0.24426269531,-0.14416503906
1726407173946.6104,-0.97814941406,0.24987792968,-0.14538574218
1726407173964.0151,-0.97814941406,0.24987792968,-0.14538574218
1726407173984.168,-0.97814941406,0.24987792968,-0.14538574218
1726407174004.168,-0.97814941406,0.24987792968,-0.14538574218
1726407174026.641,-0.98193359375,0.25048828125,-0.14489746093
1726407174044.0151,-0.98193359375,0.25048828125,-0.14489746093
1726407174064.168,-0.98193359375,0.25048828125,-0.14489746093
1726407174084.1375,-0.98193359375,0.25048828125,-0.14489746093
1726407174106.6719,-0.98168945312,0.24548339843,-0.1416015625
1726407174124.0151,-0.98168945312,0.24548339843,-0.1416015625
1726407174144.1375,-0.98168945312,0.24548339843,-0.1416015625
1726407174164.1375,-0.98168945312,0.24548339843,-0.1416015625
1726407174186.702,-0.97839355468,0.24633789062,-0.13793945312
1726407174204.0151,-0.97839355468,0.24633789062,-0.13793945312
1726407174224.1372,-0.97839355468,0.24633789062,-0.13793945312
1726407174244.168,-0.97839355468,0.24633789062,-0.13793945312
1726407174266.733,-0.97998046875,0.24462890625,-0.13830566406
1726407174284.0151,-0.97998046875,0.24462890625,-0.13830566406
1726407174304.168,-0.97998046875,0.24462890625,-0.13830566406
1726407174324.168,-0.97998046875,0.24462890625,-0.13830566406
1726407174346.7634,-0.98388671875,0.23449707031,-0.13842773437
1726407174364.0151,-0.98388671875,0.23449707031,-0.13842773437
1726407174384.168,-0.98388671875,0.23449707031,-0.13842773437
1726407174404.168,-0.98388671875,0.23449707031,-0.13842773437
1726407174426.7937,-0.98254394531,0.23181152343,-0.1396484375
1726407174444.0151,-0.98254394531,0.23181152343,-0.1396484375
1726407174464.1675,-0.98254394531,0.23181152343,-0.1396484375
1726407174484.168,-0.98254394531,0.23181152343,-0.1396484375
1726407174506.8855,-0.97778320312,0.23999023437,-0.14526367187
1726407174524.0151,-0.97778320312,0.23999023437,-0.14526367187
1726407174544.168,-0.97778320312,0.23999023437,-0.14526367187
1726407174564.168,-0.97778320312,0.23999023437,-0.14526367187
1726407174586.8547,-0.97448730468,0.24584960937,-0.14697265625
1726407174604.0151,-0.97448730468,0.24584960937,-0.14697265625
1726407174624.1375,-0.97448730468,0.24584960937,-0.14697265625
1726407174644.1375,-0.97448730468,0.24584960937,-0.14697265625
1726407174666.8855,-0.97717285156,0.240234375,-0.14562988281
1726407174684.0151,-0.97717285156,0.240234375,-0.14562988281
1726407174704.1675,-0.97717285156,0.240234375,-0.14562988281
1726407174724.1372,-0.97717285156,0.240234375,-0.14562988281
1726407174746.916,-0.98046875,0.24169921875,-0.14782714843
1726407174764.0151,-0.98046875,0.24169921875,-0.14782714843
1726407174784.1375,-0.98046875,0.24169921875,-0.14782714843
1726407174804.1375,-0.98046875,0.24169921875,-0.14782714843
1726407174826.9463,-0.98181152343,0.23828125,-0.14916992187
1726407174844.0151,-0.98181152343,0.23828125,-0.14916992187
1726407174864.168,-0.98181152343,0.23828125,-0.14916992187
1726407174884.168,-0.98181152343,0.23828125,-0.14916992187
1726407174906.9773,-0.98364257812,0.23254394531,-0.14978027343
1726407174924.0151,-0.98364257812,0.23254394531,-0.14978027343
1726407174944.1375,-0.98364257812,0.23254394531,-0.14978027343
1726407174964.1675,-0.98364257812,0.23254394531,-0.14978027343
1726407174987.0076,-0.982421875,0.23608398437,-0.14807128906
1726407175004.0151,-0.982421875,0.23608398437,-0.14807128906
1726407175024.168,-0.982421875,0.23608398437,-0.14807128906
1726407175044.1375,-0.982421875,0.23608398437,-0.14807128906
1726407175067.038,-0.98291015625,0.23876953125,-0.14196777343
1726407175084.0151,-0.98291015625,0.23876953125,-0.14196777343
1726407175104.168,-0.98291015625,0.23876953125,-0.14196777343
1726407175124.1375,-0.98291015625,0.23876953125,-0.14196777343
1726407175147.0688,-0.98522949218,0.24011230468,-0.13708496093
1726407175164.0151,-0.98522949218,0.24011230468,-0.13708496093
1726407175184.168,-0.98522949218,0.24011230468,-0.13708496093
1726407175204.1372,-0.98522949218,0.24011230468,-0.13708496093
1726407175227.099,-0.98327636718,0.23962402343,-0.13684082031
1726407175244.0151,-0.98327636718,0.23962402343,-0.13684082031
1726407175264.168,-0.98327636718,0.23962402343,-0.13684082031
1726407175284.168,-0.98327636718,0.23962402343,-0.13684082031
1726407175307.13,-0.98229980468,0.24145507812,-0.13891601562
1726407175324.0151,-0.98229980468,0.24145507812,-0.13891601562
1726407175344.1375,-0.98229980468,0.24145507812,-0.13891601562
1726407175364.1375,-0.98229980468,0.24145507812,-0.13891601562
1726407175387.1604,-0.98486328125,0.24340820312,-0.13879394531
1726407175404.0151,-0.98486328125,0.24340820312,-0.13879394531
1726407175424.1375,-0.98486328125,0.24340820312,-0.13879394531
1726407175444.1375,-0.98486328125,0.24340820312,-0.13879394531
1726407175467.1907,-0.98510742187,0.23913574218,-0.13452148437
1726407175484.0457,-0.98510742187,0.23913574218,-0.13452148437
1726407175504.168,-0.98510742187,0.23913574218,-0.13452148437
1726407175524.1375,-0.98510742187,0.23913574218,-0.13452148437
1726407175547.2214,-0.986328125,0.23388671875,-0.13146972656
1726407175564.0151,-0.986328125,0.23388671875,-0.13146972656
1726407175584.168,-0.986328125,0.23388671875,-0.13146972656
1726407175604.168,-0.986328125,0.23388671875,-0.13146972656
1726407175627.252,-0.98779296875,0.23669433593,-0.13525390625
1726407175644.046,-0.98779296875,0.23669433593,-0.13525390625
1726407175664.168,-0.98779296875,0.23669433593,-0.13525390625
1726407175684.1375,-0.98779296875,0.23669433593,-0.13525390625
1726407175707.2825,-0.98852539062,0.2421875,-0.13403320312
1726407175724.0457,-0.98852539062,0.2421875,-0.13403320312
1726407175744.168,-0.98852539062,0.2421875,-0.13403320312
1726407175764.168,-0.98852539062,0.2421875,-0.13403320312
1726407175787.3127,-0.98266601562,0.24475097656,-0.13439941406
1726407175804.0151,-0.98266601562,0.24475097656,-0.13439941406
1726407175824.168,-0.98266601562,0.24475097656,-0.13439941406
1726407175844.168,-0.98266601562,0.24475097656,-0.13439941406
1726407175867.3435,-0.97680664062,0.24499511718,-0.13671875
1726407175884.0151,-0.97680664062,0.24499511718,-0.13671875
1726407175904.168,-0.97680664062,0.24499511718,-0.13671875
1726407175924.1375,-0.97680664062,0.24499511718,-0.13671875
1726407175947.374,-0.97607421875,0.24194335937,-0.14184570312
1726407175964.0151,-0.97607421875,0.24194335937,-0.14184570312
1726407175984.168,-0.97607421875,0.24194335937,-0.14184570312
1726407176004.168,-0.97607421875,0.24194335937,-0.14184570312
1726407176027.4043,-0.97790527343,0.2373046875,-0.1484375
1726407176044.0151,-0.97790527343,0.2373046875,-0.1484375
1726407176064.1375,-0.97790527343,0.2373046875,-0.1484375
1726407176084.1375,-0.97790527343,0.2373046875,-0.1484375
1726407176107.4353,-0.98083496093,0.24047851562,-0.1494140625
1726407176124.046,-0.98083496093,0.24047851562,-0.1494140625
1726407176144.168,-0.98083496093,0.24047851562,-0.1494140625
1726407176164.168,-0.98083496093,0.24047851562,-0.1494140625
1726407176187.4656,-0.97802734375,0.24401855468,-0.15100097656
1726407176204.0457,-0.97802734375,0.24401855468,-0.15100097656
1726407176224.1675,-0.97802734375,0.24401855468,-0.15100097656
1726407176244.1372,-0.97802734375,0.24401855468,-0.15100097656
1726407176267.496,-0.974609375,0.24035644531,-0.15161132812
1726407176284.0151,-0.974609375,0.24035644531,-0.15161132812
1726407176304.168,-0.974609375,0.24035644531,-0.15161132812
1726407176324.168,-0.974609375,0.24035644531,-0.15161132812
1726407176347.5269,-0.97509765625,0.23767089843,-0.14782714843
1726407176364.0151,-0.97509765625,0.23767089843,-0.14782714843
1726407176384.168,-0.97509765625,0.23767089843,-0.14782714843
1726407176404.168,-0.97509765625,0.23767089843,-0.14782714843
1726407176427.5571,-0.97741699218,0.23742675781,-0.14501953125
1726407176444.0151,-0.97741699218,0.23742675781,-0.14501953125
1726407176464.1675,-0.97741699218,0.23742675781,-0.14501953125
1726407176484.168,-0.97741699218,0.23742675781,-0.14501953125
1726407176507.5876,-0.98046875,0.24243164062,-0.14135742187
1726407176524.0457,-0.98046875,0.24243164062,-0.14135742187
1726407176544.168,-0.98046875,0.24243164062,-0.14135742187
1726407176564.168,-0.98046875,0.24243164062,-0.14135742187
1726407176587.6184,-0.98413085937,0.23657226562,-0.13781738281
1726407176604.0151,-0.98413085937,0.23657226562,-0.13781738281
1726407176624.1375,-0.98413085937,0.23657226562,-0.13781738281
1726407176644.168,-0.98413085937,0.23657226562,-0.13781738281
1726407176667.6487,-0.98156738281,0.23486328125,-0.1435546875
1726407176684.0151,-0.98156738281,0.23486328125,-0.1435546875
1726407176704.1372,-0.98156738281,0.23486328125,-0.1435546875
1726407176724.1675,-0.98156738281,0.23486328125,-0.1435546875
1726407176747.6794,-0.97937011718,0.23303222656,-0.14404296875
1726407176764.0457,-0.97937011718,0.23303222656,-0.14404296875
1726407176784.168,-0.97937011718,0.23303222656,-0.14404296875
1726407176804.0151,-0.97937011718,0.23303222656,-0.14404296875
1726407176827.71,-0.98254394531,0.23010253906,-0.14428710937
1726407176844.0151,-0.98254394531,0.23010253906,-0.14428710937
1726407176864.1375,-0.98254394531,0.23010253906,-0.14428710937
1726407176884.168,-0.98254394531,0.23010253906,-0.14428710937
1726407176907.7402,-0.97985839843,0.23706054687,-0.14440917968
1726407176924.0151,-0.97985839843,0.23706054687,-0.14440917968
1726407176944.168,-0.97985839843,0.23706054687,-0.14440917968
1726407176964.1372,-0.97985839843,0.23706054687,-0.14440917968
1726407176987.7708,-0.9765625,0.24243164062,-0.13916015625
1726407177004.0151,-0.9765625,0.24243164062,-0.13916015625
1726407177024.168,-0.9765625,0.24243164062,-0.13916015625
1726407177044.1375,-0.9765625,0.24243164062,-0.13916015625
1726407177067.8015,-0.97497558593,0.24487304687,-0.14306640625
1726407177084.0151,-0.97497558593,0.24487304687,-0.14306640625
1726407177104.1375,-0.97497558593,0.24487304687,-0.14306640625
1726407177124.1375,-0.97497558593,0.24487304687,-0.14306640625
1726407177147.8323,-0.97424316406,0.24291992187,-0.14587402343
1726407177164.046,-0.97424316406,0.24291992187,-0.14587402343
1726407177184.168,-0.97424316406,0.24291992187,-0.14587402343
1726407177204.1675,-0.97424316406,0.24291992187,-0.14587402343
1726407177227.8623,-0.97802734375,0.24194335937,-0.14831542968
1726407177244.0151,-0.97802734375,0.24194335937,-0.14831542968
1726407177264.168,-0.97802734375,0.24194335937,-0.14831542968
1726407177284.168,-0.97802734375,0.24194335937,-0.14831542968
1726407177307.893,-0.98303222656,0.24255371093,-0.1494140625
1726407177324.0151,-0.98303222656,0.24255371093,-0.1494140625
1726407177344.168,-0.98303222656,0.24255371093,-0.1494140625
1726407177364.1375,-0.98303222656,0.24255371093,-0.1494140625
1726407177387.9238,-0.97900390625,0.24291992187,-0.14575195312
1726407177404.0151,-0.97900390625,0.24291992187,-0.14575195312
1726407177424.1375,-0.97900390625,0.24291992187,-0.14575195312
1726407177444.168,-0.97900390625,0.24291992187,-0.14575195312
1726407177467.954,-0.97607421875,0.24829101562,-0.15026855468
1726407177484.0151,-0.97607421875,0.24829101562,-0.15026855468
1726407177504.1375,-0.97607421875,0.24829101562,-0.15026855468
1726407177524.1375,-0.97607421875,0.24829101562,-0.15026855468
1726407177547.9849,-0.97790527343,0.24560546875,-0.14929199218
1726407177564.0151,-0.97790527343,0.24560546875,-0.14929199218
1726407177584.1375,-0.97790527343,0.24560546875,-0.14929199218
1726407177604.1375,-0.97790527343,0.24560546875,-0.14929199218
1726407177628.0151,-0.97875976562,0.24011230468,-0.14770507812
1726407177644.0151,-0.97875976562,0.24011230468,-0.14770507812
1726407177664.168,-0.97875976562,0.24011230468,-0.14770507812
1726407177684.168,-0.97875976562,0.24011230468,-0.14770507812
1726407177708.0457,-0.97705078125,0.24279785156,-0.1533203125
1726407177724.0151,-0.97705078125,0.24279785156,-0.1533203125
1726407177744.1372,-0.97705078125,0.24279785156,-0.1533203125
1726407177764.168,-0.97705078125,0.24279785156,-0.1533203125
1726407177788.0764,-0.97521972656,0.24816894531,-0.15173339843
1726407177804.0151,-0.97521972656,0.24816894531,-0.15173339843
1726407177824.168,-0.97521972656,0.24816894531,-0.15173339843
1726407177844.168,-0.97521972656,0.24816894531,-0.15173339843
1726407177868.1067,-0.97534179687,0.25183105468,-0.14477539062
1726407177884.0151,-0.97534179687,0.25183105468,-0.14477539062
1726407177904.168,-0.97534179687,0.25183105468,-0.14477539062
1726407177924.1375,-0.97534179687,0.25183105468,-0.14477539062
1726407177948.1375,-0.9765625,0.24816894531,-0.142578125
1726407177964.0457,-0.9765625,0.24816894531,-0.142578125
1726407177984.168,-0.9765625,0.24816894531,-0.142578125
1726407178004.1375,-0.9765625,0.24816894531,-0.142578125
1726407178028.229,-0.97497558593,0.24133300781,-0.1435546875
1726407178044.0457,-0.97497558593,0.24133300781,-0.1435546875
1726407178064.1375,-0.97497558593,0.24133300781,-0.1435546875
1726407178084.168,-0.97497558593,0.24133300781,-0.1435546875
1726407178108.1985,-0.97424316406,0.240234375,-0.14611816406
1726407178124.0151,-0.97424316406,0.240234375,-0.14611816406
1726407178144.1375,-0.97424316406,0.240234375,-0.14611816406
1726407178164.1375,-0.97424316406,0.240234375,-0.14611816406
1726407178188.229,-0.97424316406,0.24780273437,-0.16040039062
1726407178204.0151,-0.97424316406,0.24780273437,-0.16040039062
1726407178224.1372,-0.97424316406,0.24780273437,-0.16040039062
1726407178244.168,-0.97424316406,0.24780273437,-0.16040039062
1726407178268.2595,-0.97705078125,0.25463867187,-0.16235351562
1726407178284.0151,-0.97705078125,0.25463867187,-0.16235351562
1726407178304.1375,-0.97705078125,0.25463867187,-0.16235351562
1726407178324.168,-0.97705078125,0.25463867187,-0.16235351562
1726407178348.3513,-0.97937011718,0.25378417968,-0.15283203125
1726407178364.0151,-0.97937011718,0.25378417968,-0.15283203125
1726407178384.1375,-0.97937011718,0.25378417968,-0.15283203125
1726407178404.168,-0.97937011718,0.25378417968,-0.15283203125
1726407178428.3816,-0.98046875,0.25122070312,-0.15258789062
1726407178444.0151,-0.98046875,0.25122070312,-0.15258789062
1726407178464.1372,-0.98046875,0.25122070312,-0.15258789062
1726407178484.168,-0.98046875,0.25122070312,-0.15258789062
1726407178508.351,-0.98205566406,0.25,-0.15246582031
1726407178524.0151,-0.98205566406,0.25,-0.15246582031
1726407178544.1375,-0.98205566406,0.25,-0.15246582031
1726407178564.168,-0.98205566406,0.25,-0.15246582031
1726407178588.3818,-0.98168945312,0.25158691406,-0.14404296875
1726407178604.0151,-0.98168945312,0.25158691406,-0.14404296875
1726407178624.1375,-0.98168945312,0.25158691406,-0.14404296875
1726407178644.1375,-0.98168945312,0.25158691406,-0.14404296875
1726407178668.4731,-0.98266601562,0.2470703125,-0.13903808593
1726407178684.0151,-0.98266601562,0.2470703125,-0.13903808593
1726407178704.1675,-0.98266601562,0.2470703125,-0.13903808593
1726407178724.1675,-0.98266601562,0.2470703125,-0.13903808593
1726407178748.4426,-0.98400878906,0.23864746093,-0.13464355468
1726407178764.0151,-0.98400878906,0.23864746093,-0.13464355468
1726407178784.1375,-0.98400878906,0.23864746093,-0.13464355468
1726407178804.168,-0.98400878906,0.23864746093,-0.13464355468
1726407178828.5344,-0.98364257812,0.22961425781,-0.13159179687
1726407178844.0151,-0.98364257812,0.22961425781,-0.13159179687
1726407178864.168,-0.98364257812,0.22961425781,-0.13159179687
1726407178884.168,-0.98364257812,0.22961425781,-0.13159179687
1726407178908.5037,-0.98559570312,0.21911621093,-0.13110351562
1726407178924.0151,-0.98559570312,0.21911621093,-0.13110351562
1726407178944.168,-0.98559570312,0.21911621093,-0.13110351562
1726407178964.1675,-0.98559570312,0.21911621093,-0.13110351562
1726407178988.5344,-0.98547363281,0.21838378906,-0.12780761718
1726407179004.0151,-0.98547363281,0.21838378906,-0.12780761718
1726407179024.168,-0.98547363281,0.21838378906,-0.12780761718
1726407179044.1375,-0.98547363281,0.21838378906,-0.12780761718
1726407179068.5647,-0.98645019531,0.22741699218,-0.13146972656
1726407179084.046,-0.98645019531,0.22741699218,-0.13146972656
1726407179104.1375,-0.98645019531,0.22741699218,-0.13146972656
1726407179124.1375,-0.98645019531,0.22741699218,-0.13146972656
1726407179148.5952,-0.98474121093,0.23681640625,-0.13635253906
1726407179164.0151,-0.98474121093,0.23681640625,-0.13635253906
1726407179184.168,-0.98474121093,0.23681640625,-0.13635253906
1726407179204.1675,-0.98474121093,0.23681640625,-0.13635253906
1726407179228.626,-0.98095703125,0.24133300781,-0.13439941406
1726407179244.0151,-0.98095703125,0.24133300781,-0.13439941406
1726407179264.1375,-0.98095703125,0.24133300781,-0.13439941406
1726407179284.168,-0.98095703125,0.24133300781,-0.13439941406
1726407179308.6565,-0.97705078125,0.240234375,-0.13049316406
1726407179324.046,-0.97705078125,0.240234375,-0.13049316406
1726407179344.1375,-0.97705078125,0.240234375,-0.13049316406
1726407179364.168,-0.97705078125,0.240234375,-0.13049316406
1726407179388.748,-0.97619628906,0.23962402343,-0.12963867187
1726407179404.046,-0.97619628906,0.23962402343,-0.12963867187
1726407179424.168,-0.97619628906,0.23962402343,-0.12963867187
1726407179444.1375,-0.97619628906,0.23962402343,-0.12963867187
1726407179468.7175,-0.98205566406,0.23522949218,-0.12817382812
1726407179484.0457,-0.98205566406,0.23522949218,-0.12817382812
1726407179504.1375,-0.98205566406,0.23522949218,-0.12817382812
1726407179524.168,-0.98205566406,0.23522949218,-0.12817382812
1726407179548.748,-0.98583984375,0.23107910156,-0.12744140625
1726407179564.0151,-0.98583984375,0.23107910156,-0.12744140625
1726407179584.168,-0.98583984375,0.23107910156,-0.12744140625
1726407179604.1375,-0.98583984375,0.23107910156,-0.12744140625
1726407179628.8398,-0.98657226562,0.23754882812,-0.12927246093
1726407179644.046,-0.98657226562,0.23754882812,-0.12927246093
1726407179664.1375,-0.98657226562,0.23754882812,-0.12927246093
1726407179684.168,-0.98657226562,0.23754882812,-0.12927246093
1726407179708.809,-0.98486328125,0.23852539062,-0.13427734375
1726407179724.0151,-0.98486328125,0.23852539062,-0.13427734375
1726407179744.1372,-0.98486328125,0.23852539062,-0.13427734375
1726407179764.1375,-0.98486328125,0.23852539062,-0.13427734375
1726407179788.8396,-0.98303222656,0.23156738281,-0.13659667968
1726407179804.0151,-0.98303222656,0.23156738281,-0.13659667968
1726407179824.1375,-0.98303222656,0.23156738281,-0.13659667968
1726407179844.168,-0.98303222656,0.23156738281,-0.13659667968
1726407179868.8704,-0.98315429687,0.23156738281,-0.12951660156
1726407179884.1375,-0.98315429687,0.23156738281,-0.12951660156
1726407179904.1375,-0.98315429687,0.23156738281,-0.12951660156
1726407179924.168,-0.98315429687,0.23156738281,-0.12951660156
1726407179948.9006,-0.98229980468,0.23303222656,-0.13122558593
1726407179964.0457,-0.98229980468,0.23303222656,-0.13122558593
1726407179984.168,-0.98229980468,0.23303222656,-0.13122558593
1726407180004.1375,-0.98229980468,0.23303222656,-0.13122558593
1726407180028.9312,-0.98181152343,0.236328125,-0.13415527343
1726407180044.0151,-0.98181152343,0.236328125,-0.13415527343
1726407180064.168,-0.98181152343,0.236328125,-0.13415527343
1726407180084.229,-0.98181152343,0.236328125,-0.13415527343
1726407180108.962,-0.98156738281,0.23059082031,-0.13232421875
1726407180124.0151,-0.98156738281,0.23059082031,-0.13232421875
1726407180144.168,-0.98156738281,0.23059082031,-0.13232421875
1726407180164.1375,-0.98156738281,0.23059082031,-0.13232421875
1726407180188.992,-0.98046875,0.22790527343,-0.13256835937
1726407180204.0151,-0.98046875,0.22790527343,-0.13256835937
1726407180224.1675,-0.98046875,0.22790527343,-0.13256835937
1726407180244.168,-0.98046875,0.22790527343,-0.13256835937
1726407180269.0227,-0.97790527343,0.22875976562,-0.1337890625
1726407180284.168,-0.97790527343,0.22875976562,-0.1337890625
1726407180304.168,-0.97790527343,0.22875976562,-0.1337890625
1726407180324.168,-0.97790527343,0.22875976562,-0.1337890625
1726407180349.0535,-0.974609375,0.23120117187,-0.13220214843
1726407180364.0151,-0.974609375,0.23120117187,-0.13220214843
1726407180384.168,-0.974609375,0.23120117187,-0.13220214843
1726407180404.1375,-0.974609375,0.23120117187,-0.13220214843
1726407180429.084,-0.97399902343,0.23547363281,-0.13146972656
1726407180444.0151,-0.97399902343,0.23547363281,-0.13146972656
1726407180464.1675,-0.97399902343,0.23547363281,-0.13146972656
1726407180484.29,-0.97399902343,0.23547363281,-0.13146972656
1726407180509.1145,-0.97802734375,0.23962402343,-0.12902832031
1726407180524.0457,-0.97802734375,0.23962402343,-0.12902832031
1726407180544.168,-0.97802734375,0.23962402343,-0.12902832031
1726407180564.168,-0.97802734375,0.23962402343,-0.12902832031
1726407180589.1145,-0.98083496093,0.24047851562,-0.13415527343
1726407180604.0151,-0.98083496093,0.24047851562,-0.13415527343
1726407180624.1375,-0.98083496093,0.24047851562,-0.13415527343
1726407180644.168,-0.98083496093,0.24047851562,-0.13415527343
1726407180669.1145,-0.98217773437,0.23767089843,-0.14379882812
1726407180684.1985,-0.98217773437,0.23767089843,-0.14379882812
1726407180704.1372,-0.98217773437,0.23767089843,-0.14379882812
1726407180724.1372,-0.98217773437,0.23767089843,-0.14379882812
1726407180749.1145,-0.98388671875,0.2353515625,-0.14416503906
1726407180764.0151,-0.98388671875,0.2353515625,-0.14416503906
1726407180784.168,-0.98388671875,0.2353515625,-0.14416503906
1726407180804.1375,-0.98388671875,0.2353515625,-0.14416503906
1726407180829.1145,-0.98364257812,0.236328125,-0.14013671875
1726407180844.0151,-0.98364257812,0.236328125,-0.14013671875
1726407180864.168,-0.98364257812,0.236328125,-0.14013671875
1726407180884.3203,-0.98364257812,0.236328125,-0.14013671875
1726407180909.1145,-0.98132324218,0.23791503906,-0.14147949218
1726407180924.046,-0.98132324218,0.23791503906,-0.14147949218
1726407180944.1375,-0.98132324218,0.23791503906,-0.14147949218
1726407180964.1372,-0.98132324218,0.23791503906,-0.14147949218
1726407180989.1145,-0.97717285156,0.23449707031,-0.14196777343
1726407181004.0151,-0.97717285156,0.23449707031,-0.14196777343
1726407181024.1375,-0.97717285156,0.23449707031,-0.14196777343
1726407181044.168,-0.97717285156,0.23449707031,-0.14196777343
1726407181069.1145,-0.97741699218,0.23181152343,-0.13916015625
1726407181084.0764,-0.97741699218,0.23181152343,-0.13916015625
1726407181104.1375,-0.97741699218,0.23181152343,-0.13916015625
1726407181124.168,-0.97741699218,0.23181152343,-0.13916015625
1726407181149.0835,-0.97644042968,0.23571777343,-0.13989257812
1726407181164.046,-0.97644042968,0.23571777343,-0.13989257812
1726407181184.1375,-0.97644042968,0.23571777343,-0.13989257812
1726407181204.1372,-0.97644042968,0.23571777343,-0.13989257812
1726407181229.084,-0.97595214843,0.23962402343,-0.14440917968
1726407181244.0151,-0.97595214843,0.23962402343,-0.14440917968
1726407181264.168,-0.97595214843,0.23962402343,-0.14440917968
1726407181284.1985,-0.97595214843,0.23962402343,-0.14440917968
1726407181309.1145,-0.97790527343,0.23840332031,-0.1455078125
1726407181324.0151,-0.97790527343,0.23840332031,-0.1455078125
1726407181344.1375,-0.97790527343,0.23840332031,-0.1455078125
1726407181364.1375,-0.97790527343,0.23840332031,-0.1455078125
1726407181389.1145,-0.97668457031,0.23364257812,-0.14501953125
1726407181404.0151,-0.97668457031,0.23364257812,-0.14501953125
1726407181424.1375,-0.97668457031,0.23364257812,-0.14501953125
1726407181444.168,-0.97668457031,0.23364257812,-0.14501953125
1726407181469.1145,-0.97705078125,0.23034667968,-0.13952636718
1726407181484.0151,-0.97705078125,0.23034667968,-0.13952636718
1726407181504.168,-0.97705078125,0.23034667968,-0.13952636718
1726407181524.168,-0.97705078125,0.23034667968,-0.13952636718
1726407181549.1145,-0.97631835937,0.22985839843,-0.13696289062
1726407181564.046,-0.97631835937,0.22985839843,-0.13696289062
1726407181584.1375,-0.97631835937,0.22985839843,-0.13696289062
1726407181604.1375,-0.97631835937,0.22985839843,-0.13696289062
1726407181629.1145,-0.97729492187,0.24194335937,-0.14489746093
1726407181644.046,-0.97729492187,0.24194335937,-0.14489746093
1726407181664.168,-0.97729492187,0.24194335937,-0.14489746093
1726407181684.168,-0.97729492187,0.24194335937,-0.14489746093
1726407181709.084,-0.98156738281,0.23522949218,-0.14465332031
1726407181724.0151,-0.98156738281,0.23522949218,-0.14465332031
1726407181744.168,-0.98156738281,0.23522949218,-0.14465332031
1726407181764.1375,-0.98156738281,0.23522949218,-0.14465332031
1726407181789.1145,-0.98156738281,0.23107910156,-0.14770507812
1726407181804.046,-0.98156738281,0.23107910156,-0.14770507812
1726407181824.168,-0.98156738281,0.23107910156,-0.14770507812
1726407181844.168,-0.98156738281,0.23107910156,-0.14770507812
1726407181869.084,-0.9814453125,0.23754882812,-0.14807128906
1726407181884.0151,-0.9814453125,0.23754882812,-0.14807128906
1726407181904.1375,-0.9814453125,0.23754882812,-0.14807128906
1726407181924.1375,-0.9814453125,0.23754882812,-0.14807128906
1726407181949.1145,-0.98046875,0.24047851562,-0.14196777343
1726407181964.0151,-0.98046875,0.24047851562,-0.14196777343
1726407181984.168,-0.98046875,0.24047851562,-0.14196777343
1726407182004.168,-0.98046875,0.24047851562,-0.14196777343
1726407182024.168,-0.97778320312,0.24816894531,-0.13708496093
1726407182044.0151,-0.97778320312,0.24816894531,-0.13708496093
1726407182064.168,-0.97778320312,0.24816894531,-0.13708496093
1726407182084.1375,-0.97778320312,0.24816894531,-0.13708496093
1726407182104.1375,-0.9755859375,0.25170898437,-0.14001464843
1726407182124.046,-0.9755859375,0.25170898437,-0.14001464843
1726407182144.168,-0.9755859375,0.25170898437,-0.14001464843
1726407182164.168,-0.9755859375,0.25170898437,-0.14001464843
1726407182184.168,-0.97351074218,0.25122070312,-0.14868164062
1726407182204.0151,-0.97351074218,0.25122070312,-0.14868164062
1726407182224.1372,-0.97351074218,0.25122070312,-0.14868164062
1726407182244.1372,-0.97351074218,0.25122070312,-0.14868164062
1726407182264.1375,-0.97351074218,0.25109863281,-0.14953613281
1726407182284.0151,-0.97351074218,0.25109863281,-0.14953613281
1726407182304.168,-0.97351074218,0.25109863281,-0.14953613281
1726407182324.168,-0.97351074218,0.25109863281,-0.14953613281
1726407182344.1375,-0.97778320312,0.24572753906,-0.14477539062
1726407182364.0151,-0.97778320312,0.24572753906,-0.14477539062
1726407182384.168,-0.97778320312,0.24572753906,-0.14477539062
1726407182404.1375,-0.97778320312,0.24572753906,-0.14477539062
1726407182424.168,-0.98071289062,0.24548339843,-0.14147949218
1726407182444.0151,-0.98071289062,0.24548339843,-0.14147949218
1726407182464.1675,-0.98071289062,0.24548339843,-0.14147949218
1726407182484.1372,-0.98071289062,0.24548339843,-0.14147949218
1726407182504.168,-0.98010253906,0.24951171875,-0.13793945312
1726407182524.0151,-0.98010253906,0.24951171875,-0.13793945312
1726407182544.168,-0.98010253906,0.24951171875,-0.13793945312
1726407182564.1375,-0.98010253906,0.24951171875,-0.13793945312
1726407182584.168,-0.97863769531,0.2470703125,-0.14135742187
1726407182604.0151,-0.97863769531,0.2470703125,-0.14135742187
1726407182624.1375,-0.97863769531,0.2470703125,-0.14135742187
1726407182644.1375,-0.97863769531,0.2470703125,-0.14135742187
1726407182664.168,-0.97595214843,0.24084472656,-0.14099121093
1726407182684.0151,-0.97595214843,0.24084472656,-0.14099121093
1726407182704.1372,-0.97595214843,0.24084472656,-0.14099121093
1726407182724.1675,-0.97595214843,0.24084472656,-0.14099121093
1726407182744.1372,-0.97265625,0.23571777343,-0.13659667968
1726407182764.0151,-0.97265625,0.23571777343,-0.13659667968
1726407182784.168,-0.97265625,0.23571777343,-0.13659667968
1726407182804.0151,-0.97265625,0.23571777343,-0.13659667968
1726407182824.168,-0.96997070312,0.23864746093,-0.1376953125
1726407182844.0151,-0.96997070312,0.23864746093,-0.1376953125
1726407182864.168,-0.96997070312,0.23864746093,-0.1376953125
1726407182884.168,-0.96997070312,0.23864746093,-0.1376953125
1726407182904.1375,-0.9677734375,0.23999023437,-0.13928222656
1726407182924.0151,-0.9677734375,0.23999023437,-0.13928222656
1726407182944.1375,-0.9677734375,0.23999023437,-0.13928222656
1726407182964.1675,-0.9677734375,0.23999023437,-0.13928222656
1726407182984.1372,-0.9677734375,0.24169921875,-0.14208984375
1726407183004.0151,-0.96984863281,0.24169921875,-0.14208984375
1726407183024.168,-0.96984863281,0.24169921875,-0.14208984375
1726407183044.168,-0.96984863281,0.24169921875,-0.14208984375
1726407183064.1375,-0.96984863281,0.24169921875,-0.14758300781
1726407183084.0151,-0.97290039062,0.24768066406,-0.14758300781
1726407183104.1375,-0.97290039062,0.24768066406,-0.14758300781
1726407183124.1375,-0.97290039062,0.24768066406,-0.14758300781
1726407183144.1375,-0.97290039062,0.24768066406,-0.14758300781
1726407183164.0151,-0.97424316406,0.24841308593,-0.15319824218
1726407183184.168,-0.97424316406,0.24841308593,-0.15319824218
1726407183204.1675,-0.97424316406,0.24841308593,-0.15319824218
1726407183224.1675,-0.97424316406,0.24841308593,-0.15319824218
1726407183244.0151,-0.98010253906,0.24975585937,-0.15478515625
1726407183264.168,-0.98010253906,0.24975585937,-0.15478515625
1726407183284.1375,-0.98010253906,0.24975585937,-0.15478515625
1726407183304.1375,-0.98010253906,0.24975585937,-0.15478515625
1726407183324.0151,-0.98107910156,0.24353027343,-0.14660644531
1726407183344.1375,-0.98107910156,0.24353027343,-0.14660644531
1726407183364.168,-0.98107910156,0.24353027343,-0.14660644531
1726407183384.168,-0.98107910156,0.24353027343,-0.14660644531
1726407183404.0151,-0.98120117187,0.24230957031,-0.14233398437
1726407183424.168,-0.98120117187,0.24230957031,-0.14233398437
1726407183444.1375,-0.98120117187,0.24230957031,-0.14233398437
1726407183464.1675,-0.98120117187,0.24230957031,-0.14233398437
1726407183484.076,-0.98132324218,0.24060058593,-0.14343261718
1726407183504.1375,-0.98132324218,0.24060058593,-0.14343261718
1726407183524.168,-0.98132324218,0.24060058593,-0.14343261718
1726407183544.168,-0.98132324218,0.24060058593,-0.14343261718
1726407183564.0151,-0.97924804687,0.23889160156,-0.14611816406
1726407183584.1375,-0.97924804687,0.23889160156,-0.14611816406
1726407183604.168,-0.97924804687,0.23889160156,-0.14611816406
1726407183624.1375,-0.97924804687,0.23889160156,-0.14611816406
1726407183644.0151,-0.97839355468,0.24108886718,-0.14831542968
1726407183664.168,-0.97839355468,0.24108886718,-0.14831542968
1726407183684.229,-0.97839355468,0.24108886718,-0.14831542968
1726407183704.1372,-0.97839355468,0.24108886718,-0.14831542968
1726407183724.0151,-0.97790527343,0.24633789062,-0.1484375
1726407183744.168,-0.97790527343,0.24633789062,-0.1484375
1726407183764.168,-0.97790527343,0.24633789062,-0.1484375
1726407183784.1375,-0.97790527343,0.24633789062,-0.1484375
1726407183804.0151,-0.97668457031,0.24877929687,-0.1494140625
1726407183824.1375,-0.97668457031,0.24877929687,-0.1494140625
1726407183844.1375,-0.97668457031,0.24877929687,-0.1494140625
1726407183864.168,-0.97668457031,0.24877929687,-0.1494140625
1726407183884.0764,-0.97912597656,0.24475097656,-0.14672851562
1726407183904.1375,-0.97912597656,0.24475097656,-0.14672851562
1726407183924.168,-0.97912597656,0.24475097656,-0.14672851562
1726407183944.168,-0.97912597656,0.24475097656,-0.14672851562
1726407183964.0151,-0.98034667968,0.24389648437,-0.14453125
1726407183984.1372,-0.98034667968,0.24389648437,-0.14453125
1726407184004.1375,-0.98034667968,0.24389648437,-0.14453125
1726407184024.168,-0.98034667968,0.24389648437,-0.14453125
1726407184044.0151,-0.97570800781,0.24353027343,-0.14660644531
1726407184064.168,-0.97570800781,0.24353027343,-0.14660644531
1726407184084.1985,-0.97570800781,0.24353027343,-0.14660644531
1726407184104.168,-0.97570800781,0.24353027343,-0.14660644531
1726407184124.0151,-0.97253417968,0.23608398437,-0.14758300781
1726407184144.1375,-0.97253417968,0.23608398437,-0.14758300781
1726407184164.168,-0.97253417968,0.23608398437,-0.14758300781
1726407184184.168,-0.97253417968,0.23608398437,-0.14758300781
1726407184204.0151,-0.97314453125,0.23559570312,-0.15112304687
1726407184224.1372,-0.97314453125,0.23559570312,-0.15112304687
1726407184244.168,-0.97314453125,0.23559570312,-0.15112304687
1726407184264.168,-0.97314453125,0.23559570312,-0.15112304687
1726407184284.0151,-0.97546386718,0.234375,-0.15173339843
1726407184304.1375,-0.97546386718,0.234375,-0.15173339843
1726407184324.1375,-0.97546386718,0.234375,-0.15173339843
1726407184344.168,-0.97546386718,0.234375,-0.15173339843
1726407184364.0151,-0.9765625,0.23071289062,-0.15209960937
1726407184384.1375,-0.9765625,0.23071289062,-0.15209960937
1726407184404.168,-0.9765625,0.23071289062,-0.15209960937
1726407184424.168,-0.9765625,0.23071289062,-0.15209960937
1726407184444.0151,-0.98022460937,0.236328125,-0.154296875
1726407184464.1675,-0.98022460937,0.236328125,-0.154296875
1726407184484.168,-0.98022460937,0.236328125,-0.154296875
1726407184504.168,-0.98022460937,0.236328125,-0.154296875
1726407184524.0457,-0.98083496093,0.23266601562,-0.15112304687
1726407184544.1375,-0.98083496093,0.23266601562,-0.15112304687
1726407184564.168,-0.98083496093,0.23266601562,-0.15112304687
1726407184584.168,-0.98083496093,0.23266601562,-0.15112304687
1726407184604.0151,-0.98217773437,0.22888183593,-0.1455078125
1726407184624.168,-0.98217773437,0.22888183593,-0.1455078125
1726407184644.168,-0.98217773437,0.22888183593,-0.1455078125
1726407184664.1375,-0.98217773437,0.22888183593,-0.1455078125
1726407184684.0151,-0.98388671875,0.234375,-0.14392089843
1726407184704.1675,-0.98388671875,0.234375,-0.14392089843
1726407184724.1675,-0.98388671875,0.234375,-0.14392089843
1726407184744.1372,-0.98388671875,0.234375,-0.14392089843
1726407184764.0457,-0.9814453125,0.24011230468,-0.14416503906
1726407184784.1375,-0.9814453125,0.24011230468,-0.14416503906
1726407184804.168,-0.9814453125,0.24011230468,-0.14416503906
1726407184824.1375,-0.9814453125,0.24011230468,-0.14416503906
1726407184844.0151,-0.9814453125,0.2490234375,-0.1474609375
1726407184864.168,-0.9814453125,0.2490234375,-0.1474609375
1726407184884.168,-0.9814453125,0.2490234375,-0.1474609375
1726407184904.1375,-0.9814453125,0.2490234375,-0.1474609375
1726407184924.0151,-0.9814453125,0.24487304687,-0.15112304687
1726407184944.168,-0.9814453125,0.24487304687,-0.15112304687
1726407184964.1675,-0.9814453125,0.24487304687,-0.15112304687
1726407184984.1372,-0.9814453125,0.24487304687,-0.15112304687
1726407185004.0457,-0.98352050781,0.2314453125,-0.14758300781
1726407185024.168,-0.98352050781,0.2314453125,-0.14758300781
1726407185044.168,-0.98352050781,0.2314453125,-0.14758300781
1726407185064.1375,-0.98352050781,0.2314453125,-0.14758300781
1726407185084.0151,-0.97924804687,0.23706054687,-0.14978027343
1726407185104.168,-0.97924804687,0.23706054687,-0.14978027343
1726407185124.1375,-0.97924804687,0.23706054687,-0.14978027343
1726407185144.168,-0.97924804687,0.23706054687,-0.14978027343
1726407185164.0151,-0.97937011718,0.23620605468,-0.14379882812
1726407185184.168,-0.97937011718,0.23620605468,-0.14379882812
1726407185204.1372,-0.97937011718,0.23620605468,-0.14379882812
1726407185224.1675,-0.97937011718,0.23620605468,-0.14379882812
1726407185244.0151,-0.98571777343,0.23461914062,-0.14001464843
1726407185264.1375,-0.98571777343,0.23461914062,-0.14001464843
1726407185284.1375,-0.98571777343,0.23461914062,-0.14001464843
1726407185304.168,-0.98571777343,0.23461914062,-0.14001464843
1726407185324.0151,-0.98645019531,0.2255859375,-0.13403320312
1726407185344.1375,-0.98645019531,0.2255859375,-0.13403320312
1726407185364.1375,-0.98645019531,0.2255859375,-0.13403320312
1726407185384.168,-0.98645019531,0.2255859375,-0.13403320312
1726407185404.0151,-0.98486328125,0.22875976562,-0.13330078125
1726407185424.1375,-0.98486328125,0.22875976562,-0.13330078125
1726407185444.1375,-0.98486328125,0.22875976562,-0.13330078125
1726407185464.1675,-0.98486328125,0.22875976562,-0.13330078125
1726407185484.0151,-0.98400878906,0.23742675781,-0.13513183593
1726407185504.1375,-0.98400878906,0.23742675781,-0.13513183593
1726407185524.168,-0.98400878906,0.23742675781,-0.13513183593
1726407185544.168,-0.98400878906,0.23742675781,-0.13513183593
1726407185564.0151,-0.98364257812,0.2373046875,-0.12976074218
1726407185584.168,-0.98364257812,0.2373046875,-0.12976074218
1726407185604.168,-0.98364257812,0.2373046875,-0.12976074218
1726407185624.1375,-0.98364257812,0.2373046875,-0.12976074218
1726407185644.0151,-0.98559570312,0.24145507812,-0.12927246093
1726407185664.1375,-0.98559570312,0.24145507812,-0.12927246093
1726407185684.1375,-0.98559570312,0.24145507812,-0.12927246093
1726407185704.1675,-0.98559570312,0.24145507812,-0.12927246093
1726407185724.0151,-0.98645019531,0.24658203125,-0.13110351562
1726407185744.168,-0.98645019531,0.24658203125,-0.13110351562
1726407185764.168,-0.98645019531,0.24658203125,-0.13110351562
1726407185784.1375,-0.98645019531,0.24658203125,-0.13110351562
1726407185804.0151,-0.98583984375,0.24475097656,-0.13098144531
1726407185824.168,-0.98583984375,0.24475097656,-0.13098144531
1726407185844.1375,-0.98583984375,0.24475097656,-0.13098144531
1726407185864.168,-0.98583984375,0.24475097656,-0.13098144531
1726407185884.0151,-0.982421875,0.22924804687,-0.13403320312
1726407185904.1375,-0.982421875,0.22924804687,-0.13403320312
1726407185924.1375,-0.982421875,0.22924804687,-0.13403320312
1726407185944.168,-0.982421875,0.22924804687,-0.13403320312
1726407185964.0457,-0.97570800781,0.22619628906,-0.13854980468
1726407185984.1372,-0.97570800781,0.22619628906,-0.13854980468
1726407186004.168,-0.97570800781,0.22619628906,-0.13854980468
1726407186024.1375,-0.97570800781,0.22619628906,-0.13854980468
1726407186044.0151,-0.974609375,0.22900390625,-0.14172363281
1726407186064.168,-0.974609375,0.22900390625,-0.14172363281
1726407186084.1375,-0.974609375,0.22900390625,-0.14172363281
1726407186104.1375,-0.974609375,0.22900390625,-0.14172363281
1726407186124.0151,-0.982421875,0.22607421875,-0.14221191406
1726407186144.1375,-0.982421875,0.22607421875,-0.14221191406
1726407186164.168,-0.982421875,0.22607421875,-0.14221191406
1726407186184.1375,-0.982421875,0.22607421875,-0.14221191406
1726407186204.0151,-0.98596191406,0.22058105468,-0.13818359375
1726407186224.1372,-0.98596191406,0.22058105468,-0.13818359375
1726407186244.168,-0.98596191406,0.22058105468,-0.13818359375
1726407186264.168,-0.98596191406,0.22058105468,-0.13818359375
1726407186284.0151,-0.97412109375,0.21496582031,-0.13110351562
1726407186304.168,-0.97412109375,0.21496582031,-0.13110351562
1726407186324.168,-0.97412109375,0.21496582031,-0.13110351562
1726407186344.1375,-0.97412109375,0.21496582031,-0.13110351562
1726407186364.046,-0.96557617187,0.23107910156,-0.12670898437
1726407186384.168,-0.96557617187,0.23107910156,-0.12670898437
1726407186404.1375,-0.96557617187,0.23107910156,-0.12670898437
1726407186424.1375,-0.96557617187,0.23107910156,-0.12670898437
1726407186444.0151,-0.97302246093,0.25,-0.13928222656
1726407186464.1372,-0.97302246093,0.25,-0.13928222656
1726407186484.168,-0.97302246093,0.25,-0.13928222656
1726407186504.168,-0.97302246093,0.25,-0.13928222656
1726407186524.0457,-0.98168945312,0.24633789062,-0.150390625
1726407186544.1375,-0.98168945312,0.24633789062,-0.150390625
1726407186564.168,-0.98168945312,0.24633789062,-0.150390625
1726407186584.1375,-0.98168945312,0.24633789062,-0.150390625
1726407186604.0151,-0.98571777343,0.23107910156,-0.14831542968
1726407186624.1375,-0.98571777343,0.23107910156,-0.14831542968
1726407186644.168,-0.98571777343,0.23107910156,-0.14831542968
1726407186664.168,-0.98571777343,0.23107910156,-0.14831542968
1726407186684.0151,-0.98962402343,0.2333984375,-0.14624023437
1726407186704.1675,-0.98962402343,0.2333984375,-0.14624023437
1726407186724.1675,-0.98962402343,0.2333984375,-0.14624023437
1726407186744.168,-0.98962402343,0.2333984375,-0.14624023437
1726407186764.0151,-0.97900390625,0.24145507812,-0.13049316406
1726407186784.168,-0.97900390625,0.24145507812,-0.13049316406
1726407186804.168,-0.97900390625,0.24145507812,-0.13049316406
1726407186824.168,-0.97900390625,0.24145507812,-0.13049316406
1726407186844.0151,-0.98132324218,0.2392578125,-0.12438964843
1726407186864.168,-0.98132324218,0.2392578125,-0.12438964843
1726407186884.1375,-0.98132324218,0.2392578125,-0.12438964843
1726407186904.168,-0.98132324218,0.2392578125,-0.12438964843
1726407186924.0151,-0.982421875,0.23706054687,-0.12158203125
1726407186944.1375,-0.982421875,0.23706054687,-0.12158203125
1726407186964.1372,-0.982421875,0.23706054687,-0.12158203125
1726407186984.168,-0.982421875,0.23706054687,-0.12158203125
1726407187004.0151,-0.9755859375,0.24133300781,-0.12023925781
1726407187024.1375,-0.9755859375,0.24133300781,-0.12023925781
1726407187044.1375,-0.9755859375,0.24133300781,-0.12023925781
1726407187064.1375,-0.9755859375,0.24133300781,-0.12023925781
1726407187084.0151,-0.97241210937,0.25170898437,-0.12377929687
1726407187104.1375,-0.97241210937,0.25170898437,-0.12377929687
1726407187124.168,-0.97241210937,0.25170898437,-0.12377929687
1726407187144.168,-0.97241210937,0.25170898437,-0.12377929687
1726407187164.0151,-0.97619628906,0.25756835937,-0.12548828125
1726407187184.1375,-0.97619628906,0.25756835937,-0.12548828125
1726407187204.1675,-0.97619628906,0.25756835937,-0.12548828125
1726407187224.1675,-0.97619628906,0.25756835937,-0.12548828125
1726407187244.0151,-0.98205566406,0.24572753906,-0.1220703125
1726407187264.168,-0.98205566406,0.24572753906,-0.1220703125
1726407187284.168,-0.98205566406,0.24572753906,-0.1220703125
1726407187304.168,-0.98205566406,0.24572753906,-0.1220703125
1726407187324.046,-0.98486328125,0.23083496093,-0.12145996093
1726407187344.1375,-0.98486328125,0.23083496093,-0.12145996093
1726407187364.168,-0.98486328125,0.23083496093,-0.12145996093
1726407187384.1375,-0.98486328125,0.23083496093,-0.12145996093
1726407187404.046,-0.98510742187,0.23327636718,-0.119140625
1726407187424.1375,-0.98510742187,0.23327636718,-0.119140625
1726407187444.1375,-0.98510742187,0.23327636718,-0.119140625
1726407187464.1372,-0.98510742187,0.23327636718,-0.119140625
1726407187484.0151,-0.98413085937,0.23742675781,-0.11181640625
1726407187504.1375,-0.98413085937,0.23742675781,-0.11181640625
1726407187524.1375,-0.98413085937,0.23742675781,-0.11181640625
1726407187544.168,-0.98413085937,0.23742675781,-0.11181640625
1726407187564.0151,-0.98266601562,0.24157714843,-0.11047363281
1726407187584.168,-0.98266601562,0.24157714843,-0.11047363281
1726407187604.168,-0.98266601562,0.24157714843,-0.11047363281
1726407187624.168,-0.98266601562,0.24157714843,-0.11047363281
1726407187644.0151,-0.98303222656,0.24340820312,-0.11608886718
1726407187664.168,-0.98303222656,0.24340820312,-0.11608886718
1726407187684.1375,-0.98303222656,0.24340820312,-0.11608886718
1726407187704.1675,-0.98303222656,0.24340820312,-0.11608886718
1726407187724.0151,-0.98010253906,0.24011230468,-0.11669921875
1726407187744.168,-0.98010253906,0.24011230468,-0.11669921875
1726407187764.168,-0.98010253906,0.24011230468,-0.11669921875
1726407187784.1375,-0.98010253906,0.24011230468,-0.11669921875
1726407187804.0151,-0.97766113281,0.24597167968,-0.11279296875
1726407187824.1375,-0.97766113281,0.24597167968,-0.11279296875
1726407187844.1375,-0.97766113281,0.24597167968,-0.11279296875
1726407187864.1375,-0.97766113281,0.24597167968,-0.11279296875
1726407187884.0151,-0.97961425781,0.24963378906,-0.11303710937
1726407187904.1375,-0.97961425781,0.24963378906,-0.11303710937
1726407187924.168,-0.97961425781,0.24963378906,-0.11303710937
1726407187944.1375,-0.97961425781,0.24963378906,-0.11303710937
1726407187964.0457,-0.9775390625,0.25036621093,-0.12255859375
1726407187984.1372,-0.9775390625,0.25036621093,-0.12255859375
1726407188004.1375,-0.9775390625,0.25036621093,-0.12255859375
1726407188024.1375,-0.9775390625,0.25036621093,-0.12255859375
1726407188044.0151,-0.97644042968,0.25378417968,-0.12585449218
1726407188064.168,-0.97644042968,0.25378417968,-0.12585449218
1726407188084.168,-0.97644042968,0.25378417968,-0.12585449218
1726407188104.168,-0.97644042968,0.25378417968,-0.12585449218
1726407188124.046,-0.97595214843,0.26159667968,-0.12536621093
1726407188144.1375,-0.97595214843,0.26159667968,-0.12536621093
1726407188164.168,-0.97595214843,0.26159667968,-0.12536621093
1726407188184.168,-0.97595214843,0.26159667968,-0.12536621093
1726407188204.0151,-0.97570800781,0.26428222656,-0.13244628906
1726407188224.1675,-0.97570800781,0.26428222656,-0.13244628906
1726407188244.168,-0.97570800781,0.26428222656,-0.13244628906
1726407188264.168,-0.97570800781,0.26428222656,-0.13244628906
1726407188284.0151,-0.97985839843,0.25927734375,-0.12951660156
1726407188304.168,-0.97985839843,0.25927734375,-0.12951660156
1726407188324.168,-0.97985839843,0.25927734375,-0.12951660156
1726407188344.1375,-0.97985839843,0.25927734375,-0.12951660156
1726407188364.046,-0.98168945312,0.255859375,-0.125
1726407188384.1375,-0.98168945312,0.255859375,-0.125
1726407188404.1375,-0.98168945312,0.255859375,-0.125
1726407188424.1375,-0.98168945312,0.255859375,-0.125
1726407188444.0151,-0.98571777343,0.25427246093,-0.12182617187
1726407188464.1675,-0.98571777343,0.25427246093,-0.12182617187
1726407188484.168,-0.98571777343,0.25427246093,-0.12182617187
1726407188504.168,-0.98571777343,0.25427246093,-0.12182617187
1726407188524.0151,-0.98486328125,0.22326660156,-0.1162109375
1726407188544.168,-0.98486328125,0.22326660156,-0.1162109375
1726407188564.168,-0.98486328125,0.22326660156,-0.1162109375
1726407188584.1375,-0.98486328125,0.22326660156,-0.1162109375
1726407188604.0151,-0.98620605468,0.21716308593,-0.11254882812
1726407188624.168,-0.98620605468,0.21716308593,-0.11254882812
1726407188644.168,-0.98620605468,0.21716308593,-0.11254882812
1726407188664.168,-0.98620605468,0.21716308593,-0.11254882812
1726407188684.0151,-0.98461914062,0.2216796875,-0.10766601562
1726407188704.1675,-0.98461914062,0.2216796875,-0.10766601562
1726407188724.1675,-0.98461914062,0.2216796875,-0.10766601562
1726407188744.1372,-0.98461914062,0.2216796875,-0.10766601562
1726407188764.0151,-0.98400878906,0.23107910156,-0.10546875
1726407188784.168,-0.98400878906,0.23107910156,-0.10546875
1726407188804.1375,-0.98400878906,0.23107910156,-0.10546875
1726407188824.1375,-0.98400878906,0.23107910156,-0.10546875
1726407188844.5344,-0.98474121093,0.24060058593,-0.11071777343
1726407188864.0151,-0.98474121093,0.24060058593,-0.11071777343
1726407188884.1375,-0.98474121093,0.24060058593,-0.11071777343
1726407188904.1375,-0.98474121093,0.24060058593,-0.11071777343
1726407188924.0151,-0.98400878906,0.24401855468,-0.11303710937
1726407188944.168,-0.98400878906,0.24401855468,-0.11303710937
1726407188964.1675,-0.98400878906,0.24401855468,-0.11303710937
1726407188984.1372,-0.98400878906,0.24401855468,-0.11303710937
1726407189004.0151,-0.98461914062,0.24768066406,-0.11108398437
1726407189024.1375,-0.98461914062,0.24768066406,-0.11108398437
1726407189044.1375,-0.98461914062,0.24768066406,-0.11108398437
1726407189064.168,-0.98461914062,0.24768066406,-0.11108398437
1726407189084.0151,-0.98400878906,0.24523925781,-0.11010742187
1726407189104.168,-0.98400878906,0.24523925781,-0.11010742187
1726407189124.168,-0.98400878906,0.24523925781,-0.11010742187
1726407189144.168,-0.98400878906,0.24523925781,-0.11010742187
1726407189164.0151,-0.98364257812,0.23986816406,-0.10864257812
1726407189184.1375,-0.98364257812,0.23986816406,-0.10864257812
1726407189204.1372,-0.98364257812,0.23986816406,-0.10864257812
1726407189224.1675,-0.98364257812,0.23986816406,-0.10864257812
1726407189244.0151,-0.98767089843,0.23229980468,-0.10375976562
1726407189264.1375,-0.98767089843,0.23229980468,-0.10375976562
1726407189284.1375,-0.98767089843,0.23229980468,-0.10375976562
1726407189304.1375,-0.98767089843,0.23229980468,-0.10375976562
1726407189324.046,-0.98950195312,0.21923828125,-0.09948730468
1726407189344.1375,-0.98950195312,0.21923828125,-0.09948730468
1726407189364.168,-0.98950195312,0.21923828125,-0.09948730468
1726407189384.1375,-0.98950195312,0.21923828125,-0.09948730468
1726407189404.0151,-0.99353027343,0.21325683593,-0.09741210937
1726407189424.168,-0.99353027343,0.21325683593,-0.09741210937
1726407189444.1375,-0.99353027343,0.21325683593,-0.09741210937
1726407189464.1675,-0.99353027343,0.21325683593,-0.09741210937
1726407189484.0151,-0.99328613281,0.20837402343,-0.09643554687
1726407189504.1375,-0.99328613281,0.20837402343,-0.09643554687
1726407189524.168,-0.99328613281,0.20837402343,-0.09643554687
1726407189544.168,-0.99328613281,0.20837402343,-0.09643554687
1726407189564.046,-0.98901367187,0.205078125,-0.09606933593
1726407189584.1375,-0.98901367187,0.205078125,-0.09606933593
1726407189604.168,-0.98901367187,0.205078125,-0.09606933593
1726407189624.168,-0.98901367187,0.205078125,-0.09606933593
1726407189644.0151,-0.99328613281,0.20556640625,-0.09484863281
1726407189664.1375,-0.99328613281,0.20556640625,-0.09484863281
1726407189684.168,-0.99328613281,0.20556640625,-0.09484863281
1726407189704.1372,-0.99328613281,0.20556640625,-0.09484863281
1726407189724.0151,-0.99633789062,0.20373535156,-0.09729003906
1726407189744.168,-0.99633789062,0.20373535156,-0.09729003906
1726407189764.1375,-0.99633789062,0.20373535156,-0.09729003906
1726407189784.168,-0.99633789062,0.20373535156,-0.09729003906
1726407189804.0151,-0.99255371093,0.20703125,-0.1005859375
1726407189824.168,-0.99255371093,0.20703125,-0.1005859375
1726407189844.1375,-0.99255371093,0.20703125,-0.1005859375
1726407189864.168,-0.99255371093,0.20703125,-0.1005859375
1726407189884.0151,-0.98767089843,0.20959472656,-0.10009765625
1726407189904.1375,-0.98767089843,0.20959472656,-0.10009765625
1726407189924.168,-0.98767089843,0.20959472656,-0.10009765625
1726407189944.168,-0.98767089843,0.20959472656,-0.10009765625
1726407189964.0151,-0.98645019531,0.20458984375,-0.09875488281
1726407189984.1372,-0.98645019531,0.20458984375,-0.09875488281
1726407190004.1375,-0.98645019531,0.20458984375,-0.09875488281
1726407190024.1375,-0.98645019531,0.20458984375,-0.09875488281
1726407190044.0151,-0.98681640625,0.19909667968,-0.09289550781
1726407190064.168,-0.98681640625,0.19909667968,-0.09289550781
1726407190084.168,-0.98681640625,0.19909667968,-0.09289550781
1726407190104.168,-0.98681640625,0.19909667968,-0.09289550781
1726407190124.0151,-0.98803710937,0.19763183593,-0.08923339843
1726407190144.1375,-0.98803710937,0.19763183593,-0.08923339843
1726407190164.168,-0.98803710937,0.19763183593,-0.08923339843
1726407190184.168,-0.98803710937,0.19763183593,-0.08923339843
1726407190204.0151,-0.98999023437,0.20886230468,-0.10363769531
1726407190224.1675,-0.98999023437,0.20886230468,-0.10363769531
1726407190244.168,-0.98999023437,0.20886230468,-0.10363769531
1726407190264.1375,-0.98999023437,0.20886230468,-0.10363769531
1726407190284.0151,-0.99267578125,0.21569824218,-0.11499023437
1726407190304.1375,-0.99267578125,0.21569824218,-0.11499023437
1726407190324.168,-0.99267578125,0.21569824218,-0.11499023437
1726407190344.168,-0.99267578125,0.21569824218,-0.11499023437
1726407190364.0151,-0.99084472656,0.21374511718,-0.10986328125
1726407190384.168,-0.99084472656,0.21374511718,-0.10986328125
1726407190404.1375,-0.99084472656,0.21374511718,-0.10986328125
1726407190424.168,-0.99084472656,0.21374511718,-0.10986328125
1726407190444.046,-0.98889160156,0.20654296875,-0.10437011718
1726407190464.1675,-0.98889160156,0.20654296875,-0.10437011718
1726407190484.168,-0.98889160156,0.20654296875,-0.10437011718
1726407190504.1375,-0.98889160156,0.20654296875,-0.10437011718
1726407190524.0457,-0.9912109375,0.20727539062,-0.11120605468
1726407190544.168,-0.9912109375,0.20727539062,-0.11120605468
1726407190564.168,-0.9912109375,0.20727539062,-0.11120605468
1726407190584.1375,-0.9912109375,0.20727539062,-0.11120605468
1726407190604.0151,-0.99011230468,0.21606445312,-0.11547851562
1726407190624.168,-0.99011230468,0.21606445312,-0.11547851562
1726407190644.168,-0.99011230468,0.21606445312,-0.11547851562
1726407190664.168,-0.99011230468,0.21606445312,-0.11547851562
1726407190684.0151,-0.98754882812,0.22424316406,-0.11108398437
1726407190704.1372,-0.98754882812,0.22424316406,-0.11108398437
1726407190724.1675,-0.98754882812,0.22424316406,-0.11108398437
1726407190744.168,-0.98754882812,0.22424316406,-0.11108398437
1726407190764.0457,-0.99267578125,0.220703125,-0.10388183593
1726407190784.168,-0.99267578125,0.220703125,-0.10388183593
1726407190804.168,-0.99267578125,0.220703125,-0.10388183593
1726407190824.168,-0.99267578125,0.220703125,-0.10388183593
1726407190844.046,-0.99499511718,0.20874023437,-0.09741210937
1726407190864.168,-0.99499511718,0.20874023437,-0.09741210937
1726407190884.168,-0.99499511718,0.20874023437,-0.09741210937
1726407190904.168,-0.99499511718,0.20874023437,-0.09741210937
1726407190924.0151,-0.99194335937,0.20202636718,-0.09753417968
1726407190944.1375,-0.99194335937,0.20202636718,-0.09753417968
1726407190964.1372,-0.99194335937,0.20202636718,-0.09753417968
1726407190984.1372,-0.99194335937,0.20202636718,-0.09753417968
1726407191004.0457,-0.986328125,0.20104980468,-0.10070800781
1726407191024.168,-0.986328125,0.20104980468,-0.10070800781
1726407191044.168,-0.986328125,0.20104980468,-0.10070800781
1726407191064.1375,-0.986328125,0.20104980468,-0.10070800781
1726407191084.0151,-0.98266601562,0.20788574218,-0.1083984375
1726407191104.168,-0.98266601562,0.20788574218,-0.1083984375
1726407191124.1375,-0.98266601562,0.20788574218,-0.1083984375
1726407191144.168,-0.98266601562,0.20788574218,-0.1083984375
1726407191164.0151,-0.98620605468,0.21630859375,-0.11206054687
1726407191184.1375,-0.98620605468,0.21630859375,-0.11206054687
1726407191204.1675,-0.98620605468,0.21630859375,-0.11206054687
1726407191224.1372,-0.98620605468,0.21630859375,-0.11206054687
1726407191244.0151,-0.98889160156,0.21606445312,-0.10546875
1726407191264.1375,-0.98889160156,0.21606445312,-0.10546875
1726407191284.1375,-0.98889160156,0.21606445312,-0.10546875
1726407191304.1375,-0.98889160156,0.21606445312,-0.10546875
1726407191324.0151,-0.98901367187,0.21801757812,-0.1064453125
1726407191344.1375,-0.98901367187,0.21801757812,-0.1064453125
1726407191364.1375,-0.98901367187,0.21801757812,-0.1064453125
1726407191384.1375,-0.98901367187,0.21801757812,-0.1064453125
1726407191404.046,-0.98596191406,0.22619628906,-0.11108398437
1726407191424.168,-0.98596191406,0.22619628906,-0.11108398437
1726407191444.168,-0.98596191406,0.22619628906,-0.11108398437
1726407191464.1372,-0.98596191406,0.22619628906,-0.11108398437
1726407191484.0457,-0.98254394531,0.22583007812,-0.10595703125
1726407191504.168,-0.98254394531,0.22583007812,-0.10595703125
1726407191524.168,-0.98254394531,0.22583007812,-0.10595703125
1726407191544.1375,-0.98254394531,0.22583007812,-0.10595703125
1726407191564.046,-0.98718261718,0.22668457031,-0.10461425781
1726407191584.168,-0.98718261718,0.22668457031,-0.10461425781
1726407191604.1375,-0.98718261718,0.22668457031,-0.10461425781
1726407191624.168,-0.98718261718,0.22668457031,-0.10461425781
1726407191644.0151,-0.99145507812,0.22924804687,-0.10925292968
1726407191664.1375,-0.99145507812,0.22924804687,-0.10925292968
1726407191684.1375,-0.99145507812,0.22924804687,-0.10925292968
1726407191704.1675,-0.99145507812,0.22924804687,-0.10925292968
1726407191724.0151,-0.98815917968,0.22937011718,-0.10827636718
1726407191744.168,-0.98815917968,0.22937011718,-0.10827636718
1726407191764.168,-0.98815917968,0.22937011718,-0.10827636718
1726407191784.1375,-0.98815917968,0.22937011718,-0.10827636718
1726407191804.0151,-0.98864746093,0.22937011718,-0.10461425781
1726407191824.168,-0.98864746093,0.22937011718,-0.10461425781
1726407191844.168,-0.98864746093,0.22937011718,-0.10461425781
1726407191864.1375,-0.98864746093,0.22937011718,-0.10461425781
1726407191884.0151,-0.9912109375,0.22338867187,-0.10375976562
1726407191904.168,-0.9912109375,0.22338867187,-0.10375976562
1726407191924.1375,-0.9912109375,0.22338867187,-0.10375976562
1726407191944.168,-0.9912109375,0.22338867187,-0.10375976562
1726407191964.0151,-0.99438476562,0.22241210937,-0.10571289062
1726407191984.1372,-0.99438476562,0.22241210937,-0.10571289062
1726407192004.1375,-0.99438476562,0.22241210937,-0.10571289062
1726407192024.168,-0.99438476562,0.22241210937,-0.10571289062
1726407192044.0151,-0.99365234375,0.21374511718,-0.11071777343
1726407192064.168,-0.99365234375,0.21374511718,-0.11071777343
1726407192084.168,-0.99365234375,0.21374511718,-0.11071777343
1726407192104.168,-0.99365234375,0.21374511718,-0.11071777343
1726407192124.0151,-0.990234375,0.21789550781,-0.11315917968
1726407192144.1375,-0.990234375,0.21789550781,-0.11315917968
1726407192164.1375,-0.990234375,0.21789550781,-0.11315917968
1726407192184.168,-0.990234375,0.21789550781,-0.11315917968
1726407192204.0151,-0.9833984375,0.22302246093,-0.11108398437
1726407192224.1675,-0.9833984375,0.22302246093,-0.11108398437
1726407192244.168,-0.9833984375,0.22302246093,-0.11108398437
1726407192264.1375,-0.9833984375,0.22302246093,-0.11108398437
1726407192284.0151,-0.98657226562,0.21813964843,-0.11010742187
1726407192304.168,-0.98657226562,0.21813964843,-0.11010742187
1726407192324.1375,-0.98657226562,0.21813964843,-0.11010742187
1726407192344.168,-0.98657226562,0.21813964843,-0.11010742187
1726407192364.0151,-0.9921875,0.21691894531,-0.11486816406
1726407192384.168,-0.9921875,0.21691894531,-0.11486816406
1726407192404.168,-0.9921875,0.21691894531,-0.11486816406
1726407192424.168,-0.9921875,0.21691894531,-0.11486816406
1726407192444.0151,-0.98950195312,0.21948242187,-0.11511230468
1726407192464.1675,-0.98950195312,0.21948242187,-0.11511230468
1726407192484.168,-0.98950195312,0.21948242187,-0.11511230468
1726407192504.1375,-0.98950195312,0.21948242187,-0.11511230468
1726407192524.0151,-0.98620605468,0.22473144531,-0.11303710937
1726407192544.1375,-0.98620605468,0.22473144531,-0.11303710937
1726407192564.168,-0.98620605468,0.22473144531,-0.11303710937
1726407192584.1375,-0.98620605468,0.22473144531,-0.11303710937
1726407192604.046,-0.98571777343,0.22521972656,-0.11633300781
1726407192624.168,-0.98571777343,0.22521972656,-0.11633300781
1726407192644.168,-0.98571777343,0.22521972656,-0.11633300781
1726407192664.168,-0.98571777343,0.22521972656,-0.11633300781
1726407192684.0151,-0.98449707031,0.22009277343,-0.11779785156
1726407192704.1675,-0.98449707031,0.22009277343,-0.11779785156
1726407192724.1675,-0.98449707031,0.22009277343,-0.11779785156
1726407192744.168,-0.98449707031,0.22009277343,-0.11779785156
1726407192764.0151,-0.98596191406,0.21472167968,-0.11645507812
1726407192784.1375,-0.98596191406,0.21472167968,-0.11645507812
1726407192804.168,-0.98596191406,0.21472167968,-0.11645507812
1726407192824.168,-0.98596191406,0.21472167968,-0.11645507812
1726407192844.0151,-0.98559570312,0.21118164062,-0.11682128906
1726407192864.1375,-0.98559570312,0.21118164062,-0.11682128906
1726407192884.1375,-0.98559570312,0.21118164062,-0.11682128906
1726407192904.168,-0.98559570312,0.21118164062,-0.11682128906
1726407192924.0151,-0.9833984375,0.20837402343,-0.11804199218
1726407192944.1375,-0.9833984375,0.20837402343,-0.11804199218
1726407192964.1675,-0.9833984375,0.20837402343,-0.11804199218
1726407192984.1372,-0.9833984375,0.20837402343,-0.11804199218
1726407193004.0457,-0.98132324218,0.20190429687,-0.11645507812
1726407193024.168,-0.98132324218,0.20190429687,-0.11645507812
1726407193044.168,-0.98132324218,0.20190429687,-0.11645507812
1726407193064.168,-0.98132324218,0.20190429687,-0.11645507812
1726407193084.0151,-0.982421875,0.20617675781,-0.11267089843
1726407193104.168,-0.982421875,0.20617675781,-0.11267089843
1726407193124.1375,-0.982421875,0.20617675781,-0.11267089843
1726407193144.168,-0.982421875,0.20617675781,-0.11267089843
1726407193164.0151,-0.98498535156,0.21655273437,-0.11511230468
1726407193184.1375,-0.98498535156,0.21655273437,-0.11511230468
1726407193204.1675,-0.98498535156,0.21655273437,-0.11511230468
1726407193224.1675,-0.98498535156,0.21655273437,-0.11511230468
1726407193244.0151,-0.98303222656,0.21508789062,-0.11828613281
1726407193264.1375,-0.98303222656,0.21508789062,-0.11828613281
1726407193284.168,-0.98303222656,0.21508789062,-0.11828613281
1726407193304.168,-0.98303222656,0.21508789062,-0.11828613281
1726407193324.0151,-0.98327636718,0.20922851562,-0.11669921875
1726407193344.168,-0.98327636718,0.20922851562,-0.11669921875
1726407193364.1375,-0.98327636718,0.20922851562,-0.11669921875
1726407193384.1375,-0.98327636718,0.20922851562,-0.11669921875
1726407193404.0151,-0.98327636718,0.20434570312,-0.11584472656
1726407193424.1375,-0.98327636718,0.20434570312,-0.11584472656
1726407193444.168,-0.98327636718,0.20434570312,-0.11584472656
1726407193464.1675,-0.98327636718,0.20434570312,-0.11584472656
1726407193484.0151,-0.98547363281,0.20629882812,-0.11755371093
1726407193504.168,-0.98547363281,0.20629882812,-0.11755371093
1726407193524.1375,-0.98547363281,0.20629882812,-0.11755371093
1726407193544.1375,-0.98547363281,0.20629882812,-0.11755371093
1726407193564.0151,-0.98681640625,0.20751953125,-0.13000488281
1726407193584.168,-0.98681640625,0.20751953125,-0.13000488281
1726407193604.168,-0.98681640625,0.20751953125,-0.13000488281
1726407193624.1375,-0.98681640625,0.20751953125,-0.13000488281
1726407193644.0151,-0.98706054687,0.21508789062,-0.12316894531
1726407193664.1375,-0.98706054687,0.21508789062,-0.12316894531
1726407193684.1375,-0.98706054687,0.21508789062,-0.12316894531
1726407193704.1675,-0.98706054687,0.21508789062,-0.12316894531
1726407193724.0151,-0.98718261718,0.220703125,-0.11267089843
1726407193744.168,-0.98718261718,0.220703125,-0.11267089843
1726407193764.168,-0.98718261718,0.220703125,-0.11267089843
1726407193784.1375,-0.98718261718,0.220703125,-0.11267089843
1726407193804.0151,-0.98828125,0.22009277343,-0.10571289062
1726407193824.168,-0.98828125,0.22009277343,-0.10571289062
1726407193844.168,-0.98828125,0.22009277343,-0.10571289062
1726407193864.1375,-0.98828125,0.22009277343,-0.10571289062
1726407193884.046,-0.98876953125,0.22619628906,-0.11071777343
1726407193904.168,-0.98876953125,0.22619628906,-0.11071777343
1726407193924.168,-0.98876953125,0.22619628906,-0.11071777343
1726407193944.168,-0.98876953125,0.22619628906,-0.11071777343
1726407193964.0151,-0.98901367187,0.23205566406,-0.115234375
1726407193984.168,-0.98901367187,0.23205566406,-0.115234375
1726407194004.1375,-0.98901367187,0.23205566406,-0.115234375
1726407194024.168,-0.98901367187,0.23205566406,-0.115234375
1726407194044.0151,-0.98596191406,0.23388671875,-0.1162109375
1726407194064.168,-0.98596191406,0.23388671875,-0.1162109375
1726407194084.1375,-0.98596191406,0.23388671875,-0.1162109375
1726407194104.1375,-0.98596191406,0.23388671875,-0.1162109375
1726407194124.046,-0.98461914062,0.23779296875,-0.11987304687
1726407194144.168,-0.98461914062,0.23779296875,-0.11987304687
1726407194164.1375,-0.98461914062,0.23779296875,-0.11987304687
1726407194184.168,-0.98461914062,0.23779296875,-0.11987304687
1726407194204.0151,-0.98291015625,0.24475097656,-0.12365722656
1726407194224.1372,-0.98291015625,0.24475097656,-0.12365722656
1726407194244.1372,-0.98291015625,0.24475097656,-0.12365722656
1726407194264.1375,-0.98291015625,0.24475097656,-0.12365722656
1726407194284.0151,-0.97998046875,0.248046875,-0.12231445312
1726407194304.168,-0.97998046875,0.248046875,-0.12231445312
1726407194324.1375,-0.97998046875,0.248046875,-0.12231445312
1726407194344.168,-0.97998046875,0.248046875,-0.12231445312
1726407194364.0151,-0.97863769531,0.24438476562,-0.11950683593
1726407194384.168,-0.97863769531,0.24438476562,-0.11950683593
1726407194404.168,-0.97863769531,0.24438476562,-0.11950683593
1726407194424.168,-0.97863769531,0.24438476562,-0.11950683593
1726407194444.0151,-0.97705078125,0.24267578125,-0.1162109375
1726407194464.1675,-0.97705078125,0.24267578125,-0.1162109375
1726407194484.1372,-0.97705078125,0.24267578125,-0.1162109375
1726407194504.168,-0.97705078125,0.24267578125,-0.1162109375
1726407194524.0457,-0.97521972656,0.24194335937,-0.11254882812
1726407194544.168,-0.97521972656,0.24194335937,-0.11254882812
1726407194564.168,-0.97521972656,0.24194335937,-0.11254882812
1726407194584.168,-0.97521972656,0.24194335937,-0.11254882812
1726407194604.0151,-0.978515625,0.24255371093,-0.11083984375
1726407194624.168,-0.978515625,0.24255371093,-0.11083984375
1726407194644.168,-0.978515625,0.24255371093,-0.11083984375
1726407194664.1375,-0.978515625,0.24255371093,-0.11083984375
1726407194684.0151,-0.98107910156,0.24597167968,-0.10375976562
1726407194704.2595,-0.98107910156,0.24597167968,-0.10375976562
1726407194724.1675,-0.98107910156,0.24597167968,-0.10375976562
1726407194744.1372,-0.98107910156,0.24597167968,-0.10375976562
1726407194764.0457,-0.98022460937,0.24243164062,-0.09948730468
1726407194784.168,-0.98022460937,0.24243164062,-0.09948730468
1726407194804.1375,-0.98022460937,0.24243164062,-0.09948730468
1726407194824.168,-0.98022460937,0.24243164062,-0.09948730468
1726407194844.0151,-0.98291015625,0.23754882812,-0.09631347656
1726407194864.168,-0.98291015625,0.23754882812,-0.09631347656
1726407194884.0151,-0.98291015625,0.23754882812,-0.09631347656
1726407194904.3208,-0.98291015625,0.23754882812,-0.09631347656
1726407194924.0151,-0.98315429687,0.24157714843,-0.09289550781
1726407194944.1375,-0.98315429687,0.24157714843,-0.09289550781
1726407194964.1372,-0.98315429687,0.24157714843,-0.09289550781
1726407194984.168,-0.98315429687,0.24157714843,-0.09289550781
1726407195004.0457,-0.98425292968,0.24450683593,-0.09436035156
1726407195024.1375,-0.98425292968,0.24450683593,-0.09436035156
1726407195044.168,-0.98425292968,0.24450683593,-0.09436035156
1726407195064.1375,-0.98425292968,0.24450683593,-0.09436035156
1726407195084.0151,-0.98486328125,0.24267578125,-0.09191894531
1726407195104.1985,-0.98486328125,0.24267578125,-0.09191894531
1726407195124.168,-0.98486328125,0.24267578125,-0.09191894531
1726407195144.168,-0.98486328125,0.24267578125,-0.09191894531
1726407195164.046,-0.98400878906,0.23986816406,-0.08764648437
1726407195184.168,-0.98400878906,0.23986816406,-0.08764648437
1726407195204.1675,-0.98400878906,0.23986816406,-0.08764648437
1726407195224.1372,-0.98400878906,0.23986816406,-0.08764648437
1726407195244.0151,-0.97937011718,0.24389648437,-0.09399414062
1726407195264.168,-0.97937011718,0.24389648437,-0.09399414062
1726407195284.1375,-0.97937011718,0.24389648437,-0.09399414062
1726407195304.229,-0.97937011718,0.24389648437,-0.09399414062
1726407195324.0151,-0.98046875,0.24145507812,-0.08544921875
1726407195344.168,-0.98046875,0.24145507812,-0.08544921875
1726407195364.168,-0.98046875,0.24145507812,-0.08544921875
1726407195384.168,-0.98046875,0.24145507812,-0.08544921875
1726407195404.0151,-0.97998046875,0.24645996093,-0.08984375
1726407195424.168,-0.97998046875,0.24645996093,-0.08984375
1726407195444.168,-0.97998046875,0.24645996093,-0.08984375
1726407195464.1372,-0.97998046875,0.24645996093,-0.08984375
1726407195484.0151,-0.98181152343,0.2509765625,-0.09814453125
1726407195504.168,-0.98181152343,0.2509765625,-0.09814453125
1726407195524.168,-0.98181152343,0.2509765625,-0.09814453125
1726407195544.168,-0.98181152343,0.2509765625,-0.09814453125
1726407195564.0151,-0.98474121093,0.25305175781,-0.09997558593
1726407195584.1375,-0.98474121093,0.25305175781,-0.09997558593
1726407195604.168,-0.98474121093,0.25305175781,-0.09997558593
1726407195624.1375,-0.98474121093,0.25305175781,-0.09997558593
1726407195644.0151,-0.98608398437,0.25500488281,-0.10388183593
1726407195664.168,-0.98608398437,0.25500488281,-0.10388183593
1726407195684.1375,-0.98608398437,0.25500488281,-0.10388183593
1726407195704.1675,-0.98608398437,0.25500488281,-0.10388183593
1726407195724.0151,-0.98571777343,0.25695800781,-0.10681152343
1726407195744.1372,-0.98571777343,0.25695800781,-0.10681152343
1726407195764.168,-0.98571777343,0.25695800781,-0.10681152343
1726407195784.1375,-0.98571777343,0.25695800781,-0.10681152343
1726407195804.0151,-0.98657226562,0.26000976562,-0.10925292968
1726407195824.168,-0.98657226562,0.26000976562,-0.10925292968
1726407195844.168,-0.98657226562,0.26000976562,-0.10925292968
1726407195864.1375,-0.98657226562,0.26000976562,-0.10925292968
1726407195884.0151,-0.98583984375,0.26147460937,-0.10717773437
1726407195904.168,-0.98583984375,0.26147460937,-0.10717773437
1726407195924.1375,-0.98583984375,0.26147460937,-0.10717773437
1726407195944.1375,-0.98583984375,0.26147460937,-0.10717773437
1726407195964.0151,-0.98352050781,0.26000976562,-0.10107421875
1726407195984.1372,-0.98352050781,0.26000976562,-0.10107421875
1726407196004.1375,-0.98352050781,0.26000976562,-0.10107421875
1726407196024.168,-0.98352050781,0.26000976562,-0.10107421875
1726407196044.0151,-0.982421875,0.25512695312,-0.09716796875
1726407196064.1375,-0.982421875,0.25512695312,-0.09716796875
1726407196084.168,-0.982421875,0.25512695312,-0.09716796875
1726407196104.168,-0.982421875,0.25512695312,-0.09716796875
1726407196124.0151,-0.98291015625,0.24768066406,-0.09838867187
1726407196144.168,-0.98291015625,0.24768066406,-0.09838867187
1726407196164.1375,-0.98291015625,0.24768066406,-0.09838867187
1726407196184.168,-0.98291015625,0.24768066406,-0.09838867187
1726407196204.0151,-0.98425292968,0.24633789062,-0.10424804687
1726407196224.1675,-0.98425292968,0.24633789062,-0.10424804687
1726407196244.168,-0.98425292968,0.24633789062,-0.10424804687
1726407196264.1375,-0.98425292968,0.24633789062,-0.10424804687
1726407196284.0151,-0.98266601562,0.24780273437,-0.10485839843
1726407196304.1375,-0.98266601562,0.24780273437,-0.10485839843
1726407196324.168,-0.98266601562,0.24780273437,-0.10485839843
1726407196344.1375,-0.98266601562,0.24780273437,-0.10485839843
1726407196364.0151,-0.98095703125,0.24731445312,-0.09997558593
1726407196384.168,-0.98095703125,0.24731445312,-0.09997558593
1726407196404.1375,-0.98095703125,0.24731445312,-0.09997558593
1726407196424.168,-0.98095703125,0.24731445312,-0.09997558593
1726407196444.0151,-0.98229980468,0.24926757812,-0.09765625
1726407196464.1675,-0.98229980468,0.24926757812,-0.09765625
1726407196484.1372,-0.98229980468,0.24926757812,-0.09765625
1726407196504.168,-0.98229980468,0.24926757812,-0.09765625
1726407196524.0457,-0.98498535156,0.25219726562,-0.10083007812
1726407196544.168,-0.98498535156,0.25219726562,-0.10083007812
1726407196564.168,-0.98498535156,0.25219726562,-0.10083007812
1726407196584.1375,-0.98498535156,0.25219726562,-0.10083007812
1726407196604.0151,-0.98510742187,0.25366210937,-0.10534667968
1726407196624.1375,-0.98510742187,0.25366210937,-0.10534667968
1726407196644.1375,-0.98510742187,0.25366210937,-0.10534667968
1726407196664.1375,-0.98510742187,0.25366210937,-0.10534667968
1726407196684.0151,-0.98522949218,0.25634765625,-0.10754394531
1726407196704.1675,-0.98522949218,0.25634765625,-0.10754394531
1726407196724.1675,-0.98522949218,0.25634765625,-0.10754394531
1726407196744.168,-0.98522949218,0.25634765625,-0.10754394531
1726407196764.0151,-0.98425292968,0.25451660156,-0.10852050781
1726407196784.1375,-0.98425292968,0.25451660156,-0.10852050781
1726407196804.168,-0.98425292968,0.25451660156,-0.10852050781
1726407196824.168,-0.98425292968,0.25451660156,-0.10852050781
1726407196844.0151,-0.97961425781,0.25158691406,-0.10583496093
1726407196864.1375,-0.97961425781,0.25158691406,-0.10583496093
1726407196884.1375,-0.97961425781,0.25158691406,-0.10583496093
1726407196904.168,-0.97961425781,0.25158691406,-0.10583496093
1726407196924.0151,-0.97387695312,0.248046875,-0.10852050781
1726407196944.168,-0.97387695312,0.248046875,-0.10852050781
1726407196964.1372,-0.97387695312,0.248046875,-0.10852050781
1726407196984.1372,-0.97387695312,0.248046875,-0.10852050781
1726407197004.0151,-0.97265625,0.25268554687,-0.099609375
1726407197024.168,-0.97265625,0.25268554687,-0.099609375
1726407197044.1375,-0.97265625,0.25268554687,-0.099609375
1726407197064.1375,-0.97265625,0.25268554687,-0.099609375
1726407197084.046,-0.97106933593,0.2548828125,-0.09643554687
1726407197104.1375,-0.97106933593,0.2548828125,-0.09643554687
1726407197124.1375,-0.97106933593,0.2548828125,-0.09643554687
1726407197144.168,-0.97106933593,0.2548828125,-0.09643554687
1726407197164.0151,-0.9765625,0.255859375,-0.10437011718
1726407197184.1375,-0.9765625,0.255859375,-0.10437011718
1726407197204.1675,-0.9765625,0.255859375,-0.10437011718
1726407197224.1372,-0.9765625,0.255859375,-0.10437011718
1726407197244.0457,-0.98022460937,0.25744628906,-0.10803222656
1726407197264.168,-0.98022460937,0.25744628906,-0.10803222656
1726407197284.1375,-0.98022460937,0.25744628906,-0.10803222656
1726407197304.168,-0.98022460937,0.25744628906,-0.10803222656
1726407197324.0151,-0.97973632812,0.26123046875,-0.10559082031
1726407197344.168,-0.97973632812,0.26123046875,-0.10559082031
1726407197364.168,-0.97973632812,0.26123046875,-0.10559082031
1726407197384.168,-0.97973632812,0.26123046875,-0.10559082031
1726407197404.0151,-0.9775390625,0.2578125,-0.10754394531
1726407197424.1375,-0.9775390625,0.2578125,-0.10754394531
1726407197444.1375,-0.9775390625,0.2578125,-0.10754394531
1726407197464.1675,-0.9775390625,0.2578125,-0.10754394531
1726407197484.0151,-0.97546386718,0.25207519531,-0.10852050781
1726407197504.1375,-0.97546386718,0.25207519531,-0.10852050781
1726407197524.1375,-0.97546386718,0.25207519531,-0.10852050781
1726407197544.1375,-0.97546386718,0.25207519531,-0.10852050781
1726407197564.0151,-0.9765625,0.25354003906,-0.10266113281
1726407197584.168,-0.9765625,0.25354003906,-0.10266113281
1726407197604.168,-0.9765625,0.25354003906,-0.10266113281
1726407197624.168,-0.9765625,0.25354003906,-0.10266113281
1726407197644.0151,-0.97705078125,0.25427246093,-0.10107421875
1726407197664.168,-0.97705078125,0.25427246093,-0.10107421875
1726407197684.168,-0.97705078125,0.25427246093,-0.10107421875
1726407197704.1372,-0.97705078125,0.25427246093,-0.10107421875
1726407197724.0457,-0.98046875,0.25451660156,-0.10339355468
1726407197744.168,-0.98046875,0.25451660156,-0.10339355468
1726407197764.168,-0.98046875,0.25451660156,-0.10339355468
1726407197784.168,-0.98046875,0.25451660156,-0.10339355468
1726407197804.0151,-0.98303222656,0.25256347656,-0.10241699218
1726407197824.1375,-0.98303222656,0.25256347656,-0.10241699218
1726407197844.168,-0.98303222656,0.25256347656,-0.10241699218
1726407197864.1375,-0.98303222656,0.25256347656,-0.10241699218
1726407197884.0151,-0.98217773437,0.24645996093,-0.10290527343
1726407197904.1375,-0.98217773437,0.24645996093,-0.10290527343
1726407197924.168,-0.98217773437,0.24645996093,-0.10290527343
1726407197944.1375,-0.98217773437,0.24645996093,-0.10290527343
1726407197964.0151,-0.98278808593,0.24572753906,-0.1083984375
1726407197984.168,-0.98278808593,0.24572753906,-0.1083984375
1726407198004.168,-0.98278808593,0.24572753906,-0.1083984375
1726407198024.1375,-0.98278808593,0.24572753906,-0.1083984375
1726407198044.0457,-0.98413085937,0.24963378906,-0.10681152343
1726407198064.168,-0.98413085937,0.24963378906,-0.10681152343
1726407198084.168,-0.98413085937,0.24963378906,-0.10681152343
1726407198104.1985,-0.98413085937,0.24963378906,-0.10681152343
1726407198124.0151,-0.98583984375,0.25244140625,-0.09875488281
1726407198144.168,-0.98583984375,0.25244140625,-0.09875488281
1726407198164.1375,-0.98583984375,0.25244140625,-0.09875488281
1726407198184.1375,-0.98583984375,0.25244140625,-0.09875488281
1726407198204.0457,-0.98559570312,0.25476074218,-0.09497070312
1726407198224.1675,-0.98559570312,0.25476074218,-0.09497070312
1726407198244.1372,-0.98559570312,0.25476074218,-0.09497070312
1726407198264.168,-0.98559570312,0.25476074218,-0.09497070312
1726407198284.0151,-0.98645019531,0.24853515625,-0.09228515625
1726407198304.1375,-0.98645019531,0.24853515625,-0.09228515625
1726407198324.168,-0.98645019531,0.24853515625,-0.09228515625
1726407198344.1375,-0.98645019531,0.24853515625,-0.09228515625
1726407198364.046,-0.98693847656,0.23828125,-0.0888671875
1726407198384.168,-0.98693847656,0.23828125,-0.0888671875
1726407198404.168,-0.98693847656,0.23828125,-0.0888671875
1726407198424.168,-0.98693847656,0.23828125,-0.0888671875
1726407198444.0151,-0.98388671875,0.23986816406,-0.08935546875
1726407198464.1675,-0.98388671875,0.23986816406,-0.08935546875
1726407198484.168,-0.98388671875,0.23986816406,-0.08935546875
1726407198504.168,-0.98388671875,0.23986816406,-0.08935546875
1726407198524.0151,-0.97839355468,0.24890136718,-0.09790039062
1726407198544.168,-0.97839355468,0.24890136718,-0.09790039062
1726407198564.1375,-0.97839355468,0.24890136718,-0.09790039062
1726407198584.1375,-0.97839355468,0.24890136718,-0.09790039062
1726407198604.046,-0.97668457031,0.25512695312,-0.10278320312
1726407198624.168,-0.97668457031,0.25512695312,-0.10278320312
1726407198644.168,-0.97668457031,0.25512695312,-0.10278320312
1726407198664.1375,-0.97668457031,0.25512695312,-0.10278320312
1726407198684.046,-0.97290039062,0.25915527343,-0.10424804687
1726407198704.1372,-0.97290039062,0.25915527343,-0.10424804687
1726407198724.1675,-0.97290039062,0.25915527343,-0.10424804687
1726407198744.168,-0.97290039062,0.25915527343,-0.10424804687
1726407198764.0457,-0.98266601562,0.26208496093,-0.10388183593
1726407198784.1375,-0.98266601562,0.26208496093,-0.10388183593
1726407198804.168,-0.98266601562,0.26208496093,-0.10388183593
1726407198824.168,-0.98266601562,0.26208496093,-0.10388183593
1726407198844.0151,-0.98303222656,0.26025390625,-0.09838867187
1726407198864.168,-0.98303222656,0.26025390625,-0.09838867187
1726407198884.168,-0.98303222656,0.26025390625,-0.09838867187
1726407198904.1375,-0.98303222656,0.26025390625,-0.09838867187
1726407198924.0151,-0.98010253906,0.25524902343,-0.08972167968
1726407198944.168,-0.98010253906,0.25524902343,-0.08972167968
1726407198964.1675,-0.98010253906,0.25524902343,-0.08972167968
1726407198984.168,-0.98010253906,0.25524902343,-0.08972167968
1726407199004.0151,-0.98498535156,0.24768066406,-0.09399414062
1726407199024.168,-0.98498535156,0.24768066406,-0.09399414062
1726407199044.1375,-0.98498535156,0.24768066406,-0.09399414062
1726407199064.1375,-0.98498535156,0.24768066406,-0.09399414062
1726407199084.0151,-0.96948242187,0.24633789062,-0.11462402343
1726407199104.168,-0.96948242187,0.24633789062,-0.11462402343
1726407199124.168,-0.96948242187,0.24633789062,-0.11462402343
1726407199144.168,-0.96948242187,0.24633789062,-0.11462402343
1726407199164.0151,-0.95703125,0.24462890625,-0.12329101562
1726407199184.168,-0.95703125,0.24462890625,-0.12329101562
1726407199204.1372,-0.95703125,0.24462890625,-0.12329101562
1726407199224.1675,-0.95703125,0.24462890625,-0.12329101562
1726407199244.0151,-0.97009277343,0.24487304687,-0.09704589843
1726407199264.168,-0.97009277343,0.24487304687,-0.09704589843
1726407199284.1375,-0.97009277343,0.24487304687,-0.09704589843
1726407199304.168,-0.97009277343,0.24487304687,-0.09704589843
1726407199324.0151,-0.97827148437,0.24914550781,-0.06506347656
1726407199344.168,-0.97827148437,0.24914550781,-0.06506347656
1726407199364.168,-0.97827148437,0.24914550781,-0.06506347656
1726407199384.1375,-0.97827148437,0.24914550781,-0.06506347656
1726407199404.0151,-0.97790527343,0.2333984375,-0.08142089843
1726407199424.168,-0.97790527343,0.2333984375,-0.08142089843
1726407199444.168,-0.97790527343,0.2333984375,-0.08142089843
1726407199464.1675,-0.97790527343,0.2333984375,-0.08142089843
1726407199484.0151,-0.98083496093,0.248046875,-0.12548828125
1726407199504.168,-0.98083496093,0.248046875,-0.12548828125
1726407199524.168,-0.98083496093,0.248046875,-0.12548828125
1726407199544.1375,-0.98083496093,0.248046875,-0.12548828125
1726407199564.0151,-0.98107910156,0.26623535156,-0.13464355468
1726407199584.1375,-0.98107910156,0.26623535156,-0.13464355468
1726407199604.168,-0.98107910156,0.26623535156,-0.13464355468
1726407199624.168,-0.98107910156,0.26623535156,-0.13464355468
1726407199644.046,-0.98132324218,0.24658203125,-0.12109375
1726407199664.168,-0.98132324218,0.24658203125,-0.12109375
1726407199684.168,-0.98132324218,0.24658203125,-0.12109375
1726407199704.1372,-0.98132324218,0.24658203125,-0.12109375
1726407199724.0151,-0.9833984375,0.24365234375,-0.11169433593
1726407199744.168,-0.9833984375,0.24365234375,-0.11169433593
1726407199764.168,-0.9833984375,0.24365234375,-0.11169433593
1726407199784.168,-0.9833984375,0.24365234375,-0.11169433593
1726407199804.0151,-0.97924804687,0.24963378906,-0.10314941406
1726407199824.1375,-0.97924804687,0.24963378906,-0.10314941406
1726407199844.168,-0.97924804687,0.24963378906,-0.10314941406
1726407199864.1375,-0.97924804687,0.24963378906,-0.10314941406
1726407199884.0151,-0.97937011718,0.24621582031,-0.09814453125
1726407199904.1375,-0.97937011718,0.24621582031,-0.09814453125
1726407199924.168,-0.97937011718,0.24621582031,-0.09814453125
1726407199944.168,-0.97937011718,0.24621582031,-0.09814453125
1726407199964.0151,-0.97839355468,0.23718261718,-0.10205078125
1726407199984.1372,-0.97839355468,0.23718261718,-0.10205078125
1726407200004.168,-0.97839355468,0.23718261718,-0.10205078125
1726407200024.168,-0.97839355468,0.23718261718,-0.10205078125
1726407200044.0151,-0.97583007812,0.18408203125,-0.15173339843
1726407200064.168,-0.97583007812,0.18408203125,-0.15173339843
1726407200084.168,-0.97583007812,0.18408203125,-0.15173339843
1726407200104.1375,-0.97583007812,0.18408203125,-0.15173339843
1726407200124.0151,-0.98608398437,0.03942871093,0.03552246093
1726407200144.1375,-0.98608398437,0.03942871093,0.03552246093
1726407200164.168,-0.98608398437,0.03942871093,0.03552246093
1726407200184.168,-0.98608398437,0.03942871093,0.03552246093
1726407200204.0151,-0.99609375,0.42395019531,0.13110351562
1726407200224.1675,-0.99609375,0.42395019531,0.13110351562
1726407200244.168,-0.99609375,0.42395019531,0.13110351562
1726407200264.168,-0.99609375,0.42395019531,0.13110351562
1726407200284.0151,-1.09619140625,0.33056640625,0.63134765625
1726407200304.168,-1.09619140625,0.33056640625,0.63134765625
1726407200324.1375,-1.09619140625,0.33056640625,0.63134765625
1726407200344.1375,-1.09619140625,0.33056640625,0.63134765625
1726407200364.0151,-1.18920898437,-0.14343261718,0.73742675781
1726407200384.1375,-1.18920898437,-0.14343261718,0.73742675781
1726407200404.168,-1.18920898437,-0.14343261718,0.73742675781
1726407200424.168,-1.18920898437,-0.14343261718,0.73742675781
1726407200444.0151,-1.19396972656,-1.03369140625,0.49926757812
1726407200464.1675,-1.19396972656,-1.03369140625,0.49926757812
1726407200484.1372,-1.19396972656,-1.03369140625,0.49926757812
1726407200504.168,-1.19396972656,-1.03369140625,0.49926757812
1726407200524.0151,-1.06701660156,-0.05041503906,0.3955078125
1726407200544.168,-1.06701660156,-0.05041503906,0.3955078125
1726407200564.168,-1.06701660156,-0.05041503906,0.3955078125
1726407200584.168,-1.06701660156,-0.05041503906,0.3955078125
1726407200604.0151,-1.0087890625,0.88037109375,0.18444824218
1726407200624.1375,-1.0087890625,0.88037109375,0.18444824218
1726407200644.168,-1.0087890625,0.88037109375,0.18444824218
1726407200664.168,-1.0087890625,0.88037109375,0.18444824218
1726407200684.0151,-0.97021484375,0.59033203125,0.24658203125
1726407200704.1372,-0.97021484375,0.59033203125,0.24658203125
1726407200724.1675,-0.97021484375,0.59033203125,0.24658203125
1726407200744.168,-0.97021484375,0.59033203125,0.24658203125
1726407200764.0151,-0.81884765625,0.76574707031,0.16198730468
1726407200784.1375,-0.81884765625,0.76574707031,0.16198730468
1726407200804.168,-0.81884765625,0.76574707031,0.16198730468
1726407200824.1375,-0.81884765625,0.76574707031,0.16198730468
1726407200844.0151,-0.58032226562,0.24194335937,-0.01818847656
1726407200864.1375,-0.58032226562,0.24194335937,-0.01818847656
1726407200884.168,-0.58032226562,0.24194335937,-0.01818847656
1726407200904.168,-0.58032226562,0.24194335937,-0.01818847656
1726407200924.809,-0.71826171875,-0.14526367187,-0.22839355468
1726407200944.0151,-0.71826171875,-0.14526367187,-0.22839355468
1726407200964.1372,-0.71826171875,-0.14526367187,-0.22839355468
1726407200984.1372,-0.71826171875,-0.14526367187,-0.22839355468
1726407201004.0151,-0.87121582031,-0.13500976562,-0.1669921875
1726407201024.168,-0.87121582031,-0.13500976562,-0.1669921875
1726407201044.168,-0.87121582031,-0.13500976562,-0.1669921875
1726407201064.1375,-0.87121582031,-0.13500976562,-0.1669921875
1726407201084.046,-0.71215820312,0.62963867187,-0.24780273437
1726407201104.168,-0.71215820312,0.62963867187,-0.24780273437
1726407201124.168,-0.71215820312,0.62963867187,-0.24780273437
1726407201144.1375,-0.71215820312,0.62963867187,-0.24780273437
1726407201164.0151,-0.64953613281,1.15612792968,-0.13122558593
1726407201184.1375,-0.64953613281,1.15612792968,-0.13122558593
1726407201204.1372,-0.64953613281,1.15612792968,-0.13122558593
1726407201224.1372,-0.64953613281,1.15612792968,-0.13122558593
1726407201244.0151,-0.76098632812,1.18896484375,0.37976074218
1726407201264.168,-0.76098632812,1.18896484375,0.37976074218
1726407201284.168,-0.76098632812,1.18896484375,0.37976074218
1726407201304.168,-0.76098632812,1.18896484375,0.37976074218
1726407201324.0151,-0.70043945312,1.13452148437,0.29699707031
1726407201344.1375,-0.70043945312,1.13452148437,0.29699707031
1726407201364.168,-0.70043945312,1.13452148437,0.29699707031
1726407201384.1375,-0.70043945312,1.13452148437,0.29699707031
1726407201404.046,-0.64916992187,0.48474121093,0.07702636718
1726407201424.168,-0.64916992187,0.48474121093,0.07702636718
1726407201444.168,-0.64916992187,0.48474121093,0.07702636718
1726407201464.1675,-0.64916992187,0.48474121093,0.07702636718
1726407201484.0151,-0.9912109375,0.15563964843,-0.10888671875
1726407201504.168,-0.9912109375,0.15563964843,-0.10888671875
1726407201524.168,-0.9912109375,0.15563964843,-0.10888671875
1726407201544.1375,-0.9912109375,0.15563964843,-0.10888671875
1726407201564.0151,-1.18823242187,0.17419433593,-0.07580566406
1726407201584.1375,-1.18823242187,0.17419433593,-0.07580566406
1726407201604.168,-1.18823242187,0.17419433593,-0.07580566406
1726407201624.168,-1.18823242187,0.17419433593,-0.07580566406
1726407201644.0151,-1.11645507812,0.46533203125,0.00842285156
1726407201664.168,-1.11645507812,0.46533203125,0.00842285156
1726407201684.1375,-1.11645507812,0.46533203125,0.00842285156
1726407201704.1372,-1.11645507812,0.46533203125,0.00842285156
1726407201724.0151,-1.07666015625,0.68444824218,-0.13146972656
1726407201744.168,-1.07666015625,0.68444824218,-0.13146972656
1726407201764.1375,-1.07666015625,0.68444824218,-0.13146972656
1726407201784.1375,-1.07666015625,0.68444824218,-0.13146972656
1726407201804.0151,-1.01953125,0.52294921875,0.01892089843
1726407201824.168,-1.01953125,0.52294921875,0.01892089843
1726407201844.168,-1.01953125,0.52294921875,0.01892089843
1726407201864.168,-1.01953125,0.52294921875,0.01892089843
1726407201884.0151,-0.95764160156,0.27966308593,-0.08215332031
1726407201904.168,-0.95764160156,0.27966308593,-0.08215332031
1726407201924.1375,-0.95764160156,0.27966308593,-0.08215332031
1726407201944.168,-0.95764160156,0.27966308593,-0.08215332031
1726407201964.0151,-0.98498535156,0.30493164062,-0.07470703125
1726407201984.1372,-0.98498535156,0.30493164062,-0.07470703125
1726407202004.168,-0.98498535156,0.30493164062,-0.07470703125
1726407202024.1375,-0.98498535156,0.30493164062,-0.07470703125
1726407202044.0151,-1.01220703125,0.29699707031,-0.13171386718
1726407202064.168,-1.01220703125,0.29699707031,-0.13171386718
1726407202084.168,-1.01220703125,0.29699707031,-0.13171386718
1726407202104.168,-1.01220703125,0.29699707031,-0.13171386718
1726407202124.0151,-1.0,0.27136230468,-0.16040039062
1726407202144.168,-1.0,0.27136230468,-0.16040039062
1726407202164.1375,-1.0,0.27136230468,-0.16040039062
1726407202184.168,-1.0,0.27136230468,-0.16040039062
1726407202204.0151,-0.98278808593,0.25219726562,-0.1123046875
1726407202224.1372,-0.98278808593,0.25219726562,-0.1123046875
1726407202244.1372,-0.98278808593,0.25219726562,-0.1123046875
1726407202264.1375,-0.98278808593,0.25219726562,-0.1123046875
1726407202284.0151,-0.98315429687,0.2421875,-0.08251953125
1726407202304.168,-0.98315429687,0.2421875,-0.08251953125
1726407202324.1375,-0.98315429687,0.2421875,-0.08251953125
1726407202344.1375,-0.98315429687,0.2421875,-0.08251953125
1726407202364.0151,-0.99157714843,0.21875,-0.0947265625
1726407202384.1375,-0.99157714843,0.21875,-0.0947265625
1726407202404.168,-0.99157714843,0.21875,-0.0947265625
1726407202424.168,-0.99157714843,0.21875,-0.0947265625
1726407202444.046,-0.99035644531,0.20263671875,-0.10876464843
1726407202464.1372,-0.99035644531,0.20263671875,-0.10876464843
1726407202484.168,-0.99035644531,0.20263671875,-0.10876464843
1726407202504.1375,-0.99035644531,0.20263671875,-0.10876464843
1726407202524.0457,-0.98657226562,0.20239257812,-0.10180664062
1726407202544.1375,-0.98657226562,0.20239257812,-0.10180664062
1726407202564.168,-0.98657226562,0.20239257812,-0.10180664062
1726407202584.1375,-0.98657226562,0.20239257812,-0.10180664062
1726407202604.0151,-0.98388671875,0.21154785156,-0.09118652343
1726407202624.168,-0.98388671875,0.21154785156,-0.09118652343
1726407202644.168,-0.98388671875,0.21154785156,-0.09118652343
1726407202664.1375,-0.98388671875,0.21154785156,-0.09118652343
1726407202684.046,-0.98779296875,0.20861816406,-0.09875488281
1726407202704.1372,-0.98779296875,0.20861816406,-0.09875488281
1726407202724.1675,-0.98779296875,0.20861816406,-0.09875488281
1726407202744.168,-0.98779296875,0.20861816406,-0.09875488281
1726407202764.0457,-0.99475097656,0.20727539062,-0.10754394531
1726407202784.1375,-0.99475097656,0.20727539062,-0.10754394531
1726407202804.1375,-0.99475097656,0.20727539062,-0.10754394531
1726407202824.1375,-0.99475097656,0.20727539062,-0.10754394531
1726407202844.0151,-0.99182128906,0.22009277343,-0.10119628906
1726407202864.168,-0.99182128906,0.22009277343,-0.10119628906
1726407202884.1375,-0.99182128906,0.22009277343,-0.10119628906
1726407202904.168,-0.99182128906,0.22009277343,-0.10119628906
1726407202924.0151,-0.986328125,0.22827148437,-0.09826660156
1726407202944.1375,-0.986328125,0.22827148437,-0.09826660156
1726407202964.1372,-0.986328125,0.22827148437,-0.09826660156
1726407202984.1372,-0.986328125,0.22827148437,-0.09826660156
1726407203004.0457,-0.98059082031,0.22680664062,-0.10729980468
1726407203024.168,-0.98059082031,0.22680664062,-0.10729980468
1726407203044.168,-0.98059082031,0.22680664062,-0.10729980468
1726407203064.168,-0.98059082031,0.22680664062,-0.10729980468
1726407203084.0151,-0.98413085937,0.22924804687,-0.10729980468
1726407203104.168,-0.98413085937,0.22924804687,-0.10729980468
1726407203124.168,-0.98413085937,0.22924804687,-0.10729980468
1726407203144.168,-0.98413085937,0.22924804687,-0.10729980468
1726407203164.0151,-0.98791503906,0.22204589843,-0.10107421875
1726407203184.1375,-0.98791503906,0.22204589843,-0.10107421875
1726407203204.1675,-0.98791503906,0.22204589843,-0.10107421875
1726407203224.1675,-0.98791503906,0.22204589843,-0.10107421875
1726407203244.0151,-0.98754882812,0.20935058593,-0.10034179687
1726407203264.168,-0.98754882812,0.20935058593,-0.10034179687
1726407203284.1375,-0.98754882812,0.20935058593,-0.10034179687
1726407203304.168,-0.98754882812,0.20935058593,-0.10034179687
1726407203324.0151,-0.98742675781,0.20764160156,-0.10302734375
1726407203344.168,-0.98742675781,0.20764160156,-0.10302734375
1726407203364.1375,-0.98742675781,0.20764160156,-0.10302734375
1726407203384.168,-0.98742675781,0.20764160156,-0.10302734375
1726407203404.0151,-0.98315429687,0.20263671875,-0.10327148437
1726407203424.168,-0.98315429687,0.20263671875,-0.10327148437
1726407203444.1375,-0.98315429687,0.20263671875,-0.10327148437
1726407203464.1675,-0.98315429687,0.20263671875,-0.10327148437
1726407203484.0151,-0.98120117187,0.20446777343,-0.10546875
1726407203504.168,-0.98120117187,0.20446777343,-0.10546875
1726407203524.1375,-0.98120117187,0.20446777343,-0.10546875
1726407203544.168,-0.98120117187,0.20446777343,-0.10546875
1726407203564.0151,-0.98547363281,0.21215820312,-0.11303710937
1726407203584.168,-0.98547363281,0.21215820312,-0.11303710937
1726407203604.168,-0.98547363281,0.21215820312,-0.11303710937
1726407203624.168,-0.98547363281,0.21215820312,-0.11303710937
1726407203644.0151,-0.984375,0.20678710937,-0.11315917968
1726407203664.1375,-0.984375,0.20678710937,-0.11315917968
1726407203684.168,-0.984375,0.20678710937,-0.11315917968
1726407203704.1675,-0.984375,0.20678710937,-0.11315917968
1726407203724.0457,-0.98486328125,0.201171875,-0.11218261718
1726407203744.168,-0.98486328125,0.201171875,-0.11218261718
1726407203764.168,-0.98486328125,0.201171875,-0.11218261718
1726407203784.1375,-0.98486328125,0.201171875,-0.11218261718
1726407203804.0151,-0.98400878906,0.19543457031,-0.11376953125
1726407203824.168,-0.98400878906,0.19543457031,-0.11376953125
1726407203844.1375,-0.98400878906,0.19543457031,-0.11376953125
1726407203864.1375,-0.98400878906,0.19543457031,-0.11376953125
1726407203884.046,-0.98474121093,0.19689941406,-0.11352539062
1726407203904.168,-0.98474121093,0.19689941406,-0.11352539062
1726407203924.1375,-0.98474121093,0.19689941406,-0.11352539062
1726407203944.168,-0.98474121093,0.19689941406,-0.11352539062
1726407203964.0457,-0.98291015625,0.20495605468,-0.111328125
1726407203984.168,-0.98291015625,0.20495605468,-0.111328125
1726407204004.168,-0.98291015625,0.20495605468,-0.111328125
1726407204024.1375,-0.98291015625,0.20495605468,-0.111328125
1726407204044.0151,-0.98107910156,0.20556640625,-0.10925292968
1726407204064.168,-0.98107910156,0.20556640625,-0.10925292968
1726407204084.168,-0.98107910156,0.20556640625,-0.10925292968
1726407204104.168,-0.98107910156,0.20556640625,-0.10925292968
1726407204124.0151,-0.98547363281,0.20263671875,-0.10827636718
1726407204144.1375,-0.98547363281,0.20263671875,-0.10827636718
1726407204164.168,-0.98547363281,0.20263671875,-0.10827636718
1726407204184.168,-0.98547363281,0.20263671875,-0.10827636718
1726407204204.0457,-0.98645019531,0.20654296875,-0.10888671875
1726407204224.1675,-0.98645019531,0.20654296875,-0.10888671875
1726407204244.1372,-0.98645019531,0.20654296875,-0.10888671875
1726407204264.1375,-0.98645019531,0.20654296875,-0.10888671875
1726407204284.0151,-0.98583984375,0.21044921875,-0.1123046875
1726407204304.168,-0.98583984375,0.21044921875,-0.1123046875
1726407204324.168,-0.98583984375,0.21044921875,-0.1123046875
1726407204344.1375,-0.98583984375,0.21044921875,-0.1123046875
1726407204364.046,-0.98767089843,0.20910644531,-0.11376953125
1726407204384.1375,-0.98767089843,0.20910644531,-0.11376953125
1726407204404.1375,-0.98767089843,0.20910644531,-0.11376953125
1726407204424.1375,-0.98767089843,0.20910644531,-0.11376953125
1726407204444.046,-0.98742675781,0.21057128906,-0.10729980468
1726407204464.1372,-0.98742675781,0.21057128906,-0.10729980468
1726407204484.1372,-0.98742675781,0.21057128906,-0.10729980468
1726407204504.1375,-0.98742675781,0.21057128906,-0.10729980468
1726407204524.0151,-0.98425292968,0.21435546875,-0.10424804687
1726407204544.168,-0.98425292968,0.21435546875,-0.10424804687
1726407204564.1375,-0.98425292968,0.21435546875,-0.10424804687
1726407204584.168,-0.98425292968,0.21435546875,-0.10424804687
1726407204604.046,-0.98474121093,0.2099609375,-0.10900878906
1726407204624.168,-0.98474121093,0.2099609375,-0.10900878906
1726407204644.168,-0.98474121093,0.2099609375,-0.10900878906
1726407204664.1375,-0.98474121093,0.2099609375,-0.10900878906
1726407204684.046,-0.98815917968,0.20568847656,-0.11340332031
1726407204704.1675,-0.98815917968,0.20568847656,-0.11340332031
1726407204724.1372,-0.98815917968,0.20568847656,-0.11340332031
1726407204744.168,-0.98815917968,0.20568847656,-0.11340332031
1726407204764.0457,-0.98767089843,0.208984375,-0.1123046875
1726407204784.168,-0.98767089843,0.208984375,-0.1123046875
1726407204804.1375,-0.98767089843,0.208984375,-0.1123046875
1726407204824.168,-0.98767089843,0.208984375,-0.1123046875
1726407204844.046,-0.984375,0.20947265625,-0.11169433593
1726407204864.168,-0.984375,0.20947265625,-0.11169433593
1726407204884.1375,-0.984375,0.20947265625,-0.11169433593
1726407204904.1375,-0.984375,0.20947265625,-0.11169433593
1726407204924.046,-0.98376464843,0.21081542968,-0.11560058593
1726407204944.1375,-0.98376464843,0.21081542968,-0.11560058593
1726407204964.1675,-0.98376464843,0.21081542968,-0.11560058593
1726407204984.1372,-0.98376464843,0.21081542968,-0.11560058593
1726407205004.0457,-0.98461914062,0.20922851562,-0.11437988281
1726407205024.168,-0.98461914062,0.20922851562,-0.11437988281
1726407205044.168,-0.98461914062,0.20922851562,-0.11437988281
1726407205064.168,-0.98461914062,0.20922851562,-0.11437988281
1726407205084.0151,-0.98706054687,0.20446777343,-0.11376953125
1726407205104.168,-0.98706054687,0.20446777343,-0.11376953125
1726407205124.1375,-0.98706054687,0.20446777343,-0.11376953125
1726407205144.1375,-0.98706054687,0.20446777343,-0.11376953125
1726407205164.046,-0.99133300781,0.20422363281,-0.11242675781
1726407205184.1375,-0.99133300781,0.20422363281,-0.11242675781
1726407205204.1372,-0.99133300781,0.20422363281,-0.11242675781
1726407205224.1675,-0.99133300781,0.20422363281,-0.11242675781
1726407205244.0457,-0.99426269531,0.20776367187,-0.09875488281
1726407205264.168,-0.99426269531,0.20776367187,-0.09875488281
1726407205284.1375,-0.99426269531,0.20776367187,-0.09875488281
1726407205304.168,-0.99426269531,0.20776367187,-0.09875488281
1726407205324.046,-0.99157714843,0.21105957031,-0.10229492187
1726407205344.1375,-0.99157714843,0.21105957031,-0.10229492187
1726407205364.1375,-0.99157714843,0.21105957031,-0.10229492187
1726407205384.168,-0.99157714843,0.21105957031,-0.10229492187
1726407205404.046,-0.98718261718,0.20422363281,-0.10498046875
1726407205424.168,-0.98718261718,0.20422363281,-0.10498046875
1726407205444.168,-0.98718261718,0.20422363281,-0.10498046875
1726407205464.1675,-0.98718261718,0.20422363281,-0.10498046875
1726407205484.0457,-0.98620605468,0.20617675781,-0.10632324218
1726407205504.168,-0.98620605468,0.20617675781,-0.10632324218
1726407205524.168,-0.98620605468,0.20617675781,-0.10632324218
1726407205544.1375,-0.98620605468,0.20617675781,-0.10632324218
1726407205564.046,-0.98669433593,0.21130371093,-0.11413574218
1726407205584.1375,-0.98669433593,0.21130371093,-0.11413574218
1726407205604.168,-0.98669433593,0.21130371093,-0.11413574218
1726407205624.1375,-0.98669433593,0.21130371093,-0.11413574218
1726407205644.046,-0.9921875,0.21057128906,-0.11791992187
1726407205664.1375,-0.9921875,0.21057128906,-0.11791992187
1726407205684.1375,-0.9921875,0.21057128906,-0.11791992187
1726407205704.1675,-0.9921875,0.21057128906,-0.11791992187
1726407205724.0457,-0.99792480468,0.21020507812,-0.11853027343
1726407205744.1372,-0.99792480468,0.21020507812,-0.11853027343
1726407205764.168,-0.99792480468,0.21020507812,-0.11853027343
1726407205784.168,-0.99792480468,0.21020507812,-0.11853027343
1726407205804.046,-0.99536132812,0.20483398437,-0.11987304687
1726407205824.1375,-0.99536132812,0.20483398437,-0.11987304687
1726407205844.1375,-0.99536132812,0.20483398437,-0.11987304687
1726407205864.168,-0.99536132812,0.20483398437,-0.11987304687
1726407205884.046,-0.9931640625,0.2001953125,-0.11730957031
1726407205904.168,-0.9931640625,0.2001953125,-0.11730957031
1726407205924.168,-0.9931640625,0.2001953125,-0.11730957031
1726407205944.168,-0.9931640625,0.2001953125,-0.11730957031
1726407205964.0457,-0.98889160156,0.19702148437,-0.1162109375
1726407205984.168,-0.98889160156,0.19702148437,-0.1162109375
1726407206004.1375,-0.98889160156,0.19702148437,-0.1162109375
1726407206024.1375,-0.98889160156,0.19702148437,-0.1162109375
1726407206044.0457,-0.98803710937,0.18933105468,-0.11877441406
1726407206064.1375,-0.98803710937,0.18933105468,-0.11877441406
1726407206084.168,-0.98803710937,0.18933105468,-0.11877441406
1726407206104.1375,-0.98803710937,0.18933105468,-0.11877441406
1726407206124.046,-0.9833984375,0.19091796875,-0.11999511718
1726407206144.168,-0.9833984375,0.19091796875,-0.11999511718
1726407206164.168,-0.9833984375,0.19091796875,-0.11999511718
1726407206184.168,-0.9833984375,0.19091796875,-0.11999511718
1726407206204.0457,-0.97924804687,0.20104980468,-0.12475585937
1726407206224.1372,-0.97924804687,0.20104980468,-0.12475585937
1726407206244.168,-0.97924804687,0.20104980468,-0.12475585937
1726407206264.168,-0.97924804687,0.20104980468,-0.12475585937
1726407206284.0457,-0.98352050781,0.20788574218,-0.12487792968
1726407206304.1375,-0.98352050781,0.20788574218,-0.12487792968
1726407206324.168,-0.98352050781,0.20788574218,-0.12487792968
1726407206344.1375,-0.98352050781,0.20788574218,-0.12487792968
1726407206364.046,-0.98449707031,0.20581054687,-0.12280273437
1726407206384.168,-0.98449707031,0.20581054687,-0.12280273437
1726407206404.168,-0.98449707031,0.20581054687,-0.12280273437
1726407206424.168,-0.98449707031,0.20581054687,-0.12280273437
1726407206444.046,-0.98388671875,0.20068359375,-0.12194824218
1726407206464.1675,-0.98388671875,0.20068359375,-0.12194824218
1726407206484.168,-0.98388671875,0.20068359375,-0.12194824218
1726407206504.168,-0.98388671875,0.20068359375,-0.12194824218
1726407206524.0457,-0.98571777343,0.19934082031,-0.11730957031
1726407206544.168,-0.98571777343,0.19934082031,-0.11730957031
1726407206564.168,-0.98571777343,0.19934082031,-0.11730957031
1726407206584.1375,-0.98571777343,0.19934082031,-0.11730957031
1726407206604.046,-0.98657226562,0.19873046875,-0.11926269531
1726407206624.168,-0.98657226562,0.19873046875,-0.11926269531
1726407206644.168,-0.98657226562,0.19873046875,-0.11926269531
1726407206664.1375,-0.98657226562,0.19873046875,-0.11926269531
1726407206684.046,-0.98583984375,0.19738769531,-0.1171875
1726407206704.1372,-0.98583984375,0.19738769531,-0.1171875
1726407206724.1675,-0.98583984375,0.19738769531,-0.1171875
1726407206744.1372,-0.98583984375,0.19738769531,-0.1171875
1726407206764.0457,-0.98657226562,0.19677734375,-0.11193847656
1726407206784.1375,-0.98657226562,0.19677734375,-0.11193847656
1726407206804.168,-0.98657226562,0.19677734375,-0.11193847656
1726407206824.168,-0.98657226562,0.19677734375,-0.11193847656
1726407206844.046,-0.98815917968,0.19836425781,-0.11352539062
1726407206864.1375,-0.98815917968,0.19836425781,-0.11352539062
1726407206884.168,-0.98815917968,0.19836425781,-0.11352539062
1726407206904.1375,-0.98815917968,0.19836425781,-0.11352539062
1726407206924.046,-0.99084472656,0.197265625,-0.11853027343
1726407206944.168,-0.99084472656,0.197265625,-0.11853027343
1726407206964.0151,-0.99084472656,0.197265625,-0.11853027343
1726407206984.1372,-0.99084472656,0.197265625,-0.11853027343
1726407207004.0151,-0.98889160156,0.20092773437,-0.123046875
1726407207024.1375,-0.98889160156,0.20092773437,-0.123046875
1726407207044.168,-0.98889160156,0.20092773437,-0.123046875
1726407207064.168,-0.98889160156,0.20092773437,-0.123046875
1726407207084.046,-0.98486328125,0.20568847656,-0.11889648437
1726407207104.168,-0.98486328125,0.20568847656,-0.11889648437
1726407207124.168,-0.98486328125,0.20568847656,-0.11889648437
1726407207144.1375,-0.98486328125,0.20568847656,-0.11889648437
1726407207164.046,-0.98303222656,0.208984375,-0.11694335937
1726407207184.168,-0.98303222656,0.208984375,-0.11694335937
1726407207204.1372,-0.98303222656,0.208984375,-0.11694335937
1726407207224.1372,-0.98303222656,0.208984375,-0.11694335937
1726407207244.0151,-0.98327636718,0.20739746093,-0.11706542968
1726407207264.168,-0.98327636718,0.20739746093,-0.11706542968
1726407207284.168,-0.98327636718,0.20739746093,-0.11706542968
1726407207304.168,-0.98327636718,0.20739746093,-0.11706542968
1726407207324.046,-0.98645019531,0.20251464843,-0.11291503906
1726407207344.1375,-0.98645019531,0.20251464843,-0.11291503906
1726407207364.168,-0.98645019531,0.20251464843,-0.11291503906
1726407207384.1375,-0.98645019531,0.20251464843,-0.11291503906
1726407207404.046,-0.98999023437,0.20336914062,-0.11413574218
1726407207424.1375,-0.98999023437,0.20336914062,-0.11413574218
1726407207444.168,-0.98999023437,0.20336914062,-0.11413574218
1726407207464.1675,-0.98999023437,0.20336914062,-0.11413574218
1726407207484.0457,-0.99060058593,0.20471191406,-0.11572265625
1726407207504.168,-0.99060058593,0.20471191406,-0.11572265625
1726407207524.168,-0.99060058593,0.20471191406,-0.11572265625
1726407207544.168,-0.99060058593,0.20471191406,-0.11572265625
1726407207564.046,-0.98571777343,0.20544433593,-0.11547851562
1726407207584.1375,-0.98571777343,0.20544433593,-0.11547851562
1726407207604.168,-0.98571777343,0.20544433593,-0.11547851562
1726407207624.1375,-0.98571777343,0.20544433593,-0.11547851562
1726407207644.046,-0.98229980468,0.20361328125,-0.11328125
1726407207664.168,-0.98229980468,0.20361328125,-0.11328125
1726407207684.168,-0.98229980468,0.20361328125,-0.11328125
1726407207704.1675,-0.98229980468,0.20361328125,-0.11328125
1726407207724.0457,-0.98706054687,0.20178222656,-0.11120605468
1726407207744.1372,-0.98706054687,0.20178222656,-0.11120605468
1726407207764.168,-0.98706054687,0.20178222656,-0.11120605468
1726407207784.1375,-0.98706054687,0.20178222656,-0.11120605468
1726407207804.046,-0.99035644531,0.19885253906,-0.10607910156
1726407207824.168,-0.99035644531,0.19885253906,-0.10607910156
1726407207844.168,-0.99035644531,0.19885253906,-0.10607910156
1726407207864.1375,-0.99035644531,0.19885253906,-0.10607910156
1726407207884.046,-0.98864746093,0.19543457031,-0.10363769531
1726407207904.1375,-0.98864746093,0.19543457031,-0.10363769531
1726407207924.1375,-0.98864746093,0.19543457031,-0.10363769531
1726407207944.168,-0.98864746093,0.19543457031,-0.10363769531
1726407207964.0457,-0.98791503906,0.19799804687,-0.10766601562
1726407207984.1372,-0.98791503906,0.19799804687,-0.10766601562
1726407208004.168,-0.98791503906,0.19799804687,-0.10766601562
1726407208024.168,-0.98791503906,0.19799804687,-0.10766601562
1726407208044.0457,-0.98547363281,0.20324707031,-0.11059570312
1726407208064.168,-0.98547363281,0.20324707031,-0.11059570312
1726407208084.1375,-0.98547363281,0.20324707031,-0.11059570312
1726407208104.168,-0.98547363281,0.20324707031,-0.11059570312
1726407208124.046,-0.98742675781,0.20471191406,-0.11511230468
1726407208144.1375,-0.98742675781,0.20471191406,-0.11511230468
1726407208164.168,-0.98742675781,0.20471191406,-0.11511230468
1726407208184.168,-0.98742675781,0.20471191406,-0.11511230468
1726407208204.0457,-0.98950195312,0.20336914062,-0.11730957031
1726407208224.1372,-0.98950195312,0.20336914062,-0.11730957031
1726407208244.1372,-0.98950195312,0.20336914062,-0.11730957031
1726407208264.168,-0.98950195312,0.20336914062,-0.11730957031
1726407208284.0457,-0.9873046875,0.20373535156,-0.11828613281
1726407208304.168,-0.9873046875,0.20373535156,-0.11828613281
1726407208324.1375,-0.9873046875,0.20373535156,-0.11828613281
1726407208344.1375,-0.9873046875,0.20373535156,-0.11828613281
1726407208364.046,-0.98620605468,0.20397949218,-0.11767578125
1726407208384.168,-0.98620605468,0.20397949218,-0.11767578125
1726407208404.168,-0.98620605468,0.20397949218,-0.11767578125
1726407208424.168,-0.98620605468,0.20397949218,-0.11767578125
1726407208444.046,-0.98681640625,0.19775390625,-0.11633300781
1726407208464.1372,-0.98681640625,0.19775390625,-0.11633300781
1726407208484.168,-0.98681640625,0.19775390625,-0.11633300781
1726407208504.168,-0.98681640625,0.19775390625,-0.11633300781
1726407208524.0457,-0.99279785156,0.20837402343,-0.11645507812
1726407208544.1375,-0.99279785156,0.20837402343,-0.11645507812
1726407208564.168,-0.99279785156,0.20837402343,-0.11645507812
1726407208584.168,-0.99279785156,0.20837402343,-0.11645507812
1726407208604.046,-0.99194335937,0.21130371093,-0.11059570312
1726407208624.1375,-0.99194335937,0.21130371093,-0.11059570312
1726407208644.168,-0.99194335937,0.21130371093,-0.11059570312
1726407208664.168,-0.99194335937,0.21130371093,-0.11059570312
1726407208684.046,-0.99365234375,0.21887207031,-0.11206054687
1726407208704.1675,-0.99365234375,0.21887207031,-0.11206054687
1726407208724.1675,-0.99365234375,0.21887207031,-0.11206054687
1726407208744.1372,-0.99365234375,0.21887207031,-0.11206054687
1726407208764.0457,-0.99133300781,0.21936035156,-0.11889648437
1726407208784.168,-0.99133300781,0.21936035156,-0.11889648437
1726407208804.168,-0.99133300781,0.21936035156,-0.11889648437
1726407208824.1375,-0.99133300781,0.21936035156,-0.11889648437
1726407208844.046,-0.9912109375,0.21533203125,-0.11279296875
1726407208864.168,-0.9912109375,0.21533203125,-0.11279296875
1726407208884.1375,-0.9912109375,0.21533203125,-0.11279296875
1726407208904.1375,-0.9912109375,0.21533203125,-0.11279296875
1726407208924.046,-0.99328613281,0.21252441406,-0.10778808593
1726407208944.1375,-0.99328613281,0.21252441406,-0.10778808593
1726407208964.1675,-0.99328613281,0.21252441406,-0.10778808593
1726407208984.168,-0.99328613281,0.21252441406,-0.10778808593
1726407209004.0151,-0.9931640625,0.21118164062,-0.11279296875
1726407209024.1375,-0.9931640625,0.21118164062,-0.11279296875
1726407209044.1375,-0.9931640625,0.21118164062,-0.11279296875
1726407209064.168,-0.9931640625,0.21118164062,-0.11279296875
1726407209084.046,-0.99523925781,0.2177734375,-0.1171875
1726407209104.1375,-0.99523925781,0.2177734375,-0.1171875
1726407209124.1375,-0.99523925781,0.2177734375,-0.1171875
1726407209144.1375,-0.99523925781,0.2177734375,-0.1171875
1726407209164.046,-0.99206542968,0.21875,-0.11926269531
1726407209184.1375,-0.99206542968,0.21875,-0.11926269531
1726407209204.1675,-0.99206542968,0.21875,-0.11926269531
1726407209224.1372,-0.99206542968,0.21875,-0.11926269531
1726407209244.0457,-0.98840332031,0.21826171875,-0.12133789062
1726407209264.1375,-0.98840332031,0.21826171875,-0.12133789062
1726407209284.1375,-0.98840332031,0.21826171875,-0.12133789062
1726407209304.168,-0.98840332031,0.21826171875,-0.12133789062
1726407209324.046,-0.98571777343,0.22314453125,-0.12536621093
1726407209344.1375,-0.98571777343,0.22314453125,-0.12536621093
1726407209364.168,-0.98571777343,0.22314453125,-0.12536621093
1726407209384.168,-0.98571777343,0.22314453125,-0.12536621093
1726407209404.046,-0.98547363281,0.22448730468,-0.1220703125
1726407209424.1375,-0.98547363281,0.22448730468,-0.1220703125
1726407209444.168,-0.98547363281,0.22448730468,-0.1220703125
1726407209464.1372,-0.98547363281,0.22448730468,-0.1220703125
1726407209484.0151,-0.98754882812,0.22497558593,-0.11840820312
1726407209504.1375,-0.98754882812,0.22497558593,-0.11840820312
1726407209524.168,-0.98754882812,0.22497558593,-0.11840820312
1726407209544.168,-0.98754882812,0.22497558593,-0.11840820312
1726407209564.046,-0.98742675781,0.23046875,-0.11669921875
1726407209584.1375,-0.98742675781,0.23046875,-0.11669921875
1726407209604.168,-0.98742675781,0.23046875,-0.11669921875
1726407209624.1375,-0.98742675781,0.23046875,-0.11669921875
1726407209644.046,-0.986328125,0.23413085937,-0.11596679687
1726407209664.1375,-0.986328125,0.23413085937,-0.11596679687
1726407209684.168,-0.986328125,0.23413085937,-0.11596679687
1726407209704.1372,-0.986328125,0.23413085937,-0.11596679687
1726407209724.0457,-0.98364257812,0.228515625,-0.12182617187
1726407209744.1372,-0.98364257812,0.228515625,-0.12182617187
1726407209764.168,-0.98364257812,0.228515625,-0.12182617187
1726407209784.168,-0.98364257812,0.228515625,-0.12182617187
1726407209804.046,-0.98352050781,0.22485351562,-0.11828613281
1726407209824.1375,-0.98352050781,0.22485351562,-0.11828613281
1726407209844.168,-0.98352050781,0.22485351562,-0.11828613281
1726407209864.1375,-0.98352050781,0.22485351562,-0.11828613281
1726407209884.046,-0.98132324218,0.22106933593,-0.1103515625
1726407209904.168,-0.98132324218,0.22106933593,-0.1103515625
1726407209924.1375,-0.98132324218,0.22106933593,-0.1103515625
1726407209944.168,-0.98132324218,0.22106933593,-0.1103515625
1726407209964.0151,-0.97827148437,0.22033691406,-0.10986328125
1726407209984.168,-0.97827148437,0.22033691406,-0.10986328125
1726407210004.1375,-0.97827148437,0.22033691406,-0.10986328125
1726407210024.168,-0.97827148437,0.22033691406,-0.10986328125
1726407210044.0151,-0.97998046875,0.216796875,-0.11169433593
1726407210064.168,-0.97998046875,0.216796875,-0.11169433593
1726407210084.1375,-0.97998046875,0.216796875,-0.11169433593
1726407210104.1375,-0.97998046875,0.216796875,-0.11169433593
1726407210124.0151,-0.98461914062,0.22436523437,-0.11083984375
1726407210144.168,-0.98461914062,0.22436523437,-0.11083984375
1726407210164.168,-0.98461914062,0.22436523437,-0.11083984375
1726407210184.168,-0.98461914062,0.22436523437,-0.11083984375
1726407210204.0457,-0.98706054687,0.23120117187,-0.11206054687
1726407210224.1372,-0.98706054687,0.23120117187,-0.11206054687
1726407210244.1372,-0.98706054687,0.23120117187,-0.11206054687
1726407210264.1375,-0.98706054687,0.23120117187,-0.11206054687
1726407210284.0457,-0.99133300781,0.22509765625,-0.11682128906
1726407210304.168,-0.99133300781,0.22509765625,-0.11682128906
1726407210324.168,-0.99133300781,0.22509765625,-0.11682128906
1726407210344.1375,-0.99133300781,0.22509765625,-0.11682128906
1726407210364.046,-0.98815917968,0.21179199218,-0.11596679687
1726407210384.168,-0.98815917968,0.21179199218,-0.11596679687
1726407210404.1375,-0.98815917968,0.21179199218,-0.11596679687
1726407210424.168,-0.98815917968,0.21179199218,-0.11596679687
1726407210444.046,-0.98657226562,0.20556640625,-0.11242675781
1726407210464.1675,-0.98657226562,0.20556640625,-0.11242675781
1726407210484.1372,-0.98657226562,0.20556640625,-0.11242675781
1726407210504.1375,-0.98657226562,0.20556640625,-0.11242675781
1726407210524.0151,-0.98596191406,0.20263671875,-0.11706542968
1726407210544.168,-0.98596191406,0.20263671875,-0.11706542968
1726407210564.168,-0.98596191406,0.20263671875,-0.11706542968
1726407210584.168,-0.98596191406,0.20263671875,-0.11706542968
1726407210604.046,-0.98352050781,0.1982421875,-0.12231445312
1726407210624.168,-0.98352050781,0.1982421875,-0.12231445312
1726407210644.1375,-0.98352050781,0.1982421875,-0.12231445312
1726407210664.168,-0.98352050781,0.1982421875,-0.12231445312
1726407210684.0151,-0.9833984375,0.1982421875,-0.11743164062
1726407210704.1675,-0.9833984375,0.1982421875,-0.11743164062
1726407210724.1372,-0.9833984375,0.1982421875,-0.11743164062
1726407210744.168,-0.9833984375,0.1982421875,-0.11743164062
1726407210764.0151,-0.98449707031,0.1982421875,-0.11840820312
1726407210784.1375,-0.98449707031,0.1982421875,-0.11840820312
1726407210804.168,-0.98449707031,0.1982421875,-0.11840820312
1726407210824.1375,-0.98449707031,0.1982421875,-0.11840820312
1726407210844.046,-0.98706054687,0.19506835937,-0.12292480468
1726407210864.168,-0.98706054687,0.19506835937,-0.12292480468
1726407210884.168,-0.98706054687,0.19506835937,-0.12292480468
1726407210904.1375,-0.98706054687,0.19506835937,-0.12292480468
1726407210924.046,-0.98815917968,0.19470214843,-0.11779785156
1726407210944.168,-0.98815917968,0.19470214843,-0.11779785156
1726407210964.1675,-0.98815917968,0.19470214843,-0.11779785156
1726407210984.168,-0.98815917968,0.19470214843,-0.11779785156
1726407211004.0151,-0.98767089843,0.19763183593,-0.11328125
1726407211024.168,-0.98767089843,0.19763183593,-0.11328125
1726407211044.168,-0.98767089843,0.19763183593,-0.11328125
1726407211064.168,-0.98767089843,0.19763183593,-0.11328125
1726407211084.046,-0.99169921875,0.20007324218,-0.1142578125
1726407211104.168,-0.99169921875,0.20007324218,-0.1142578125
1726407211124.1375,-0.99169921875,0.20007324218,-0.1142578125
1726407211144.168,-0.99169921875,0.20007324218,-0.1142578125
1726407211164.046,-0.99450683593,0.19799804687,-0.11474609375
1726407211184.168,-0.99450683593,0.19799804687,-0.11474609375
1726407211204.1675,-0.99450683593,0.19799804687,-0.11474609375
1726407211224.1675,-0.99450683593,0.19799804687,-0.11474609375
1726407211244.0457,-0.99169921875,0.19714355468,-0.11291503906
1726407211264.168,-0.99169921875,0.19714355468,-0.11291503906
1726407211284.168,-0.99169921875,0.19714355468,-0.11291503906
1726407211304.1375,-0.99169921875,0.19714355468,-0.11291503906
1726407211324.046,-0.98828125,0.19665527343,-0.10888671875
1726407211344.168,-0.98828125,0.19665527343,-0.10888671875
1726407211364.168,-0.98828125,0.19665527343,-0.10888671875
1726407211384.1375,-0.98828125,0.19665527343,-0.10888671875
1726407211404.0151,-0.98571777343,0.19543457031,-0.10290527343
1726407211424.168,-0.98571777343,0.19543457031,-0.10290527343
1726407211444.168,-0.98571777343,0.19543457031,-0.10290527343
1726407211464.1675,-0.98571777343,0.19543457031,-0.10290527343
1726407211484.0457,-0.98657226562,0.203125,-0.10327148437
1726407211504.1375,-0.98657226562,0.203125,-0.10327148437
1726407211524.1375,-0.98657226562,0.203125,-0.10327148437
1726407211544.1375,-0.98657226562,0.203125,-0.10327148437
1726407211564.046,-0.98999023437,0.21301269531,-0.1064453125
1726407211584.168,-0.98999023437,0.21301269531,-0.1064453125
1726407211604.168,-0.98999023437,0.21301269531,-0.1064453125
1726407211624.1375,-0.98999023437,0.21301269531,-0.1064453125
1726407211644.046,-0.99060058593,0.21032714843,-0.10693359375
1726407211664.1375,-0.99060058593,0.21032714843,-0.10693359375
1726407211684.168,-0.99060058593,0.21032714843,-0.10693359375
1726407211704.1675,-0.99060058593,0.21032714843,-0.10693359375
1726407211724.0151,-0.98986816406,0.20385742187,-0.10205078125
1726407211744.168,-0.98986816406,0.20385742187,-0.10205078125
1726407211764.1375,-0.98986816406,0.20385742187,-0.10205078125
1726407211784.168,-0.98986816406,0.20385742187,-0.10205078125
1726407211804.046,-1.00012207031,0.20361328125,-0.09765625
1726407211824.1375,-1.00012207031,0.20361328125,-0.09765625
1726407211844.168,-1.00012207031,0.20361328125,-0.09765625
1726407211864.168,-1.00012207031,0.20361328125,-0.09765625
1726407211884.046,-0.99743652343,0.20690917968,-0.09765625
1726407211904.168,-0.99743652343,0.20690917968,-0.09765625
1726407211924.168,-0.99743652343,0.20690917968,-0.09765625
1726407211944.1375,-0.99743652343,0.20690917968,-0.09765625
1726407211964.0457,-0.994140625,0.20227050781,-0.08923339843
1726407211984.168,-0.994140625,0.20227050781,-0.08923339843
1726407212004.168,-0.994140625,0.20227050781,-0.08923339843
1726407212024.1375,-0.994140625,0.20227050781,-0.08923339843
1726407212044.0457,-0.98937988281,0.20434570312,-0.08117675781
1726407212064.168,-0.98937988281,0.20434570312,-0.08117675781
1726407212084.1375,-0.98937988281,0.20434570312,-0.08117675781
1726407212104.168,-0.98937988281,0.20434570312,-0.08117675781
1726407212124.0151,-0.98510742187,0.20935058593,-0.07958984375
1726407212144.168,-0.98510742187,0.20935058593,-0.07958984375
1726407212164.168,-0.98510742187,0.20935058593,-0.07958984375
1726407212184.168,-0.98510742187,0.20935058593,-0.07958984375
1726407212204.0151,-0.98840332031,0.21276855468,-0.07983398437
1726407212224.1675,-0.98840332031,0.21276855468,-0.07983398437
1726407212244.168,-0.98840332031,0.21276855468,-0.07983398437
1726407212264.1375,-0.98840332031,0.21276855468,-0.07983398437
1726407212284.0457,-0.99609375,0.21545410156,-0.07678222656
1726407212304.1375,-0.99609375,0.21545410156,-0.07678222656
1726407212324.168,-0.99609375,0.21545410156,-0.07678222656
1726407212344.1375,-0.99609375,0.21545410156,-0.07678222656
1726407212364.046,-0.99975585937,0.20837402343,-0.08056640625
1726407212384.1375,-0.99975585937,0.20837402343,-0.08056640625
1726407212404.168,-0.99975585937,0.20837402343,-0.08056640625
1726407212424.168,-0.99975585937,0.20837402343,-0.08056640625
1726407212444.046,-0.9951171875,0.19360351562,-0.08142089843
1726407212464.1372,-0.9951171875,0.19360351562,-0.08142089843
1726407212484.168,-0.9951171875,0.19360351562,-0.08142089843
1726407212504.1375,-0.9951171875,0.19360351562,-0.08142089843
1726407212524.0457,-0.98681640625,0.19396972656,-0.07446289062
1726407212544.1375,-0.98681640625,0.19396972656,-0.07446289062
1726407212564.168,-0.98681640625,0.19396972656,-0.07446289062
1726407212584.1375,-0.98681640625,0.19396972656,-0.07446289062
1726407212604.046,-0.98596191406,0.20043945312,-0.07116699218
1726407212624.168,-0.98596191406,0.20043945312,-0.07116699218
1726407212644.168,-0.98596191406,0.20043945312,-0.07116699218
1726407212664.168,-0.98596191406,0.20043945312,-0.07116699218
1726407212684.046,-0.98461914062,0.20336914062,-0.07482910156
1726407212704.1982,-0.98461914062,0.20336914062,-0.07482910156
1726407212724.1372,-0.98461914062,0.20336914062,-0.07482910156
1726407212744.168,-0.98461914062,0.20336914062,-0.07482910156
1726407212764.0457,-0.98498535156,0.208984375,-0.0849609375
1726407212784.1375,-0.98498535156,0.208984375,-0.0849609375
1726407212804.1375,-0.98498535156,0.208984375,-0.0849609375
1726407212824.1375,-0.98498535156,0.208984375,-0.0849609375
1726407212844.046,-0.99255371093,0.20629882812,-0.09692382812
1726407212864.168,-0.99255371093,0.20629882812,-0.09692382812
1726407212884.168,-0.99255371093,0.20629882812,-0.09692382812
1726407212904.2595,-0.99255371093,0.20629882812,-0.09692382812
1726407212924.046,-0.9970703125,0.2041015625,-0.103515625
1726407212944.168,-0.9970703125,0.2041015625,-0.103515625
1726407212964.1675,-0.9970703125,0.2041015625,-0.103515625
1726407212984.168,-0.9970703125,0.2041015625,-0.103515625
1726407213004.748,-0.99499511718,0.20617675781,-0.09729003906
1726407213024.0151,-0.99499511718,0.20617675781,-0.09729003906
1726407213044.168,-0.99499511718,0.20617675781,-0.09729003906
1726407213064.168,-0.99499511718,0.20617675781,-0.09729003906
1726407213084.046,-0.98986816406,0.20397949218,-0.09326171875
1726407213104.2595,-0.98986816406,0.20397949218,-0.09326171875
1726407213124.1375,-0.98986816406,0.20397949218,-0.09326171875
1726407213144.168,-0.98986816406,0.20397949218,-0.09326171875
1726407213164.046,-0.99060058593,0.19677734375,-0.10083007812
1726407213184.168,-0.99060058593,0.19677734375,-0.10083007812
1726407213204.1372,-0.99060058593,0.19677734375,-0.10083007812
1726407213224.1675,-0.99060058593,0.19677734375,-0.10083007812
1726407213244.0457,-0.98986816406,0.19653320312,-0.10632324218
1726407213264.1375,-0.98986816406,0.19653320312,-0.10632324218
1726407213284.168,-0.98986816406,0.19653320312,-0.10632324218
1726407213304.3203,-0.98986816406,0.19653320312,-0.10632324218
1726407213324.046,-0.98950195312,0.20471191406,-0.0986328125
1726407213344.168,-0.98950195312,0.20471191406,-0.0986328125
1726407213364.1375,-0.98950195312,0.20471191406,-0.0986328125
1726407213384.168,-0.98950195312,0.20471191406,-0.0986328125
1726407213404.046,-0.99035644531,0.21069335937,-0.09790039062
1726407213424.168,-0.99035644531,0.21069335937,-0.09790039062
1726407213444.168,-0.99035644531,0.21069335937,-0.09790039062
1726407213464.1675,-0.99035644531,0.21069335937,-0.09790039062
1726407213484.0151,-0.99279785156,0.20825195312,-0.095703125
1726407213504.3203,-0.99279785156,0.20825195312,-0.095703125
1726407213524.168,-0.99279785156,0.20825195312,-0.095703125
1726407213544.1375,-0.99279785156,0.20825195312,-0.095703125
1726407213564.046,-0.99304199218,0.20703125,-0.09350585937
1726407213584.168,-0.99304199218,0.20703125,-0.09350585937
1726407213604.168,-0.99304199218,0.20703125,-0.09350585937
1726407213624.168,-0.99304199218,0.20703125,-0.09350585937
1726407213644.0151,-0.99206542968,0.21276855468,-0.095703125
1726407213664.168,-0.99206542968,0.21276855468,-0.095703125
1726407213684.168,-0.99206542968,0.21276855468,-0.095703125
1726407213704.3203,-0.99206542968,0.21276855468,-0.095703125
1726407213724.0151,-0.99060058593,0.21545410156,-0.10302734375
1726407213744.168,-0.99060058593,0.21545410156,-0.10302734375
1726407213764.168,-0.99060058593,0.21545410156,-0.10302734375
1726407213784.1375,-0.99060058593,0.21545410156,-0.10302734375
1726407213804.046,-0.98876953125,0.20727539062,-0.10534667968
1726407213824.168,-0.98876953125,0.20727539062,-0.10534667968
1726407213844.168,-0.98876953125,0.20727539062,-0.10534667968
1726407213864.1375,-0.98876953125,0.20727539062,-0.10534667968
1726407213884.046,-0.98803710937,0.21069335937,-0.1064453125
1726407213904.229,-0.98803710937,0.21069335937,-0.1064453125
1726407213924.1375,-0.98803710937,0.21069335937,-0.1064453125
1726407213944.168,-0.98803710937,0.21069335937,-0.1064453125
1726407213964.0151,-0.98962402343,0.21655273437,-0.10900878906
1726407213984.1372,-0.98962402343,0.21655273437,-0.10900878906
1726407214004.1375,-0.98962402343,0.21655273437,-0.10900878906
1726407214024.168,-0.98962402343,0.21655273437,-0.10900878906
1726407214044.0457,-0.98937988281,0.21618652343,-0.10705566406
1726407214064.1375,-0.98937988281,0.21618652343,-0.10705566406
1726407214084.168,-0.98937988281,0.21618652343,-0.10705566406
1726407214104.1375,-0.98937988281,0.21618652343,-0.10705566406
1726407214124.046,-0.98828125,0.2138671875,-0.10095214843
1726407214144.168,-0.98828125,0.2138671875,-0.10095214843
1726407214164.168,-0.98828125,0.2138671875,-0.10095214843
1726407214184.168,-0.98828125,0.2138671875,-0.10095214843
1726407214204.0151,-0.98876953125,0.21496582031,-0.09606933593
1726407214224.1675,-0.98876953125,0.21496582031,-0.09606933593
1726407214244.168,-0.98876953125,0.21496582031,-0.09606933593
1726407214264.1375,-0.98876953125,0.21496582031,-0.09606933593
1726407214284.0457,-0.98791503906,0.21118164062,-0.09692382812
1726407214304.168,-0.98791503906,0.21118164062,-0.09692382812
1726407214324.168,-0.98791503906,0.21118164062,-0.09692382812
1726407214344.1375,-0.98791503906,0.21118164062,-0.09692382812
1726407214364.0151,-0.98754882812,0.20434570312,-0.09936523437
1726407214384.168,-0.98754882812,0.20434570312,-0.09936523437
1726407214404.168,-0.98754882812,0.20434570312,-0.09936523437
1726407214424.1375,-0.98754882812,0.20434570312,-0.09936523437
1726407214444.046,-0.98950195312,0.203125,-0.10461425781
1726407214464.1675,-0.98950195312,0.203125,-0.10461425781
1726407214484.1372,-0.98950195312,0.203125,-0.10461425781
1726407214504.168,-0.98950195312,0.203125,-0.10461425781
1726407214524.0151,-0.99035644531,0.20153808593,-0.10607910156
1726407214544.168,-0.99035644531,0.20153808593,-0.10607910156
1726407214564.1375,-0.99035644531,0.20153808593,-0.10607910156
1726407214584.168,-0.99035644531,0.20153808593,-0.10607910156
1726407214604.0151,-0.98767089843,0.20190429687,-0.10363769531
1726407214624.168,-0.98767089843,0.20190429687,-0.10363769531
1726407214644.1375,-0.98767089843,0.20190429687,-0.10363769531
1726407214664.1375,-0.98767089843,0.20190429687,-0.10363769531
1726407214684.0151,-0.98645019531,0.20092773437,-0.10986328125
1726407214704.1675,-0.98645019531,0.20092773437,-0.10986328125
1726407214724.1675,-0.98645019531,0.20092773437,-0.10986328125
1726407214744.168,-0.98645019531,0.20092773437,-0.10986328125
1726407214764.0151,-0.98999023437,0.20471191406,-0.11376953125
1726407214784.168,-0.98999023437,0.20471191406,-0.11376953125
1726407214804.168,-0.98999023437,0.20471191406,-0.11376953125
1726407214824.1375,-0.98999023437,0.20471191406,-0.11376953125
1726407214844.0151,-0.99365234375,0.20959472656,-0.11242675781
1726407214864.1375,-0.99365234375,0.20959472656,-0.11242675781
1726407214884.168,-0.99365234375,0.20959472656,-0.11242675781
1726407214904.1375,-0.99365234375,0.20959472656,-0.11242675781
1726407214924.0151,-0.99548339843,0.20666503906,-0.11389160156
1726407214944.1375,-0.99548339843,0.20666503906,-0.11389160156
1726407214964.1675,-0.99548339843,0.20666503906,-0.11389160156
1726407214984.168,-0.99548339843,0.20666503906,-0.11389160156
1726407215004.0151,-0.98645019531,0.20617675781,-0.12866210937
1726407215024.168,-0.98645019531,0.20617675781,-0.12866210937
1726407215044.168,-0.98645019531,0.20617675781,-0.12866210937
1726407215064.1375,-0.98645019531,0.20617675781,-0.12866210937
1726407215084.0151,-0.98693847656,0.20617675781,-0.12145996093
1726407215104.168,-0.98693847656,0.20617675781,-0.12145996093
1726407215124.1375,-0.98693847656,0.20617675781,-0.12145996093
1726407215144.1375,-0.98693847656,0.20617675781,-0.12145996093
1726407215164.0151,-0.98815917968,0.205078125,-0.12023925781
1726407215184.1375,-0.98815917968,0.205078125,-0.12023925781
1726407215204.1675,-0.98815917968,0.205078125,-0.12023925781
1726407215224.1675,-0.98815917968,0.205078125,-0.12023925781
1726407215244.0151,-0.98864746093,0.20874023437,-0.12377929687
1726407215264.1375,-0.98864746093,0.20874023437,-0.12377929687
1726407215284.168,-0.98864746093,0.20874023437,-0.12377929687
1726407215304.1375,-0.98864746093,0.20874023437,-0.12377929687
1726407215324.0151,-0.98583984375,0.21142578125,-0.12548828125
1726407215344.168,-0.98583984375,0.21142578125,-0.12548828125
1726407215364.1375,-0.98583984375,0.21142578125,-0.12548828125
1726407215384.168,-0.98583984375,0.21142578125,-0.12548828125
1726407215404.0151,-0.98449707031,0.20849609375,-0.12414550781
1726407215424.1375,-0.98449707031,0.20849609375,-0.12414550781
1726407215444.168,-0.98449707031,0.20849609375,-0.12414550781
1726407215464.1372,-0.98449707031,0.20849609375,-0.12414550781
1726407215484.0151,-0.98278808593,0.20922851562,-0.12353515625
1726407215504.1375,-0.98278808593,0.20922851562,-0.12353515625
1726407215524.168,-0.98278808593,0.20922851562,-0.12353515625
1726407215544.1375,-0.98278808593,0.20922851562,-0.12353515625
1726407215564.0151,-0.98522949218,0.21069335937,-0.12426757812
1726407215584.1375,-0.98522949218,0.21069335937,-0.12426757812
1726407215604.168,-0.98522949218,0.21069335937,-0.12426757812
1726407215624.168,-0.98522949218,0.21069335937,-0.12426757812
1726407215644.0151,-0.98950195312,0.21337890625,-0.11730957031
1726407215664.168,-0.98950195312,0.21337890625,-0.11730957031
1726407215684.168,-0.98950195312,0.21337890625,-0.11730957031
1726407215704.1675,-0.98950195312,0.21337890625,-0.11730957031
1726407215724.0151,-0.98937988281,0.21362304687,-0.10888671875
1726407215744.168,-0.98937988281,0.21362304687,-0.10888671875
1726407215764.168,-0.98937988281,0.21362304687,-0.10888671875
1726407215784.1375,-0.98937988281,0.21362304687,-0.10888671875
1726407215804.0151,-0.98828125,0.20751953125,-0.10913085937
1726407215824.168,-0.98828125,0.20751953125,-0.10913085937
1726407215844.168,-0.98828125,0.20751953125,-0.10913085937
1726407215864.1375,-0.98828125,0.20751953125,-0.10913085937
1726407215884.0151,-0.98767089843,0.20153808593,-0.10827636718
1726407215904.1375,-0.98767089843,0.20153808593,-0.10827636718
1726407215924.168,-0.98767089843,0.20153808593,-0.10827636718
1726407215944.1375,-0.98767089843,0.20153808593,-0.10827636718
1726407215964.0151,-0.98742675781,0.20288085937,-0.1025390625
1726407215984.1372,-0.98742675781,0.20288085937,-0.1025390625
1726407216004.168,-0.98742675781,0.20288085937,-0.1025390625
1726407216024.168,-0.98742675781,0.20288085937,-0.1025390625
1726407216044.0151,-0.98742675781,0.20971679687,-0.10412597656
1726407216064.1375,-0.98742675781,0.20971679687,-0.10412597656
1726407216084.1375,-0.98742675781,0.20971679687,-0.10412597656
1726407216104.1375,-0.98742675781,0.20971679687,-0.10412597656
1726407216124.0151,-0.98522949218,0.2119140625,-0.10485839843
1726407216144.1375,-0.98522949218,0.2119140625,-0.10485839843
1726407216164.1375,-0.98522949218,0.2119140625,-0.10485839843
1726407216184.168,-0.98522949218,0.2119140625,-0.10485839843
1726407216204.0151,-0.9873046875,0.21081542968,-0.09997558593
1726407216224.1372,-0.9873046875,0.21081542968,-0.09997558593
1726407216244.168,-0.9873046875,0.21081542968,-0.09997558593
1726407216264.168,-0.9873046875,0.21081542968,-0.09997558593
1726407216284.0151,-0.98840332031,0.2041015625,-0.09973144531
1726407216304.229,-0.98840332031,0.2041015625,-0.09973144531
1726407216324.1375,-0.98840332031,0.2041015625,-0.09973144531
1726407216344.168,-0.98840332031,0.2041015625,-0.09973144531
1726407216364.0151,-0.99084472656,0.20202636718,-0.10168457031
1726407216384.1375,-0.99084472656,0.20202636718,-0.10168457031
1726407216404.1375,-0.99084472656,0.20202636718,-0.10168457031
1726407216424.168,-0.99084472656,0.20202636718,-0.10168457031
1726407216444.0151,-0.9931640625,0.20727539062,-0.1005859375
1726407216464.1372,-0.9931640625,0.20727539062,-0.1005859375
1726407216484.168,-0.9931640625,0.20727539062,-0.1005859375
1726407216504.1985,-0.9931640625,0.20727539062,-0.1005859375
1726407216524.0151,-0.99108886718,0.20556640625,-0.10009765625
1726407216544.168,-0.99108886718,0.20556640625,-0.10009765625
1726407216564.1375,-0.99108886718,0.20556640625,-0.10009765625
1726407216584.168,-0.99108886718,0.20556640625,-0.10009765625
1726407216604.0151,-0.99108886718,0.20446777343,-0.10876464843
1726407216624.1375,-0.99108886718,0.20446777343,-0.10876464843
1726407216644.168,-0.99108886718,0.20446777343,-0.10876464843
1726407216664.1375,-0.99108886718,0.20446777343,-0.10876464843
1726407216684.0151,-0.9921875,0.20007324218,-0.10290527343
1726407216704.1982,-0.9921875,0.20007324218,-0.10290527343
1726407216724.1675,-0.9921875,0.20007324218,-0.10290527343
1726407216744.168,-0.9921875,0.20007324218,-0.10290527343
1726407216764.0151,-0.99475097656,0.19384765625,-0.10217285156
1726407216784.1375,-0.99475097656,0.19384765625,-0.10217285156
1726407216804.1375,-0.99475097656,0.19384765625,-0.10217285156
1726407216824.168,-0.99475097656,0.19384765625,-0.10217285156
1726407216844.0151,-0.99499511718,0.19409179687,-0.10595703125
1726407216864.168,-0.99499511718,0.19409179687,-0.10595703125
1726407216884.168,-0.99499511718,0.19409179687,-0.10595703125
1726407216904.229,-0.99499511718,0.19409179687,-0.10595703125
1726407216924.0151,-0.99291992187,0.19421386718,-0.10571289062
1726407216944.168,-0.99291992187,0.19421386718,-0.10571289062
1726407216964.1675,-0.99291992187,0.19421386718,-0.10571289062
1726407216984.168,-0.99291992187,0.19421386718,-0.10571289062
1726407217004.0151,-0.994140625,0.19213867187,-0.10559082031
1726407217024.1375,-0.994140625,0.19213867187,-0.10559082031
1726407217044.168,-0.994140625,0.19213867187,-0.10559082031
1726407217064.1375,-0.994140625,0.19213867187,-0.10559082031
1726407217084.0151,-0.99255371093,0.19116210937,-0.10546875
1726407217104.229,-0.99255371093,0.19116210937,-0.10546875
1726407217124.168,-0.99255371093,0.19116210937,-0.10546875
1726407217144.1375,-0.99255371093,0.19116210937,-0.10546875
1726407217164.0151,-0.99072265625,0.18969726562,-0.10339355468
1726407217184.168,-0.99072265625,0.18969726562,-0.10339355468
1726407217204.1675,-0.99072265625,0.18969726562,-0.10339355468
1726407217224.1675,-0.99072265625,0.18969726562,-0.10339355468
1726407217244.0151,-0.98999023437,0.18896484375,-0.10559082031
1726407217264.1375,-0.98999023437,0.18896484375,-0.10559082031
1726407217284.168,-0.98999023437,0.18896484375,-0.10559082031
1726407217304.168,-0.98999023437,0.18896484375,-0.10559082031
1726407217324.0151,-0.98742675781,0.18664550781,-0.10339355468
1726407217344.168,-0.98742675781,0.18664550781,-0.10339355468
1726407217364.1375,-0.98742675781,0.18664550781,-0.10339355468
1726407217384.168,-0.98742675781,0.18664550781,-0.10339355468
1726407217404.0151,-0.9873046875,0.18444824218,-0.09924316406
1726407217424.168,-0.9873046875,0.18444824218,-0.09924316406
1726407217444.168,-0.9873046875,0.18444824218,-0.09924316406
1726407217464.1372,-0.9873046875,0.18444824218,-0.09924316406
1726407217484.0151,-0.98620605468,0.18762207031,-0.09948730468
1726407217504.1375,-0.98620605468,0.18762207031,-0.09948730468
1726407217524.168,-0.98620605468,0.18762207031,-0.09948730468
1726407217544.168,-0.98620605468,0.18762207031,-0.09948730468
1726407217564.0151,-0.98474121093,0.18811035156,-0.1005859375
1726407217584.1375,-0.98474121093,0.18811035156,-0.1005859375
1726407217604.1375,-0.98474121093,0.18811035156,-0.1005859375
1726407217624.168,-0.98474121093,0.18811035156,-0.1005859375
1726407217644.0151,-0.98608398437,0.18298339843,-0.10107421875
1726407217664.1375,-0.98608398437,0.18298339843,-0.10107421875
1726407217684.1375,-0.98608398437,0.18298339843,-0.10107421875
1726407217704.1675,-0.98608398437,0.18298339843,-0.10107421875
1726407217724.0151,-0.98876953125,0.18493652343,-0.10021972656
1726407217744.168,-0.98876953125,0.18493652343,-0.10021972656
1726407217764.1375,-0.98876953125,0.18493652343,-0.10021972656
1726407217784.168,-0.98876953125,0.18493652343,-0.10021972656
1726407217804.0151,-0.9921875,0.18994140625,-0.09887695312
1726407217824.168,-0.9921875,0.18994140625,-0.09887695312
1726407217844.168,-0.9921875,0.18994140625,-0.09887695312
1726407217864.168,-0.9921875,0.18994140625,-0.09887695312
1726407217884.0151,-0.99157714843,0.19018554687,-0.09924316406
1726407217904.1375,-0.99157714843,0.19018554687,-0.09924316406
1726407217924.1375,-0.99157714843,0.19018554687,-0.09924316406
1726407217944.1375,-0.99157714843,0.19018554687,-0.09924316406
1726407217964.0151,-0.99133300781,0.19653320312,-0.1025390625
1726407217984.168,-0.99133300781,0.19653320312,-0.1025390625
1726407218004.1375,-0.99133300781,0.19653320312,-0.1025390625
1726407218024.168,-0.99133300781,0.19653320312,-0.1025390625
1726407218044.0151,-0.99328613281,0.20056152343,-0.10205078125
1726407218064.168,-0.99328613281,0.20056152343,-0.10205078125
1726407218084.1375,-0.99328613281,0.20056152343,-0.10205078125
1726407218104.168,-0.99328613281,0.20056152343,-0.10205078125
1726407218124.0151,-0.99536132812,0.197265625,-0.10388183593
1726407218144.168,-0.99536132812,0.197265625,-0.10388183593
1726407218164.168,-0.99536132812,0.197265625,-0.10388183593
1726407218184.1375,-0.99536132812,0.197265625,-0.10388183593
1726407218204.0151,-0.99731445312,0.19567871093,-0.10888671875
1726407218224.1675,-0.99731445312,0.19567871093,-0.10888671875
1726407218244.168,-0.99731445312,0.19567871093,-0.10888671875
1726407218264.1375,-0.99731445312,0.19567871093,-0.10888671875
1726407218284.0151,-0.98583984375,0.19506835937,-0.09643554687
1726407218304.168,-0.98583984375,0.19506835937,-0.09643554687
1726407218324.168,-0.98583984375,0.19506835937,-0.09643554687
1726407218344.168,-0.98583984375,0.19506835937,-0.09643554687
1726407218364.0151,-0.99182128906,0.19152832031,-0.10119628906
1726407218384.168,-0.99182128906,0.19152832031,-0.10119628906
1726407218404.168,-0.99182128906,0.19152832031,-0.10119628906
1726407218424.168,-0.99182128906,0.19152832031,-0.10119628906
1726407218444.046,-0.99572753906,0.19299316406,-0.10656738281
1726407218464.1675,-0.99572753906,0.19299316406,-0.10656738281
1726407218484.168,-0.99572753906,0.19299316406,-0.10656738281
1726407218504.168,-0.99572753906,0.19299316406,-0.10656738281
1726407218524.0457,-0.99536132812,0.19787597656,-0.11218261718
1726407218544.168,-0.99536132812,0.19787597656,-0.11218261718
1726407218564.168,-0.99536132812,0.19787597656,-0.11218261718
1726407218584.168,-0.99536132812,0.19787597656,-0.11218261718
1726407218604.046,-0.99523925781,0.19702148437,-0.11279296875
1726407218624.1375,-0.99523925781,0.19702148437,-0.11279296875
1726407218644.168,-0.99523925781,0.19702148437,-0.11279296875
1726407218664.168,-0.99523925781,0.19702148437,-0.11279296875
1726407218684.046,-0.99304199218,0.19665527343,-0.10888671875
1726407218704.1372,-0.99304199218,0.19665527343,-0.10888671875
1726407218724.1675,-0.99304199218,0.19665527343,-0.10888671875
1726407218744.168,-0.99304199218,0.19665527343,-0.10888671875
1726407218764.0457,-0.98999023437,0.19958496093,-0.1123046875
1726407218784.168,-0.98999023437,0.19958496093,-0.1123046875
1726407218804.168,-0.98999023437,0.19958496093,-0.1123046875
1726407218824.1375,-0.98999023437,0.19958496093,-0.1123046875
1726407218843.893,-0.98852539062,0.20300292968,-0.11596679687
1726407218864.168,-0.98852539062,0.20300292968,-0.11596679687
1726407218884.168,-0.98852539062,0.20300292968,-0.11596679687
1726407218904.1375,-0.98852539062,0.20300292968,-0.11596679687
1726407218923.9238,-0.98999023437,0.20251464843,-0.111328125
1726407218944.1375,-0.98999023437,0.20251464843,-0.111328125
1726407218964.1675,-0.98999023437,0.20251464843,-0.111328125
1726407218984.168,-0.98999023437,0.20251464843,-0.111328125
1726407219003.954,-0.99267578125,0.19812011718,-0.10302734375
1726407219024.168,-0.99267578125,0.19812011718,-0.10302734375
1726407219044.0151,-0.99267578125,0.19812011718,-0.10302734375
1726407219064.168,-0.99267578125,0.19812011718,-0.10302734375
1726407219083.832,-0.99291992187,0.19189453125,-0.09497070312
1726407219104.168,-0.99291992187,0.19189453125,-0.09497070312
1726407219124.168,-0.99291992187,0.19189453125,-0.09497070312
1726407219144.168,-0.99291992187,0.19189453125,-0.09497070312
1726407219163.8628,-0.99194335937,0.19213867187,-0.09533691406
1726407219184.168,-0.99194335937,0.19213867187,-0.09533691406
1726407219204.1675,-0.99194335937,0.19213867187,-0.09533691406
1726407219224.1675,-0.99194335937,0.19213867187,-0.09533691406
1726407219243.893,-0.99157714843,0.19848632812,-0.10070800781
1726407219264.1375,-0.99157714843,0.19848632812,-0.10070800781
1726407219284.168,-0.99157714843,0.19848632812,-0.10070800781
1726407219304.168,-0.99157714843,0.19848632812,-0.10070800781
1726407219323.9236,-0.99035644531,0.20251464843,-0.10327148437
1726407219344.168,-0.99035644531,0.20251464843,-0.10327148437
1726407219364.1375,-0.99035644531,0.20251464843,-0.10327148437
1726407219384.1375,-0.99035644531,0.20251464843,-0.10327148437
1726407219403.9543,-0.98864746093,0.20129394531,-0.09606933593
1726407219424.168,-0.98864746093,0.20129394531,-0.09606933593
1726407219444.168,-0.98864746093,0.20129394531,-0.09606933593
1726407219464.1372,-0.98864746093,0.20129394531,-0.09606933593
1726407219483.9846,-0.98791503906,0.19653320312,-0.09582519531
1726407219504.1375,-0.98791503906,0.19653320312,-0.09582519531
1726407219524.1375,-0.98791503906,0.19653320312,-0.09582519531
1726407219544.168,-0.98791503906,0.19653320312,-0.09582519531
1726407219564.0151,-0.99169921875,0.20166015625,-0.10205078125
1726407219584.168,-0.99169921875,0.20166015625,-0.10205078125
1726407219604.1375,-0.99169921875,0.20166015625,-0.10205078125
1726407219624.1375,-0.99169921875,0.20166015625,-0.10205078125
1726407219644.046,-0.99768066406,0.20715332031,-0.0986328125
1726407219664.1375,-0.99768066406,0.20715332031,-0.0986328125
1726407219684.168,-0.99768066406,0.20715332031,-0.0986328125
1726407219704.1372,-0.99768066406,0.20715332031,-0.0986328125
1726407219724.076,-0.99731445312,0.20239257812,-0.09497070312
1726407219744.168,-0.99731445312,0.20239257812,-0.09497070312
1726407219764.1375,-0.99731445312,0.20239257812,-0.09497070312
1726407219784.1375,-0.99731445312,0.20239257812,-0.09497070312
1726407219804.1067,-0.99304199218,0.19702148437,-0.09008789062
1726407219824.1375,-0.99304199218,0.19702148437,-0.09008789062
1726407219844.168,-0.99304199218,0.19702148437,-0.09008789062
1726407219864.1375,-0.99304199218,0.19702148437,-0.09008789062
1726407219884.1375,-0.9931640625,0.1923828125,-0.09204101562
1726407219904.1375,-0.9931640625,0.1923828125,-0.09204101562
1726407219924.168,-0.9931640625,0.1923828125,-0.09204101562
1726407219944.168,-0.9931640625,0.1923828125,-0.09204101562
1726407219964.1675,-0.99841308593,0.18920898437,-0.09497070312
1726407219984.168,-0.99841308593,0.18920898437,-0.09497070312
1726407220004.168,-0.99841308593,0.18920898437,-0.09497070312
1726407220024.1375,-0.99841308593,0.18920898437,-0.09497070312
1726407220044.1985,-0.99450683593,0.18981933593,-0.1015625
1726407220064.168,-0.99450683593,0.18981933593,-0.1015625
1726407220084.168,-0.99450683593,0.18981933593,-0.1015625
1726407220104.168,-0.99450683593,0.18981933593,-0.1015625
1726407220124.229,-0.99267578125,0.1953125,-0.10778808593
1726407220144.168,-0.99267578125,0.1953125,-0.10778808593
1726407220164.1375,-0.99267578125,0.1953125,-0.10778808593
1726407220184.1375,-0.99267578125,0.1953125,-0.10778808593
1726407220204.2595,-0.99291992187,0.19787597656,-0.10559082031
1726407220224.1372,-0.99291992187,0.19787597656,-0.10559082031
1726407220244.1372,-0.99291992187,0.19787597656,-0.10559082031
1726407220264.168,-0.99291992187,0.19787597656,-0.10559082031
1726407220284.29,-0.98889160156,0.19909667968,-0.09716796875
1726407220304.1375,-0.98889160156,0.19909667968,-0.09716796875
1726407220324.1375,-0.98889160156,0.19909667968,-0.09716796875
1726407220344.1375,-0.98889160156,0.19909667968,-0.09716796875
1726407220364.3203,-0.98901367187,0.20178222656,-0.09741210937
1726407220384.1375,-0.98901367187,0.20178222656,-0.09741210937
1726407220404.168,-0.98901367187,0.20178222656,-0.09741210937
1726407220424.1375,-0.98901367187,0.20178222656,-0.09741210937
1726407220444.351,-0.98815917968,0.20300292968,-0.10070800781
1726407220464.1675,-0.98815917968,0.20300292968,-0.10070800781
1726407220484.168,-0.98815917968,0.20300292968,-0.10070800781
1726407220504.168,-0.98815917968,0.20300292968,-0.10070800781
1726407220524.3816,-0.98559570312,0.20568847656,-0.09692382812
1726407220544.168,-0.98559570312,0.20568847656,-0.09692382812
1726407220564.1375,-0.98559570312,0.20568847656,-0.09692382812
1726407220584.168,-0.98559570312,0.20568847656,-0.09692382812
1726407220604.4124,-0.98645019531,0.21203613281,-0.09631347656
1726407220624.1375,-0.98645019531,0.21203613281,-0.09631347656
1726407220644.168,-0.98645019531,0.21203613281,-0.09631347656
1726407220664.1375,-0.98645019531,0.21203613281,-0.09631347656
1726407220684.4429,-0.9921875,0.21203613281,-0.09899902343
1726407220704.1675,-0.9921875,0.21203613281,-0.09899902343
1726407220724.1675,-0.9921875,0.21203613281,-0.09899902343
1726407220744.168,-0.9921875,0.21203613281,-0.09899902343
1726407220764.534,-0.99267578125,0.20458984375,-0.09826660156
1726407220784.168,-0.99267578125,0.20458984375,-0.09826660156
1726407220804.168,-0.99267578125,0.20458984375,-0.09826660156
1726407220824.168,-0.99267578125,0.20458984375,-0.09826660156
1726407220844.504,-0.99194335937,0.20227050781,-0.09375
1726407220864.1375,-0.99194335937,0.20227050781,-0.09375
1726407220884.168,-0.99194335937,0.20227050781,-0.09375
1726407220904.1375,-0.99194335937,0.20227050781,-0.09375
1726407220924.5344,-0.99462890625,0.201171875,-0.08959960937
1726407220944.168,-0.99462890625,0.201171875,-0.08959960937
1726407220964.1372,-0.99462890625,0.201171875,-0.08959960937
1726407220984.168,-0.99462890625,0.201171875,-0.08959960937
1726407221004.5647,-0.99584960937,0.20068359375,-0.08654785156
1726407221024.1375,-0.99584960937,0.20068359375,-0.08654785156
1726407221044.168,-0.99584960937,0.20068359375,-0.08654785156
1726407221064.1375,-0.99584960937,0.20068359375,-0.08654785156
1726407221084.5955,-0.99340820312,0.20251464843,-0.08618164062
1726407221104.168,-0.99340820312,0.20251464843,-0.08618164062
1726407221124.168,-0.99340820312,0.20251464843,-0.08618164062
1726407221144.168,-0.99340820312,0.20251464843,-0.08618164062
1726407221164.626,-0.9921875,0.20336914062,-0.08703613281
1726407221184.168,-0.9921875,0.20336914062,-0.08703613281
1726407221204.1675,-0.9921875,0.20336914062,-0.08703613281
1726407221224.1675,-0.9921875,0.20336914062,-0.08703613281
1726407221244.6565,-0.99584960937,0.20581054687,-0.08850097656
1726407221264.168,-0.99584960937,0.20581054687,-0.08850097656
1726407221284.168,-0.99584960937,0.20581054687,-0.08850097656
1726407221304.1375,-0.99584960937,0.20581054687,-0.08850097656
1726407221324.687,-0.99438476562,0.208984375,-0.08813476562
1726407221344.1375,-0.99438476562,0.208984375,-0.08813476562
1726407221364.168,-0.99438476562,0.208984375,-0.08813476562
1726407221384.1375,-0.99438476562,0.208984375,-0.08813476562
1726407221404.7175,-0.99169921875,0.20947265625,-0.09216308593
1726407221424.168,-0.99169921875,0.20947265625,-0.09216308593
1726407221444.1375,-0.99169921875,0.20947265625,-0.09216308593
1726407221464.1675,-0.99169921875,0.20947265625,-0.09216308593
1726407221484.748,-0.9892578125,0.21435546875,-0.08862304687
1726407221504.1375,-0.9892578125,0.21435546875,-0.08862304687
1726407221524.1375,-0.9892578125,0.21435546875,-0.08862304687
1726407221544.168,-0.9892578125,0.21435546875,-0.08862304687
1726407221564.7783,-0.98718261718,0.2109375,-0.08715820312
1726407221584.168,-0.98718261718,0.2109375,-0.08715820312
1726407221604.1375,-0.98718261718,0.2109375,-0.08715820312
1726407221624.168,-0.98718261718,0.2109375,-0.08715820312
1726407221644.809,-0.98718261718,0.21044921875,-0.08752441406
1726407221664.1375,-0.98718261718,0.21044921875,-0.08752441406
1726407221684.168,-0.98718261718,0.21044921875,-0.08752441406
1726407221704.1675,-0.98718261718,0.21044921875,-0.08752441406
1726407221724.8396,-0.98620605468,0.21228027343,-0.08972167968
1726407221744.168,-0.98620605468,0.21228027343,-0.08972167968
1726407221764.1375,-0.98620605468,0.21228027343,-0.08972167968
1726407221784.168,-0.98620605468,0.21228027343,-0.08972167968
1726407221804.87,-0.98779296875,0.20788574218,-0.09289550781
1726407221824.1375,-0.98779296875,0.20788574218,-0.09289550781
1726407221844.168,-0.98779296875,0.20788574218,-0.09289550781
1726407221864.1375,-0.98779296875,0.20788574218,-0.09289550781
1726407221884.901,-0.99060058593,0.20373535156,-0.09228515625
1726407221904.168,-0.99060058593,0.20373535156,-0.09228515625
1726407221924.1375,-0.99060058593,0.20373535156,-0.09228515625
1726407221944.168,-0.99060058593,0.20373535156,-0.09228515625
1726407221964.9312,-0.99304199218,0.20288085937,-0.09301757812
1726407221984.168,-0.99304199218,0.20288085937,-0.09301757812
1726407222004.1375,-0.99304199218,0.20288085937,-0.09301757812
1726407222024.168,-0.99304199218,0.20288085937,-0.09301757812
1726407222044.962,-0.99206542968,0.19934082031,-0.09753417968
1726407222064.1375,-0.99206542968,0.19934082031,-0.09753417968
1726407222084.1375,-0.99206542968,0.19934082031,-0.09753417968
1726407222104.168,-0.99206542968,0.19934082031,-0.09753417968
1726407222124.9924,-0.98950195312,0.19982910156,-0.09545898437
1726407222144.0151,-0.98950195312,0.19982910156,-0.09545898437
1726407222164.168,-0.98950195312,0.19982910156,-0.09545898437
1726407222184.1375,-0.98950195312,0.19982910156,-0.09545898437
1726407222205.0227,-0.98937988281,0.2041015625,-0.08728027343
1726407222224.0151,-0.98937988281,0.2041015625,-0.08728027343
1726407222244.168,-0.98937988281,0.2041015625,-0.08728027343
1726407222264.168,-0.98937988281,0.2041015625,-0.08728027343
1726407222285.1145,-0.98828125,0.205078125,-0.08447265625
1726407222304.168,-0.98828125,0.205078125,-0.08447265625
1726407222324.168,-0.98828125,0.205078125,-0.08447265625
1726407222344.1375,-0.98828125,0.205078125,-0.08447265625
1726407222365.145,-0.98767089843,0.20764160156,-0.08728027343
1726407222384.0151,-0.98767089843,0.20764160156,-0.08728027343
1726407222404.168,-0.98767089843,0.20764160156,-0.08728027343
1726407222424.1375,-0.98767089843,0.20764160156,-0.08728027343
1726407222445.1145,-0.98645019531,0.2109375,-0.08972167968
1726407222464.0151,-0.98645019531,0.2109375,-0.08972167968
1726407222484.168,-0.98645019531,0.2109375,-0.08972167968
1726407222504.168,-0.98645019531,0.2109375,-0.08972167968
1726407222525.145,-0.98693847656,0.21252441406,-0.08764648437
1726407222544.0151,-0.98693847656,0.21252441406,-0.08764648437
1726407222564.1375,-0.98693847656,0.21252441406,-0.08764648437
1726407222584.168,-0.98693847656,0.21252441406,-0.08764648437
1726407222605.1755,-0.98706054687,0.21118164062,-0.0888671875
1726407222624.0151,-0.98706054687,0.21118164062,-0.0888671875
1726407222644.168,-0.98706054687,0.21118164062,-0.0888671875
1726407222664.1375,-0.98706054687,0.21118164062,-0.0888671875
1726407222685.206,-0.98620605468,0.21044921875,-0.08728027343
1726407222704.0151,-0.98620605468,0.21044921875,-0.08728027343
1726407222724.1372,-0.98620605468,0.21044921875,-0.08728027343
1726407222744.168,-0.98620605468,0.21044921875,-0.08728027343
1726407222765.2363,-0.98669433593,0.20910644531,-0.08239746093
1726407222784.0151,-0.98669433593,0.20910644531,-0.08239746093
1726407222804.168,-0.98669433593,0.20910644531,-0.08239746093
1726407222824.1375,-0.98669433593,0.20910644531,-0.08239746093
1726407222845.3284,-0.98803710937,0.20532226562,-0.08325195312
1726407222864.0151,-0.98803710937,0.20532226562,-0.08325195312
1726407222884.168,-0.98803710937,0.20532226562,-0.08325195312
1726407222904.168,-0.98803710937,0.20532226562,-0.08325195312
1726407222925.2979,-0.98767089843,0.20471191406,-0.08459472656
1726407222944.0151,-0.98767089843,0.20471191406,-0.08459472656
1726407222964.1675,-0.98767089843,0.20471191406,-0.08459472656
1726407222984.168,-0.98767089843,0.20471191406,-0.08459472656
1726407223005.328,-0.99060058593,0.20959472656,-0.07800292968
1726407223024.0151,-0.99060058593,0.20959472656,-0.07800292968
1726407223044.1375,-0.99060058593,0.20959472656,-0.07800292968
1726407223064.168,-0.99060058593,0.20959472656,-0.07800292968
1726407223085.359,-0.99401855468,0.21691894531,-0.0791015625
1726407223104.0151,-0.99401855468,0.21691894531,-0.0791015625
1726407223124.168,-0.99401855468,0.21691894531,-0.0791015625
1726407223144.168,-0.99401855468,0.21691894531,-0.0791015625
1726407223165.3894,-0.98413085937,0.21008300781,-0.072265625
1726407223184.0151,-0.98413085937,0.21008300781,-0.072265625
1726407223204.1675,-0.98413085937,0.21008300781,-0.072265625
1726407223224.1372,-0.98413085937,0.21008300781,-0.072265625
1726407223245.4197,-0.98376464843,0.20581054687,-0.06909179687
1726407223264.0151,-0.98376464843,0.20581054687,-0.06909179687
1726407223284.168,-0.98376464843,0.20581054687,-0.06909179687
1726407223304.168,-0.98376464843,0.20581054687,-0.06909179687
1726407223325.5115,-0.98461914062,0.20593261718,-0.07385253906
1726407223344.0151,-0.98461914062,0.20593261718,-0.07385253906
1726407223364.1375,-0.98461914062,0.20593261718,-0.07385253906
1726407223384.168,-0.98461914062,0.20593261718,-0.07385253906
1726407223405.4807,-0.98498535156,0.20178222656,-0.08142089843
1726407223424.0151,-0.98498535156,0.20178222656,-0.08142089843
1726407223444.1375,-0.98498535156,0.20178222656,-0.08142089843
1726407223464.1675,-0.98498535156,0.20178222656,-0.08142089843
1726407223485.5725,-0.98413085937,0.205078125,-0.0869140625
1726407223504.0151,-0.98413085937,0.205078125,-0.0869140625
1726407223524.168,-0.98413085937,0.205078125,-0.0869140625
1726407223544.1375,-0.98413085937,0.205078125,-0.0869140625
1726407223565.542,-0.98376464843,0.21179199218,-0.08740234375
1726407223584.0151,-0.98376464843,0.21179199218,-0.08740234375
1726407223604.168,-0.98376464843,0.21179199218,-0.08740234375
1726407223624.168,-0.98376464843,0.21179199218,-0.08740234375
1726407223645.5725,-0.98559570312,0.2119140625,-0.08874511718
1726407223664.0151,-0.98559570312,0.2119140625,-0.08874511718
1726407223684.168,-0.98559570312,0.2119140625,-0.08874511718
1726407223704.1675,-0.98559570312,0.2119140625,-0.08874511718
1726407223725.664,-0.98547363281,0.20666503906,-0.08825683593
1726407223744.0151,-0.98547363281,0.20666503906,-0.08825683593
1726407223764.1375,-0.98547363281,0.20666503906,-0.08825683593
1726407223784.1375,-0.98547363281,0.20666503906,-0.08825683593
1726407223805.6943,-0.98327636718,0.20104980468,-0.0859375
1726407223824.0151,-0.98327636718,0.20104980468,-0.0859375
1726407223844.168,-0.98327636718,0.20104980468,-0.0859375
1726407223864.1375,-0.98327636718,0.20104980468,-0.0859375
1726407223885.6643,-0.984375,0.20471191406,-0.08276367187
1726407223904.0151,-0.984375,0.20471191406,-0.08276367187
1726407223924.168,-0.984375,0.20471191406,-0.08276367187
1726407223944.168,-0.984375,0.20471191406,-0.08276367187
1726407223965.6943,-0.98486328125,0.20861816406,-0.07824707031
1726407223984.0151,-0.98486328125,0.20861816406,-0.07824707031
1726407224004.1375,-0.98486328125,0.20861816406,-0.07824707031
1726407224024.168,-0.98486328125,0.20861816406,-0.07824707031
1726407224045.725,-0.98620605468,0.20715332031,-0.08227539062
1726407224064.0151,-0.98620605468,0.20715332031,-0.08227539062
1726407224084.168,-0.98620605468,0.20715332031,-0.08227539062
1726407224104.1375,-0.98620605468,0.20715332031,-0.08227539062
1726407224125.7559,-0.99084472656,0.21069335937,-0.08422851562
1726407224144.0151,-0.99084472656,0.21069335937,-0.08422851562
1726407224164.168,-0.99084472656,0.21069335937,-0.08422851562
1726407224184.1375,-0.99084472656,0.21069335937,-0.08422851562
1726407224205.786,-0.98999023437,0.21545410156,-0.07995605468
1726407224224.0151,-0.98999023437,0.21545410156,-0.07995605468
1726407224244.1372,-0.98999023437,0.21545410156,-0.07995605468
1726407224264.168,-0.98999023437,0.21545410156,-0.07995605468
1726407224285.817,-0.984375,0.21667480468,-0.07995605468
1726407224304.0151,-0.984375,0.21667480468,-0.07995605468
1726407224324.1375,-0.984375,0.21667480468,-0.07995605468
1726407224344.168,-0.984375,0.21667480468,-0.07995605468
1726407224365.8474,-0.98486328125,0.21411132812,-0.08203125
1726407224384.0151,-0.98486328125,0.21411132812,-0.08203125
1726407224404.1375,-0.98486328125,0.21411132812,-0.08203125
1726407224424.1375,-0.98486328125,0.21411132812,-0.08203125
1726407224445.8777,-0.98608398437,0.212890625,-0.08935546875
1726407224464.0151,-0.98608398437,0.212890625,-0.08935546875
1726407224484.168,-0.98608398437,0.212890625,-0.08935546875
1726407224504.1375,-0.98608398437,0.212890625,-0.08935546875
1726407224525.9695,-0.98364257812,0.21130371093,-0.0947265625
1726407224544.0151,-0.98364257812,0.21130371093,-0.0947265625
1726407224564.1375,-0.98364257812,0.21130371093,-0.0947265625
1726407224584.168,-0.98364257812,0.21130371093,-0.0947265625
1726407224605.9387,-0.982421875,0.20959472656,-0.09313964843
1726407224624.0151,-0.982421875,0.20959472656,-0.09313964843
1726407224644.1375,-0.982421875,0.20959472656,-0.09313964843
1726407224664.168,-0.982421875,0.20959472656,-0.09313964843
1726407224685.9692,-0.98498535156,0.20764160156,-0.09033203125
1726407224704.0151,-0.98498535156,0.20764160156,-0.09033203125
1726407224724.1372,-0.98498535156,0.20764160156,-0.09033203125
1726407224744.168,-0.98498535156,0.20764160156,-0.09033203125
1726407224766.061,-0.98974609375,0.21008300781,-0.09252929687
1726407224784.0151,-0.98974609375,0.21008300781,-0.09252929687
1726407224804.168,-0.98974609375,0.21008300781,-0.09252929687
1726407224824.168,-0.98974609375,0.21008300781,-0.09252929687
1726407224846.0916,-0.986328125,0.21728515625,-0.09729003906
1726407224864.0151,-0.986328125,0.21728515625,-0.09729003906
1726407224884.168,-0.986328125,0.21728515625,-0.09729003906
1726407224904.168,-0.986328125,0.21728515625,-0.09729003906
1726407224926.061,-0.98681640625,0.20922851562,-0.09020996093
1726407224944.0151,-0.98681640625,0.20922851562,-0.09020996093
1726407224964.1675,-0.98681640625,0.20922851562,-0.09020996093
1726407224984.1372,-0.98681640625,0.20922851562,-0.09020996093
1726407225006.0916,-0.98706054687,0.19396972656,-0.08374023437
1726407225024.0151,-0.98706054687,0.19396972656,-0.08374023437
1726407225044.1375,-0.98706054687,0.19396972656,-0.08374023437
1726407225064.046,-0.98706054687,0.19396972656,-0.08374023437
1726407225086.183,-0.98718261718,0.18994140625,-0.09106445312
1726407225104.0151,-0.98718261718,0.18994140625,-0.09106445312
1726407225124.1375,-0.98718261718,0.18994140625,-0.09106445312
1726407225144.168,-0.98718261718,0.18994140625,-0.09106445312
1726407225166.1528,-0.98303222656,0.20581054687,-0.0966796875
1726407225184.0151,-0.98303222656,0.20581054687,-0.0966796875
1726407225204.1372,-0.98303222656,0.20581054687,-0.0966796875
1726407225224.1675,-0.98303222656,0.20581054687,-0.0966796875
1726407225246.183,-0.97900390625,0.22155761718,-0.09716796875
1726407225264.0151,-0.97900390625,0.22155761718,-0.09716796875
1726407225284.1375,-0.97900390625,0.22155761718,-0.09716796875
1726407225304.1375,-0.97900390625,0.22155761718,-0.09716796875
1726407225326.2139,-0.982421875,0.22375488281,-0.09741210937
1726407225344.0151,-0.982421875,0.22375488281,-0.09741210937
1726407225364.168,-0.982421875,0.22375488281,-0.09741210937
1726407225384.168,-0.982421875,0.22375488281,-0.09741210937
1726407225406.2444,-0.98706054687,0.21630859375,-0.10070800781
1726407225424.0151,-0.98706054687,0.21630859375,-0.10070800781
1726407225444.168,-0.98706054687,0.21630859375,-0.10070800781
1726407225464.1372,-0.98706054687,0.21630859375,-0.10070800781
1726407225486.336,-0.99133300781,0.20874023437,-0.10119628906
1726407225504.0151,-0.99133300781,0.20874023437,-0.10119628906
1726407225524.1375,-0.99133300781,0.20874023437,-0.10119628906
1726407225544.1375,-0.99133300781,0.20874023437,-0.10119628906
1726407225566.3665,-0.990234375,0.20520019531,-0.09716796875
1726407225584.0151,-0.990234375,0.20520019531,-0.09716796875
1726407225604.168,-0.990234375,0.20520019531,-0.09716796875
1726407225624.1375,-0.990234375,0.20520019531,-0.09716796875
1726407225646.336,-0.98657226562,0.20458984375,-0.09851074218
1726407225664.0151,-0.98657226562,0.20458984375,-0.09851074218
1726407225684.168,-0.98657226562,0.20458984375,-0.09851074218
1726407225704.1372,-0.98657226562,0.20458984375,-0.09851074218
1726407225726.3665,-0.98791503906,0.20532226562,-0.09692382812
1726407225744.0151,-0.98791503906,0.20532226562,-0.09692382812
1726407225764.1375,-0.98791503906,0.20532226562,-0.09692382812
1726407225784.168,-0.98791503906,0.20532226562,-0.09692382812
1726407225806.458,-0.98962402343,0.19946289062,-0.09521484375
1726407225824.0151,-0.98962402343,0.19946289062,-0.09521484375
1726407225844.1375,-0.98962402343,0.19946289062,-0.09521484375
1726407225864.1375,-0.98962402343,0.19946289062,-0.09521484375
1726407225886.4275,-0.98840332031,0.19152832031,-0.09338378906
1726407225904.0151,-0.98840332031,0.19152832031,-0.09338378906
1726407225924.168,-0.98840332031,0.19152832031,-0.09338378906
1726407225944.1375,-0.98840332031,0.19152832031,-0.09338378906
1726407225966.519,-0.98669433593,0.19299316406,-0.08728027343
1726407225984.0151,-0.98669433593,0.19299316406,-0.08728027343
1726407226004.1375,-0.98669433593,0.19299316406,-0.08728027343
1726407226024.1375,-0.98669433593,0.19299316406,-0.08728027343
1726407226046.4883,-0.98803710937,0.19470214843,-0.08764648437
1726407226064.0151,-0.98803710937,0.19470214843,-0.08764648437
1726407226084.168,-0.98803710937,0.19470214843,-0.08764648437
1726407226104.1375,-0.98803710937,0.19470214843,-0.08764648437
1726407226126.519,-0.98864746093,0.19555664062,-0.08984375
1726407226144.0151,-0.98864746093,0.19555664062,-0.08984375
1726407226164.1375,-0.98864746093,0.19555664062,-0.08984375
1726407226184.168,-0.98864746093,0.19555664062,-0.08984375
1726407226206.5496,-0.98376464843,0.19592285156,-0.08776855468
1726407226224.0151,-0.98376464843,0.19592285156,-0.08776855468
1726407226244.1372,-0.98376464843,0.19592285156,-0.08776855468
1726407226264.1375,-0.98376464843,0.19592285156,-0.08776855468
1726407226286.58,-0.9814453125,0.20239257812,-0.08776855468
1726407226304.0151,-0.9814453125,0.20239257812,-0.08776855468
1726407226324.168,-0.9814453125,0.20239257812,-0.08776855468
1726407226344.168,-0.9814453125,0.20239257812,-0.08776855468
1726407226366.6108,-0.98352050781,0.21887207031,-0.10278320312
1726407226384.0151,-0.98352050781,0.21887207031,-0.10278320312
1726407226404.168,-0.98352050781,0.21887207031,-0.10278320312
1726407226424.168,-0.98352050781,0.21887207031,-0.10278320312
1726407226446.641,-0.98657226562,0.21203613281,-0.10205078125
1726407226464.0151,-0.98657226562,0.21203613281,-0.10205078125
1726407226484.1372,-0.98657226562,0.21203613281,-0.10205078125
1726407226504.168,-0.98657226562,0.21203613281,-0.10205078125
1726407226526.6716,-0.98901367187,0.20983886718,-0.09765625
1726407226544.0151,-0.98901367187,0.20983886718,-0.09765625
1726407226564.1375,-0.98901367187,0.20983886718,-0.09765625
1726407226584.168,-0.98901367187,0.20983886718,-0.09765625
1726407226606.7024,-0.98706054687,0.20886230468,-0.0986328125
1726407226624.0151,-0.98706054687,0.20886230468,-0.0986328125
1726407226644.1375,-0.98706054687,0.20886230468,-0.0986328125
1726407226664.168,-0.98706054687,0.20886230468,-0.0986328125
1726407226686.7327,-0.98718261718,0.20837402343,-0.10229492187
1726407226704.0151,-0.98718261718,0.20837402343,-0.10229492187
1726407226724.1675,-0.98718261718,0.20837402343,-0.10229492187
1726407226744.1372,-0.98718261718,0.20837402343,-0.10229492187
1726407226766.7634,-0.98718261718,0.21130371093,-0.10498046875
1726407226784.0151,-0.98718261718,0.21130371093,-0.10498046875
1726407226804.168,-0.98718261718,0.21130371093,-0.10498046875
1726407226824.1375,-0.98718261718,0.21130371093,-0.10498046875
1726407226846.794,-0.98828125,0.20739746093,-0.10424804687
1726407226864.0151,-0.98828125,0.20739746093,-0.10424804687
1726407226884.168,-0.98828125,0.20739746093,-0.10424804687
1726407226904.168,-0.98828125,0.20739746093,-0.10424804687
1726407226926.8242,-0.98669433593,0.20874023437,-0.10278320312
1726407226944.0151,-0.98669433593,0.20874023437,-0.10278320312
1726407226964.1675,-0.98669433593,0.20874023437,-0.10278320312
1726407226984.168,-0.98669433593,0.20874023437,-0.10278320312
1726407227006.916,-0.98596191406,0.21765136718,-0.1083984375
1726407227024.0151,-0.98596191406,0.21765136718,-0.1083984375
1726407227044.1375,-0.98596191406,0.21765136718,-0.1083984375
1726407227064.168,-0.98596191406,0.21765136718,-0.1083984375
1726407227086.9463,-0.99182128906,0.22290039062,-0.11401367187
1726407227104.0151,-0.99182128906,0.22290039062,-0.11401367187
1726407227124.1375,-0.99182128906,0.22290039062,-0.11401367187
1726407227144.1375,-0.99182128906,0.22290039062,-0.11401367187
1726407227166.916,-0.99255371093,0.22216796875,-0.11254882812
1726407227184.0151,-0.99255371093,0.22216796875,-0.11254882812
1726407227204.1675,-0.99255371093,0.22216796875,-0.11254882812
1726407227224.1372,-0.99255371093,0.22216796875,-0.11254882812
1726407227246.9463,-0.99291992187,0.21350097656,-0.10766601562
1726407227264.0151,-0.99291992187,0.21350097656,-0.10766601562
1726407227284.168,-0.99291992187,0.21350097656,-0.10766601562
1726407227304.168,-0.99291992187,0.21350097656,-0.10766601562
1726407227327.038,-0.98889160156,0.20532226562,-0.10546875
1726407227344.0151,-0.98889160156,0.20532226562,-0.10546875
1726407227364.168,-0.98889160156,0.20532226562,-0.10546875
1726407227384.168,-0.98889160156,0.20532226562,-0.10546875
1726407227407.0688,-0.98803710937,0.20251464843,-0.10339355468
1726407227424.0151,-0.98803710937,0.20251464843,-0.10339355468
1726407227444.1375,-0.98803710937,0.20251464843,-0.10339355468
1726407227464.1675,-0.98803710937,0.20251464843,-0.10339355468
1726407227487.038,-0.99389648437,0.19396972656,-0.10241699218
1726407227504.0151,-0.99389648437,0.19396972656,-0.10241699218
1726407227524.2595,-0.99389648437,0.19396972656,-0.10241699218
1726407227544.168,-0.99389648437,0.19396972656,-0.10241699218
1726407227567.0688,-0.99450683593,0.18896484375,-0.10815429687
1726407227584.0151,-0.99450683593,0.18896484375,-0.10815429687
1726407227604.168,-0.99450683593,0.18896484375,-0.10815429687
1726407227624.1375,-0.99450683593,0.18896484375,-0.10815429687
1726407227647.099,-0.99487304687,0.19189453125,-0.10778808593
1726407227664.0151,-0.99487304687,0.19189453125,-0.10778808593
1726407227684.168,-0.99487304687,0.19189453125,-0.10778808593
1726407227704.1372,-0.99487304687,0.19189453125,-0.10778808593
1726407227727.1296,-0.99389648437,0.20251464843,-0.10546875
1726407227744.0151,-0.99389648437,0.20251464843,-0.10546875
1726407227764.1375,-0.99389648437,0.20251464843,-0.10546875
1726407227784.1375,-0.99389648437,0.20251464843,-0.10546875
1726407227807.2214,-0.99145507812,0.21166992187,-0.10437011718
1726407227824.0151,-0.99145507812,0.21166992187,-0.10437011718
1726407227844.168,-0.99145507812,0.21166992187,-0.10437011718
1726407227864.168,-0.99145507812,0.21166992187,-0.10437011718
1726407227887.252,-0.98608398437,0.20654296875,-0.10388183593
1726407227904.0151,-0.98608398437,0.20654296875,-0.10388183593
1726407227924.229,-0.98608398437,0.20654296875,-0.10388183593
1726407227944.168,-0.98608398437,0.20654296875,-0.10388183593
1726407227967.2825,-0.98559570312,0.22192382812,-0.11328125
1726407227984.0151,-0.98559570312,0.22192382812,-0.11328125
1726407228004.1375,-0.98559570312,0.22192382812,-0.11328125
1726407228024.1375,-0.98559570312,0.22192382812,-0.11328125
1726407228047.252,-0.97814941406,0.24047851562,-0.11535644531
1726407228064.0151,-0.97814941406,0.24047851562,-0.11535644531
1726407228084.168,-0.97814941406,0.24047851562,-0.11535644531
1726407228104.1375,-0.97814941406,0.24047851562,-0.11535644531
1726407228127.2825,-0.97680664062,0.23559570312,-0.11743164062
1726407228144.0151,-0.97680664062,0.23559570312,-0.11743164062
1726407228164.168,-0.97680664062,0.23559570312,-0.11743164062
1726407228184.168,-0.97680664062,0.23559570312,-0.11743164062
1726407228207.3127,-0.98754882812,0.21887207031,-0.115234375
1726407228224.0457,-0.98754882812,0.21887207031,-0.115234375
1726407228244.168,-0.98754882812,0.21887207031,-0.115234375
1726407228264.168,-0.98754882812,0.21887207031,-0.115234375
1726407228287.3435,-0.98950195312,0.20886230468,-0.11413574218
1726407228304.0151,-0.98950195312,0.20886230468,-0.11413574218
1726407228324.168,-0.98950195312,0.20886230468,-0.11413574218
1726407228344.168,-0.98950195312,0.20886230468,-0.11413574218
1726407228367.374,-0.98828125,0.21569824218,-0.11474609375
1726407228384.046,-0.98828125,0.21569824218,-0.11474609375
1726407228404.168,-0.98828125,0.21569824218,-0.11474609375
1726407228424.168,-0.98828125,0.21569824218,-0.11474609375
1726407228447.4043,-0.98986816406,0.23132324218,-0.12329101562
1726407228464.0151,-0.98986816406,0.23132324218,-0.12329101562
1726407228484.168,-0.98986816406,0.23132324218,-0.12329101562
1726407228504.168,-0.98986816406,0.23132324218,-0.12329101562
1726407228527.435,-0.98742675781,0.23449707031,-0.12939453125
1726407228544.0457,-0.98742675781,0.23449707031,-0.12939453125
1726407228564.168,-0.98742675781,0.23449707031,-0.12939453125
1726407228584.1375,-0.98742675781,0.23449707031,-0.12939453125
1726407228607.4658,-0.97692871093,0.22766113281,-0.1259765625
1726407228624.0151,-0.97692871093,0.22766113281,-0.1259765625
1726407228644.168,-0.97692871093,0.22766113281,-0.1259765625
1726407228664.1375,-0.97692871093,0.22766113281,-0.1259765625
1726407228687.496,-0.97521972656,0.22338867187,-0.12023925781
1726407228704.0151,-0.97521972656,0.22338867187,-0.12023925781
1726407228724.1372,-0.97521972656,0.22338867187,-0.12023925781
1726407228744.168,-0.97521972656,0.22338867187,-0.12023925781
1726407228767.5266,-0.98059082031,0.21618652343,-0.11547851562
1726407228784.0151,-0.98059082031,0.21618652343,-0.11547851562
1726407228804.168,-0.98059082031,0.21618652343,-0.11547851562
1726407228824.168,-0.98059082031,0.21618652343,-0.11547851562
1726407228847.5571,-0.98315429687,0.20666503906,-0.10913085937
1726407228864.0151,-0.98315429687,0.20666503906,-0.10913085937
1726407228884.168,-0.98315429687,0.20666503906,-0.10913085937
1726407228904.1375,-0.98315429687,0.20666503906,-0.10913085937
1726407228927.6487,-0.98327636718,0.19689941406,-0.10607910156
1726407228944.0151,-0.98327636718,0.19689941406,-0.10607910156
1726407228964.1372,-0.98327636718,0.19689941406,-0.10607910156
1726407228984.1372,-0.98327636718,0.19689941406,-0.10607910156
1726407229007.6184,-0.98327636718,0.19555664062,-0.10986328125
1726407229024.0151,-0.98327636718,0.19555664062,-0.10986328125
1726407229044.168,-0.98327636718,0.19555664062,-0.10986328125
1726407229064.168,-0.98327636718,0.19555664062,-0.10986328125
1726407229087.6487,-0.98742675781,0.19482421875,-0.10961914062
1726407229104.0151,-0.98742675781,0.19482421875,-0.10961914062
1726407229124.1375,-0.98742675781,0.19482421875,-0.10961914062
1726407229144.1375,-0.98742675781,0.19482421875,-0.10961914062
1726407229167.7402,-0.99047851562,0.18725585937,-0.1083984375
1726407229184.0151,-0.99047851562,0.18725585937,-0.1083984375
1726407229204.1675,-0.99047851562,0.18725585937,-0.1083984375
1726407229224.1675,-0.99047851562,0.18725585937,-0.1083984375
1726407229247.71,-0.99401855468,0.181640625,-0.10998535156
1726407229264.0151,-0.99401855468,0.181640625,-0.10998535156
1726407229284.1375,-0.99401855468,0.181640625,-0.10998535156
1726407229304.168,-0.99401855468,0.181640625,-0.10998535156
1726407229327.8015,-0.99047851562,0.17590332031,-0.10339355468
1726407229344.046,-0.99047851562,0.17590332031,-0.10339355468
1726407229364.168,-0.99047851562,0.17590332031,-0.10339355468
1726407229384.1375,-0.99047851562,0.17590332031,-0.10339355468
1726407229407.7708,-0.98461914062,0.16687011718,-0.09509277343
1726407229424.0151,-0.98461914062,0.16687011718,-0.09509277343
1726407229444.168,-0.98461914062,0.16687011718,-0.09509277343
1726407229464.1675,-0.98461914062,0.16687011718,-0.09509277343
1726407229487.8015,-0.98706054687,0.16687011718,-0.09436035156
1726407229504.0151,-0.98706054687,0.16687011718,-0.09436035156
1726407229524.1375,-0.98706054687,0.16687011718,-0.09436035156
1726407229544.1375,-0.98706054687,0.16687011718,-0.09436035156
1726407229567.893,-0.99133300781,0.18225097656,-0.09484863281
1726407229584.046,-0.99133300781,0.18225097656,-0.09484863281
1726407229604.1375,-0.99133300781,0.18225097656,-0.09484863281
1726407229624.168,-0.99133300781,0.18225097656,-0.09484863281
1726407229647.8628,-0.99523925781,0.1845703125,-0.10046386718
1726407229664.0151,-0.99523925781,0.1845703125,-0.10046386718
1726407229684.168,-0.99523925781,0.1845703125,-0.10046386718
1726407229704.1372,-0.99523925781,0.1845703125,-0.10046386718
1726407229727.954,-0.99304199218,0.18664550781,-0.11145019531
1726407229744.0457,-0.99304199218,0.18664550781,-0.11145019531
1726407229764.168,-0.99304199218,0.18664550781,-0.11145019531
1726407229784.168,-0.99304199218,0.18664550781,-0.11145019531
1726407229807.9236,-0.99108886718,0.17822265625,-0.11340332031
1726407229824.0151,-0.99108886718,0.17822265625,-0.11340332031
1726407229844.1375,-0.99108886718,0.17822265625,-0.11340332031
1726407229864.1375,-0.99108886718,0.17822265625,-0.11340332031
1726407229887.9543,-0.99011230468,0.16186523437,-0.10498046875
1726407229904.0151,-0.99011230468,0.16186523437,-0.10498046875
1726407229924.168,-0.99011230468,0.16186523437,-0.10498046875
1726407229944.1375,-0.99011230468,0.16186523437,-0.10498046875
1726407229967.9846,-0.98962402343,0.15417480468,-0.09167480468
1726407229984.0151,-0.98962402343,0.15417480468,-0.09167480468
1726407230004.1375,-0.98962402343,0.15417480468,-0.09167480468
1726407230024.168,-0.98962402343,0.15417480468,-0.09167480468
1726407230048.0151,-0.98522949218,0.15783691406,-0.08239746093
1726407230064.046,-0.98522949218,0.15783691406,-0.08239746093
1726407230084.168,-0.98522949218,0.15783691406,-0.08239746093
1726407230104.1375,-0.98522949218,0.15783691406,-0.08239746093
1726407230128.046,-0.98315429687,0.15747070312,-0.07800292968
1726407230144.0151,-0.98315429687,0.15747070312,-0.07800292968
1726407230164.1375,-0.98315429687,0.15747070312,-0.07800292968
1726407230184.168,-0.98315429687,0.15747070312,-0.07800292968
1726407230208.1375,-0.98742675781,0.15319824218,-0.08325195312
1726407230224.0151,-0.98742675781,0.15319824218,-0.08325195312
1726407230244.168,-0.98742675781,0.15319824218,-0.08325195312
1726407230264.168,-0.98742675781,0.15319824218,-0.08325195312
1726407230288.168,-0.99365234375,0.15637207031,-0.08154296875
1726407230304.0151,-0.99365234375,0.15637207031,-0.08154296875
1726407230324.168,-0.99365234375,0.15637207031,-0.08154296875
1726407230344.168,-0.99365234375,0.15637207031,-0.08154296875
1726407230368.1375,-0.99755859375,0.16198730468,-0.07556152343
1726407230384.046,-0.99755859375,0.16198730468,-0.07556152343
1726407230404.168,-0.99755859375,0.16198730468,-0.07556152343
1726407230424.1375,-0.99755859375,0.16198730468,-0.07556152343
1726407230448.168,-0.99731445312,0.16259765625,-0.07800292968
1726407230464.0457,-0.99731445312,0.16259765625,-0.07800292968
1726407230484.1372,-0.99731445312,0.16259765625,-0.07800292968
1726407230504.168,-0.99731445312,0.16259765625,-0.07800292968
1726407230528.2595,-0.99304199218,0.16796875,-0.080078125
1726407230544.0457,-0.99304199218,0.16796875,-0.080078125
1726407230564.168,-0.99304199218,0.16796875,-0.080078125
1726407230584.168,-0.99304199218,0.16796875,-0.080078125
1726407230608.2903,-0.9931640625,0.18408203125,-0.08422851562
1726407230624.0151,-0.9931640625,0.18408203125,-0.08422851562
1726407230644.168,-0.9931640625,0.18408203125,-0.08422851562
1726407230664.168,-0.9931640625,0.18408203125,-0.08422851562
1726407230688.2595,-0.994140625,0.19055175781,-0.08618164062
1726407230704.0151,-0.994140625,0.19055175781,-0.08618164062
1726407230724.1985,-0.994140625,0.19055175781,-0.08618164062
1726407230744.168,-0.994140625,0.19055175781,-0.08618164062
1726407230768.29,-0.99365234375,0.1884765625,-0.08813476562
1726407230784.0457,-0.99365234375,0.1884765625,-0.08813476562
1726407230804.168,-0.99365234375,0.1884765625,-0.08813476562
1726407230824.1375,-0.99365234375,0.1884765625,-0.08813476562
1726407230848.3208,-0.9912109375,0.19262695312,-0.08898925781
1726407230864.046,-0.9912109375,0.19262695312,-0.08898925781
1726407230884.168,-0.9912109375,0.19262695312,-0.08898925781
1726407230904.168,-0.9912109375,0.19262695312,-0.08898925781
1726407230928.351,-0.98596191406,0.19458007812,-0.09362792968
1726407230944.0151,-0.98596191406,0.19458007812,-0.09362792968
1726407230964.1675,-0.98596191406,0.19458007812,-0.09362792968
1726407230984.168,-0.98596191406,0.19458007812,-0.09362792968
1726407231008.3816,-0.98461914062,0.19543457031,-0.10302734375
1726407231024.0151,-0.98461914062,0.19543457031,-0.10302734375
1726407231044.1375,-0.98461914062,0.19543457031,-0.10302734375
1726407231064.168,-0.98461914062,0.19543457031,-0.10302734375
