timestamp,accel.x,accel.y,accel.z
1726236044394.8623,-0.96765136718,0.27160644531,-0.1904296875
1726236044403.5955,-0.96765136718,0.27160644531,-0.1904296875
1726236044412.2976,-0.96765136718,0.27160644531,-0.1904296875
1726236044421.0305,-0.96765136718,0.27160644531,-0.1904296875
1726236044429.7024,-0.96765136718,0.27160644531,-0.1904296875
1726236044438.435,-0.96765136718,0.27160644531,-0.1904296875
1726236044447.1375,-0.96765136718,0.27160644531,-0.1904296875
1726236044455.8396,-0.96765136718,0.27160644531,-0.1904296875
1726236044464.5115,-0.96765136718,0.27160644531,-0.1904296875
1726236044478.2825,-0.96142578125,0.28454589843,-0.19409179687
1726236044487.0457,-0.96142578125,0.28454589843,-0.19409179687
1726236044495.87,-0.96142578125,0.28454589843,-0.19409179687
1726236044504.603,-0.96142578125,0.28454589843,-0.19409179687
1726236044513.4275,-0.96142578125,0.28454589843,-0.19409179687
1726236044522.2825,-0.96142578125,0.28454589843,-0.19409179687
1726236044531.046,-0.96142578125,0.28454589843,-0.19409179687
1726236044539.9924,-0.96142578125,0.28454589843,-0.19409179687
1726236044553.977,-0.96240234375,0.28735351562,-0.203125
1726236044562.618,-0.96240234375,0.28735351562,-0.203125
1726236044571.1985,-0.96240234375,0.28735351562,-0.203125
1726236044579.87,-0.96240234375,0.28735351562,-0.203125
1726236044588.4504,-0.96240234375,0.28735351562,-0.203125
1726236044597.0916,-0.96240234375,0.28735351562,-0.203125
1726236044605.641,-0.96240234375,0.28735351562,-0.203125
1726236044614.2825,-0.96240234375,0.28735351562,-0.203125
1726236044622.893,-0.96240234375,0.28735351562,-0.203125
1726236044636.542,-0.96105957031,0.29602050781,-0.19787597656
1726236044645.275,-0.96105957031,0.29602050781,-0.19787597656
1726236044654.099,-0.96105957031,0.29602050781,-0.19787597656
1726236044662.8623,-0.96105957031,0.29602050781,-0.19787597656
1726236044671.687,-0.96105957031,0.29602050781,-0.19787597656
1726236044680.42,-0.96105957031,0.29602050781,-0.19787597656
1726236044689.1528,-0.96105957031,0.29602050781,-0.19787597656
1726236044697.916,-0.96105957031,0.29602050781,-0.19787597656
1726236044711.626,-0.95422363281,0.30017089843,-0.19958496093
1726236044720.359,-0.95422363281,0.30017089843,-0.19958496093
1726236044729.122,-0.95422363281,0.30017089843,-0.19958496093
1726236044737.8547,-0.95422363281,0.30017089843,-0.19958496093
1726236044746.6487,-0.95422363281,0.30017089843,-0.19958496093
1726236044755.4429,-0.95422363281,0.30017089843,-0.19958496093
1726236044764.206,-0.95422363281,0.30017089843,-0.19958496093
1726236044772.9695,-0.95422363281,0.30017089843,-0.19958496093
1726236044781.733,-0.95422363281,0.30017089843,-0.19958496093
1726236044795.5344,-0.95520019531,0.30932617187,-0.20556640625
1726236044804.2976,-0.95520019531,0.30932617187,-0.20556640625
1726236044813.122,-0.95520019531,0.30932617187,-0.20556640625
1726236044821.8242,-0.95520019531,0.30932617187,-0.20556640625
1726236044830.5571,-0.95520019531,0.30932617187,-0.20556640625
1726236044839.3203,-0.95520019531,0.30932617187,-0.20556640625
1726236044848.145,-0.95520019531,0.30932617187,-0.20556640625
1726236044856.9082,-0.95520019531,0.30932617187,-0.20556640625
1726236044870.6184,-0.95776367187,0.31469726562,-0.19799804687
1726236044879.412,-0.95776367187,0.31469726562,-0.19799804687
1726236044888.145,-0.95776367187,0.31469726562,-0.19799804687
1726236044896.9387,-0.95776367187,0.31469726562,-0.19799804687
1726236044905.794,-0.95776367187,0.31469726562,-0.19799804687
1726236044914.5266,-0.95776367187,0.31469726562,-0.19799804687
1726236044923.7175,-0.95776367187,0.31469726562,-0.19799804687
1726236044932.5725,-0.95776367187,0.31469726562,-0.19799804687
1726236044941.336,-0.95776367187,0.31469726562,-0.19799804687
1726236044955.0151,-0.9599609375,0.3046875,-0.18920898437
1726236044963.626,-0.9599609375,0.3046875,-0.18920898437
1726236044972.206,-0.9599609375,0.3046875,-0.18920898437
1726236044980.7559,-0.9599609375,0.3046875,-0.18920898437
1726236044989.3357,-0.9599609375,0.3046875,-0.18920898437
1726236044997.9463,-0.9599609375,0.3046875,-0.18920898437
1726236045006.5876,-0.9599609375,0.3046875,-0.18920898437
1726236045015.1985,-0.9599609375,0.3046875,-0.18920898437
1726236045023.8396,-0.9599609375,0.3046875,-0.18920898437
1726236045037.4275,-0.96716308593,0.30310058593,-0.18615722656
1726236045046.2212,-0.96716308593,0.30310058593,-0.18615722656
1726236045054.9849,-0.96716308593,0.30310058593,-0.18615722656
1726236045063.7783,-0.96716308593,0.30310058593,-0.18615722656
1726236045072.542,-0.96716308593,0.30310058593,-0.18615722656
1726236045081.3052,-0.96716308593,0.30310058593,-0.18615722656
1726236045090.0688,-0.96716308593,0.30310058593,-0.18615722656
1726236045098.8623,-0.96716308593,0.30310058593,-0.18615722656
1726236045112.603,-0.96850585937,0.3076171875,-0.18798828125
1726236045121.3665,-0.96850585937,0.3076171875,-0.18798828125
1726236045130.13,-0.96850585937,0.3076171875,-0.18798828125
1726236045138.8623,-0.96850585937,0.3076171875,-0.18798828125
1726236045147.5955,-0.96850585937,0.3076171875,-0.18798828125
1726236045156.3586,-0.96850585937,0.3076171875,-0.18798828125
1726236045165.0916,-0.96850585937,0.3076171875,-0.18798828125
1726236045173.8242,-0.96850585937,0.3076171875,-0.18798828125
1726236045182.496,-0.96850585937,0.3076171875,-0.18798828125
1726236045196.1145,-0.96496582031,0.30236816406,-0.18566894531
1726236045204.9387,-0.96496582031,0.30236816406,-0.18566894531
1726236045213.702,-0.96496582031,0.30236816406,-0.18566894531
1726236045222.4658,-0.96496582031,0.30236816406,-0.18566894531
1726236045231.1985,-0.96496582031,0.30236816406,-0.18566894531
1726236045240.0227,-0.96496582031,0.30236816406,-0.18566894531
1726236045248.8167,-0.96496582031,0.30236816406,-0.18566894531
1726236045257.641,-0.96496582031,0.30236816406,-0.18566894531
1726236045271.3816,-0.96337890625,0.29260253906,-0.17517089843
1726236045280.2063,-0.96337890625,0.29260253906,-0.17517089843
1726236045288.9695,-0.96337890625,0.29260253906,-0.17517089843
1726236045297.8245,-0.96337890625,0.29260253906,-0.17517089843
1726236045306.954,-0.96337890625,0.29260253906,-0.17517089843
1726236045315.7175,-0.96337890625,0.29260253906,-0.17517089843
1726236045324.5115,-0.96337890625,0.29260253906,-0.17517089843
1726236045333.336,-0.96337890625,0.29260253906,-0.17517089843
1726236045342.038,-0.96337890625,0.29260253906,-0.17517089843
1726236045355.7483,-0.96459960937,0.27978515625,-0.17333984375
1726236045364.5725,-0.96459960937,0.27978515625,-0.17333984375
1726236045373.3665,-0.96459960937,0.27978515625,-0.17333984375
1726236045382.191,-0.96459960937,0.27978515625,-0.17333984375
1726236045390.9849,-0.96459960937,0.27978515625,-0.17333984375
1726236045399.809,-0.96459960937,0.27978515625,-0.17333984375
1726236045408.5725,-0.96459960937,0.27978515625,-0.17333984375
1726236045417.3967,-0.96459960937,0.27978515625,-0.17333984375
1726236045431.1067,-0.974609375,0.27172851562,-0.17565917968
1726236045439.87,-0.974609375,0.27172851562,-0.17565917968
1726236045448.542,-0.974609375,0.27172851562,-0.17565917968
1726236045457.275,-0.974609375,0.27172851562,-0.17565917968
1726236045466.0078,-0.974609375,0.27172851562,-0.17565917968
1726236045474.6487,-0.974609375,0.27172851562,-0.17565917968
1726236045483.3513,-0.974609375,0.27172851562,-0.17565917968
1726236045492.1145,-0.974609375,0.27172851562,-0.17565917968
1726236045500.8474,-0.974609375,0.27172851562,-0.17565917968
1726236045514.588,-0.98132324218,0.27099609375,-0.17260742187
1726236045523.351,-0.98132324218,0.27099609375,-0.17260742187
1726236045532.1145,-0.98132324218,0.27099609375,-0.17260742187
1726236045540.9695,-0.98132324218,0.27099609375,-0.17260742187
1726236045549.733,-0.98132324218,0.27099609375,-0.17260742187
1726236045558.5571,-0.98132324218,0.27099609375,-0.17260742187
1726236045567.3203,-0.98132324218,0.27099609375,-0.17260742187
1726236045576.145,-0.98132324218,0.27099609375,-0.17260742187
1726236045584.9387,-0.98132324218,0.27099609375,-0.17260742187
1726236045598.7097,-0.97937011718,0.27075195312,-0.16589355468
1726236045607.504,-0.97937011718,0.27075195312,-0.16589355468
1726236045616.206,-0.97937011718,0.27075195312,-0.16589355468
1726236045624.9387,-0.97937011718,0.27075195312,-0.16589355468
1726236045633.7634,-0.97937011718,0.27075195312,-0.16589355468
1726236045642.5266,-0.97937011718,0.27075195312,-0.16589355468
1726236045651.3818,-0.97937011718,0.27075195312,-0.16589355468
1726236045660.1145,-0.97937011718,0.27075195312,-0.16589355468
1726236045673.916,-0.97631835937,0.26745605468,-0.16174316406
1726236045682.6794,-0.97631835937,0.26745605468,-0.16174316406
1726236045691.809,-0.97631835937,0.26745605468,-0.16174316406
1726236045700.6335,-0.97631835937,0.26745605468,-0.16174316406
1726236045709.3967,-0.97631835937,0.26745605468,-0.16174316406
1726236045718.252,-0.97631835937,0.26745605468,-0.16174316406
1726236045726.9846,-0.97631835937,0.26745605468,-0.16174316406
1726236045735.809,-0.97631835937,0.26745605468,-0.16174316406
1726236045744.6033,-0.97631835937,0.26745605468,-0.16174316406
1726236045758.4043,-0.97692871093,0.25964355468,-0.16613769531
1726236045767.168,-0.97692871093,0.25964355468,-0.16613769531
1726236045775.901,-0.97692871093,0.25964355468,-0.16613769531
1726236045784.664,-0.97692871093,0.25964355468,-0.16613769531
1726236045793.3967,-0.97692871093,0.25964355468,-0.16613769531
1726236045802.1907,-0.97692871093,0.25964355468,-0.16613769531
1726236045811.0151,-0.97692871093,0.25964355468,-0.16613769531
1726236045819.8396,-0.97692871093,0.25964355468,-0.16613769531
1726236045833.6108,-0.97094726562,0.26123046875,-0.17236328125
1726236045842.4043,-0.97094726562,0.26123046875,-0.17236328125
1726236045851.168,-0.97094726562,0.26123046875,-0.17236328125
1726236045859.9006,-0.97094726562,0.26123046875,-0.17236328125
1726236045868.664,-0.97094726562,0.26123046875,-0.17236328125
1726236045877.3662,-0.97094726562,0.26123046875,-0.17236328125
1726236045886.099,-0.97094726562,0.26123046875,-0.17236328125
1726236045894.9236,-0.97094726562,0.26123046875,-0.17236328125
1726236045903.687,-0.97094726562,0.26123046875,-0.17236328125
1726236045917.4883,-0.95568847656,0.27868652343,-0.17419433593
1726236045926.252,-0.95568847656,0.27868652343,-0.17419433593
1726236045935.0457,-0.95568847656,0.27868652343,-0.17419433593
1726236045943.809,-0.95568847656,0.27868652343,-0.17419433593
1726236045952.664,-0.95568847656,0.27868652343,-0.17419433593
1726236045961.3054,-0.95568847656,0.27868652343,-0.17419433593
1726236045970.1296,-0.95568847656,0.27868652343,-0.17419433593
1726236045978.9236,-0.95568847656,0.27868652343,-0.17419433593
1726236045992.725,-0.95483398437,0.29516601562,-0.18017578125
1726236046001.519,-0.95483398437,0.29516601562,-0.18017578125
1726236046010.2825,-0.95483398437,0.29516601562,-0.18017578125
1726236046019.1067,-0.95483398437,0.29516601562,-0.18017578125
1726236046027.87,-0.95483398437,0.29516601562,-0.18017578125
1726236046036.6335,-0.95483398437,0.29516601562,-0.18017578125
1726236046045.3967,-0.95483398437,0.29516601562,-0.18017578125
1726236046054.2214,-0.95483398437,0.29516601562,-0.18017578125
1726236046063.168,-0.95483398437,0.29516601562,-0.18017578125
1726236046077.0613,-0.96069335937,0.29138183593,-0.18725585937
1726236046085.8547,-0.96069335937,0.29138183593,-0.18725585937
1726236046094.71,-0.96069335937,0.29138183593,-0.18725585937
1726236046103.4426,-0.96069335937,0.29138183593,-0.18725585937
1726236046112.267,-0.96069335937,0.29138183593,-0.18725585937
1726236046121.061,-0.96069335937,0.29138183593,-0.18725585937
1726236046129.916,-0.96069335937,0.29138183593,-0.18725585937
1726236046138.618,-0.96069335937,0.29138183593,-0.18725585937
1726236046152.3894,-0.96032714843,0.28955078125,-0.19262695312
1726236046161.183,-0.96032714843,0.28955078125,-0.19262695312
1726236046170.0078,-0.96032714843,0.28955078125,-0.19262695312
1726236046178.71,-0.96032714843,0.28955078125,-0.19262695312
1726236046187.4429,-0.96032714843,0.28955078125,-0.19262695312
1726236046196.267,-0.96032714843,0.28955078125,-0.19262695312
1726236046205.061,-0.96032714843,0.28955078125,-0.19262695312
1726236046213.8855,-0.96032714843,0.28955078125,-0.19262695312
1726236046222.6487,-0.96032714843,0.28955078125,-0.19262695312
1726236046236.4504,-0.96008300781,0.29077148437,-0.19934082031
1726236046245.2139,-0.96008300781,0.29077148437,-0.19934082031
1726236046254.0076,-0.96008300781,0.29077148437,-0.19934082031
1726236046262.7708,-0.96008300781,0.29077148437,-0.19934082031
1726236046271.5647,-0.96008300781,0.29077148437,-0.19934082031
1726236046280.3284,-0.96008300781,0.29077148437,-0.19934082031
1726236046289.122,-0.96008300781,0.29077148437,-0.19934082031
1726236046297.8547,-0.96008300781,0.29077148437,-0.19934082031
1726236046311.626,-0.96923828125,0.28723144531,-0.19201660156
1726236046320.3586,-0.96923828125,0.28723144531,-0.19201660156
1726236046329.183,-0.96923828125,0.28723144531,-0.19201660156
1726236046338.0076,-0.96923828125,0.28723144531,-0.19201660156
1726236046346.7708,-0.96923828125,0.28723144531,-0.19201660156
1726236046355.5955,-0.96923828125,0.28723144531,-0.19201660156
1726236046364.3894,-0.96923828125,0.28723144531,-0.19201660156
1726236046373.2139,-0.96923828125,0.28723144531,-0.19201660156
1726236046381.9463,-0.96923828125,0.28723144531,-0.19201660156
1726236046395.748,-0.96740722656,0.28869628906,-0.19067382812
1726236046404.4807,-0.96740722656,0.28869628906,-0.19067382812
1726236046413.2747,-0.96740722656,0.28869628906,-0.19067382812
1726236046422.0686,-0.96740722656,0.28869628906,-0.19067382812
1726236046430.893,-0.96740722656,0.28869628906,-0.19067382812
1726236046439.687,-0.96740722656,0.28869628906,-0.19067382812
1726236046448.878,-0.96740722656,0.28869628906,-0.19067382812
1726236046457.6104,-0.96740722656,0.28869628906,-0.19067382812
1726236046471.4426,-0.96240234375,0.28625488281,-0.18896484375
1726236046480.206,-0.96240234375,0.28625488281,-0.18896484375
1726236046488.9387,-0.96240234375,0.28625488281,-0.18896484375
1726236046497.7634,-0.96240234375,0.28625488281,-0.18896484375
1726236046506.5571,-0.96240234375,0.28625488281,-0.18896484375
1726236046515.3816,-0.96240234375,0.28625488281,-0.18896484375
1726236046524.1755,-0.96240234375,0.28625488281,-0.18896484375
1726236046533.0,-0.96240234375,0.28625488281,-0.18896484375
1726236046541.3967,-0.96240234375,0.28625488281,-0.18896484375
1726236046555.1985,-0.958984375,0.28198242187,-0.18603515625
1726236046563.9006,-0.958984375,0.28198242187,-0.18603515625
1726236046572.664,-0.958984375,0.28198242187,-0.18603515625
1726236046581.244,-0.958984375,0.28198242187,-0.18603515625
1726236046589.9463,-0.958984375,0.28198242187,-0.18603515625
1726236046598.6487,-0.958984375,0.28198242187,-0.18603515625
1726236046607.412,-0.958984375,0.28198242187,-0.18603515625
1726236046616.0532,-0.958984375,0.28198242187,-0.18603515625
1726236046624.817,-0.958984375,0.28198242187,-0.18603515625
1726236046638.4656,-0.96057128906,0.28100585937,-0.18786621093
1726236046647.29,-0.96057128906,0.28100585937,-0.18786621093
1726236046656.0227,-0.96057128906,0.28100585937,-0.18786621093
1726236046664.8474,-0.96057128906,0.28100585937,-0.18786621093
1726236046673.6104,-0.96057128906,0.28100585937,-0.18786621093
1726236046682.374,-0.96057128906,0.28100585937,-0.18786621093
1726236046691.1675,-0.96057128906,0.28100585937,-0.18786621093
1726236046699.9312,-0.96057128906,0.28100585937,-0.18786621093
1726236046713.7327,-0.96752929687,0.27856445312,-0.19396972656
1726236046722.5269,-0.96752929687,0.27856445312,-0.19396972656
1726236046731.3203,-0.96752929687,0.27856445312,-0.19396972656
1726236046740.1145,-0.96752929687,0.27856445312,-0.19396972656
1726236046748.9387,-0.96752929687,0.27856445312,-0.19396972656
1726236046757.7024,-0.96752929687,0.27856445312,-0.19396972656
1726236046766.5266,-0.96752929687,0.27856445312,-0.19396972656
1726236046775.3203,-0.96752929687,0.27856445312,-0.19396972656
1726236046784.145,-0.96752929687,0.27856445312,-0.19396972656
1726236046797.8855,-0.96862792968,0.27941894531,-0.19567871093
1726236046806.7405,-0.96862792968,0.27941894531,-0.19567871093
1726236046815.504,-0.96862792968,0.27941894531,-0.19567871093
1726236046824.3892,-0.96862792968,0.27941894531,-0.19567871093
1726236046833.3665,-0.96862792968,0.27941894531,-0.19567871093
1726236046842.1907,-0.96862792968,0.27941894531,-0.19567871093
1726236046851.0151,-0.96862792968,0.27941894531,-0.19567871093
1726236046859.809,-0.96862792968,0.27941894531,-0.19567871093
1726236046873.6108,-0.96508789062,0.27990722656,-0.1923828125
1726236046882.3127,-0.96508789062,0.27990722656,-0.1923828125
1726236046891.1067,-0.96508789062,0.27990722656,-0.1923828125
1726236046906.8015,-0.96508789062,0.27990722656,-0.1923828125
1726236046915.5647,-0.96508789062,0.27990722656,-0.1923828125
1726236046924.2979,-0.96508789062,0.27990722656,-0.1923828125
1726236046933.061,-0.96508789062,0.27990722656,-0.1923828125
1726236046941.794,-0.96508789062,0.27990722656,-0.1923828125
1726236046955.5037,-0.96643066406,0.27282714843,-0.19702148437
1726236046964.267,-0.96643066406,0.27282714843,-0.19702148437
1726236046973.061,-0.96643066406,0.27282714843,-0.19702148437
1726236046981.8855,-0.96643066406,0.27282714843,-0.19702148437
1726236046990.6487,-0.96643066406,0.27282714843,-0.19702148437
1726236046999.4429,-0.96643066406,0.27282714843,-0.19702148437
1726236047008.206,-0.96643066406,0.27282714843,-0.19702148437
1726236047016.9695,-0.96643066406,0.27282714843,-0.19702148437
1726236047025.7327,-0.96508789062,0.27673339843,-0.20336914062
1726236047039.5344,-0.96508789062,0.27673339843,-0.20336914062
1726236047048.2976,-0.96508789062,0.27673339843,-0.20336914062
1726236047057.1223,-0.96508789062,0.27673339843,-0.20336914062
1726236047065.8855,-0.96508789062,0.27673339843,-0.20336914062
1726236047074.71,-0.96508789062,0.27673339843,-0.20336914062
1726236047083.4426,-0.96508789062,0.27673339843,-0.20336914062
1726236047092.267,-0.96508789062,0.27673339843,-0.20336914062
1726236047101.0305,-0.96508789062,0.27673339843,-0.20336914062
1726236047114.8323,-0.96032714843,0.28686523437,-0.20324707031
1726236047123.5955,-0.96032714843,0.28686523437,-0.20324707031
1726236047132.3894,-0.96032714843,0.28686523437,-0.20324707031
1726236047141.2136,-0.96032714843,0.28686523437,-0.20324707031
1726236047149.9773,-0.96032714843,0.28686523437,-0.20324707031
1726236047158.8015,-0.96032714843,0.28686523437,-0.20324707031
1726236047167.5647,-0.96032714843,0.28686523437,-0.20324707031
1726236047176.3586,-0.96032714843,0.28686523437,-0.20324707031
1726236047185.1528,-0.96032714843,0.28686523437,-0.20324707031
1726236047198.9236,-0.96215820312,0.28649902343,-0.20202636718
1726236047208.0535,-0.96215820312,0.28649902343,-0.20202636718
1726236047216.8474,-0.96215820312,0.28649902343,-0.20202636718
1726236047225.6108,-0.96215820312,0.28649902343,-0.20202636718
1726236047234.4043,-0.96215820312,0.28649902343,-0.20202636718
1726236047243.1375,-0.96215820312,0.28649902343,-0.20202636718
1726236047251.962,-0.96215820312,0.28649902343,-0.20202636718
1726236047260.6643,-0.96215820312,0.28649902343,-0.20202636718
1726236047274.435,-0.96728515625,0.28112792968,-0.20263671875
1726236047283.1982,-0.96728515625,0.28112792968,-0.20263671875
1726236047291.962,-0.96728515625,0.28112792968,-0.20263671875
1726236047300.725,-0.96728515625,0.28112792968,-0.20263671875
1726236047309.4883,-0.96728515625,0.28112792968,-0.20263671875
1726236047318.3127,-0.96728515625,0.28112792968,-0.20263671875
1726236047327.0764,-0.96728515625,0.28112792968,-0.20263671875
1726236047335.901,-0.96728515625,0.28112792968,-0.20263671875
1726236047344.664,-0.96728515625,0.28112792968,-0.20263671875
1726236047358.3127,-0.96228027343,0.27331542968,-0.20178222656
1726236047367.1067,-0.96228027343,0.27331542968,-0.20178222656
1726236047375.9312,-0.96228027343,0.27331542968,-0.20178222656
1726236047384.6943,-0.96228027343,0.27331542968,-0.20178222656
1726236047393.519,-0.96228027343,0.27331542968,-0.20178222656
1726236047402.2825,-0.96228027343,0.27331542968,-0.20178222656
1726236047411.1067,-0.96228027343,0.27331542968,-0.20178222656
1726236047419.87,-0.96228027343,0.27331542968,-0.20178222656
1726236047433.641,-0.96423339843,0.26245117187,-0.19409179687
1726236047442.435,-0.96423339843,0.26245117187,-0.19409179687
1726236047451.2595,-0.96423339843,0.26245117187,-0.19409179687
1726236047460.084,-0.96423339843,0.26245117187,-0.19409179687
1726236047468.786,-0.96423339843,0.26245117187,-0.19409179687
1726236047477.58,-0.96423339843,0.26245117187,-0.19409179687
1726236047486.2822,-0.96423339843,0.26245117187,-0.19409179687
1726236047495.0764,-0.96423339843,0.26245117187,-0.19409179687
1726236047503.8704,-0.96423339843,0.26245117187,-0.19409179687
1726236047517.6719,-0.97229003906,0.25317382812,-0.18640136718
1726236047526.3127,-0.97229003906,0.25317382812,-0.18640136718
1726236047535.1375,-0.97229003906,0.25317382812,-0.18640136718
1726236047543.9312,-0.97229003906,0.25317382812,-0.18640136718
1726236047552.7559,-0.97229003906,0.25317382812,-0.18640136718
1726236047561.4275,-0.97229003906,0.25317382812,-0.18640136718
1726236047570.252,-0.97229003906,0.25317382812,-0.18640136718
1726236047578.954,-0.97229003906,0.25317382812,-0.18640136718
1726236047593.0916,-0.97607421875,0.24365234375,-0.18591308593
1726236047601.8855,-0.97607421875,0.24365234375,-0.18591308593
1726236047610.6794,-0.97607421875,0.24365234375,-0.18591308593
1726236047619.5037,-0.97607421875,0.24365234375,-0.18591308593
1726236047628.267,-0.97607421875,0.24365234375,-0.18591308593
1726236047637.0916,-0.97607421875,0.24365234375,-0.18591308593
1726236047645.8547,-0.97607421875,0.24365234375,-0.18591308593
1726236047654.6792,-0.97607421875,0.24365234375,-0.18591308593
1726236047663.4731,-0.97607421875,0.24365234375,-0.18591308593
1726236047677.244,-0.97680664062,0.23706054687,-0.18151855468
1726236047685.977,-0.97680664062,0.23706054687,-0.18151855468
1726236047694.8015,-0.97680664062,0.23706054687,-0.18151855468
1726236047703.5647,-0.97680664062,0.23706054687,-0.18151855468
1726236047712.4197,-0.97680664062,0.23706054687,-0.18151855468
1726236047721.183,-0.97680664062,0.23706054687,-0.18151855468
1726236047730.038,-0.97680664062,0.23706054687,-0.18151855468
1726236047738.7708,-0.97680664062,0.23706054687,-0.18151855468
1726236047752.5725,-0.97412109375,0.24243164062,-0.17321777343
1726236047761.3967,-0.97412109375,0.24243164062,-0.17321777343
1726236047770.16,-0.97412109375,0.24243164062,-0.17321777343
1726236047778.8933,-0.97412109375,0.24243164062,-0.17321777343
1726236047787.6565,-0.97412109375,0.24243164062,-0.17321777343
1726236047796.4807,-0.97412109375,0.24243164062,-0.17321777343
1726236047805.2747,-0.97412109375,0.24243164062,-0.17321777343
1726236047814.0688,-0.97412109375,0.24243164062,-0.17321777343
1726236047822.8623,-0.97412109375,0.24243164062,-0.17321777343
1726236047836.6643,-0.97387695312,0.25109863281,-0.17565917968
1726236047845.4275,-0.97387695312,0.25109863281,-0.17565917968
1726236047854.2214,-0.97387695312,0.25109863281,-0.17565917968
1726236047863.0151,-0.97387695312,0.25109863281,-0.17565917968
1726236047871.809,-0.97387695312,0.25109863281,-0.17565917968
1726236047880.5725,-0.97387695312,0.25109863281,-0.17565917968
1726236047889.3967,-0.97387695312,0.25109863281,-0.17565917968
1726236047898.16,-0.97387695312,0.25109863281,-0.17565917968
1726236047911.8398,-0.96850585937,0.26354980468,-0.18505859375
1726236047920.5725,-0.96850585937,0.26354980468,-0.18505859375
1726236047929.336,-0.96850585937,0.26354980468,-0.18505859375
1726236047938.038,-0.96850585937,0.26354980468,-0.18505859375
1726236047946.7708,-0.96850585937,0.26354980468,-0.18505859375
1726236047955.5955,-0.96850585937,0.26354980468,-0.18505859375
1726236047964.359,-0.96850585937,0.26354980468,-0.18505859375
1726236047973.5496,-0.96850585937,0.26354980468,-0.18505859375
1726236047982.3435,-0.96850585937,0.26354980468,-0.18505859375
1726236047996.145,-0.9638671875,0.27453613281,-0.19055175781
1726236048004.6335,-0.9638671875,0.27453613281,-0.19055175781
1726236048013.183,-0.9638671875,0.27453613281,-0.19055175781
1726236048021.7024,-0.9638671875,0.27453613281,-0.19055175781
1726236048030.252,-0.9638671875,0.27453613281,-0.19055175781
1726236048038.71,-0.9638671875,0.27453613281,-0.19055175781
1726236048047.229,-0.9638671875,0.27453613281,-0.19055175781
1726236048055.7175,-0.9638671875,0.27453613281,-0.19055175781
1726236048064.267,-0.9638671875,0.27453613281,-0.19055175781
1726236048077.733,-0.96545410156,0.25170898437,-0.17260742187
1726236048086.5571,-0.96545410156,0.25170898437,-0.17260742187
1726236048095.3208,-0.96545410156,0.25170898437,-0.17260742187
1726236048104.145,-0.96545410156,0.25170898437,-0.17260742187
1726236048112.9084,-0.96545410156,0.25170898437,-0.17260742187
1726236048121.7327,-0.96545410156,0.25170898437,-0.17260742187
1726236048130.4963,-0.96545410156,0.25170898437,-0.17260742187
1726236048139.3203,-0.96545410156,0.25170898437,-0.17260742187
1726236048153.061,-0.97290039062,0.25231933593,-0.15869140625
1726236048161.8855,-0.97290039062,0.25231933593,-0.15869140625
1726236048170.6487,-0.97290039062,0.25231933593,-0.15869140625
1726236048179.504,-0.97290039062,0.25231933593,-0.15869140625
1726236048188.1755,-0.97290039062,0.25231933593,-0.15869140625
1726236048196.878,-0.97290039062,0.25231933593,-0.15869140625
1726236048205.6108,-0.97290039062,0.25231933593,-0.15869140625
1726236048214.435,-0.97290039062,0.25231933593,-0.15869140625
1726236048223.2595,-0.97290039062,0.25231933593,-0.15869140625
1726236048237.0305,-0.97631835937,0.24951171875,-0.14904785156
1726236048245.8242,-0.97631835937,0.24951171875,-0.14904785156
1726236048254.5266,-0.97631835937,0.24951171875,-0.14904785156
1726236048263.3513,-0.97631835937,0.24951171875,-0.14904785156
1726236048272.145,-0.97631835937,0.24951171875,-0.14904785156
1726236048281.0,-0.97631835937,0.24951171875,-0.14904785156
1726236048289.3665,-0.97631835937,0.24951171875,-0.14904785156
1726236048298.2214,-0.97631835937,0.24951171875,-0.14904785156
1726236048311.962,-0.97802734375,0.24291992187,-0.14660644531
1726236048320.7556,-0.97802734375,0.24291992187,-0.14660644531
1726236048329.519,-0.97802734375,0.24291992187,-0.14660644531
1726236048338.3127,-0.97802734375,0.24291992187,-0.14660644531
1726236048347.0764,-0.97802734375,0.24291992187,-0.14660644531
1726236048356.267,-0.97802734375,0.24291992187,-0.14660644531
1726236048365.061,-0.97802734375,0.24291992187,-0.14660644531
1726236048373.8245,-0.97802734375,0.24291992187,-0.14660644531
1726236048382.6184,-0.97802734375,0.24291992187,-0.14660644531
1726236048396.3586,-0.97985839843,0.24829101562,-0.14343261718
1726236048405.2139,-0.97985839843,0.24829101562,-0.14343261718
1726236048413.9463,-0.97985839843,0.24829101562,-0.14343261718
1726236048422.7708,-0.97985839843,0.24829101562,-0.14343261718
1726236048431.534,-0.97985839843,0.24829101562,-0.14343261718
1726236048440.3284,-0.97985839843,0.24829101562,-0.14343261718
1726236048449.122,-0.97985839843,0.24829101562,-0.14343261718
1726236048457.916,-0.97985839843,0.24829101562,-0.14343261718
1726236048471.5955,-0.98168945312,0.2548828125,-0.14392089843
1726236048480.359,-0.98168945312,0.2548828125,-0.14392089843
1726236048489.061,-0.98168945312,0.2548828125,-0.14392089843
1726236048497.8245,-0.98168945312,0.2548828125,-0.14392089843
1726236048506.5571,-0.98168945312,0.2548828125,-0.14392089843
1726236048515.3203,-0.98168945312,0.2548828125,-0.14392089843
1726236048524.0532,-0.98168945312,0.2548828125,-0.14392089843
1726236048532.817,-0.98168945312,0.2548828125,-0.14392089843
1726236048541.58,-0.98168945312,0.2548828125,-0.14392089843
1726236048555.1985,-0.98474121093,0.25170898437,-0.14111328125
1726236048564.0535,-0.98474121093,0.25170898437,-0.14111328125
1726236048572.817,-0.98474121093,0.25170898437,-0.14111328125
1726236048581.641,-0.98474121093,0.25170898437,-0.14111328125
1726236048590.4043,-0.98474121093,0.25170898437,-0.14111328125
1726236048599.229,-0.98474121093,0.25170898437,-0.14111328125
1726236048608.0227,-0.98474121093,0.25170898437,-0.14111328125
1726236048616.8472,-0.98474121093,0.25170898437,-0.14111328125
1726236048625.6104,-0.98474121093,0.25170898437,-0.14111328125
1726236048639.4426,-0.98608398437,0.24084472656,-0.13354492187
1726236048648.2368,-0.98608398437,0.24084472656,-0.13354492187
1726236048657.061,-0.98608398437,0.24084472656,-0.13354492187
1726236048665.8547,-0.98608398437,0.24084472656,-0.13354492187
1726236048674.71,-0.98608398437,0.24084472656,-0.13354492187
1726236048683.4731,-0.98608398437,0.24084472656,-0.13354492187
1726236048692.267,-0.98608398437,0.24084472656,-0.13354492187
1726236048701.122,-0.98608398437,0.24084472656,-0.13354492187
1726236048714.832,-0.98461914062,0.23901367187,-0.13208007812
1726236048723.5647,-0.98461914062,0.23901367187,-0.13208007812
1726236048732.725,-0.98461914062,0.23901367187,-0.13208007812
1726236048741.5498,-0.98461914062,0.23901367187,-0.13208007812
1726236048750.3127,-0.98461914062,0.23901367187,-0.13208007812
1726236048759.1375,-0.98461914062,0.23901367187,-0.13208007812
1726236048767.9617,-0.98461914062,0.23901367187,-0.13208007812
1726236048776.7864,-0.98461914062,0.23901367187,-0.13208007812
1726236048785.58,-0.98461914062,0.23901367187,-0.13208007812
1726236048799.3208,-0.98388671875,0.24536132812,-0.13562011718
1726236048808.1145,-0.98388671875,0.24536132812,-0.13562011718
1726236048816.9387,-0.98388671875,0.24536132812,-0.13562011718
1726236048825.794,-0.98388671875,0.24536132812,-0.13562011718
1726236048834.5269,-0.98388671875,0.24536132812,-0.13562011718
1726236048843.351,-0.98388671875,0.24536132812,-0.13562011718
1726236048852.145,-0.98388671875,0.24536132812,-0.13562011718
1726236048860.9695,-0.98388671875,0.24536132812,-0.13562011718
1726236048874.7405,-0.98461914062,0.24621582031,-0.14453125
1726236048883.504,-0.98461914062,0.24621582031,-0.14453125
1726236048892.1145,-0.98461914062,0.24621582031,-0.14453125
1726236048900.8474,-0.98461914062,0.24621582031,-0.14453125
1726236048909.5498,-0.98461914062,0.24621582031,-0.14453125
1726236048918.252,-0.98461914062,0.24621582031,-0.14453125
1726236048926.8623,-0.98461914062,0.24621582031,-0.14453125
1726236048935.5955,-0.98461914062,0.24621582031,-0.14453125
1726236048944.2979,-0.98461914062,0.24621582031,-0.14453125
1726236048957.977,-0.98291015625,0.24462890625,-0.14343261718
1726236048966.7708,-0.98291015625,0.24462890625,-0.14343261718
1726236048975.5647,-0.98291015625,0.24462890625,-0.14343261718
1726236048984.359,-0.98291015625,0.24462890625,-0.14343261718
1726236048993.183,-0.98291015625,0.24462890625,-0.14343261718
1726236049002.0383,-0.98291015625,0.24462890625,-0.14343261718
1726236049010.8015,-0.98291015625,0.24462890625,-0.14343261718
1726236049019.626,-0.98291015625,0.24462890625,-0.14343261718
1726236049033.3665,-0.9716796875,0.24597167968,-0.13464355468
1726236049042.1296,-0.9716796875,0.24597167968,-0.13464355468
1726236049050.8623,-0.9716796875,0.24597167968,-0.13464355468
1726236049059.6565,-0.9716796875,0.24597167968,-0.13464355468
1726236049068.42,-0.9716796875,0.24597167968,-0.13464355468
1726236049077.1528,-0.9716796875,0.24597167968,-0.13464355468
1726236049085.8855,-0.9716796875,0.24597167968,-0.13464355468
1726236049094.6487,-0.9716796875,0.24597167968,-0.13464355468
1726236049103.5647,-0.9716796875,0.24597167968,-0.13464355468
1726236049117.4883,-0.96545410156,0.24865722656,-0.13781738281
1726236049126.2825,-0.96545410156,0.24865722656,-0.13781738281
1726236049135.1372,-0.96545410156,0.24865722656,-0.13781738281
1726236049143.901,-0.96545410156,0.24865722656,-0.13781738281
1726236049152.7559,-0.96545410156,0.24865722656,-0.13781738281
1726236049161.519,-0.96545410156,0.24865722656,-0.13781738281
1726236049170.3127,-0.96545410156,0.24865722656,-0.13781738281
1726236049179.1375,-0.96545410156,0.24865722656,-0.13781738281
1726236049192.9082,-0.96984863281,0.25415039062,-0.14245605468
1726236049201.6719,-0.96984863281,0.25415039062,-0.14245605468
1726236049210.3127,-0.96984863281,0.25415039062,-0.14245605468
1726236049219.1375,-0.96984863281,0.25415039062,-0.14245605468
1726236049227.9006,-0.96984863281,0.25415039062,-0.14245605468
1726236049236.725,-0.96984863281,0.25415039062,-0.14245605468
1726236049245.519,-0.96984863281,0.25415039062,-0.14245605468
1726236049254.3435,-0.96984863281,0.25415039062,-0.14245605468
1726236049263.1067,-0.96984863281,0.25415039062,-0.14245605468
1726236049276.9387,-0.97290039062,0.259765625,-0.15185546875
1726236049285.641,-0.97290039062,0.259765625,-0.15185546875
1726236049294.4043,-0.97290039062,0.259765625,-0.15185546875
1726236049303.1067,-0.97290039062,0.259765625,-0.15185546875
1726236049311.8396,-0.97290039062,0.259765625,-0.15185546875
1726236049320.603,-0.97290039062,0.259765625,-0.15185546875
1726236049329.3054,-0.97290039062,0.259765625,-0.15185546875
1726236049338.0686,-0.97290039062,0.259765625,-0.15185546875
1726236049346.8015,-0.97326660156,0.25817871093,-0.1708984375
1726236049360.5725,-0.97326660156,0.25817871093,-0.1708984375
1726236049369.336,-0.97326660156,0.25817871093,-0.1708984375
1726236049378.0076,-0.97326660156,0.25817871093,-0.1708984375
1726236049386.7708,-0.97326660156,0.25817871093,-0.1708984375
1726236049395.5647,-0.97326660156,0.25817871093,-0.1708984375
1726236049404.3284,-0.97326660156,0.25817871093,-0.1708984375
1726236049413.122,-0.97326660156,0.25817871093,-0.1708984375
1726236049421.8547,-0.97326660156,0.25817871093,-0.1708984375
1726236049435.626,-0.97448730468,0.25537109375,-0.18188476562
1726236049444.359,-0.97448730468,0.25537109375,-0.18188476562
1726236049453.183,-0.97448730468,0.25537109375,-0.18188476562
1726236049461.977,-0.97448730468,0.25537109375,-0.18188476562
1726236049470.8015,-0.97448730468,0.25537109375,-0.18188476562
1726236049479.626,-0.97448730468,0.25537109375,-0.18188476562
1726236049488.725,-0.97448730468,0.25537109375,-0.18188476562
1726236049497.5496,-0.97448730468,0.25537109375,-0.18188476562
1726236049506.3435,-0.97448730468,0.25537109375,-0.18188476562
1726236049519.9312,-0.96984863281,0.25610351562,-0.17858886718
1726236049528.4807,-0.96984863281,0.25610351562,-0.17858886718
1726236049537.0916,-0.96984863281,0.25610351562,-0.17858886718
1726236049545.641,-0.96984863281,0.25610351562,-0.17858886718
1726236049554.252,-0.96984863281,0.25610351562,-0.17858886718
1726236049562.7405,-0.96984863281,0.25610351562,-0.17858886718
1726236049571.3203,-0.96984863281,0.25610351562,-0.17858886718
1726236049579.87,-0.96984863281,0.25610351562,-0.17858886718
1726236049593.3665,-0.96350097656,0.25439453125,-0.17504882812
1726236049602.1907,-0.96350097656,0.25439453125,-0.17504882812
1726236049611.0151,-0.96350097656,0.25439453125,-0.17504882812
1726236049619.7783,-0.96350097656,0.25439453125,-0.17504882812
1726236049628.603,-0.96350097656,0.25439453125,-0.17504882812
1726236049637.3662,-0.96350097656,0.25439453125,-0.17504882812
1726236049646.13,-0.96350097656,0.25439453125,-0.17504882812
1726236049654.8623,-0.96350097656,0.25439453125,-0.17504882812
1726236049663.687,-0.96350097656,0.25439453125,-0.17504882812
1726236049677.458,-0.96472167968,0.25256347656,-0.17846679687
1726236049686.2214,-0.96472167968,0.25256347656,-0.17846679687
1726236049695.0151,-0.96472167968,0.25256347656,-0.17846679687
1726236049703.8398,-0.96472167968,0.25256347656,-0.17846679687
1726236049712.542,-0.96472167968,0.25256347656,-0.17846679687
1726236049721.3054,-0.96472167968,0.25256347656,-0.17846679687
1726236049730.099,-0.96472167968,0.25256347656,-0.17846679687
1726236049738.9236,-0.96472167968,0.25256347656,-0.17846679687
1726236049759.8398,-0.96008300781,0.26110839843,-0.18225097656
1726236049768.5115,-0.96008300781,0.26110839843,-0.18225097656
1726236049777.336,-0.96008300781,0.26110839843,-0.18225097656
1726236049785.977,-0.96008300781,0.26110839843,-0.18225097656
1726236049794.8015,-0.96008300781,0.26110839843,-0.18225097656
1726236049803.5952,-0.96008300781,0.26110839843,-0.18225097656
1726236049812.42,-0.96008300781,0.26110839843,-0.18225097656
1726236049821.122,-0.96008300781,0.26110839843,-0.18225097656
1726236049834.8933,-0.96569824218,0.25720214843,-0.18432617187
1726236049843.6565,-0.96569824218,0.25720214843,-0.18432617187
1726236049852.5115,-0.96569824218,0.25720214843,-0.18432617187
1726236049861.3052,-0.96569824218,0.25720214843,-0.18432617187
1726236049870.2825,-0.96569824218,0.25720214843,-0.18432617187
1726236049879.29,-0.96569824218,0.25720214843,-0.18432617187
1726236049888.0535,-0.96569824218,0.25720214843,-0.18432617187
1726236049896.8777,-0.96569824218,0.25720214843,-0.18432617187
1726236049905.6719,-0.96569824218,0.25720214843,-0.18432617187
1726236049919.3203,-0.97302246093,0.26220703125,-0.1787109375
1726236049928.0535,-0.97302246093,0.26220703125,-0.1787109375
1726236049936.8167,-0.97302246093,0.26220703125,-0.1787109375
1726236049945.5498,-0.97302246093,0.26220703125,-0.1787109375
1726236049954.3127,-0.97302246093,0.26220703125,-0.1787109375
1726236049963.0151,-0.97302246093,0.26220703125,-0.1787109375
1726236049971.809,-0.97302246093,0.26220703125,-0.1787109375
1726236049980.5115,-0.97302246093,0.26220703125,-0.1787109375
1726236049994.252,-0.98278808593,0.25927734375,-0.17504882812
1726236050002.9238,-0.98278808593,0.25927734375,-0.17504882812
1726236050011.6565,-0.98278808593,0.25927734375,-0.17504882812
1726236050020.3894,-0.98278808593,0.25927734375,-0.17504882812
1726236050029.183,-0.98278808593,0.25927734375,-0.17504882812
1726236050037.977,-0.98278808593,0.25927734375,-0.17504882812
1726236050046.7405,-0.98278808593,0.25927734375,-0.17504882812
1726236050055.5344,-0.98278808593,0.25927734375,-0.17504882812
1726236050064.2976,-0.98278808593,0.25927734375,-0.17504882812
1726236050078.0688,-0.98718261718,0.2548828125,-0.17224121093
1726236050086.8015,-0.98718261718,0.2548828125,-0.17224121093
1726236050095.5955,-0.98718261718,0.2548828125,-0.17224121093
1726236050104.3586,-0.98718261718,0.2548828125,-0.17224121093
1726236050113.1528,-0.98718261718,0.2548828125,-0.17224121093
1726236050121.8855,-0.98718261718,0.2548828125,-0.17224121093
1726236050130.6794,-0.98718261718,0.2548828125,-0.17224121093
1726236050139.412,-0.98718261718,0.2548828125,-0.17224121093
1726236050153.122,-0.98620605468,0.25695800781,-0.169921875
1726236050161.794,-0.98620605468,0.25695800781,-0.169921875
1726236050170.4963,-0.98620605468,0.25695800781,-0.169921875
1726236050179.229,-0.98620605468,0.25695800781,-0.169921875
1726236050187.962,-0.98620605468,0.25695800781,-0.169921875
1726236050196.6335,-0.98620605468,0.25695800781,-0.169921875
1726236050205.3967,-0.98620605468,0.25695800781,-0.169921875
1726236050214.16,-0.98620605468,0.25695800781,-0.169921875
1726236050222.7708,-0.98620605468,0.25695800781,-0.169921875
1726236050236.4807,-0.98156738281,0.26416015625,-0.17626953125
1726236050245.2444,-0.98156738281,0.26416015625,-0.17626953125
1726236050254.435,-0.98156738281,0.26416015625,-0.17626953125
1726236050263.1985,-0.98156738281,0.26416015625,-0.17626953125
1726236050272.0535,-0.98156738281,0.26416015625,-0.17626953125
1726236050280.8474,-0.98156738281,0.26416015625,-0.17626953125
1726236050289.6716,-0.98156738281,0.26416015625,-0.17626953125
1726236050298.4353,-0.98156738281,0.26416015625,-0.17626953125
1726236050312.267,-0.97521972656,0.2685546875,-0.18334960937
1726236050321.0,-0.97521972656,0.2685546875,-0.18334960937
1726236050329.4275,-0.97521972656,0.2685546875,-0.18334960937
1726236050338.16,-0.97521972656,0.2685546875,-0.18334960937
1726236050346.893,-0.97521972656,0.2685546875,-0.18334960937
1726236050355.626,-0.97521972656,0.2685546875,-0.18334960937
1726236050364.3894,-0.97521972656,0.2685546875,-0.18334960937
1726236050373.1528,-0.97521972656,0.2685546875,-0.18334960937
1726236050381.8855,-0.97521972656,0.2685546875,-0.18334960937
1726236050395.6565,-0.97436523437,0.26953125,-0.185546875
1726236050404.2979,-0.97436523437,0.26953125,-0.185546875
1726236050412.9387,-0.97436523437,0.26953125,-0.185546875
1726236050421.58,-0.97436523437,0.26953125,-0.185546875
1726236050430.1604,-0.97436523437,0.26953125,-0.185546875
1726236050438.8015,-0.97436523437,0.26953125,-0.185546875
1726236050447.504,-0.97436523437,0.26953125,-0.185546875
1726236050456.0227,-0.97436523437,0.26953125,-0.185546875
1726236050464.6948,-0.97436523437,0.26953125,-0.185546875
1726236050478.3127,-0.97290039062,0.27001953125,-0.185546875
1726236050487.0457,-0.97290039062,0.27001953125,-0.185546875
1726236050495.748,-0.97290039062,0.27001953125,-0.185546875
1726236050504.4504,-0.97290039062,0.27001953125,-0.185546875
1726236050513.1523,-0.97290039062,0.27001953125,-0.185546875
1726236050521.916,-0.97290039062,0.27001953125,-0.185546875
1726236050530.5266,-0.97290039062,0.27001953125,-0.185546875
1726236050539.2903,-0.97290039062,0.27001953125,-0.185546875
1726236050552.9695,-0.96801757812,0.2734375,-0.18237304687
1726236050561.6716,-0.96801757812,0.2734375,-0.18237304687
1726236050570.3435,-0.96801757812,0.2734375,-0.18237304687
1726236050579.0457,-0.96801757812,0.2734375,-0.18237304687
1726236050587.7175,-0.96801757812,0.2734375,-0.18237304687
1726236050596.42,-0.96801757812,0.2734375,-0.18237304687
1726236050605.0305,-0.96801757812,0.2734375,-0.18237304687
1726236050613.733,-0.96801757812,0.2734375,-0.18237304687
1726236050622.374,-0.96801757812,0.2734375,-0.18237304687
1726236050636.4197,-0.96789550781,0.28125,-0.17785644531
1726236050645.0,-0.96789550781,0.28125,-0.17785644531
1726236050653.244,-0.96789550781,0.28125,-0.17785644531
1726236050661.733,-0.96789550781,0.28125,-0.17785644531
1726236050670.3743,-0.96789550781,0.28125,-0.17785644531
1726236050678.954,-0.96789550781,0.28125,-0.17785644531
1726236050687.5647,-0.96789550781,0.28125,-0.17785644531
1726236050696.1145,-0.96789550781,0.28125,-0.17785644531
1726236050704.7559,-0.96789550781,0.28125,-0.17785644531
1726236050718.2214,-0.96887207031,0.28588867187,-0.177734375
1726236050726.9846,-0.96887207031,0.28588867187,-0.177734375
1726236050735.748,-0.96887207031,0.28588867187,-0.177734375
1726236050744.42,-0.96887207031,0.28588867187,-0.177734375
1726236050753.122,-0.96887207031,0.28588867187,-0.177734375
1726236050761.794,-0.96887207031,0.28588867187,-0.177734375
1726236050770.5266,-0.96887207031,0.28588867187,-0.177734375
1726236050779.2595,-0.96887207031,0.28588867187,-0.177734375
1726236050793.0,-0.96618652343,0.28393554687,-0.17663574218
1726236050801.4272,-0.96618652343,0.28393554687,-0.17663574218
1726236050810.2214,-0.96618652343,0.28393554687,-0.17663574218
1726236050819.0151,-0.96618652343,0.28393554687,-0.17663574218
1726236050827.8396,-0.96618652343,0.28393554687,-0.17663574218
1726236050836.6335,-0.96618652343,0.28393554687,-0.17663574218
1726236050845.4275,-0.96618652343,0.28393554687,-0.17663574218
1726236050854.2214,-0.96618652343,0.28393554687,-0.17663574218
1726236050863.0457,-0.96618652343,0.28393554687,-0.17663574218
1726236050876.8167,-0.96594238281,0.28405761718,-0.17517089843
1726236050885.6104,-0.96594238281,0.28405761718,-0.17517089843
1726236050894.4043,-0.96594238281,0.28405761718,-0.17517089843
1726236050903.1985,-0.96594238281,0.28405761718,-0.17517089843
1726236050912.0227,-0.96594238281,0.28405761718,-0.17517089843
1726236050920.786,-0.96594238281,0.28405761718,-0.17517089843
1726236050929.5498,-0.96594238281,0.28405761718,-0.17517089843
1726236050938.2825,-0.96594238281,0.28405761718,-0.17517089843
1726236050947.1067,-0.96484375,0.28515625,-0.17236328125
1726236050960.6335,-0.96484375,0.28515625,-0.17236328125
1726236050969.2747,-0.96484375,0.28515625,-0.17236328125
1726236050977.8547,-0.96484375,0.28515625,-0.17236328125
1726236050986.4656,-0.96484375,0.28515625,-0.17236328125
1726236050995.046,-0.96484375,0.28515625,-0.17236328125
1726236051003.687,-0.96484375,0.28515625,-0.17236328125
1726236051012.603,-0.96484375,0.28515625,-0.17236328125
1726236051021.2139,-0.96484375,0.28515625,-0.17236328125
1726236051034.7405,-0.96228027343,0.28247070312,-0.16784667968
1726236051043.5647,-0.96228027343,0.28247070312,-0.16784667968
1726236051052.3284,-0.96228027343,0.28247070312,-0.16784667968
1726236051061.122,-0.96228027343,0.28247070312,-0.16784667968
1726236051069.8547,-0.96228027343,0.28247070312,-0.16784667968
1726236051078.6487,-0.96228027343,0.28247070312,-0.16784667968
1726236051087.412,-0.96228027343,0.28247070312,-0.16784667968
1726236051096.1453,-0.96228027343,0.28247070312,-0.16784667968
1726236051104.9084,-0.96228027343,0.28247070312,-0.16784667968
1726236051118.71,-0.96313476562,0.27917480468,-0.1689453125
1726236051127.4731,-0.96313476562,0.27917480468,-0.1689453125
1726236051136.206,-0.96313476562,0.27917480468,-0.1689453125
1726236051144.9387,-0.96313476562,0.27917480468,-0.1689453125
1726236051153.6716,-0.96313476562,0.27917480468,-0.1689453125
1726236051162.4656,-0.96313476562,0.27917480468,-0.1689453125
1726236051171.229,-0.96313476562,0.27917480468,-0.1689453125
1726236051179.9924,-0.96313476562,0.27917480468,-0.1689453125
1726236051193.702,-0.96350097656,0.27770996093,-0.16943359375
1726236051202.4963,-0.96350097656,0.27770996093,-0.16943359375
1726236051211.2595,-0.96350097656,0.27770996093,-0.16943359375
1726236051220.084,-0.96350097656,0.27770996093,-0.16943359375
1726236051228.786,-0.96350097656,0.27770996093,-0.16943359375
1726236051237.58,-0.96350097656,0.27770996093,-0.16943359375
1726236051246.2822,-0.96350097656,0.27770996093,-0.16943359375
1726236051255.0764,-0.96350097656,0.27770996093,-0.16943359375
1726236051263.8398,-0.96350097656,0.27770996093,-0.16943359375
1726236051277.5496,-0.96472167968,0.27587890625,-0.17175292968
1726236051286.3435,-0.96472167968,0.27587890625,-0.17175292968
1726236051295.1985,-0.96472167968,0.27587890625,-0.17175292968
1726236051304.0535,-0.96472167968,0.27587890625,-0.17175292968
1726236051312.8474,-0.96472167968,0.27587890625,-0.17175292968
1726236051321.6716,-0.96472167968,0.27587890625,-0.17175292968
1726236051330.496,-0.96472167968,0.27587890625,-0.17175292968
1726236051339.229,-0.96472167968,0.27587890625,-0.17175292968
1726236051353.0,-0.96533203125,0.279296875,-0.17492675781
1726236051361.3967,-0.96533203125,0.279296875,-0.17492675781
1726236051370.13,-0.96533203125,0.279296875,-0.17492675781
1726236051378.8623,-0.96533203125,0.279296875,-0.17492675781
1726236051387.6565,-0.96533203125,0.279296875,-0.17492675781
1726236051396.725,-0.96533203125,0.279296875,-0.17492675781
1726236051405.458,-0.96533203125,0.279296875,-0.17492675781
1726236051414.2212,-0.96533203125,0.279296875,-0.17492675781
1726236051422.9236,-0.96533203125,0.279296875,-0.17492675781
1726236051436.6943,-0.96032714843,0.287109375,-0.17956542968
1726236051445.3967,-0.96032714843,0.287109375,-0.17956542968
1726236051454.16,-0.96032714843,0.287109375,-0.17956542968
1726236051462.7708,-0.96032714843,0.287109375,-0.17956542968
1726236051471.534,-0.96032714843,0.287109375,-0.17956542968
1726236051480.2363,-0.96032714843,0.287109375,-0.17956542968
1726236051489.0,-0.96032714843,0.287109375,-0.17956542968
1726236051497.336,-0.96032714843,0.287109375,-0.17956542968
1726236051505.9463,-0.96032714843,0.287109375,-0.17956542968
1726236051519.6565,-0.95703125,0.29284667968,-0.18176269531
1726236051528.328,-0.95703125,0.29284667968,-0.18176269531
1726236051536.9084,-0.95703125,0.29284667968,-0.18176269531
1726236051545.58,-0.95703125,0.29284667968,-0.18176269531
1726236051554.252,-0.95703125,0.29284667968,-0.18176269531
1726236051562.893,-0.95703125,0.29284667968,-0.18176269531
1726236051571.626,-0.95703125,0.29284667968,-0.18176269531
1726236051580.267,-0.95703125,0.29284667968,-0.18176269531
1726236051593.9463,-0.962890625,0.29052734375,-0.17749023437
1726236051602.6487,-0.962890625,0.29052734375,-0.17749023437
1726236051611.3818,-0.962890625,0.29052734375,-0.17749023437
1726236051620.0535,-0.962890625,0.29052734375,-0.17749023437
1726236051628.817,-0.962890625,0.29052734375,-0.17749023437
1726236051637.519,-0.962890625,0.29052734375,-0.17749023437
1726236051646.2825,-0.962890625,0.29052734375,-0.17749023437
1726236051654.9846,-0.962890625,0.29052734375,-0.17749023437
1726236051663.748,-0.962890625,0.29052734375,-0.17749023437
1726236051677.3665,-0.95922851562,0.2861328125,-0.17663574218
1726236051686.191,-0.95922851562,0.2861328125,-0.17663574218
1726236051694.9236,-0.95922851562,0.2861328125,-0.17663574218
1726236051703.748,-0.95922851562,0.2861328125,-0.17663574218
1726236051712.45,-0.95922851562,0.2861328125,-0.17663574218
1726236051721.2139,-0.95922851562,0.2861328125,-0.17663574218
1726236051729.977,-0.95922851562,0.2861328125,-0.17663574218
1726236051738.7405,-0.95922851562,0.2861328125,-0.17663574218
1726236051747.534,-0.96166992187,0.287109375,-0.17919921875
1726236051761.183,-0.96166992187,0.287109375,-0.17919921875
1726236051770.3435,-0.96166992187,0.287109375,-0.17919921875
1726236051779.0764,-0.96166992187,0.287109375,-0.17919921875
1726236051787.8396,-0.96166992187,0.287109375,-0.17919921875
1726236051796.5725,-0.96166992187,0.287109375,-0.17919921875
1726236051805.3357,-0.96166992187,0.287109375,-0.17919921875
1726236051814.0383,-0.96166992187,0.287109375,-0.17919921875
1726236051822.8015,-0.96166992187,0.287109375,-0.17919921875
1726236051836.4807,-0.9638671875,0.28869628906,-0.19091796875
1726236051845.275,-0.9638671875,0.28869628906,-0.19091796875
1726236051853.9773,-0.9638671875,0.28869628906,-0.19091796875
1726236051862.7708,-0.9638671875,0.28869628906,-0.19091796875
1726236051871.4731,-0.9638671875,0.28869628906,-0.19091796875
1726236051880.267,-0.9638671875,0.28869628906,-0.19091796875
1726236051888.9695,-0.9638671875,0.28869628906,-0.19091796875
1726236051897.7632,-0.9638671875,0.28869628906,-0.19091796875
1726236051906.4963,-0.9638671875,0.28869628906,-0.19091796875
1726236051920.2363,-0.96496582031,0.28735351562,-0.20056152343
1726236051929.0,-0.96496582031,0.28735351562,-0.20056152343
1726236051937.3665,-0.96496582031,0.28735351562,-0.20056152343
1726236051946.13,-0.96496582031,0.28735351562,-0.20056152343
1726236051954.8015,-0.96496582031,0.28735351562,-0.20056152343
1726236051963.5955,-0.96496582031,0.28735351562,-0.20056152343
1726236051972.328,-0.96496582031,0.28735351562,-0.20056152343
1726236051980.9084,-0.96496582031,0.28735351562,-0.20056152343
1726236051994.6184,-0.96435546875,0.29187011718,-0.19152832031
1726236052003.4429,-0.96435546875,0.29187011718,-0.19152832031
1726236052012.2363,-0.96435546875,0.29187011718,-0.19152832031
1726236052021.0613,-0.96435546875,0.29187011718,-0.19152832031
1726236052029.8245,-0.96435546875,0.29187011718,-0.19152832031
1726236052038.6487,-0.96435546875,0.29187011718,-0.19152832031
1726236052047.4426,-0.96435546875,0.29187011718,-0.19152832031
1726236052056.2368,-0.96435546875,0.29187011718,-0.19152832031
1726236052065.0305,-0.96435546875,0.29187011718,-0.19152832031
1726236052078.832,-0.96301269531,0.28771972656,-0.18310546875
1726236052087.504,-0.96301269531,0.28771972656,-0.18310546875
1726236052096.2063,-0.96301269531,0.28771972656,-0.18310546875
1726236052105.0,-0.96301269531,0.28771972656,-0.18310546875
1726236052113.4275,-0.96301269531,0.28771972656,-0.18310546875
1726236052122.191,-0.96301269531,0.28771972656,-0.18310546875
1726236052131.0151,-0.96301269531,0.28771972656,-0.18310546875
1726236052139.8396,-0.96301269531,0.28771972656,-0.18310546875
1726236052153.977,-0.96350097656,0.28271484375,-0.1865234375
1726236052162.8015,-0.96350097656,0.28271484375,-0.1865234375
1726236052171.534,-0.96350097656,0.28271484375,-0.1865234375
1726236052180.328,-0.96350097656,0.28271484375,-0.1865234375
1726236052188.9387,-0.96350097656,0.28271484375,-0.1865234375
1726236052197.733,-0.96350097656,0.28271484375,-0.1865234375
1726236052206.4963,-0.96350097656,0.28271484375,-0.1865234375
1726236052215.29,-0.96350097656,0.28271484375,-0.1865234375
1726236052224.0227,-0.96350097656,0.28271484375,-0.1865234375
1726236052237.794,-0.96057128906,0.29602050781,-0.19641113281
1726236052246.5266,-0.96057128906,0.29602050781,-0.19641113281
1726236052255.351,-0.96057128906,0.29602050781,-0.19641113281
1726236052264.1145,-0.96057128906,0.29602050781,-0.19641113281
1726236052272.9387,-0.96057128906,0.29602050781,-0.19641113281
1726236052281.7024,-0.96057128906,0.29602050781,-0.19641113281
1726236052290.496,-0.96057128906,0.29602050781,-0.19641113281
1726236052299.229,-0.96057128906,0.29602050781,-0.19641113281
1726236052312.9695,-0.95910644531,0.30529785156,-0.19885253906
1726236052321.8242,-0.95910644531,0.30529785156,-0.19885253906
1726236052330.496,-0.95910644531,0.30529785156,-0.19885253906
1726236052339.229,-0.95910644531,0.30529785156,-0.19885253906
1726236052347.9924,-0.95910644531,0.30529785156,-0.19885253906
1726236052356.8472,-0.95910644531,0.30529785156,-0.19885253906
1726236052365.6104,-0.95910644531,0.30529785156,-0.19885253906
1726236052374.4353,-0.95910644531,0.30529785156,-0.19885253906
1726236052383.229,-0.95910644531,0.30529785156,-0.19885253906
1726236052397.0305,-0.95959472656,0.30236816406,-0.18762207031
1726236052405.794,-0.95959472656,0.30236816406,-0.18762207031
1726236052414.5876,-0.95959472656,0.30236816406,-0.18762207031
1726236052423.3816,-0.95959472656,0.30236816406,-0.18762207031
1726236052432.206,-0.95959472656,0.30236816406,-0.18762207031
1726236052440.9695,-0.95959472656,0.30236816406,-0.18762207031
1726236052449.7937,-0.95959472656,0.30236816406,-0.18762207031
1726236052458.588,-0.95959472656,0.30236816406,-0.18762207031
1726236052467.2903,-0.95959472656,0.30236816406,-0.18762207031
1726236052481.0916,-0.95971679687,0.30517578125,-0.18225097656
1726236052489.8855,-0.95971679687,0.30517578125,-0.18225097656
1726236052498.71,-0.95971679687,0.30517578125,-0.18225097656
1726236052507.4426,-0.95971679687,0.30517578125,-0.18225097656
1726236052516.267,-0.95971679687,0.30517578125,-0.18225097656
1726236052525.458,-0.95971679687,0.30517578125,-0.18225097656
1726236052534.2214,-0.95971679687,0.30517578125,-0.18225097656
1726236052543.0151,-0.95971679687,0.30517578125,-0.18225097656
1726236052556.817,-0.9619140625,0.30749511718,-0.18505859375
1726236052565.5496,-0.9619140625,0.30749511718,-0.18505859375
1726236052574.3127,-0.9619140625,0.30749511718,-0.18505859375
1726236052583.0457,-0.9619140625,0.30749511718,-0.18505859375
1726236052591.809,-0.9619140625,0.30749511718,-0.18505859375
1726236052607.7783,-0.9619140625,0.30749511718,-0.18505859375
1726236052616.5112,-0.9619140625,0.30749511718,-0.18505859375
1726236052625.275,-0.9619140625,0.30749511718,-0.18505859375
1726236052638.9846,-0.95874023437,0.30651855468,-0.1875
1726236052647.5647,-0.95874023437,0.30651855468,-0.1875
1726236052656.1145,-0.95874023437,0.30651855468,-0.1875
1726236052664.6943,-0.95874023437,0.30651855468,-0.1875
1726236052673.244,-0.95874023437,0.30651855468,-0.1875
1726236052681.794,-0.95874023437,0.30651855468,-0.1875
1726236052690.2822,-0.95874023437,0.30651855468,-0.1875
1726236052698.832,-0.95874023437,0.30651855468,-0.1875
1726236052707.2903,-0.95874023437,0.30651855468,-0.1875
1726236052720.8474,-0.953125,0.31335449218,-0.18432617187
1726236052729.4275,-0.953125,0.31335449218,-0.18432617187
1726236052738.0688,-0.953125,0.31335449218,-0.18432617187
1726236052746.6487,-0.953125,0.31335449218,-0.18432617187
1726236052755.29,-0.953125,0.31335449218,-0.18432617187
1726236052763.8398,-0.953125,0.31335449218,-0.18432617187
1726236052772.3894,-0.953125,0.31335449218,-0.18432617187
1726236052781.0,-0.953125,0.31335449218,-0.18432617187
1726236052794.2214,-0.95458984375,0.31970214843,-0.1787109375
1726236052802.9846,-0.95458984375,0.31970214843,-0.1787109375
1726236052811.748,-0.95458984375,0.31970214843,-0.1787109375
1726236052820.4197,-0.95458984375,0.31970214843,-0.1787109375
1726236052829.2139,-0.95458984375,0.31970214843,-0.1787109375
1726236052837.916,-0.95458984375,0.31970214843,-0.1787109375
1726236052846.6487,-0.95458984375,0.31970214843,-0.1787109375
1726236052855.4124,-0.95458984375,0.31970214843,-0.1787109375
1726236052864.1755,-0.95458984375,0.31970214843,-0.1787109375
1726236052877.916,-0.95751953125,0.3173828125,-0.17919921875
1726236052886.6184,-0.95751953125,0.3173828125,-0.17919921875
1726236052895.3816,-0.95751953125,0.3173828125,-0.17919921875
1726236052904.5115,-0.95751953125,0.3173828125,-0.17919921875
1726236052913.244,-0.95751953125,0.3173828125,-0.17919921875
1726236052921.9463,-0.95751953125,0.3173828125,-0.17919921875
1726236052930.71,-0.95751953125,0.3173828125,-0.17919921875
1726236052939.4426,-0.95751953125,0.3173828125,-0.17919921875
1726236052948.2063,-0.95361328125,0.31213378906,-0.18151855468
1726236052961.916,-0.95361328125,0.31213378906,-0.18151855468
1726236052970.6487,-0.95361328125,0.31213378906,-0.18151855468
1726236052979.3816,-0.95361328125,0.31213378906,-0.18151855468
1726236052988.145,-0.95361328125,0.31213378906,-0.18151855468
1726236052996.878,-0.95361328125,0.31213378906,-0.18151855468
1726236053005.641,-0.95361328125,0.31213378906,-0.18151855468
1726236053014.374,-0.95361328125,0.31213378906,-0.18151855468
1726236053023.1067,-0.95361328125,0.31213378906,-0.18151855468
1726236053036.817,-0.95385742187,0.30346679687,-0.17529296875
1726236053045.6716,-0.95385742187,0.30346679687,-0.17529296875
1726236053054.435,-0.95385742187,0.30346679687,-0.17529296875
1726236053063.29,-0.95385742187,0.30346679687,-0.17529296875
1726236053072.0227,-0.95385742187,0.30346679687,-0.17529296875
1726236053080.8777,-0.95385742187,0.30346679687,-0.17529296875
1726236053089.641,-0.95385742187,0.30346679687,-0.17529296875
1726236053098.4656,-0.95385742187,0.30346679687,-0.17529296875
1726236053107.29,-0.95385742187,0.30346679687,-0.17529296875
1726236053120.9695,-0.95910644531,0.28894042968,-0.15893554687
1726236053129.7634,-0.95910644531,0.28894042968,-0.15893554687
1726236053138.5266,-0.95910644531,0.28894042968,-0.15893554687
1726236053147.3203,-0.95910644531,0.28894042968,-0.15893554687
1726236053156.0535,-0.95910644531,0.28894042968,-0.15893554687
1726236053164.8474,-0.95910644531,0.28894042968,-0.15893554687
1726236053173.58,-0.95910644531,0.28894042968,-0.15893554687
1726236053182.3127,-0.95910644531,0.28894042968,-0.15893554687
1726236053196.0227,-0.96374511718,0.30310058593,-0.15124511718
1726236053204.8474,-0.96374511718,0.30310058593,-0.15124511718
1726236053213.641,-0.96374511718,0.30310058593,-0.15124511718
1726236053222.4658,-0.96374511718,0.30310058593,-0.15124511718
1726236053231.168,-0.96374511718,0.30310058593,-0.15124511718
1726236053239.901,-0.96374511718,0.30310058593,-0.15124511718
1726236053248.6943,-0.96374511718,0.30310058593,-0.15124511718
1726236053257.4883,-0.96374511718,0.30310058593,-0.15124511718
1726236053266.2825,-0.96374511718,0.30310058593,-0.15124511718
1726236053280.4504,-0.9658203125,0.30859375,-0.14868164062
1726236053289.122,-0.9658203125,0.30859375,-0.14868164062
1726236053297.733,-0.9658203125,0.30859375,-0.14868164062
1726236053306.435,-0.9658203125,0.30859375,-0.14868164062
1726236053315.0764,-0.9658203125,0.30859375,-0.14868164062
1726236053323.7783,-0.9658203125,0.30859375,-0.14868164062
1726236053332.42,-0.9658203125,0.30859375,-0.14868164062
1726236053341.061,-0.9658203125,0.30859375,-0.14868164062
1726236053354.71,-0.974609375,0.15954589843,-0.19360351562
1726236053363.412,-0.974609375,0.15954589843,-0.19360351562
1726236053372.084,-0.974609375,0.15954589843,-0.19360351562
1726236053380.786,-0.974609375,0.15954589843,-0.19360351562
1726236053389.4275,-0.974609375,0.15954589843,-0.19360351562
1726236053398.1907,-0.974609375,0.15954589843,-0.19360351562
1726236053406.893,-0.974609375,0.15954589843,-0.19360351562
1726236053415.6565,-0.974609375,0.15954589843,-0.19360351562
1726236053424.359,-0.974609375,0.15954589843,-0.19360351562
1726236053438.099,-0.96154785156,0.33349609375,-0.19653320312
1726236053446.8628,-0.96154785156,0.33349609375,-0.19653320312
1726236053455.687,-0.96154785156,0.33349609375,-0.19653320312
1726236053464.4504,-0.96154785156,0.33349609375,-0.19653320312
1726236053473.2747,-0.96154785156,0.33349609375,-0.19653320312
1726236053482.0383,-0.96154785156,0.33349609375,-0.19653320312
1726236053490.8623,-0.96154785156,0.33349609375,-0.19653320312
1726236053499.687,-0.96154785156,0.33349609375,-0.19653320312
1726236053513.4275,-1.025390625,0.49475097656,-0.00415039062
1726236053522.1604,-1.025390625,0.49475097656,-0.00415039062
1726236053530.832,-1.025390625,0.49475097656,-0.00415039062
1726236053539.4429,-1.025390625,0.49475097656,-0.00415039062
1726236053548.145,-1.025390625,0.49475097656,-0.00415039062
1726236053556.8474,-1.025390625,0.49475097656,-0.00415039062
1726236053565.519,-1.025390625,0.49475097656,-0.00415039062
1726236053574.252,-1.025390625,0.49475097656,-0.00415039062
1726236053582.8623,-1.025390625,0.49475097656,-0.00415039062
1726236053596.5728,-1.01123046875,-0.2451171875,0.32958984375
1726236053605.336,-1.01123046875,-0.2451171875,0.32958984375
1726236053614.0078,-1.01123046875,-0.2451171875,0.32958984375
1726236053622.6184,-1.01123046875,-0.2451171875,0.32958984375
1726236053631.4124,-1.01123046875,-0.2451171875,0.32958984375
1726236053640.145,-1.01123046875,-0.2451171875,0.32958984375
1726236053648.9387,-1.01123046875,-0.2451171875,0.32958984375
1726236053658.0686,-1.01123046875,-0.2451171875,0.32958984375
1726236053666.832,-1.01123046875,-0.2451171875,0.32958984375
1726236053680.4807,-0.8369140625,0.44140625,0.33093261718
1726236053689.1528,-0.8369140625,0.44140625,0.33093261718
1726236053697.794,-0.8369140625,0.44140625,0.33093261718
1726236053706.4658,-0.8369140625,0.44140625,0.33093261718
1726236053715.0764,-0.8369140625,0.44140625,0.33093261718
1726236053723.7483,-0.8369140625,0.44140625,0.33093261718
1726236053732.3892,-0.8369140625,0.44140625,0.33093261718
1726236053741.0916,-0.8369140625,0.44140625,0.33093261718
1726236053754.71,-0.77111816406,0.5927734375,0.25451660156
1726236053763.4429,-0.77111816406,0.5927734375,0.25451660156
1726236053772.1755,-0.77111816406,0.5927734375,0.25451660156
1726236053780.9695,-0.77111816406,0.5927734375,0.25451660156
1726236053789.7634,-0.77111816406,0.5927734375,0.25451660156
1726236053798.4963,-0.77111816406,0.5927734375,0.25451660156
1726236053807.29,-0.77111816406,0.5927734375,0.25451660156
1726236053815.962,-0.77111816406,0.5927734375,0.25451660156
1726236053824.725,-0.77111816406,0.5927734375,0.25451660156
1726236053838.435,-0.62585449218,0.66333007812,0.18859863281
1726236053847.2595,-0.62585449218,0.66333007812,0.18859863281
1726236053856.0535,-0.62585449218,0.66333007812,0.18859863281
1726236053864.8474,-0.62585449218,0.66333007812,0.18859863281
1726236053873.641,-0.62585449218,0.66333007812,0.18859863281
1726236053882.4656,-0.62585449218,0.66333007812,0.18859863281
1726236053891.229,-0.62585449218,0.66333007812,0.18859863281
1726236053900.0535,-0.62585449218,0.66333007812,0.18859863281
1726236053913.7937,-0.55822753906,0.98693847656,0.08178710937
1726236053922.6184,-0.55822753906,0.98693847656,0.08178710937
1726236053931.3816,-0.55822753906,0.98693847656,0.08178710937
1726236053940.206,-0.55822753906,0.98693847656,0.08178710937
1726236053949.0,-0.55822753906,0.98693847656,0.08178710937
1726236053957.3967,-0.55822753906,0.98693847656,0.08178710937
1726236053966.2214,-0.55822753906,0.98693847656,0.08178710937
1726236053974.9846,-0.55822753906,0.98693847656,0.08178710937
1726236053983.809,-0.55822753906,0.98693847656,0.08178710937
1726236053997.5496,-0.71423339843,1.13793945312,-0.10778808593
1726236054006.435,-0.71423339843,1.13793945312,-0.10778808593
1726236054015.229,-0.71423339843,1.13793945312,-0.10778808593
1726236054024.0532,-0.71423339843,1.13793945312,-0.10778808593
1726236054032.9084,-0.71423339843,1.13793945312,-0.10778808593
1726236054042.0686,-0.71423339843,1.13793945312,-0.10778808593
1726236054050.893,-0.71423339843,1.13793945312,-0.10778808593
1726236054059.7175,-0.71423339843,1.13793945312,-0.10778808593
1726236054068.4807,-0.77453613281,1.26159667968,-0.20239257812
1726236054082.3127,-0.77453613281,1.26159667968,-0.20239257812
1726236054091.168,-0.77453613281,1.26159667968,-0.20239257812
1726236054099.87,-0.77453613281,1.26159667968,-0.20239257812
1726236054108.664,-0.77453613281,1.26159667968,-0.20239257812
1726236054117.3357,-0.77453613281,1.26159667968,-0.20239257812
1726236054126.191,-0.77453613281,1.26159667968,-0.20239257812
1726236054135.0151,-0.77453613281,1.26159667968,-0.20239257812
1726236054143.87,-0.77453613281,1.26159667968,-0.20239257812
1726236054157.6104,-0.78491210937,0.37927246093,-0.03405761718
1726236054166.4658,-0.78491210937,0.37927246093,-0.03405761718
1726236054175.1985,-0.78491210937,0.37927246093,-0.03405761718
1726236054184.0535,-0.78491210937,0.37927246093,-0.03405761718
1726236054192.8472,-0.78491210937,0.37927246093,-0.03405761718
1726236054201.7024,-0.78491210937,0.37927246093,-0.03405761718
1726236054210.496,-0.78491210937,0.37927246093,-0.03405761718
1726236054219.1985,-0.78491210937,0.37927246093,-0.03405761718
1726236054228.0532,-0.78491210937,0.37927246093,-0.03405761718
1726236054241.794,-0.81787109375,0.40258789062,-0.04919433593
1726236054250.5571,-0.81787109375,0.40258789062,-0.04919433593
1726236054259.3203,-0.81787109375,0.40258789062,-0.04919433593
1726236054268.145,-0.81787109375,0.40258789062,-0.04919433593
1726236054276.9084,-0.81787109375,0.40258789062,-0.04919433593
1726236054285.7327,-0.81787109375,0.40258789062,-0.04919433593
1726236054294.4963,-0.81787109375,0.40258789062,-0.04919433593
1726236054303.3203,-0.81787109375,0.40258789062,-0.04919433593
1726236054317.0613,-0.86340332031,0.41235351562,-0.1083984375
1726236054325.8245,-0.86340332031,0.41235351562,-0.1083984375
1726236054334.5269,-0.86340332031,0.41235351562,-0.1083984375
1726236054343.3203,-0.86340332031,0.41235351562,-0.1083984375
1726236054352.0227,-0.86340332031,0.41235351562,-0.1083984375
1726236054360.786,-0.86340332031,0.41235351562,-0.1083984375
1726236054369.458,-0.86340332031,0.41235351562,-0.1083984375
1726236054378.1907,-0.86340332031,0.41235351562,-0.1083984375
1726236054386.893,-0.86340332031,0.41235351562,-0.1083984375
1726236054400.6335,-0.91076660156,0.37622070312,-0.06103515625
1726236054409.3665,-0.91076660156,0.37622070312,-0.06103515625
1726236054418.252,-0.91076660156,0.37622070312,-0.06103515625
1726236054427.229,-0.91076660156,0.37622070312,-0.06103515625
1726236054435.9617,-0.91076660156,0.37622070312,-0.06103515625
1726236054444.7559,-0.91076660156,0.37622070312,-0.06103515625
1726236054453.4275,-0.91076660156,0.37622070312,-0.06103515625
1726236054462.2214,-0.91076660156,0.37622070312,-0.06103515625
1726236054475.962,-0.95263671875,0.34692382812,-0.0888671875
1726236054484.725,-0.95263671875,0.34692382812,-0.0888671875
1726236054493.4883,-0.95263671875,0.34692382812,-0.0888671875
1726236054502.2825,-0.95263671875,0.34692382812,-0.0888671875
1726236054511.0457,-0.95263671875,0.34692382812,-0.0888671875
1726236054519.8704,-0.95263671875,0.34692382812,-0.0888671875
1726236054528.6335,-0.95263671875,0.34692382812,-0.0888671875
1726236054537.4275,-0.95263671875,0.34692382812,-0.0888671875
1726236054546.1907,-0.95263671875,0.34692382812,-0.0888671875
1726236054559.9924,-0.98156738281,0.38220214843,-0.18627929687
1726236054568.786,-0.98156738281,0.38220214843,-0.18627929687
1726236054577.5803,-0.98156738281,0.38220214843,-0.18627929687
1726236054586.4043,-0.98156738281,0.38220214843,-0.18627929687
1726236054595.1985,-0.98156738281,0.38220214843,-0.18627929687
1726236054604.0535,-0.98156738281,0.38220214843,-0.18627929687
1726236054612.817,-0.98156738281,0.38220214843,-0.18627929687
1726236054621.6716,-0.98156738281,0.38220214843,-0.18627929687
1726236054635.4426,-0.97729492187,0.3642578125,-0.17126464843
1726236054644.267,-0.97729492187,0.3642578125,-0.17126464843
1726236054653.0305,-0.97729492187,0.3642578125,-0.17126464843
1726236054661.8547,-0.97729492187,0.3642578125,-0.17126464843
1726236054670.588,-0.97729492187,0.3642578125,-0.17126464843
1726236054679.3203,-0.97729492187,0.3642578125,-0.17126464843
1726236054688.084,-0.97729492187,0.3642578125,-0.17126464843
1726236054696.8167,-0.97729492187,0.3642578125,-0.17126464843
1726236054705.5803,-0.97729492187,0.3642578125,-0.17126464843
1726236054719.351,-0.96496582031,0.32153320312,-0.15173339843
1726236054728.1145,-0.96496582031,0.32153320312,-0.15173339843
1726236054736.9387,-0.96496582031,0.32153320312,-0.15173339843
1726236054745.7937,-0.96496582031,0.32153320312,-0.15173339843
1726236054754.5571,-0.96496582031,0.32153320312,-0.15173339843
1726236054763.3818,-0.96496582031,0.32153320312,-0.15173339843
1726236054772.145,-0.96496582031,0.32153320312,-0.15173339843
1726236054781.0,-0.96496582031,0.32153320312,-0.15173339843
1726236054794.374,-0.96435546875,0.3046875,-0.15100097656
1726236054803.412,-0.96435546875,0.3046875,-0.15100097656
1726236054811.9924,-0.96435546875,0.3046875,-0.15100097656
1726236054820.6943,-0.96435546875,0.3046875,-0.15100097656
1726236054829.3665,-0.96435546875,0.3046875,-0.15100097656
1726236054838.038,-0.96435546875,0.3046875,-0.15100097656
1726236054846.6487,-0.96435546875,0.3046875,-0.15100097656
1726236054855.3513,-0.96435546875,0.3046875,-0.15100097656
1726236054863.9924,-0.96435546875,0.3046875,-0.15100097656
1726236054877.6716,-0.96826171875,0.29370117187,-0.15588378906
1726236054886.4656,-0.96826171875,0.29370117187,-0.15588378906
1726236054895.29,-0.96826171875,0.29370117187,-0.15588378906
1726236054904.0535,-0.96826171875,0.29370117187,-0.15588378906
1726236054912.8777,-0.96826171875,0.29370117187,-0.15588378906
1726236054921.6719,-0.96826171875,0.29370117187,-0.15588378906
1726236054930.3435,-0.96826171875,0.29370117187,-0.15588378906
1726236054938.9846,-0.96826171875,0.29370117187,-0.15588378906
1726236054947.7483,-0.96826171875,0.29370117187,-0.15588378906
1726236054961.58,-0.96899414062,0.27404785156,-0.173828125
1726236054970.2212,-0.96899414062,0.27404785156,-0.173828125
1726236054979.0151,-0.96899414062,0.27404785156,-0.173828125
1726236054987.7175,-0.96899414062,0.27404785156,-0.173828125
1726236054996.5115,-0.96899414062,0.27404785156,-0.173828125
1726236055005.2136,-0.96899414062,0.27404785156,-0.173828125
1726236055014.0076,-0.96899414062,0.27404785156,-0.173828125
1726236055022.71,-0.96899414062,0.27404785156,-0.173828125
1726236055036.42,-0.96936035156,0.26379394531,-0.18115234375
1726236055045.1523,-0.96936035156,0.26379394531,-0.18115234375
1726236055054.0076,-0.96936035156,0.26379394531,-0.18115234375
1726236055062.7708,-0.96936035156,0.26379394531,-0.18115234375
1726236055071.626,-0.96936035156,0.26379394531,-0.18115234375
1726236055080.3586,-0.96936035156,0.26379394531,-0.18115234375
1726236055089.2139,-0.96936035156,0.26379394531,-0.18115234375
1726236055098.0076,-0.96936035156,0.26379394531,-0.18115234375
1726236055106.8015,-0.96936035156,0.26379394531,-0.18115234375
1726236055120.6335,-0.96691894531,0.26293945312,-0.16723632812
1726236055129.2139,-0.96691894531,0.26293945312,-0.16723632812
1726236055137.7632,-0.96691894531,0.26293945312,-0.16723632812
1726236055146.3435,-0.96691894531,0.26293945312,-0.16723632812
1726236055154.954,-0.96691894531,0.26293945312,-0.16723632812
1726236055163.4429,-0.96691894531,0.26293945312,-0.16723632812
1726236055172.0532,-0.96691894531,0.26293945312,-0.16723632812
1726236055180.7556,-0.96691894531,0.26293945312,-0.16723632812
1726236055194.496,-0.96215820312,0.26281738281,-0.17590332031
1726236055203.229,-0.96215820312,0.26281738281,-0.17590332031
1726236055212.0535,-0.96215820312,0.26281738281,-0.17590332031
1726236055220.8474,-0.96215820312,0.26281738281,-0.17590332031
1726236055229.702,-0.96215820312,0.26281738281,-0.17590332031
1726236055238.435,-0.96215820312,0.26281738281,-0.17590332031
1726236055247.2595,-0.96215820312,0.26281738281,-0.17590332031
1726236055256.0227,-0.96215820312,0.26281738281,-0.17590332031
1726236055264.8777,-0.96215820312,0.26281738281,-0.17590332031
1726236055278.6487,-0.96618652343,0.25549316406,-0.18212890625
1726236055287.4731,-0.96618652343,0.25549316406,-0.18212890625
1726236055296.267,-0.96618652343,0.25549316406,-0.18212890625
1726236055305.0916,-0.96618652343,0.25549316406,-0.18212890625
1726236055313.8547,-0.96618652343,0.25549316406,-0.18212890625
1726236055322.6792,-0.96618652343,0.25549316406,-0.18212890625
1726236055331.4429,-0.96618652343,0.25549316406,-0.18212890625
1726236055340.267,-0.96618652343,0.25549316406,-0.18212890625
1726236055349.0916,-0.96496582031,0.25415039062,-0.17663574218
1726236055362.8623,-0.96496582031,0.25415039062,-0.17663574218
1726236055371.6565,-0.96496582031,0.25415039062,-0.17663574218
1726236055380.4197,-0.96496582031,0.25415039062,-0.17663574218
1726236055389.2444,-0.96496582031,0.25415039062,-0.17663574218
1726236055398.0076,-0.96496582031,0.25415039062,-0.17663574218
1726236055406.832,-0.96496582031,0.25415039062,-0.17663574218
1726236055415.5037,-0.96496582031,0.25415039062,-0.17663574218
1726236055424.2979,-0.96496582031,0.25415039062,-0.17663574218
1726236055438.0076,-0.96325683593,0.26391601562,-0.17517089843
1726236055446.8323,-0.96325683593,0.26391601562,-0.17517089843
1726236055462.8623,-0.96325683593,0.26391601562,-0.17517089843
1726236055471.687,-0.96325683593,0.26391601562,-0.17517089843
1726236055480.4807,-0.96325683593,0.26391601562,-0.17517089843
1726236055489.2136,-0.96325683593,0.26391601562,-0.17517089843
1726236055498.038,-0.96325683593,0.26391601562,-0.17517089843
1726236055506.7708,-0.96325683593,0.26391601562,-0.17517089843
1726236055520.542,-0.96984863281,0.27368164062,-0.18701171875
1726236055529.244,-0.96984863281,0.27368164062,-0.18701171875
1726236055537.9463,-0.96984863281,0.27368164062,-0.18701171875
1726236055546.6794,-0.96984863281,0.27368164062,-0.18701171875
1726236055555.4731,-0.96984863281,0.27368164062,-0.18701171875
1726236055564.603,-0.96984863281,0.27368164062,-0.18701171875
1726236055573.3665,-0.96984863281,0.27368164062,-0.18701171875
1726236055582.099,-0.96984863281,0.27368164062,-0.18701171875
1726236055595.8704,-0.97290039062,0.27294921875,-0.19250488281
1726236055604.664,-0.97290039062,0.27294921875,-0.19250488281
1726236055613.3665,-0.97290039062,0.27294921875,-0.19250488281
1726236055622.1296,-0.97290039062,0.27294921875,-0.19250488281
1726236055630.9849,-0.97290039062,0.27294921875,-0.19250488281
1726236055639.809,-0.97290039062,0.27294921875,-0.19250488281
1726236055648.603,-0.97290039062,0.27294921875,-0.19250488281
1726236055657.4275,-0.97290039062,0.27294921875,-0.19250488281
1726236055666.2214,-0.97290039062,0.27294921875,-0.19250488281
1726236055680.0227,-0.97009277343,0.26538085937,-0.18566894531
1726236055688.7864,-0.97009277343,0.26538085937,-0.18566894531
1726236055697.58,-0.97009277343,0.26538085937,-0.18566894531
1726236055706.2825,-0.97009277343,0.26538085937,-0.18566894531
1726236055715.1067,-0.97009277343,0.26538085937,-0.18566894531
1726236055723.8704,-0.97009277343,0.26538085937,-0.18566894531
1726236055732.664,-0.97009277343,0.26538085937,-0.18566894531
1726236055741.336,-0.97009277343,0.26538085937,-0.18566894531
1726236055754.9846,-0.97094726562,0.26184082031,-0.18249511718
1726236055763.7788,-0.97094726562,0.26184082031,-0.18249511718
1726236055772.603,-0.97094726562,0.26184082031,-0.18249511718
1726236055781.3967,-0.97094726562,0.26184082031,-0.18249511718
1726236055790.2214,-0.97094726562,0.26184082031,-0.18249511718
1726236055799.046,-0.97094726562,0.26184082031,-0.18249511718
1726236055807.7783,-0.97094726562,0.26184082031,-0.18249511718
1726236055816.603,-0.97094726562,0.26184082031,-0.18249511718
1726236055825.3665,-0.97094726562,0.26184082031,-0.18249511718
1726236055839.1985,-0.96813964843,0.26123046875,-0.18725585937
1726236055847.962,-0.96813964843,0.26123046875,-0.18725585937
1726236055856.7556,-0.96813964843,0.26123046875,-0.18725585937
1726236055865.5496,-0.96813964843,0.26123046875,-0.18725585937
1726236055874.3743,-0.96813964843,0.26123046875,-0.18725585937
1726236055883.168,-0.96813964843,0.26123046875,-0.18725585937
1726236055891.8704,-0.96813964843,0.26123046875,-0.18725585937
1726236055900.664,-0.96813964843,0.26123046875,-0.18725585937
1726236055909.336,-0.96374511718,0.26306152343,-0.18530273437
1726236055922.9849,-0.96374511718,0.26306152343,-0.18530273437
1726236055931.809,-0.96374511718,0.26306152343,-0.18530273437
1726236055940.6943,-0.96374511718,0.26306152343,-0.18530273437
1726236055949.7937,-0.96374511718,0.26306152343,-0.18530273437
1726236055958.6184,-0.96374511718,0.26306152343,-0.18530273437
1726236055967.3818,-0.96374511718,0.26306152343,-0.18530273437
1726236055976.1755,-0.96374511718,0.26306152343,-0.18530273437
1726236055984.9695,-0.96374511718,0.26306152343,-0.18530273437
1726236055998.7708,-0.96276855468,0.26489257812,-0.18542480468
1726236056007.5952,-0.96276855468,0.26489257812,-0.18542480468
1726236056016.42,-0.96276855468,0.26489257812,-0.18542480468
1726236056025.1523,-0.96276855468,0.26489257812,-0.18542480468
1726236056033.977,-0.96276855468,0.26489257812,-0.18542480468
1726236056042.7708,-0.96276855468,0.26489257812,-0.18542480468
1726236056051.626,-0.96276855468,0.26489257812,-0.18542480468
1726236056060.3892,-0.96276855468,0.26489257812,-0.18542480468
1726236056069.2444,-0.96545410156,0.26477050781,-0.19067382812
1726236056082.9846,-0.96545410156,0.26477050781,-0.19067382812
1726236056091.7175,-0.96545410156,0.26477050781,-0.19067382812
1726236056100.4807,-0.96545410156,0.26477050781,-0.19067382812
1726236056109.183,-0.96545410156,0.26477050781,-0.19067382812
1726236056117.9463,-0.96545410156,0.26477050781,-0.19067382812
1726236056126.6487,-0.96545410156,0.26477050781,-0.19067382812
1726236056135.4426,-0.96545410156,0.26477050781,-0.19067382812
1726236056144.145,-0.96545410156,0.26477050781,-0.19067382812
1726236056157.8855,-0.96984863281,0.25952148437,-0.18786621093
1726236056166.6794,-0.96984863281,0.25952148437,-0.18786621093
1726236056175.5037,-0.96984863281,0.25952148437,-0.18786621093
1726236056184.267,-0.96984863281,0.25952148437,-0.18786621093
1726236056193.0916,-0.96984863281,0.25952148437,-0.18786621093
1726236056201.8855,-0.96984863281,0.25952148437,-0.18786621093
1726236056210.6792,-0.96984863281,0.25952148437,-0.18786621093
1726236056219.4731,-0.96984863281,0.25952148437,-0.18786621093
1726236056228.2976,-0.96984863281,0.25952148437,-0.18786621093
1726236056242.099,-0.97290039062,0.2548828125,-0.17932128906
1726236056250.832,-0.97290039062,0.2548828125,-0.17932128906
1726236056259.5344,-0.97290039062,0.2548828125,-0.17932128906
1726236056268.267,-0.97290039062,0.2548828125,-0.17932128906
1726236056277.061,-0.97290039062,0.2548828125,-0.17932128906
1726236056285.7937,-0.97290039062,0.2548828125,-0.17932128906
1726236056294.588,-0.97290039062,0.2548828125,-0.17932128906
1726236056303.2595,-0.97290039062,0.2548828125,-0.17932128906
1726236056317.0305,-0.97326660156,0.2548828125,-0.17431640625
1726236056326.16,-0.97326660156,0.2548828125,-0.17431640625
1726236056334.8628,-0.97326660156,0.2548828125,-0.17431640625
1726236056343.626,-0.97326660156,0.2548828125,-0.17431640625
1726236056352.3894,-0.97326660156,0.2548828125,-0.17431640625
1726236056361.122,-0.97326660156,0.2548828125,-0.17431640625
1726236056369.8855,-0.97326660156,0.2548828125,-0.17431640625
1726236056378.618,-0.97326660156,0.2548828125,-0.17431640625
1726236056387.3818,-0.97326660156,0.2548828125,-0.17431640625
1726236056401.0916,-0.97241210937,0.2548828125,-0.17614746093
1726236056409.7634,-0.97241210937,0.2548828125,-0.17614746093
1726236056418.496,-0.97241210937,0.2548828125,-0.17614746093
1726236056427.1067,-0.97241210937,0.2548828125,-0.17614746093
1726236056435.8396,-0.97241210937,0.2548828125,-0.17614746093
1726236056444.5115,-0.97241210937,0.2548828125,-0.17614746093
1726236056453.244,-0.97241210937,0.2548828125,-0.17614746093
1726236056461.8855,-0.97241210937,0.2548828125,-0.17614746093
1726236056475.5955,-0.97302246093,0.25903320312,-0.17590332031
1726236056484.3284,-0.97302246093,0.25903320312,-0.17590332031
1726236056493.1523,-0.97302246093,0.25903320312,-0.17590332031
1726236056501.916,-0.97302246093,0.25903320312,-0.17590332031
1726236056510.6487,-0.97302246093,0.25903320312,-0.17590332031
1726236056519.3818,-0.97302246093,0.25903320312,-0.17590332031
1726236056528.1755,-0.97302246093,0.25903320312,-0.17590332031
1726236056536.9084,-0.97302246093,0.25903320312,-0.17590332031
1726236056545.7327,-0.97302246093,0.25903320312,-0.17590332031
1726236056559.4731,-0.97119140625,0.26721191406,-0.17797851562
1726236056568.2976,-0.97119140625,0.26721191406,-0.17797851562
1726236056577.1223,-0.97119140625,0.26721191406,-0.17797851562
1726236056585.916,-0.97119140625,0.26721191406,-0.17797851562
1726236056594.6794,-0.97119140625,0.26721191406,-0.17797851562
1726236056603.4426,-0.97119140625,0.26721191406,-0.17797851562
1726236056612.2979,-0.97119140625,0.26721191406,-0.17797851562
1726236056621.0305,-0.97119140625,0.26721191406,-0.17797851562
1726236056634.832,-0.96520996093,0.27514648437,-0.18310546875
1726236056643.504,-0.96520996093,0.27514648437,-0.18310546875
1726236056652.2368,-0.96520996093,0.27514648437,-0.18310546875
1726236056661.0305,-0.96520996093,0.27514648437,-0.18310546875
1726236056669.8547,-0.96520996093,0.27514648437,-0.18310546875
1726236056678.6184,-0.96520996093,0.27514648437,-0.18310546875
1726236056687.4429,-0.96520996093,0.27514648437,-0.18310546875
1726236056696.2363,-0.96520996093,0.27514648437,-0.18310546875
1726236056705.4275,-0.96520996093,0.27514648437,-0.18310546875
1726236056719.229,-0.96337890625,0.28100585937,-0.18237304687
1726236056727.992,-0.96337890625,0.28100585937,-0.18237304687
1726236056736.6943,-0.96337890625,0.28100585937,-0.18237304687
1726236056745.458,-0.96337890625,0.28100585937,-0.18237304687
1726236056754.2214,-0.96337890625,0.28100585937,-0.18237304687
1726236056763.0151,-0.96337890625,0.28100585937,-0.18237304687
1726236056771.8396,-0.96337890625,0.28100585937,-0.18237304687
1726236056780.6335,-0.96337890625,0.28100585937,-0.18237304687
1726236056789.3967,-0.96472167968,0.28369140625,-0.18200683593
1726236056803.1372,-0.96472167968,0.28369140625,-0.18200683593
1726236056811.901,-0.96472167968,0.28369140625,-0.18200683593
1726236056820.664,-0.96472167968,0.28369140625,-0.18200683593
1726236056829.336,-0.96472167968,0.28369140625,-0.18200683593
1726236056837.977,-0.96472167968,0.28369140625,-0.18200683593
1726236056846.7708,-0.96472167968,0.28369140625,-0.18200683593
1726236056855.5344,-0.96472167968,0.28369140625,-0.18200683593
1726236056864.3586,-0.96472167968,0.28369140625,-0.18200683593
1726236056878.099,-0.96606445312,0.27172851562,-0.1708984375
1726236056886.8623,-0.96606445312,0.27172851562,-0.1708984375
1726236056895.6565,-0.96606445312,0.27172851562,-0.1708984375
1726236056904.42,-0.96606445312,0.27172851562,-0.1708984375
1726236056913.1523,-0.96606445312,0.27172851562,-0.1708984375
1726236056921.916,-0.96606445312,0.27172851562,-0.1708984375
1726236056930.6487,-0.96606445312,0.27172851562,-0.1708984375
1726236056939.3816,-0.96606445312,0.27172851562,-0.1708984375
1726236056948.1755,-0.96606445312,0.27172851562,-0.1708984375
1726236056961.8245,-0.96594238281,0.26477050781,-0.16931152343
1726236056970.6487,-0.96594238281,0.26477050781,-0.16931152343
1726236056979.4124,-0.96594238281,0.26477050781,-0.16931152343
1726236056988.267,-0.96594238281,0.26477050781,-0.16931152343
1726236056997.0305,-0.96594238281,0.26477050781,-0.16931152343
1726236057005.8855,-0.96594238281,0.26477050781,-0.16931152343
1726236057014.6487,-0.96594238281,0.26477050781,-0.16931152343
1726236057023.4731,-0.96594238281,0.26477050781,-0.16931152343
1726236057037.2444,-0.96691894531,0.26257324218,-0.16540527343
1726236057046.038,-0.96691894531,0.26257324218,-0.16540527343
1726236057054.832,-0.96691894531,0.26257324218,-0.16540527343
1726236057063.5037,-0.96691894531,0.26257324218,-0.16540527343
1726236057072.3284,-0.96691894531,0.26257324218,-0.16540527343
1726236057081.183,-0.96691894531,0.26257324218,-0.16540527343
1726236057090.3435,-0.96691894531,0.26257324218,-0.16540527343
1726236057099.1067,-0.96691894531,0.26257324218,-0.16540527343
1726236057107.962,-0.96691894531,0.26257324218,-0.16540527343
1726236057121.6716,-0.97253417968,0.263671875,-0.16882324218
1726236057130.2214,-0.97253417968,0.263671875,-0.16882324218
1726236057138.71,-0.97253417968,0.263671875,-0.16882324218
1726236057147.1985,-0.97253417968,0.263671875,-0.16882324218
1726236057155.687,-0.97253417968,0.263671875,-0.16882324218
1726236057164.206,-0.97253417968,0.263671875,-0.16882324218
1726236057172.6335,-0.97253417968,0.263671875,-0.16882324218
1726236057181.183,-0.97253417968,0.263671875,-0.16882324218
1726236057189.6719,-0.96997070312,0.26831054687,-0.17456054687
1726236057203.046,-0.96997070312,0.26831054687,-0.17456054687
1726236057211.534,-0.96997070312,0.26831054687,-0.17456054687
1726236057220.084,-0.96997070312,0.26831054687,-0.17456054687
1726236057228.542,-0.96997070312,0.26831054687,-0.17456054687
1726236057237.061,-0.96997070312,0.26831054687,-0.17456054687
1726236057245.58,-0.96997070312,0.26831054687,-0.17456054687
1726236057254.038,-0.96997070312,0.26831054687,-0.17456054687
1726236057262.5571,-0.96997070312,0.26831054687,-0.17456054687
1726236057276.0535,-0.97082519531,0.27673339843,-0.17309570312
1726236057284.8472,-0.97082519531,0.27673339843,-0.17309570312
1726236057293.7024,-0.97082519531,0.27673339843,-0.17309570312
1726236057302.4656,-0.97082519531,0.27673339843,-0.17309570312
1726236057311.3203,-0.97082519531,0.27673339843,-0.17309570312
1726236057320.0835,-0.97082519531,0.27673339843,-0.17309570312
1726236057328.9084,-0.97082519531,0.27673339843,-0.17309570312
1726236057337.7024,-0.97082519531,0.27673339843,-0.17309570312
1726236057346.496,-0.97082519531,0.27673339843,-0.17309570312
1726236057360.1755,-0.97338867187,0.2744140625,-0.17041015625
1726236057368.9695,-0.97338867187,0.2744140625,-0.17041015625
1726236057377.702,-0.97338867187,0.2744140625,-0.17041015625
1726236057386.435,-0.97338867187,0.2744140625,-0.17041015625
1726236057395.1985,-0.97338867187,0.2744140625,-0.17041015625
1726236057403.9924,-0.97338867187,0.2744140625,-0.17041015625
1726236057412.725,-0.97338867187,0.2744140625,-0.17041015625
1726236057421.4883,-0.97338867187,0.2744140625,-0.17041015625
1726236057435.2595,-0.97033691406,0.26611328125,-0.17016601562
1726236057443.9924,-0.97033691406,0.26611328125,-0.17016601562
1726236057452.7556,-0.97033691406,0.26611328125,-0.17016601562
1726236057461.5496,-0.97033691406,0.26611328125,-0.17016601562
1726236057470.6487,-0.97033691406,0.26611328125,-0.17016601562
1726236057479.4124,-0.97033691406,0.26611328125,-0.17016601562
1726236057488.206,-0.97033691406,0.26611328125,-0.17016601562
1726236057496.878,-0.97033691406,0.26611328125,-0.17016601562
1726236057505.6104,-0.97033691406,0.26611328125,-0.17016601562
1726236057519.3208,-0.97204589843,0.26220703125,-0.16687011718
1726236057528.145,-0.97204589843,0.26220703125,-0.16687011718
1726236057536.9084,-0.97204589843,0.26220703125,-0.16687011718
1726236057545.7327,-0.97204589843,0.26220703125,-0.16687011718
1726236057554.5269,-0.97204589843,0.26220703125,-0.16687011718
1726236057563.351,-0.97204589843,0.26220703125,-0.16687011718
1726236057572.1145,-0.97204589843,0.26220703125,-0.16687011718
1726236057580.9387,-0.97204589843,0.26220703125,-0.16687011718
1726236057589.7634,-0.97290039062,0.26135253906,-0.16125488281
1726236057603.5037,-0.97290039062,0.26135253906,-0.16125488281
1726236057612.3284,-0.97290039062,0.26135253906,-0.16125488281
1726236057621.122,-0.97290039062,0.26135253906,-0.16125488281
1726236057629.8855,-0.97290039062,0.26135253906,-0.16125488281
1726236057638.6794,-0.97290039062,0.26135253906,-0.16125488281
1726236057647.504,-0.97290039062,0.26135253906,-0.16125488281
1726236057656.1755,-0.97290039062,0.26135253906,-0.16125488281
1726236057665.0,-0.97290039062,0.26135253906,-0.16125488281
1726236057678.3435,-0.96704101562,0.26513671875,-0.16271972656
1726236057687.168,-0.96704101562,0.26513671875,-0.16271972656
1726236057695.8396,-0.96704101562,0.26513671875,-0.16271972656
1726236057704.6643,-0.96704101562,0.26513671875,-0.16271972656
1726236057713.4275,-0.96704101562,0.26513671875,-0.16271972656
1726236057722.2825,-0.96704101562,0.26513671875,-0.16271972656
1726236057731.0457,-0.96704101562,0.26513671875,-0.16271972656
1726236057739.8704,-0.96704101562,0.26513671875,-0.16271972656
1726236057748.6943,-0.96704101562,0.26513671875,-0.16271972656
1726236057762.4353,-0.96533203125,0.27111816406,-0.17492675781
1726236057771.229,-0.96533203125,0.27111816406,-0.17492675781
1726236057779.9312,-0.96533203125,0.27111816406,-0.17492675781
1726236057788.6943,-0.96533203125,0.27111816406,-0.17492675781
1726236057797.4275,-0.96533203125,0.27111816406,-0.17492675781
1726236057806.1907,-0.96533203125,0.27111816406,-0.17492675781
1726236057814.9238,-0.96533203125,0.27111816406,-0.17492675781
1726236057823.626,-0.96533203125,0.27111816406,-0.17492675781
1726236057837.2444,-0.9697265625,0.27075195312,-0.17956542968
1726236057846.4043,-0.9697265625,0.27075195312,-0.17956542968
1726236057855.1375,-0.9697265625,0.27075195312,-0.17956542968
1726236057863.9312,-0.9697265625,0.27075195312,-0.17956542968
1726236057872.6335,-0.9697265625,0.27075195312,-0.17956542968
1726236057881.3967,-0.9697265625,0.27075195312,-0.17956542968
1726236057890.13,-0.9697265625,0.27075195312,-0.17956542968
1726236057898.8623,-0.9697265625,0.27075195312,-0.17956542968
1726236057907.6565,-0.9697265625,0.27075195312,-0.17956542968
1726236057921.336,-0.970703125,0.26428222656,-0.18176269531
1726236057929.9468,-0.970703125,0.26428222656,-0.18176269531
1726236057938.6184,-0.970703125,0.26428222656,-0.18176269531
1726236057947.3208,-0.970703125,0.26428222656,-0.18176269531
1726236057955.9924,-0.970703125,0.26428222656,-0.18176269531
1726236057964.6948,-0.970703125,0.26428222656,-0.18176269531
1726236057973.3665,-0.970703125,0.26428222656,-0.18176269531
1726236057982.0688,-0.970703125,0.26428222656,-0.18176269531
1726236057995.7175,-0.96911621093,0.26245117187,-0.18371582031
1726236058004.542,-0.96911621093,0.26245117187,-0.18371582031
1726236058013.3054,-0.96911621093,0.26245117187,-0.18371582031
1726236058022.13,-0.96911621093,0.26245117187,-0.18371582031
1726236058030.8623,-0.96911621093,0.26245117187,-0.18371582031
1726236058039.687,-0.96911621093,0.26245117187,-0.18371582031
1726236058048.4807,-0.96911621093,0.26245117187,-0.18371582031
1726236058057.3054,-0.96911621093,0.26245117187,-0.18371582031
1726236058066.1296,-0.96911621093,0.26245117187,-0.18371582031
1726236058079.87,-0.96313476562,0.26770019531,-0.17944335937
1726236058088.6335,-0.96313476562,0.26770019531,-0.17944335937
1726236058097.3967,-0.96313476562,0.26770019531,-0.17944335937
1726236058106.2214,-0.96313476562,0.26770019531,-0.17944335937
1726236058114.9849,-0.96313476562,0.26770019531,-0.17944335937
1726236058123.809,-0.96313476562,0.26770019531,-0.17944335937
1726236058132.542,-0.96313476562,0.26770019531,-0.17944335937
1726236058141.336,-0.96313476562,0.26770019531,-0.17944335937
1726236058149.9773,-0.96252441406,0.27026367187,-0.17858886718
1726236058163.7783,-0.96252441406,0.27026367187,-0.17858886718
1726236058172.5725,-0.96252441406,0.27026367187,-0.17858886718
1726236058181.3967,-0.96252441406,0.27026367187,-0.17858886718
1726236058190.1907,-0.96252441406,0.27026367187,-0.17858886718
1726236058199.0151,-0.96252441406,0.27026367187,-0.17858886718
1726236058207.8398,-0.96252441406,0.27026367187,-0.17858886718
1726236058216.542,-0.96252441406,0.27026367187,-0.17858886718
1726236058225.7024,-0.96252441406,0.27026367187,-0.17858886718
1726236058239.4429,-0.96948242187,0.26831054687,-0.17700195312
1726236058248.267,-0.96948242187,0.26831054687,-0.17700195312
1726236058257.0305,-0.96948242187,0.26831054687,-0.17700195312
1726236058265.8547,-0.96948242187,0.26831054687,-0.17700195312
1726236058274.6184,-0.96948242187,0.26831054687,-0.17700195312
1726236058283.4426,-0.96948242187,0.26831054687,-0.17700195312
1726236058299.5647,-0.96948242187,0.26831054687,-0.17700195312
1726236058308.3894,-0.96948242187,0.26831054687,-0.17700195312
1726236058322.1296,-0.9716796875,0.26428222656,-0.17211914062
1726236058330.8623,-0.9716796875,0.26428222656,-0.17211914062
1726236058339.6255,-0.9716796875,0.26428222656,-0.17211914062
1726236058348.359,-0.9716796875,0.26428222656,-0.17211914062
1726236058357.122,-0.9716796875,0.26428222656,-0.17211914062
1726236058365.794,-0.9716796875,0.26428222656,-0.17211914062
1726236058374.5269,-0.9716796875,0.26428222656,-0.17211914062
1726236058383.229,-0.9716796875,0.26428222656,-0.17211914062
1726236058396.9695,-0.96740722656,0.26232910156,-0.16674804687
1726236058405.733,-0.96740722656,0.26232910156,-0.16674804687
1726236058414.5571,-0.96740722656,0.26232910156,-0.16674804687
1726236058423.3203,-0.96740722656,0.26232910156,-0.16674804687
1726236058432.145,-0.96740722656,0.26232910156,-0.16674804687
1726236058440.9084,-0.96740722656,0.26232910156,-0.16674804687
1726236058449.7327,-0.96740722656,0.26232910156,-0.16674804687
1726236058458.496,-0.96740722656,0.26232910156,-0.16674804687
1726236058467.1985,-0.96740722656,0.26232910156,-0.16674804687
1726236058480.9695,-0.96557617187,0.26257324218,-0.16223144531
1726236058489.7937,-0.96557617187,0.26257324218,-0.16223144531
1726236058498.588,-0.96557617187,0.26257324218,-0.16223144531
1726236058507.29,-0.96557617187,0.26257324218,-0.16223144531
1726236058516.0535,-0.96557617187,0.26257324218,-0.16223144531
1726236058524.8167,-0.96557617187,0.26257324218,-0.16223144531
1726236058533.641,-0.96557617187,0.26257324218,-0.16223144531
1726236058542.435,-0.96557617187,0.26257324218,-0.16223144531
1726236058556.206,-0.96569824218,0.263671875,-0.16845703125
1726236058564.8777,-0.96569824218,0.263671875,-0.16845703125
1726236058573.6719,-0.96569824218,0.263671875,-0.16845703125
1726236058582.2212,-0.96569824218,0.263671875,-0.16845703125
1726236058590.9849,-0.96569824218,0.263671875,-0.16845703125
1726236058599.687,-0.96569824218,0.263671875,-0.16845703125
1726236058608.5725,-0.96569824218,0.263671875,-0.16845703125
1726236058617.5496,-0.96569824218,0.263671875,-0.16845703125
1726236058626.3127,-0.96569824218,0.263671875,-0.16845703125
1726236058639.9924,-0.966796875,0.26745605468,-0.16772460937
1726236058648.6643,-0.966796875,0.26745605468,-0.16772460937
1726236058657.3052,-0.966796875,0.26745605468,-0.16772460937
1726236058665.9463,-0.966796875,0.26745605468,-0.16772460937
1726236058674.5876,-0.966796875,0.26745605468,-0.16772460937
1726236058683.2595,-0.966796875,0.26745605468,-0.16772460937
1726236058691.9312,-0.966796875,0.26745605468,-0.16772460937
1726236058700.5725,-0.966796875,0.26745605468,-0.16772460937
1726236058709.2136,-0.966796875,0.26745605468,-0.16772460937
1726236058722.832,-0.96728515625,0.26904296875,-0.16162109375
1726236058731.534,-0.96728515625,0.26904296875,-0.16162109375
1726236058740.267,-0.96728515625,0.26904296875,-0.16162109375
1726236058749.0916,-0.96728515625,0.26904296875,-0.16162109375
1726236058757.8855,-0.96728515625,0.26904296875,-0.16162109375
1726236058766.7097,-0.96728515625,0.26904296875,-0.16162109375
1726236058775.504,-0.96728515625,0.26904296875,-0.16162109375
1726236058784.206,-0.96728515625,0.26904296875,-0.16162109375
1726236058797.916,-0.9716796875,0.26879882812,-0.166015625
1726236058806.5876,-0.9716796875,0.26879882812,-0.166015625
1726236058815.2595,-0.9716796875,0.26879882812,-0.166015625
1726236058823.992,-0.9716796875,0.26879882812,-0.166015625
1726236058832.542,-0.9716796875,0.26879882812,-0.166015625
1726236058841.2136,-0.9716796875,0.26879882812,-0.166015625
1726236058849.8855,-0.9716796875,0.26879882812,-0.166015625
1726236058858.618,-0.9716796875,0.26879882812,-0.166015625
1726236058867.229,-0.9716796875,0.26879882812,-0.166015625
1726236058880.9387,-0.97680664062,0.26550292968,-0.16711425781
1726236058889.7634,-0.97680664062,0.26550292968,-0.16711425781
1726236058898.5266,-0.97680664062,0.26550292968,-0.16711425781
1726236058907.3513,-0.97680664062,0.26550292968,-0.16711425781
1726236058916.145,-0.97680664062,0.26550292968,-0.16711425781
1726236058924.9387,-0.97680664062,0.26550292968,-0.16711425781
1726236058933.702,-0.97680664062,0.26550292968,-0.16711425781
1726236058942.4963,-0.97680664062,0.26550292968,-0.16711425781
1726236058956.2363,-0.97302246093,0.26184082031,-0.16748046875
1726236058965.0305,-0.97302246093,0.26184082031,-0.16748046875
1726236058973.794,-0.97302246093,0.26184082031,-0.16748046875
1726236058982.5571,-0.97302246093,0.26184082031,-0.16748046875
1726236058991.687,-0.97302246093,0.26184082031,-0.16748046875
1726236059000.5115,-0.97302246093,0.26184082031,-0.16748046875
1726236059009.244,-0.97302246093,0.26184082031,-0.16748046875
1726236059017.977,-0.97302246093,0.26184082031,-0.16748046875
1726236059026.7405,-0.97302246093,0.26184082031,-0.16748046875
1726236059040.5115,-0.95776367187,0.27380371093,-0.17297363281
1726236059049.3054,-0.95776367187,0.27380371093,-0.17297363281
1726236059058.0688,-0.95776367187,0.27380371093,-0.17297363281
1726236059066.8623,-0.95776367187,0.27380371093,-0.17297363281
1726236059075.626,-0.95776367187,0.27380371093,-0.17297363281
1726236059084.3892,-0.95776367187,0.27380371093,-0.17297363281
1726236059093.1223,-0.95776367187,0.27380371093,-0.17297363281
1726236059101.916,-0.95776367187,0.27380371093,-0.17297363281
1726236059115.5955,-0.95471191406,0.29174804687,-0.17541503906
1726236059124.42,-0.95471191406,0.29174804687,-0.17541503906
1726236059133.1528,-0.95471191406,0.29174804687,-0.17541503906
1726236059141.977,-0.95471191406,0.29174804687,-0.17541503906
1726236059150.7405,-0.95471191406,0.29174804687,-0.17541503906
1726236059159.5647,-0.95471191406,0.29174804687,-0.17541503906
1726236059168.359,-0.95471191406,0.29174804687,-0.17541503906
1726236059177.183,-0.95471191406,0.29174804687,-0.17541503906
1726236059185.977,-0.95471191406,0.29174804687,-0.17541503906
1726236059199.748,-0.95959472656,0.28979492187,-0.17565917968
1726236059208.5112,-0.95959472656,0.28979492187,-0.17565917968
1726236059217.3054,-0.95959472656,0.28979492187,-0.17565917968
1726236059226.1604,-0.95959472656,0.28979492187,-0.17565917968
1726236059234.9236,-0.95959472656,0.28979492187,-0.17565917968
1726236059243.7788,-0.95959472656,0.28979492187,-0.17565917968
1726236059252.5725,-0.95959472656,0.28979492187,-0.17565917968
1726236059261.4275,-0.95959472656,0.28979492187,-0.17565917968
1726236059270.2214,-0.95959472656,0.27844238281,-0.17883300781
1726236059284.0227,-0.96704101562,0.27844238281,-0.17883300781
1726236059292.7864,-0.96704101562,0.27844238281,-0.17883300781
1726236059301.58,-0.96704101562,0.27844238281,-0.17883300781
1726236059310.2825,-0.96704101562,0.27844238281,-0.17883300781
1726236059319.0764,-0.96704101562,0.27844238281,-0.17883300781
1726236059327.8396,-0.96704101562,0.27844238281,-0.17883300781
1726236059336.6643,-0.96704101562,0.27844238281,-0.17883300781
1726236059345.4883,-0.96704101562,0.27844238281,-0.17883300781
1726236059359.1985,-0.97265625,0.27001953125,-0.17504882812
1726236059368.267,-0.97265625,0.27001953125,-0.17504882812
1726236059376.9082,-0.97265625,0.27001953125,-0.17504882812
1726236059385.519,-0.97265625,0.27001953125,-0.17504882812
1726236059394.16,-0.97265625,0.27001953125,-0.17504882812
1726236059402.7405,-0.97265625,0.27001953125,-0.17504882812
1726236059411.3818,-0.97265625,0.27001953125,-0.17504882812
1726236059420.0535,-0.97265625,0.27001953125,-0.17504882812
1726236059428.6643,-0.97265625,0.27001953125,-0.17504882812
1726236059442.3435,-0.97424316406,0.26501464843,-0.16711425781
1726236059451.1372,-0.97424316406,0.26501464843,-0.16711425781
1726236059459.962,-0.97424316406,0.26501464843,-0.16711425781
1726236059468.725,-0.97424316406,0.26501464843,-0.16711425781
1726236059477.5496,-0.97424316406,0.26501464843,-0.16711425781
1726236059486.3435,-0.97424316406,0.26501464843,-0.16711425781
1726236059495.1985,-0.97424316406,0.26501464843,-0.16711425781
1726236059503.9924,-0.97424316406,0.26501464843,-0.16711425781
1726236059517.794,-0.970703125,0.2626953125,-0.16552734375
1726236059526.435,-0.970703125,0.2626953125,-0.16552734375
1726236059535.1375,-0.970703125,0.2626953125,-0.16552734375
1726236059543.87,-0.970703125,0.2626953125,-0.16552734375
1726236059552.5115,-0.970703125,0.2626953125,-0.16552734375
1726236059561.2136,-0.970703125,0.2626953125,-0.16552734375
1726236059569.8855,-0.970703125,0.2626953125,-0.16552734375
1726236059578.6184,-0.970703125,0.2626953125,-0.16552734375
1726236059587.2595,-0.970703125,0.2626953125,-0.16552734375
1726236059600.9695,-0.96704101562,0.25964355468,-0.16577148437
1726236059609.733,-0.96704101562,0.25964355468,-0.16577148437
1726236059618.5876,-0.96704101562,0.25964355468,-0.16577148437
1726236059627.351,-0.96704101562,0.25964355468,-0.16577148437
1726236059636.1755,-0.96704101562,0.25964355468,-0.16577148437
1726236059644.9695,-0.96704101562,0.25964355468,-0.16577148437
1726236059653.7632,-0.96704101562,0.25964355468,-0.16577148437
1726236059662.5571,-0.96704101562,0.25964355468,-0.16577148437
1726236059676.3586,-0.96850585937,0.25915527343,-0.16796875
1726236059685.0305,-0.96850585937,0.25915527343,-0.16796875
1726236059693.7632,-0.96850585937,0.25915527343,-0.16796875
1726236059702.5269,-0.96850585937,0.25915527343,-0.16796875
1726236059711.1985,-0.96850585937,0.25915527343,-0.16796875
1726236059719.9312,-0.96850585937,0.25915527343,-0.16796875
1726236059728.6335,-0.96850585937,0.25915527343,-0.16796875
1726236059737.3967,-0.96850585937,0.25915527343,-0.16796875
1726236059746.4656,-0.96850585937,0.25915527343,-0.16796875
1726236059760.2063,-0.96911621093,0.26098632812,-0.17004394531
1726236059769.0,-0.96911621093,0.26098632812,-0.17004394531
1726236059777.458,-0.96911621093,0.26098632812,-0.17004394531
1726236059786.1907,-0.96911621093,0.26098632812,-0.17004394531
1726236059795.0151,-0.96911621093,0.26098632812,-0.17004394531
1726236059803.809,-0.96911621093,0.26098632812,-0.17004394531
1726236059812.6335,-0.96911621093,0.26098632812,-0.17004394531
1726236059821.4275,-0.96911621093,0.26098632812,-0.17004394531
1726236059830.252,-0.96911621093,0.26098632812,-0.17004394531
1726236059843.9312,-0.96948242187,0.26611328125,-0.16687011718
1726236059852.725,-0.96948242187,0.26611328125,-0.16687011718
1726236059861.4883,-0.96948242187,0.26611328125,-0.16687011718
1726236059870.2825,-0.96948242187,0.26611328125,-0.16687011718
1726236059879.076,-0.96948242187,0.26611328125,-0.16687011718
1726236059887.7783,-0.96948242187,0.26611328125,-0.16687011718
1726236059896.603,-0.96948242187,0.26611328125,-0.16687011718
1726236059905.336,-0.96948242187,0.26611328125,-0.16687011718
1726236059919.0151,-0.96020507812,0.27465820312,-0.16430664062
1726236059927.7788,-0.96020507812,0.27465820312,-0.16430664062
1726236059936.5725,-0.96020507812,0.27465820312,-0.16430664062
1726236059945.3665,-0.96020507812,0.27465820312,-0.16430664062
1726236059954.16,-0.96020507812,0.27465820312,-0.16430664062
1726236059962.832,-0.96020507812,0.27465820312,-0.16430664062
1726236059971.534,-0.96020507812,0.27465820312,-0.16430664062
1726236059980.267,-0.96020507812,0.27465820312,-0.16430664062
1726236059989.061,-0.96020507812,0.27465820312,-0.16430664062
1726236060002.8015,-0.95483398437,0.28076171875,-0.16003417968
1726236060011.5955,-0.95483398437,0.28076171875,-0.16003417968
1726236060020.3894,-0.95483398437,0.28076171875,-0.16003417968
1726236060029.1523,-0.95483398437,0.28076171875,-0.16003417968
1726236060037.977,-0.95483398437,0.28076171875,-0.16003417968
1726236060046.7405,-0.95483398437,0.28076171875,-0.16003417968
1726236060055.5647,-0.95483398437,0.28076171875,-0.16003417968
1726236060064.328,-0.95483398437,0.28076171875,-0.16003417968
1726236060077.9468,-0.95544433593,0.28466796875,-0.16320800781
1726236060086.71,-0.95544433593,0.28466796875,-0.16320800781
1726236060095.4731,-0.95544433593,0.28466796875,-0.16320800781
1726236060104.2363,-0.95544433593,0.28466796875,-0.16320800781
1726236060113.061,-0.95544433593,0.28466796875,-0.16320800781
1726236060121.8547,-0.95544433593,0.28466796875,-0.16320800781
1726236060131.0151,-0.95544433593,0.28466796875,-0.16320800781
1726236060139.7783,-0.95544433593,0.28466796875,-0.16320800781
1726236060148.603,-0.95544433593,0.28466796875,-0.16320800781
1726236060162.374,-0.95788574218,0.28125,-0.17724609375
1726236060170.8628,-0.95788574218,0.28125,-0.17724609375
1726236060179.4731,-0.95788574218,0.28125,-0.17724609375
1726236060188.0227,-0.95788574218,0.28125,-0.17724609375
1726236060196.6335,-0.95788574218,0.28125,-0.17724609375
1726236060205.183,-0.95788574218,0.28125,-0.17724609375
1726236060213.794,-0.95788574218,0.28125,-0.17724609375
1726236060222.2825,-0.95788574218,0.28125,-0.17724609375
1726236060230.8623,-0.96936035156,0.27233886718,-0.17541503906
1726236060244.6033,-0.96936035156,0.27233886718,-0.17541503906
1726236060253.4275,-0.96936035156,0.27233886718,-0.17541503906
1726236060262.191,-0.96936035156,0.27233886718,-0.17541503906
1726236060270.9846,-0.96936035156,0.27233886718,-0.17541503906
1726236060279.7483,-0.96936035156,0.27233886718,-0.17541503906
1726236060288.5725,-0.96936035156,0.27233886718,-0.17541503906
1726236060297.336,-0.96936035156,0.27233886718,-0.17541503906
1726236060306.0076,-0.96936035156,0.27233886718,-0.17541503906
1726236060319.748,-0.98303222656,0.26293945312,-0.16625976562
1726236060328.4807,-0.98303222656,0.26293945312,-0.16625976562
1726236060337.2444,-0.98303222656,0.26293945312,-0.16625976562
1726236060346.0686,-0.98303222656,0.26293945312,-0.16625976562
1726236060354.8323,-0.98303222656,0.26293945312,-0.16625976562
1726236060363.626,-0.98303222656,0.26293945312,-0.16625976562
1726236060372.359,-0.98303222656,0.26293945312,-0.16625976562
1726236060381.122,-0.98303222656,0.26293945312,-0.16625976562
1726236060389.8855,-0.98303222656,0.26293945312,-0.16625976562
1726236060403.626,-0.98840332031,0.26696777343,-0.17126464843
1726236060412.3892,-0.98840332031,0.26696777343,-0.17126464843
1726236060421.1523,-0.98840332031,0.26696777343,-0.17126464843
1726236060429.9468,-0.98840332031,0.26696777343,-0.17126464843
1726236060438.71,-0.98840332031,0.26696777343,-0.17126464843
1726236060447.4731,-0.98840332031,0.26696777343,-0.17126464843
1726236060456.2363,-0.98840332031,0.26696777343,-0.17126464843
1726236060465.0305,-0.98840332031,0.26696777343,-0.17126464843
1726236060478.7405,-0.96813964843,0.2978515625,-0.18713378906
1726236060487.534,-0.96813964843,0.2978515625,-0.18713378906
1726236060496.2363,-0.96813964843,0.2978515625,-0.18713378906
1726236060505.0305,-0.96813964843,0.2978515625,-0.18713378906
1726236060514.0686,-0.96813964843,0.2978515625,-0.18713378906
1726236060522.8015,-0.96813964843,0.2978515625,-0.18713378906
1726236060531.5647,-0.96813964843,0.2978515625,-0.18713378906
1726236060540.267,-0.96813964843,0.2978515625,-0.18713378906
1726236060549.061,-0.96813964843,0.2978515625,-0.18713378906
1726236060562.7405,-0.96789550781,0.30297851562,-0.19873046875
1726236060571.5647,-0.96789550781,0.30297851562,-0.19873046875
1726236060580.328,-0.96789550781,0.30297851562,-0.19873046875
1726236060589.0,-0.96789550781,0.30297851562,-0.19873046875
1726236060597.3967,-0.96789550781,0.30297851562,-0.19873046875
1726236060606.252,-0.96789550781,0.30297851562,-0.19873046875
1726236060614.9543,-0.96789550781,0.30297851562,-0.19873046875
1726236060623.7783,-0.96789550781,0.30297851562,-0.19873046875
1726236060637.5496,-0.96264648437,0.30236816406,-0.19897460937
1726236060646.3435,-0.96264648437,0.30236816406,-0.19897460937
1726236060655.1067,-0.96264648437,0.30236816406,-0.19897460937
1726236060663.9312,-0.96264648437,0.30236816406,-0.19897460937
1726236060672.6943,-0.96264648437,0.30236816406,-0.19897460937
1726236060681.4883,-0.96264648437,0.30236816406,-0.19897460937
1726236060690.2822,-0.96264648437,0.30236816406,-0.19897460937
1726236060698.9846,-0.96264648437,0.30236816406,-0.19897460937
1726236060707.7788,-0.96264648437,0.30236816406,-0.19897460937
1726236060721.519,-0.96325683593,0.29467773437,-0.19177246093
1726236060730.3127,-0.96325683593,0.29467773437,-0.19177246093
1726236060739.0764,-0.96325683593,0.29467773437,-0.19177246093
1726236060747.9006,-0.96325683593,0.29467773437,-0.19177246093
1726236060756.6335,-0.96325683593,0.29467773437,-0.19177246093
1726236060765.458,-0.96325683593,0.29467773437,-0.19177246093
1726236060774.191,-0.96325683593,0.29467773437,-0.19177246093
1726236060782.9846,-0.96325683593,0.29467773437,-0.19177246093
1726236060796.725,-0.96667480468,0.29016113281,-0.19262695312
1726236060805.519,-0.96667480468,0.29016113281,-0.19262695312
1726236060814.252,-0.96667480468,0.29016113281,-0.19262695312
1726236060822.9846,-0.96667480468,0.29016113281,-0.19262695312
1726236060831.7175,-0.96667480468,0.29016113281,-0.19262695312
1726236060840.5115,-0.96667480468,0.29016113281,-0.19262695312
1726236060849.275,-0.96667480468,0.29016113281,-0.19262695312
1726236060858.038,-0.96667480468,0.29016113281,-0.19262695312
1726236060866.8015,-0.96667480468,0.29016113281,-0.19262695312
1726236060880.603,-0.96520996093,0.28381347656,-0.19396972656
1726236060889.733,-0.96520996093,0.28381347656,-0.19396972656
1726236060898.496,-0.96520996093,0.28381347656,-0.19396972656
1726236060907.1985,-0.96520996093,0.28381347656,-0.19396972656
1726236060915.9617,-0.96520996093,0.28381347656,-0.19396972656
1726236060924.7559,-0.96520996093,0.28381347656,-0.19396972656
1726236060933.458,-0.96520996093,0.28381347656,-0.19396972656
1726236060942.2214,-0.96520996093,0.28381347656,-0.19396972656
1726236060950.9846,-0.96447753906,0.27563476562,-0.18627929687
1726236060964.7559,-0.96447753906,0.27563476562,-0.18627929687
1726236060973.458,-0.96447753906,0.27563476562,-0.18627929687
1726236060982.2214,-0.96447753906,0.27563476562,-0.18627929687
1726236060990.9846,-0.96447753906,0.27563476562,-0.18627929687
1726236060999.7783,-0.96447753906,0.27563476562,-0.18627929687
1726236061008.542,-0.96447753906,0.27563476562,-0.18627929687
1726236061017.3054,-0.96447753906,0.27563476562,-0.18627929687
1726236061026.099,-0.96447753906,0.27563476562,-0.18627929687
1726236061039.809,-0.96618652343,0.27502441406,-0.17858886718
1726236061048.5115,-0.96618652343,0.27502441406,-0.17858886718
1726236061057.183,-0.96618652343,0.27502441406,-0.17858886718
1726236061065.8855,-0.96618652343,0.27502441406,-0.17858886718
1726236061074.5571,-0.96618652343,0.27502441406,-0.17858886718
1726236061083.2595,-0.96618652343,0.27502441406,-0.17858886718
1726236061091.9312,-0.96618652343,0.27502441406,-0.17858886718
1726236061100.6335,-0.96618652343,0.27502441406,-0.17858886718
1726236061109.3054,-0.96618652343,0.27502441406,-0.17858886718
1726236061122.954,-0.96594238281,0.27368164062,-0.18225097656
1726236061139.0151,-0.96594238281,0.27368164062,-0.18225097656
1726236061147.7175,-0.96594238281,0.27368164062,-0.18225097656
1726236061156.4197,-0.96594238281,0.27368164062,-0.18225097656
1726236061165.122,-0.96594238281,0.27368164062,-0.18225097656
1726236061173.7632,-0.96594238281,0.27368164062,-0.18225097656
1726236061182.496,-0.96594238281,0.27368164062,-0.18225097656
1726236061191.1067,-0.96691894531,0.27709960937,-0.1923828125
1726236061204.8474,-0.96691894531,0.27709960937,-0.1923828125
1726236061213.6104,-0.96691894531,0.27709960937,-0.1923828125
1726236061222.3127,-0.96691894531,0.27709960937,-0.1923828125
1726236061231.076,-0.96691894531,0.27709960937,-0.1923828125
1726236061239.748,-0.96691894531,0.27709960937,-0.1923828125
1726236061248.45,-0.96691894531,0.27709960937,-0.1923828125
1726236061257.183,-0.96691894531,0.27709960937,-0.1923828125
1726236061266.2825,-0.96691894531,0.27709960937,-0.1923828125
1726236061279.962,-0.96936035156,0.287109375,-0.20129394531
1726236061288.6943,-0.96936035156,0.287109375,-0.20129394531
1726236061297.3967,-0.96936035156,0.287109375,-0.20129394531
1726236061306.1296,-0.96936035156,0.287109375,-0.20129394531
1726236061314.8623,-0.96936035156,0.287109375,-0.20129394531
1726236061323.626,-0.96936035156,0.287109375,-0.20129394531
1726236061332.2979,-0.96936035156,0.287109375,-0.20129394531
1726236061341.0,-0.96936035156,0.287109375,-0.20129394531
1726236061349.3054,-0.96936035156,0.287109375,-0.20129394531
1726236061363.0151,-0.96948242187,0.28234863281,-0.19384765625
1726236061371.504,-0.96948242187,0.28234863281,-0.19384765625
1726236061379.9006,-0.96948242187,0.28234863281,-0.19384765625
1726236061388.3894,-0.96948242187,0.28234863281,-0.19384765625
1726236061396.9387,-0.96948242187,0.28234863281,-0.19384765625
1726236061405.4275,-0.96948242187,0.28234863281,-0.19384765625
1726236061413.977,-0.96948242187,0.28234863281,-0.19384765625
1726236061422.435,-0.96948242187,0.28234863281,-0.19384765625
1726236061430.9846,-0.96948242187,0.28234863281,-0.19384765625
1726236061444.725,-0.96655273437,0.26879882812,-0.17590332031
1726236061453.5496,-0.96655273437,0.26879882812,-0.17590332031
1726236061462.3127,-0.96655273437,0.26879882812,-0.17590332031
1726236061471.1375,-0.96655273437,0.26879882812,-0.17590332031
1726236061479.9312,-0.96655273437,0.26879882812,-0.17590332031
1726236061488.7556,-0.96655273437,0.26879882812,-0.17590332031
1726236061497.519,-0.96655273437,0.26879882812,-0.17590332031
1726236061506.3435,-0.96655273437,0.26879882812,-0.17590332031
1726236061520.1145,-0.96508789062,0.26037597656,-0.16223144531
1726236061528.9084,-0.96508789062,0.26037597656,-0.16223144531
1726236061537.733,-0.96508789062,0.26037597656,-0.16223144531
1726236061546.496,-0.96508789062,0.26037597656,-0.16223144531
1726236061555.1985,-0.96508789062,0.26037597656,-0.16223144531
1726236061563.992,-0.96508789062,0.26037597656,-0.16223144531
1726236061572.664,-0.96508789062,0.26037597656,-0.16223144531
1726236061581.3052,-0.96508789062,0.26037597656,-0.16223144531
1726236061590.13,-0.96508789062,0.26037597656,-0.16223144531
1726236061603.8396,-0.96862792968,0.26257324218,-0.15795898437
1726236061612.603,-0.96862792968,0.26257324218,-0.15795898437
1726236061621.3052,-0.96862792968,0.26257324218,-0.15795898437
1726236061630.0688,-0.96862792968,0.26257324218,-0.15795898437
1726236061638.8015,-0.96862792968,0.26257324218,-0.15795898437
1726236061647.901,-0.96862792968,0.26257324218,-0.15795898437
1726236061656.6335,-0.96862792968,0.26257324218,-0.15795898437
1726236061665.3967,-0.96862792968,0.26257324218,-0.15795898437
1726236061679.1375,-0.97436523437,0.26892089843,-0.16125488281
1726236061687.901,-0.97436523437,0.26892089843,-0.16125488281
1726236061696.725,-0.97436523437,0.26892089843,-0.16125488281
1726236061705.4883,-0.97436523437,0.26892089843,-0.16125488281
1726236061714.3127,-0.97436523437,0.26892089843,-0.16125488281
1726236061723.1067,-0.97436523437,0.26892089843,-0.16125488281
1726236061731.9312,-0.97436523437,0.26892089843,-0.16125488281
1726236061740.6948,-0.97436523437,0.26892089843,-0.16125488281
1726236061749.5496,-0.97436523437,0.26892089843,-0.16125488281
1726236061763.2903,-0.98120117187,0.267578125,-0.15954589843
1726236061772.0227,-0.98120117187,0.267578125,-0.15954589843
1726236061780.7559,-0.98120117187,0.267578125,-0.15954589843
1726236061789.4275,-0.98120117187,0.267578125,-0.15954589843
1726236061798.13,-0.98120117187,0.267578125,-0.15954589843
1726236061806.8623,-0.98120117187,0.267578125,-0.15954589843
1726236061815.5647,-0.98120117187,0.267578125,-0.15954589843
1726236061824.2976,-0.98120117187,0.267578125,-0.15954589843
1726236061838.038,-0.982421875,0.26391601562,-0.15466308593
1726236061846.71,-0.982421875,0.26391601562,-0.15466308593
1726236061855.4429,-0.982421875,0.26391601562,-0.15466308593
1726236061864.1145,-0.982421875,0.26391601562,-0.15466308593
1726236061872.878,-0.982421875,0.26391601562,-0.15466308593
1726236061881.5496,-0.982421875,0.26391601562,-0.15466308593
1726236061890.2825,-0.982421875,0.26391601562,-0.15466308593
1726236061898.9846,-0.982421875,0.26391601562,-0.15466308593
1726236061907.7175,-0.982421875,0.26391601562,-0.15466308593
1726236061921.3665,-0.98706054687,0.26123046875,-0.14929199218
1726236061930.191,-0.98706054687,0.26123046875,-0.14929199218
1726236061938.954,-0.98706054687,0.26123046875,-0.14929199218
1726236061947.7175,-0.98706054687,0.26123046875,-0.14929199218
1726236061956.4504,-0.98706054687,0.26123046875,-0.14929199218
1726236061965.275,-0.98706054687,0.26123046875,-0.14929199218
1726236061974.038,-0.98706054687,0.26123046875,-0.14929199218
1726236061982.8015,-0.98706054687,0.26123046875,-0.14929199218
1726236061991.626,-0.9892578125,0.25158691406,-0.142578125
1726236062005.2136,-0.9892578125,0.25158691406,-0.142578125
1726236062013.916,-0.9892578125,0.25158691406,-0.142578125
1726236062022.7708,-0.9892578125,0.25158691406,-0.142578125
1726236062031.626,-0.9892578125,0.25158691406,-0.142578125
1726236062040.2368,-0.9892578125,0.25158691406,-0.142578125
1726236062048.9387,-0.9892578125,0.25158691406,-0.142578125
1726236062057.6108,-0.9892578125,0.25158691406,-0.142578125
1726236062066.3127,-0.9892578125,0.25158691406,-0.142578125
1726236062079.9617,-0.98510742187,0.24487304687,-0.14050292968
1726236062088.7864,-0.98510742187,0.24487304687,-0.14050292968
1726236062097.58,-0.98510742187,0.24487304687,-0.14050292968
1726236062106.3127,-0.98510742187,0.24487304687,-0.14050292968
1726236062115.0764,-0.98510742187,0.24487304687,-0.14050292968
1726236062123.9006,-0.98510742187,0.24487304687,-0.14050292968
1726236062132.6643,-0.98510742187,0.24487304687,-0.14050292968
1726236062141.4883,-0.98510742187,0.24487304687,-0.14050292968
1726236062150.252,-0.98510742187,0.24487304687,-0.14050292968
1726236062163.9312,-0.98315429687,0.24084472656,-0.140625
1726236062172.603,-0.98315429687,0.24084472656,-0.140625
1726236062181.2444,-0.98315429687,0.24084472656,-0.140625
1726236062189.916,-0.98315429687,0.24084472656,-0.140625
1726236062198.496,-0.98315429687,0.24084472656,-0.140625
1726236062207.0764,-0.98315429687,0.24084472656,-0.140625
1726236062215.687,-0.98315429687,0.24084472656,-0.140625
1726236062224.359,-0.98315429687,0.24084472656,-0.140625
1726236062237.977,-0.97570800781,0.25244140625,-0.14575195312
1726236062246.7402,-0.97570800781,0.25244140625,-0.14575195312
1726236062255.412,-0.97570800781,0.25244140625,-0.14575195312
1726236062264.1145,-0.97570800781,0.25244140625,-0.14575195312
1726236062272.8474,-0.97570800781,0.25244140625,-0.14575195312
1726236062281.641,-0.97570800781,0.25244140625,-0.14575195312
1726236062290.4043,-0.97570800781,0.25244140625,-0.14575195312
1726236062299.1985,-0.97570800781,0.25244140625,-0.14575195312
1726236062307.9312,-0.97570800781,0.25244140625,-0.14575195312
1726236062321.6716,-0.9755859375,0.26098632812,-0.14929199218
1726236062330.4043,-0.9755859375,0.26098632812,-0.14929199218
1726236062339.1985,-0.9755859375,0.26098632812,-0.14929199218
1726236062347.962,-0.9755859375,0.26098632812,-0.14929199218
1726236062356.664,-0.9755859375,0.26098632812,-0.14929199218
1726236062365.336,-0.9755859375,0.26098632812,-0.14929199218
1726236062373.9468,-0.9755859375,0.26098632812,-0.14929199218
1726236062382.7405,-0.9755859375,0.26098632812,-0.14929199218
1726236062391.4731,-0.97448730468,0.26501464843,-0.15197753906
1726236062405.58,-0.97448730468,0.26501464843,-0.15197753906
1726236062414.2212,-0.97448730468,0.26501464843,-0.15197753906
1726236062423.0151,-0.97448730468,0.26501464843,-0.15197753906
1726236062431.748,-0.97448730468,0.26501464843,-0.15197753906
1726236062440.4504,-0.97448730468,0.26501464843,-0.15197753906
1726236062449.183,-0.97448730468,0.26501464843,-0.15197753906
1726236062458.0076,-0.97448730468,0.26501464843,-0.15197753906
1726236062466.7405,-0.97448730468,0.26501464843,-0.15197753906
1726236062480.5115,-0.97399902343,0.26477050781,-0.15832519531
1726236062489.2747,-0.97399902343,0.26477050781,-0.15832519531
1726236062498.099,-0.97399902343,0.26477050781,-0.15832519531
1726236062506.9236,-0.97399902343,0.26477050781,-0.15832519531
1726236062515.687,-0.97399902343,0.26477050781,-0.15832519531
1726236062524.5112,-0.97399902343,0.26477050781,-0.15832519531
1726236062533.275,-0.97399902343,0.26477050781,-0.15832519531
1726236062542.099,-0.97399902343,0.26477050781,-0.15832519531
1726236062550.8623,-0.97399902343,0.26477050781,-0.15832519531
1726236062564.664,-0.96862792968,0.26574707031,-0.16027832031
1726236062573.3054,-0.96862792968,0.26574707031,-0.16027832031
1726236062582.1296,-0.96862792968,0.26574707031,-0.16027832031
1726236062590.893,-0.96862792968,0.26574707031,-0.16027832031
1726236062599.7175,-0.96862792968,0.26574707031,-0.16027832031
1726236062608.5115,-0.96862792968,0.26574707031,-0.16027832031
1726236062617.3357,-0.96862792968,0.26574707031,-0.16027832031
1726236062626.099,-0.96862792968,0.26574707031,-0.16027832031
1726236062639.9006,-0.96606445312,0.26611328125,-0.1591796875
1726236062648.6643,-0.96606445312,0.26611328125,-0.1591796875
1726236062657.3967,-0.96606445312,0.26611328125,-0.1591796875
1726236062666.191,-0.96606445312,0.26611328125,-0.1591796875
1726236062674.9236,-0.96606445312,0.26611328125,-0.1591796875
1726236062683.7175,-0.96606445312,0.26611328125,-0.1591796875
1726236062692.45,-0.96606445312,0.26611328125,-0.1591796875
1726236062701.2139,-0.96606445312,0.26611328125,-0.1591796875
1726236062709.916,-0.96606445312,0.26611328125,-0.1591796875
1726236062723.5955,-0.96704101562,0.26538085937,-0.15026855468
1726236062732.3892,-0.96704101562,0.26538085937,-0.15026855468
1726236062741.183,-0.96704101562,0.26538085937,-0.15026855468
1726236062749.9463,-0.96704101562,0.26538085937,-0.15026855468
1726236062758.7708,-0.96704101562,0.26538085937,-0.15026855468
1726236062767.5037,-0.96704101562,0.26538085937,-0.15026855468
1726236062776.2979,-0.96704101562,0.26538085937,-0.15026855468
1726236062785.3967,-0.96704101562,0.26538085937,-0.15026855468
1726236062799.1985,-0.96533203125,0.26391601562,-0.14721679687
1726236062808.0227,-0.96533203125,0.26391601562,-0.14721679687
1726236062816.7864,-0.96533203125,0.26391601562,-0.14721679687
1726236062825.6104,-0.96533203125,0.26391601562,-0.14721679687
1726236062834.374,-0.96533203125,0.26391601562,-0.14721679687
1726236062843.168,-0.96533203125,0.26391601562,-0.14721679687
1726236062851.8398,-0.96533203125,0.26391601562,-0.14721679687
1726236062860.5725,-0.96533203125,0.26391601562,-0.14721679687
1726236062869.3665,-0.96533203125,0.26391601562,-0.14721679687
1726236062883.1375,-0.96667480468,0.26220703125,-0.14782714843
1726236062891.9312,-0.96667480468,0.26220703125,-0.14782714843
1726236062900.7556,-0.96667480468,0.26220703125,-0.14782714843
1726236062909.5498,-0.96667480468,0.26220703125,-0.14782714843
1726236062918.3127,-0.96667480468,0.26220703125,-0.14782714843
1726236062927.0764,-0.96667480468,0.26220703125,-0.14782714843
1726236062935.9006,-0.96667480468,0.26220703125,-0.14782714843
1726236062944.725,-0.96667480468,0.26220703125,-0.14782714843
1726236062958.4656,-0.97241210937,0.25927734375,-0.14392089843
1726236062967.2903,-0.97241210937,0.25927734375,-0.14392089843
1726236062976.0535,-0.97241210937,0.25927734375,-0.14392089843
1726236062984.878,-0.97241210937,0.25927734375,-0.14392089843
1726236062993.6104,-0.97241210937,0.25927734375,-0.14392089843
1726236063002.4353,-0.97241210937,0.25927734375,-0.14392089843
1726236063011.1985,-0.97241210937,0.25927734375,-0.14392089843
1726236063020.0227,-0.97241210937,0.25927734375,-0.14392089843
1726236063028.8167,-0.97241210937,0.25927734375,-0.14392089843
1726236063042.5876,-0.97717285156,0.26000976562,-0.1484375
1726236063051.229,-0.97717285156,0.26000976562,-0.1484375
1726236063059.901,-0.97717285156,0.26000976562,-0.1484375
1726236063068.542,-0.97717285156,0.26000976562,-0.1484375
1726236063077.2139,-0.97717285156,0.26000976562,-0.1484375
1726236063085.8547,-0.97717285156,0.26000976562,-0.1484375
1726236063094.5571,-0.97717285156,0.26000976562,-0.1484375
1726236063103.229,-0.97717285156,0.26000976562,-0.1484375
1726236063111.901,-0.97729492187,0.26245117187,-0.15991210937
1726236063125.6104,-0.97729492187,0.26245117187,-0.15991210937
1726236063134.2825,-0.97729492187,0.26245117187,-0.15991210937
1726236063143.046,-0.97729492187,0.26245117187,-0.15991210937
1726236063151.7175,-0.97729492187,0.26245117187,-0.15991210937
1726236063160.6335,-0.97729492187,0.26245117187,-0.15991210937
1726236063169.4888,-0.97729492187,0.26245117187,-0.15991210937
1726236063178.252,-0.97729492187,0.26245117187,-0.15991210937
1726236063186.8933,-0.97729492187,0.26245117187,-0.15991210937
1726236063200.603,-0.97741699218,0.2646484375,-0.162109375
1726236063209.2747,-0.97741699218,0.2646484375,-0.162109375
1726236063218.0076,-0.97741699218,0.2646484375,-0.162109375
1726236063226.6794,-0.97741699218,0.2646484375,-0.162109375
1726236063235.4426,-0.97741699218,0.2646484375,-0.162109375
1726236063244.1145,-0.97741699218,0.2646484375,-0.162109375
1726236063252.8474,-0.97741699218,0.2646484375,-0.162109375
1726236063261.5193,-0.97741699218,0.2646484375,-0.162109375
1726236063270.2214,-0.97741699218,0.2646484375,-0.162109375
1726236063283.87,-0.98059082031,0.263671875,-0.15588378906
1726236063292.603,-0.98059082031,0.263671875,-0.15588378906
1726236063301.3052,-0.98059082031,0.263671875,-0.15588378906
1726236063310.038,-0.98059082031,0.263671875,-0.15588378906
1726236063318.7708,-0.98059082031,0.263671875,-0.15588378906
1726236063327.4426,-0.98059082031,0.263671875,-0.15588378906
1726236063336.2063,-0.98059082031,0.263671875,-0.15588378906
1726236063344.9084,-0.98059082031,0.263671875,-0.15588378906
1726236063358.618,-0.98522949218,0.26318359375,-0.14978027343
1726236063367.3203,-0.98522949218,0.26318359375,-0.14978027343
1726236063376.1755,-0.98522949218,0.26318359375,-0.14978027343
1726236063384.9387,-0.98522949218,0.26318359375,-0.14978027343
1726236063393.7632,-0.98522949218,0.26318359375,-0.14978027343
1726236063402.5571,-0.98522949218,0.26318359375,-0.14978027343
1726236063411.3818,-0.98522949218,0.26318359375,-0.14978027343
1726236063420.1145,-0.98522949218,0.26318359375,-0.14978027343
1726236063428.9387,-0.98522949218,0.26318359375,-0.14978027343
1726236063442.6794,-0.98315429687,0.25866699218,-0.14074707031
1726236063451.4731,-0.98315429687,0.25866699218,-0.14074707031
1726236063460.2979,-0.98315429687,0.25866699218,-0.14074707031
1726236063469.0,-0.98315429687,0.25866699218,-0.14074707031
1726236063477.3967,-0.98315429687,0.25866699218,-0.14074707031
1726236063486.16,-0.98315429687,0.25866699218,-0.14074707031
1726236063494.8623,-0.98315429687,0.25866699218,-0.14074707031
1726236063503.626,-0.98315429687,0.25866699218,-0.14074707031
1726236063517.336,-0.98022460937,0.24829101562,-0.140625
1726236063525.8242,-0.98022460937,0.24829101562,-0.140625
1726236063534.3435,-0.98022460937,0.24829101562,-0.140625
1726236063543.3203,-0.98022460937,0.24829101562,-0.140625
1726236063551.962,-0.98022460937,0.24829101562,-0.140625
1726236063560.5112,-0.98022460937,0.24829101562,-0.140625
1726236063569.1523,-0.98022460937,0.24829101562,-0.140625
1726236063577.733,-0.98022460937,0.24829101562,-0.140625
1726236063586.374,-0.98022460937,0.24829101562,-0.140625
1726236063599.9006,-0.98193359375,0.25280761718,-0.1396484375
1726236063608.6335,-0.98193359375,0.25280761718,-0.1396484375
1726236063617.3662,-0.98193359375,0.25280761718,-0.1396484375
1726236063626.099,-0.98193359375,0.25280761718,-0.1396484375
1726236063634.7708,-0.98193359375,0.25280761718,-0.1396484375
1726236063643.5344,-0.98193359375,0.25280761718,-0.1396484375
1726236063652.267,-0.98193359375,0.25280761718,-0.1396484375
1726236063661.0305,-0.98193359375,0.25280761718,-0.1396484375
1726236063669.733,-0.98193359375,0.25280761718,-0.1396484375
1726236063683.4429,-0.978515625,0.26635742187,-0.13598632812
1726236063692.1755,-0.978515625,0.26635742187,-0.13598632812
1726236063700.878,-0.978515625,0.26635742187,-0.13598632812
1726236063709.6104,-0.978515625,0.26635742187,-0.13598632812
1726236063718.3127,-0.978515625,0.26635742187,-0.13598632812
1726236063727.076,-0.978515625,0.26635742187,-0.13598632812
1726236063735.7175,-0.978515625,0.26635742187,-0.13598632812
1726236063744.4807,-0.978515625,0.26635742187,-0.13598632812
1726236063758.0688,-0.97692871093,0.26965332031,-0.14465332031
1726236063766.893,-0.97692871093,0.26965332031,-0.14465332031
1726236063775.6565,-0.97692871093,0.26965332031,-0.14465332031
1726236063784.4807,-0.97692871093,0.26965332031,-0.14465332031
1726236063793.275,-0.97692871093,0.26965332031,-0.14465332031
1726236063802.099,-0.97692871093,0.26965332031,-0.14465332031
1726236063810.8623,-0.97692871093,0.26965332031,-0.14465332031
1726236063819.687,-0.97692871093,0.26965332031,-0.14465332031
1726236063828.4504,-0.97692871093,0.26965332031,-0.14465332031
1726236063842.252,-0.97827148437,0.27111816406,-0.1591796875
1726236063850.9543,-0.97827148437,0.27111816406,-0.1591796875
1726236063859.687,-0.97827148437,0.27111816406,-0.1591796875
1726236063868.4504,-0.97827148437,0.27111816406,-0.1591796875
1726236063877.183,-0.97827148437,0.27111816406,-0.1591796875
1726236063885.9463,-0.97827148437,0.27111816406,-0.1591796875
1726236063894.6792,-0.97827148437,0.27111816406,-0.1591796875
1726236063903.4429,-0.97827148437,0.27111816406,-0.1591796875
1726236063912.145,-0.97790527343,0.27185058593,-0.1669921875
1726236063926.191,-0.97790527343,0.27185058593,-0.1669921875
1726236063934.832,-0.97790527343,0.27185058593,-0.1669921875
1726236063943.4124,-0.97790527343,0.27185058593,-0.1669921875
1726236063952.0535,-0.97790527343,0.27185058593,-0.1669921875
1726236063960.7559,-0.97790527343,0.27185058593,-0.1669921875
1726236063976.817,-0.97790527343,0.27185058593,-0.1669921875
1726236063985.5193,-0.97790527343,0.27185058593,-0.1669921875
1726236063999.1067,-0.96826171875,0.27709960937,-0.15844726562
1726236064007.9312,-0.96826171875,0.27709960937,-0.15844726562
1726236064016.725,-0.96826171875,0.27709960937,-0.15844726562
1726236064025.4883,-0.96826171875,0.27709960937,-0.15844726562
1726236064034.3127,-0.96826171875,0.27709960937,-0.15844726562
1726236064043.076,-0.96826171875,0.27709960937,-0.15844726562
1726236064051.7783,-0.96826171875,0.27709960937,-0.15844726562
1726236064060.5415,-0.96826171875,0.27709960937,-0.15844726562
1726236064069.336,-0.96826171875,0.27709960937,-0.15844726562
1726236064082.9236,-0.96801757812,0.27978515625,-0.15307617187
1726236064091.748,-0.96801757812,0.27978515625,-0.15307617187
1726236064100.4197,-0.96801757812,0.27978515625,-0.15307617187
1726236064109.2139,-0.96801757812,0.27978515625,-0.15307617187
1726236064117.9463,-0.96801757812,0.27978515625,-0.15307617187
1726236064126.7405,-0.96801757812,0.27978515625,-0.15307617187
1726236064135.5037,-0.96801757812,0.27978515625,-0.15307617187
1726236064144.3284,-0.96801757812,0.27978515625,-0.15307617187
1726236064158.099,-0.97509765625,0.27380371093,-0.15478515625
1726236064166.8623,-0.97509765625,0.27380371093,-0.15478515625
1726236064175.687,-0.97509765625,0.27380371093,-0.15478515625
1726236064184.42,-0.97509765625,0.27380371093,-0.15478515625
1726236064193.1523,-0.97509765625,0.27380371093,-0.15478515625
1726236064201.916,-0.97509765625,0.27380371093,-0.15478515625
1726236064210.6487,-0.97509765625,0.27380371093,-0.15478515625
1726236064219.4124,-0.97509765625,0.27380371093,-0.15478515625
1726236064228.2363,-0.97509765625,0.27380371093,-0.15478515625
1726236064241.9463,-0.97741699218,0.27099609375,-0.15661621093
1726236064250.7708,-0.97741699218,0.27099609375,-0.15661621093
1726236064259.5344,-0.97741699218,0.27099609375,-0.15661621093
1726236064268.328,-0.97741699218,0.27099609375,-0.15661621093
1726236064276.9387,-0.97741699218,0.27099609375,-0.15661621093
1726236064285.7632,-0.97741699218,0.27099609375,-0.15661621093
1726236064294.588,-0.97741699218,0.27099609375,-0.15661621093
1726236064303.5037,-0.97741699218,0.27099609375,-0.15661621093
1726236064312.4504,-0.97229003906,0.26965332031,-0.15844726562
1726236064326.16,-0.97229003906,0.26965332031,-0.15844726562
1726236064334.8933,-0.97229003906,0.26965332031,-0.15844726562
1726236064343.6565,-0.97229003906,0.26965332031,-0.15844726562
1726236064352.4504,-0.97229003906,0.26965332031,-0.15844726562
1726236064361.2136,-0.97229003906,0.26965332031,-0.15844726562
1726236064370.0383,-0.97229003906,0.26965332031,-0.15844726562
1726236064378.8015,-0.97229003906,0.26965332031,-0.15844726562
1726236064387.626,-0.97229003906,0.26965332031,-0.15844726562
1726236064401.3054,-0.9677734375,0.27111816406,-0.15930175781
1726236064410.0688,-0.9677734375,0.27111816406,-0.15930175781
1726236064418.8015,-0.9677734375,0.27111816406,-0.15930175781
1726236064427.5647,-0.9677734375,0.27111816406,-0.15930175781
1726236064436.2976,-0.9677734375,0.27111816406,-0.15930175781
1726236064445.061,-0.9677734375,0.27111816406,-0.15930175781
1726236064453.8547,-0.9677734375,0.27111816406,-0.15930175781
1726236064462.5571,-0.9677734375,0.27111816406,-0.15930175781
1726236064471.3203,-0.9677734375,0.27111816406,-0.15930175781
1726236064485.0,-0.9677734375,0.26977539062,-0.16394042968
1726236064493.3967,-0.9677734375,0.26977539062,-0.16394042968
1726236064502.13,-0.9677734375,0.26977539062,-0.16394042968
1726236064510.8623,-0.9677734375,0.26977539062,-0.16394042968
1726236064519.5955,-0.9677734375,0.26977539062,-0.16394042968
1726236064528.3892,-0.9677734375,0.26977539062,-0.16394042968
1726236064537.1223,-0.9677734375,0.26977539062,-0.16394042968
1726236064545.8855,-0.9677734375,0.26977539062,-0.16394042968
1726236064559.5955,-0.97082519531,0.26806640625,-0.16918945312
1726236064568.4504,-0.97082519531,0.26806640625,-0.16918945312
1726236064577.2139,-0.97082519531,0.26806640625,-0.16918945312
1726236064586.0076,-0.97082519531,0.26806640625,-0.16918945312
1726236064594.8015,-0.97082519531,0.26806640625,-0.16918945312
1726236064603.626,-0.97082519531,0.26806640625,-0.16918945312
1726236064612.3894,-0.97082519531,0.26806640625,-0.16918945312
1726236064621.183,-0.97082519531,0.26806640625,-0.16918945312
1726236064629.977,-0.97082519531,0.26806640625,-0.16918945312
1726236064643.748,-0.97436523437,0.27136230468,-0.16748046875
1726236064652.4807,-0.97436523437,0.27136230468,-0.16748046875
1726236064661.275,-0.97436523437,0.27136230468,-0.16748046875
1726236064670.099,-0.97436523437,0.27136230468,-0.16748046875
1726236064678.954,-0.97436523437,0.27136230468,-0.16748046875
1726236064688.0535,-0.97436523437,0.27136230468,-0.16748046875
1726236064696.8167,-0.97436523437,0.27136230468,-0.16748046875
1726236064705.641,-0.97436523437,0.27136230468,-0.16748046875
1726236064719.4124,-0.96875,0.27722167968,-0.16772460937
1726236064728.0227,-0.96875,0.27722167968,-0.16772460937
1726236064736.603,-0.96875,0.27722167968,-0.16772460937
1726236064745.2139,-0.96875,0.27722167968,-0.16772460937
1726236064753.7634,-0.96875,0.27722167968,-0.16772460937
1726236064762.3743,-0.96875,0.27722167968,-0.16772460937
1726236064770.954,-0.96875,0.27722167968,-0.16772460937
1726236064779.5344,-0.96875,0.27722167968,-0.16772460937
1726236064788.145,-0.96875,0.27722167968,-0.16772460937
1726236064801.702,-0.96618652343,0.27673339843,-0.169921875
1726236064810.4043,-0.96618652343,0.27673339843,-0.169921875
1726236064819.1067,-0.96618652343,0.27673339843,-0.169921875
1726236064827.87,-0.96618652343,0.27673339843,-0.169921875
1726236064836.542,-0.96618652343,0.27673339843,-0.169921875
1726236064845.275,-0.96618652343,0.27673339843,-0.169921875
1726236064854.0078,-0.96618652343,0.27673339843,-0.169921875
1726236064862.6487,-0.96618652343,0.27673339843,-0.169921875
1726236064871.3513,-0.96618652343,0.27673339843,-0.169921875
1726236064885.0916,-0.96801757812,0.27551269531,-0.16784667968
1726236064893.8547,-0.96801757812,0.27551269531,-0.16784667968
1726236064902.6487,-0.96801757812,0.27551269531,-0.16784667968
1726236064911.3513,-0.96801757812,0.27551269531,-0.16784667968
1726236064920.1755,-0.96801757812,0.27551269531,-0.16784667968
1726236064928.9084,-0.96801757812,0.27551269531,-0.16784667968
1726236064937.733,-0.96801757812,0.27551269531,-0.16784667968
1726236064946.4658,-0.96801757812,0.27551269531,-0.16784667968
1726236064960.1755,-0.96374511718,0.28015136718,-0.16479492187
1726236064969.0,-0.96374511718,0.28015136718,-0.16479492187
1726236064977.3967,-0.96374511718,0.28015136718,-0.16479492187
1726236064986.2212,-0.96374511718,0.28015136718,-0.16479492187
1726236064994.9846,-0.96374511718,0.28015136718,-0.16479492187
1726236065003.8398,-0.96374511718,0.28015136718,-0.16479492187
1726236065012.5115,-0.96374511718,0.28015136718,-0.16479492187
1726236065021.336,-0.96374511718,0.28015136718,-0.16479492187
1726236065029.977,-0.96374511718,0.28015136718,-0.16479492187
1726236065043.748,-0.95959472656,0.28125,-0.16333007812
1726236065052.2363,-0.95959472656,0.28125,-0.16333007812
1726236065061.244,-0.95959472656,0.28125,-0.16333007812
1726236065069.733,-0.95959472656,0.28125,-0.16333007812
1726236065078.3743,-0.95959472656,0.28125,-0.16333007812
1726236065086.954,-0.95959472656,0.28125,-0.16333007812
1726236065095.5344,-0.95959472656,0.28125,-0.16333007812
1726236065104.145,-0.95959472656,0.28125,-0.16333007812
1726236065112.7559,-0.9619140625,0.27856445312,-0.15747070312
1726236065126.374,-0.9619140625,0.27856445312,-0.15747070312
1726236065135.1067,-0.9619140625,0.27856445312,-0.15747070312
1726236065143.809,-0.9619140625,0.27856445312,-0.15747070312
1726236065152.5728,-0.9619140625,0.27856445312,-0.15747070312
1726236065161.275,-0.9619140625,0.27856445312,-0.15747070312
1726236065170.0078,-0.9619140625,0.27856445312,-0.15747070312
1726236065178.6487,-0.9619140625,0.27856445312,-0.15747070312
1726236065187.3208,-0.9619140625,0.27856445312,-0.15747070312
1726236065201.0305,-0.96606445312,0.2763671875,-0.15258789062
1726236065209.7632,-0.96606445312,0.2763671875,-0.15258789062
1726236065218.5571,-0.96606445312,0.2763671875,-0.15258789062
1726236065227.3203,-0.96606445312,0.2763671875,-0.15258789062
1726236065236.1145,-0.96606445312,0.2763671875,-0.15258789062
1726236065244.8474,-0.96606445312,0.2763671875,-0.15258789062
1726236065253.641,-0.96606445312,0.2763671875,-0.15258789062
1726236065262.3743,-0.96606445312,0.2763671875,-0.15258789062
1726236065271.168,-0.96606445312,0.2763671875,-0.15258789062
1726236065284.786,-0.97106933593,0.27111816406,-0.15454101562
1726236065293.58,-0.97106933593,0.27111816406,-0.15454101562
1726236065302.2822,-0.97106933593,0.27111816406,-0.15454101562
1726236065311.0764,-0.97106933593,0.27111816406,-0.15454101562
1726236065319.8396,-0.97106933593,0.27111816406,-0.15454101562
1726236065328.664,-0.97106933593,0.27111816406,-0.15454101562
1726236065337.3665,-0.97106933593,0.27111816406,-0.15454101562
1726236065346.1604,-0.97106933593,0.27111816406,-0.15454101562
1726236065359.9312,-0.97143554687,0.27185058593,-0.15649414062
1726236065368.725,-0.97143554687,0.27185058593,-0.15649414062
1726236065377.5496,-0.97143554687,0.27185058593,-0.15649414062
1726236065386.3435,-0.97143554687,0.27185058593,-0.15649414062
1726236065395.1675,-0.97143554687,0.27185058593,-0.15649414062
1726236065403.9312,-0.97143554687,0.27185058593,-0.15649414062
1726236065412.7556,-0.97143554687,0.27185058593,-0.15649414062
1726236065421.58,-0.97143554687,0.27185058593,-0.15649414062
1726236065430.3127,-0.97143554687,0.27185058593,-0.15649414062
1726236065444.4504,-0.96838378906,0.27526855468,-0.154296875
1726236065453.2136,-0.96838378906,0.27526855468,-0.154296875
1726236065461.9463,-0.96838378906,0.27526855468,-0.154296875
1726236065470.6792,-0.96838378906,0.27526855468,-0.154296875
1726236065479.4124,-0.96838378906,0.27526855468,-0.154296875
1726236065488.145,-0.96838378906,0.27526855468,-0.154296875
1726236065496.9387,-0.96838378906,0.27526855468,-0.154296875
1726236065505.641,-0.96838378906,0.27526855468,-0.154296875
1726236065519.3513,-0.97009277343,0.27478027343,-0.15319824218
1726236065528.145,-0.97009277343,0.27478027343,-0.15319824218
1726236065536.9695,-0.97009277343,0.27478027343,-0.15319824218
1726236065545.7327,-0.97009277343,0.27478027343,-0.15319824218
1726236065554.5571,-0.97009277343,0.27478027343,-0.15319824218
1726236065563.351,-0.97009277343,0.27478027343,-0.15319824218
1726236065572.1755,-0.97009277343,0.27478027343,-0.15319824218
1726236065580.9695,-0.97009277343,0.27478027343,-0.15319824218
1726236065589.794,-0.97009277343,0.27478027343,-0.15319824218
1726236065603.5037,-0.97302246093,0.2724609375,-0.15795898437
1726236065612.2979,-0.97302246093,0.2724609375,-0.15795898437
1726236065621.0,-0.97302246093,0.2724609375,-0.15795898437
1726236065629.3967,-0.97302246093,0.2724609375,-0.15795898437
1726236065638.16,-0.97302246093,0.2724609375,-0.15795898437
1726236065646.832,-0.97302246093,0.2724609375,-0.15795898437
1726236065655.534,-0.97302246093,0.2724609375,-0.15795898437
1726236065664.2363,-0.97302246093,0.2724609375,-0.15795898437
1726236065673.061,-0.97534179687,0.26928710937,-0.15808105468
1726236065686.71,-0.97534179687,0.26928710937,-0.15808105468
1726236065695.412,-0.97534179687,0.26928710937,-0.15808105468
1726236065704.0535,-0.97534179687,0.26928710937,-0.15808105468
1726236065712.786,-0.97534179687,0.26928710937,-0.15808105468
1726236065721.458,-0.97534179687,0.26928710937,-0.15808105468
1726236065730.16,-0.97534179687,0.26928710937,-0.15808105468
1726236065738.7708,-0.97534179687,0.26928710937,-0.15808105468
1726236065747.5037,-0.97534179687,0.26928710937,-0.15808105468
1726236065761.1528,-0.97229003906,0.27099609375,-0.15161132812
1726236065769.9463,-0.97229003906,0.27099609375,-0.15161132812
1726236065778.7405,-0.97229003906,0.27099609375,-0.15161132812
1726236065787.5647,-0.97229003906,0.27099609375,-0.15161132812
1726236065796.3284,-0.97229003906,0.27099609375,-0.15161132812
1726236065805.1523,-0.97229003906,0.27099609375,-0.15161132812
1726236065814.2825,-0.97229003906,0.27099609375,-0.15161132812
1726236065823.076,-0.97229003906,0.27099609375,-0.15161132812
1726236065831.809,-0.97229003906,0.27099609375,-0.15161132812
1726236065845.5496,-0.9775390625,0.2802734375,-0.15197753906
1726236065854.3127,-0.9775390625,0.2802734375,-0.15197753906
1726236065863.0151,-0.9775390625,0.2802734375,-0.15197753906
1726236065871.7788,-0.9775390625,0.2802734375,-0.15197753906
1726236065880.4807,-0.9775390625,0.2802734375,-0.15197753906
1726236065889.2139,-0.9775390625,0.2802734375,-0.15197753906
1726236065897.8855,-0.9775390625,0.2802734375,-0.15197753906
1726236065906.6487,-0.9775390625,0.2802734375,-0.15197753906
1726236065920.328,-0.9775390625,0.27709960937,-0.15112304687
1726236065928.9695,-0.9775390625,0.27709960937,-0.15112304687
1726236065937.702,-0.9775390625,0.27709960937,-0.15112304687
1726236065946.4658,-0.9775390625,0.27709960937,-0.15112304687
1726236065955.168,-0.9775390625,0.27709960937,-0.15112304687
1726236065963.8704,-0.9775390625,0.27709960937,-0.15112304687
1726236065972.603,-0.9775390625,0.27709960937,-0.15112304687
1726236065981.3967,-0.9775390625,0.27709960937,-0.15112304687
1726236065990.1907,-0.9775390625,0.27709960937,-0.15112304687
1726236066003.901,-0.97546386718,0.27673339843,-0.15698242187
1726236066012.725,-0.97546386718,0.27673339843,-0.15698242187
1726236066021.4888,-0.97546386718,0.27673339843,-0.15698242187
1726236066030.3435,-0.97546386718,0.27673339843,-0.15698242187
1726236066039.1067,-0.97546386718,0.27673339843,-0.15698242187
1726236066047.9312,-0.97546386718,0.27673339843,-0.15698242187
1726236066056.7559,-0.97546386718,0.27673339843,-0.15698242187
1726236066065.4883,-0.97546386718,0.27673339843,-0.15698242187
1726236066079.2595,-0.97131347656,0.27648925781,-0.16174316406
1726236066088.084,-0.97131347656,0.27648925781,-0.16174316406
1726236066096.7864,-0.97131347656,0.27648925781,-0.16174316406
1726236066105.6104,-0.97131347656,0.27648925781,-0.16174316406
1726236066114.4048,-0.97131347656,0.27648925781,-0.16174316406
1726236066123.229,-0.97131347656,0.27648925781,-0.16174316406
1726236066132.0535,-0.97131347656,0.27648925781,-0.16174316406
1726236066140.8474,-0.97131347656,0.27648925781,-0.16174316406
1726236066149.7024,-0.97131347656,0.27648925781,-0.16174316406
1726236066163.4429,-0.96728515625,0.27746582031,-0.16198730468
1726236066172.267,-0.96728515625,0.27746582031,-0.16198730468
1726236066181.061,-0.96728515625,0.27746582031,-0.16198730468
1726236066189.9463,-0.96728515625,0.27746582031,-0.16198730468
1726236066199.0764,-0.96728515625,0.27746582031,-0.16198730468
1726236066207.901,-0.96728515625,0.27746582031,-0.16198730468
1726236066216.664,-0.96728515625,0.27746582031,-0.16198730468
1726236066225.3967,-0.96728515625,0.27746582031,-0.16198730468
1726236066239.0151,-0.96752929687,0.27893066406,-0.16101074218
1726236066247.87,-0.96752929687,0.27893066406,-0.16101074218
1726236066256.603,-0.96752929687,0.27893066406,-0.16101074218
1726236066265.458,-0.96752929687,0.27893066406,-0.16101074218
1726236066274.2214,-0.96752929687,0.27893066406,-0.16101074218
1726236066283.0151,-0.96752929687,0.27893066406,-0.16101074218
1726236066291.8396,-0.96752929687,0.27893066406,-0.16101074218
1726236066300.6033,-0.96752929687,0.27893066406,-0.16101074218
1726236066309.4275,-0.96752929687,0.27893066406,-0.16101074218
1726236066323.168,-0.9697265625,0.27758789062,-0.16052246093
1726236066331.8704,-0.9697265625,0.27758789062,-0.16052246093
1726236066340.603,-0.9697265625,0.27758789062,-0.16052246093
1726236066349.3665,-0.9697265625,0.27758789062,-0.16052246093
1726236066358.099,-0.9697265625,0.27758789062,-0.16052246093
1726236066366.893,-0.9697265625,0.27758789062,-0.16052246093
1726236066375.6255,-0.9697265625,0.27758789062,-0.16052246093
1726236066384.42,-0.9697265625,0.27758789062,-0.16052246093
1726236066393.0916,-0.96862792968,0.27062988281,-0.15930175781
1726236066406.8015,-0.96862792968,0.27062988281,-0.15930175781
1726236066415.5955,-0.96862792968,0.27062988281,-0.15930175781
1726236066424.42,-0.96862792968,0.27062988281,-0.15930175781
1726236066433.1523,-0.96862792968,0.27062988281,-0.15930175781
1726236066441.9463,-0.96862792968,0.27062988281,-0.15930175781
1726236066450.7708,-0.96862792968,0.27062988281,-0.15930175781
1726236066459.5344,-0.96862792968,0.27062988281,-0.15930175781
1726236066468.3586,-0.96862792968,0.27062988281,-0.15930175781
1726236066482.099,-0.97131347656,0.26428222656,-0.15966796875
1726236066490.9236,-0.97131347656,0.26428222656,-0.15966796875
1726236066499.687,-0.97131347656,0.26428222656,-0.15966796875
1726236066508.4807,-0.97131347656,0.26428222656,-0.15966796875
1726236066517.2444,-0.97131347656,0.26428222656,-0.15966796875
1726236066526.038,-0.97131347656,0.26428222656,-0.15966796875
1726236066534.7405,-0.97131347656,0.26428222656,-0.15966796875
1726236066543.5647,-0.97131347656,0.26428222656,-0.15966796875
1726236066552.3284,-0.97131347656,0.26428222656,-0.15966796875
1726236066566.099,-0.97045898437,0.26550292968,-0.15893554687
1726236066575.3208,-0.97045898437,0.26550292968,-0.15893554687
1726236066584.084,-0.97045898437,0.26550292968,-0.15893554687
1726236066592.8474,-0.97045898437,0.26550292968,-0.15893554687
1726236066601.641,-0.97045898437,0.26550292968,-0.15893554687
1726236066610.4658,-0.97045898437,0.26550292968,-0.15893554687
1726236066619.1985,-0.97045898437,0.26550292968,-0.15893554687
1726236066628.0535,-0.97045898437,0.26550292968,-0.15893554687
1726236066641.794,-0.96997070312,0.26916503906,-0.15637207031
1726236066650.588,-0.96997070312,0.26916503906,-0.15637207031
1726236066659.2595,-0.96997070312,0.26916503906,-0.15637207031
1726236066668.1145,-0.96997070312,0.26916503906,-0.15637207031
1726236066676.878,-0.96997070312,0.26916503906,-0.15637207031
1726236066685.6719,-0.96997070312,0.26916503906,-0.15637207031
1726236066694.2825,-0.96997070312,0.26916503906,-0.15637207031
1726236066703.1067,-0.96997070312,0.26916503906,-0.15637207031
1726236066711.9312,-0.96997070312,0.26916503906,-0.15637207031
1726236066725.6719,-0.97509765625,0.27404785156,-0.15417480468
1726236066734.3435,-0.97509765625,0.27404785156,-0.15417480468
1726236066743.1375,-0.97509765625,0.27404785156,-0.15417480468
1726236066751.962,-0.97509765625,0.27404785156,-0.15417480468
1726236066760.6948,-0.97509765625,0.27404785156,-0.15417480468
1726236066769.519,-0.97509765625,0.27404785156,-0.15417480468
1726236066778.3127,-0.97509765625,0.27404785156,-0.15417480468
1726236066787.1375,-0.97509765625,0.27404785156,-0.15417480468
1726236066808.5115,-0.97741699218,0.27319335937,-0.15734863281
1726236066817.2444,-0.97741699218,0.27319335937,-0.15734863281
1726236066825.916,-0.97741699218,0.27319335937,-0.15734863281
1726236066834.6184,-0.97741699218,0.27319335937,-0.15734863281
1726236066843.351,-0.97741699218,0.27319335937,-0.15734863281
1726236066852.0535,-0.97741699218,0.27319335937,-0.15734863281
1726236066860.786,-0.97741699218,0.27319335937,-0.15734863281
1726236066869.4275,-0.97741699218,0.27319335937,-0.15734863281
1726236066883.1375,-0.97741699218,0.27380371093,-0.16088867187
1726236066891.901,-0.97741699218,0.27380371093,-0.16088867187
1726236066900.6943,-0.97741699218,0.27380371093,-0.16088867187
1726236066909.458,-0.97741699218,0.27380371093,-0.16088867187
1726236066918.2214,-0.97741699218,0.27380371093,-0.16088867187
1726236066926.9849,-0.97741699218,0.27380371093,-0.16088867187
1726236066935.809,-0.97741699218,0.27380371093,-0.16088867187
1726236066944.5725,-0.97741699218,0.27380371093,-0.16088867187
1726236066958.71,-0.97326660156,0.27722167968,-0.15844726562
1726236066967.4124,-0.97326660156,0.27722167968,-0.15844726562
1726236066976.206,-0.97326660156,0.27722167968,-0.15844726562
1726236066984.878,-0.97326660156,0.27722167968,-0.15844726562
1726236066993.641,-0.97326660156,0.27722167968,-0.15844726562
1726236067002.4048,-0.97326660156,0.27722167968,-0.15844726562
1726236067011.1067,-0.97326660156,0.27722167968,-0.15844726562
1726236067019.901,-0.97326660156,0.27722167968,-0.15844726562
1726236067028.6335,-0.97326660156,0.27722167968,-0.15844726562
1726236067042.374,-0.96826171875,0.27783203125,-0.15625
1726236067050.9236,-0.96826171875,0.27783203125,-0.15625
1726236067059.5647,-0.96826171875,0.27783203125,-0.15625
1726236067068.145,-0.96826171875,0.27783203125,-0.15625
1726236067076.7864,-0.96826171875,0.27783203125,-0.15625
1726236067085.3665,-0.96826171875,0.27783203125,-0.15625
1726236067094.0078,-0.96826171875,0.27783203125,-0.15625
1726236067102.4656,-0.96826171875,0.27783203125,-0.15625
1726236067111.1067,-0.96826171875,0.27783203125,-0.15625
1726236067124.664,-0.97106933593,0.2822265625,-0.15417480468
1726236067133.336,-0.97106933593,0.2822265625,-0.15417480468
1726236067141.9463,-0.97106933593,0.2822265625,-0.15417480468
1726236067150.7405,-0.97106933593,0.2822265625,-0.15417480468
1726236067159.4731,-0.97106933593,0.2822265625,-0.15417480468
1726236067168.2368,-0.97106933593,0.2822265625,-0.15417480468
1726236067176.9695,-0.97106933593,0.2822265625,-0.15417480468
1726236067185.733,-0.97106933593,0.2822265625,-0.15417480468
1726236067199.3816,-0.97143554687,0.28430175781,-0.15417480468
1726236067208.206,-0.97143554687,0.28430175781,-0.15417480468
1726236067217.0,-0.97143554687,0.28430175781,-0.15417480468
1726236067225.3665,-0.97143554687,0.28430175781,-0.15417480468
1726236067234.191,-0.97143554687,0.28430175781,-0.15417480468
1726236067242.9849,-0.97143554687,0.28430175781,-0.15417480468
1726236067251.7783,-0.97143554687,0.28430175781,-0.15417480468
1726236067260.5725,-0.97143554687,0.28430175781,-0.15417480468
1726236067269.3967,-0.97143554687,0.28430175781,-0.15417480468
1726236067283.1067,-0.96740722656,0.27697753906,-0.15625
1726236067291.7783,-0.96740722656,0.27697753906,-0.15625
1726236067300.359,-0.96740722656,0.27697753906,-0.15625
1726236067308.9695,-0.96740722656,0.27697753906,-0.15625
1726236067317.5803,-0.96740722656,0.27697753906,-0.15625
1726236067326.252,-0.96740722656,0.27697753906,-0.15625
1726236067335.1067,-0.96740722656,0.27697753906,-0.15625
1726236067343.7783,-0.96740722656,0.27697753906,-0.15625
1726236067352.359,-0.96740722656,0.27697753906,-0.15625
1726236067366.0076,-0.97180175781,0.26721191406,-0.15209960937
1726236067374.7708,-0.97180175781,0.26721191406,-0.15209960937
1726236067383.5955,-0.97180175781,0.26721191406,-0.15209960937
1726236067392.359,-0.97180175781,0.26721191406,-0.15209960937
1726236067401.183,-0.97180175781,0.26721191406,-0.15209960937
1726236067409.9468,-0.97180175781,0.26721191406,-0.15209960937
1726236067418.7405,-0.97180175781,0.26721191406,-0.15209960937
1726236067427.5647,-0.97180175781,0.26721191406,-0.15209960937
1726236067441.3054,-0.97375488281,0.26477050781,-0.14904785156
1726236067450.1296,-0.97375488281,0.26477050781,-0.14904785156
1726236067458.893,-0.97375488281,0.26477050781,-0.14904785156
1726236067467.748,-0.97375488281,0.26477050781,-0.14904785156
1726236067476.4504,-0.97375488281,0.26477050781,-0.14904785156
1726236067485.275,-0.97375488281,0.26477050781,-0.14904785156
1726236067494.038,-0.97375488281,0.26477050781,-0.14904785156
1726236067502.8323,-0.97375488281,0.26477050781,-0.14904785156
1726236067511.5955,-0.97375488281,0.26477050781,-0.14904785156
1726236067525.3967,-0.98083496093,0.25952148437,-0.1552734375
1726236067534.099,-0.98083496093,0.25952148437,-0.1552734375
1726236067542.8623,-0.98083496093,0.25952148437,-0.1552734375
1726236067551.5647,-0.98083496093,0.25952148437,-0.1552734375
1726236067560.328,-0.98083496093,0.25952148437,-0.1552734375
1726236067568.9387,-0.98083496093,0.25952148437,-0.1552734375
1726236067577.641,-0.98083496093,0.25952148437,-0.1552734375
1726236067586.374,-0.98083496093,0.25952148437,-0.1552734375
1726236067600.0227,-0.98010253906,0.25915527343,-0.15991210937
1726236067608.8474,-0.98010253906,0.25915527343,-0.15991210937
1726236067617.6104,-0.98010253906,0.25915527343,-0.15991210937
1726236067626.435,-0.98010253906,0.25915527343,-0.15991210937
1726236067635.229,-0.98010253906,0.25915527343,-0.15991210937
1726236067644.0535,-0.98010253906,0.25915527343,-0.15991210937
1726236067652.8472,-0.98010253906,0.25915527343,-0.15991210937
1726236067661.6716,-0.98010253906,0.25915527343,-0.15991210937
1726236067670.4353,-0.98010253906,0.25915527343,-0.15991210937
1726236067684.2363,-0.97668457031,0.25891113281,-0.15795898437
1726236067692.9387,-0.97668457031,0.25891113281,-0.15795898437
1726236067701.7024,-0.97668457031,0.25891113281,-0.15795898437
1726236067710.7708,-0.97668457031,0.25891113281,-0.15795898437
1726236067719.504,-0.97668457031,0.25891113281,-0.15795898437
1726236067728.1755,-0.97668457031,0.25891113281,-0.15795898437
1726236067736.878,-0.97668457031,0.25891113281,-0.15795898437
1726236067745.58,-0.97668457031,0.25891113281,-0.15795898437
1726236067759.1985,-0.97290039062,0.26196289062,-0.15905761718
1726236067767.992,-0.97290039062,0.26196289062,-0.15905761718
1726236067776.6335,-0.97290039062,0.26196289062,-0.15905761718
1726236067785.4275,-0.97290039062,0.26196289062,-0.15905761718
1726236067794.1604,-0.97290039062,0.26196289062,-0.15905761718
1726236067802.954,-0.97290039062,0.26196289062,-0.15905761718
1726236067811.6565,-0.97290039062,0.26196289062,-0.15905761718
1726236067820.45,-0.97290039062,0.26196289062,-0.15905761718
1726236067829.1523,-0.97290039062,0.26196289062,-0.15905761718
1726236067842.893,-0.97436523437,0.26232910156,-0.16589355468
1726236067851.687,-0.97436523437,0.26232910156,-0.16589355468
1726236067860.5115,-0.97436523437,0.26232910156,-0.16589355468
1726236067869.275,-0.97436523437,0.26232910156,-0.16589355468
1726236067878.099,-0.97436523437,0.26232910156,-0.16589355468
1726236067886.9236,-0.97436523437,0.26232910156,-0.16589355468
1726236067895.7175,-0.97436523437,0.26232910156,-0.16589355468
1726236067904.5725,-0.97436523437,0.26232910156,-0.16589355468
1726236067913.3357,-0.97436523437,0.26232910156,-0.16589355468
1726236067927.168,-0.97912597656,0.25939941406,-0.16174316406
1726236067935.809,-0.97912597656,0.25939941406,-0.16174316406
1726236067944.6335,-0.97912597656,0.25939941406,-0.16174316406
1726236067953.4275,-0.97912597656,0.25939941406,-0.16174316406
1726236067962.252,-0.97912597656,0.25939941406,-0.16174316406
1726236067970.954,-0.97912597656,0.25939941406,-0.16174316406
1726236067979.748,-0.97912597656,0.25939941406,-0.16174316406
1726236067988.4807,-0.97912597656,0.25939941406,-0.16174316406
1726236068002.252,-0.9814453125,0.25903320312,-0.15881347656
1726236068010.9236,-0.9814453125,0.25903320312,-0.15881347656
1726236068019.7175,-0.9814453125,0.25903320312,-0.15881347656
1726236068028.4504,-0.9814453125,0.25903320312,-0.15881347656
1726236068037.2139,-0.9814453125,0.25903320312,-0.15881347656
1726236068045.977,-0.9814453125,0.25903320312,-0.15881347656
1726236068054.71,-0.9814453125,0.25903320312,-0.15881347656
1726236068063.4426,-0.9814453125,0.25903320312,-0.15881347656
1726236068072.1755,-0.9814453125,0.25903320312,-0.15881347656
1726236068086.3127,-0.97827148437,0.2578125,-0.16369628906
1726236068094.9238,-0.97827148437,0.2578125,-0.16369628906
1726236068103.4731,-0.97827148437,0.2578125,-0.16369628906
1726236068112.084,-0.97827148437,0.2578125,-0.16369628906
1726236068120.6335,-0.97827148437,0.2578125,-0.16369628906
1726236068129.2444,-0.97827148437,0.2578125,-0.16369628906
1726236068137.8855,-0.97827148437,0.2578125,-0.16369628906
1726236068146.4963,-0.97827148437,0.2578125,-0.16369628906
1726236068160.145,-0.97155761718,0.25524902343,-0.16394042968
1726236068168.9084,-0.97155761718,0.25524902343,-0.16394042968
1726236068177.7327,-0.97155761718,0.25524902343,-0.16394042968
1726236068186.4963,-0.97155761718,0.25524902343,-0.16394042968
1726236068195.29,-0.97155761718,0.25524902343,-0.16394042968
1726236068204.0227,-0.97155761718,0.25524902343,-0.16394042968
1726236068212.8167,-0.97155761718,0.25524902343,-0.16394042968
1726236068221.5803,-0.97155761718,0.25524902343,-0.16394042968
1726236068230.4043,-0.97155761718,0.25524902343,-0.16394042968
1726236068244.1453,-0.96850585937,0.25402832031,-0.15356445312
1726236068252.9387,-0.96850585937,0.25402832031,-0.15356445312
1726236068261.794,-0.96850585937,0.25402832031,-0.15356445312
1726236068270.5266,-0.96850585937,0.25402832031,-0.15356445312
1726236068279.3513,-0.96850585937,0.25402832031,-0.15356445312
1726236068288.145,-0.96850585937,0.25402832031,-0.15356445312
1726236068296.9695,-0.96850585937,0.25402832031,-0.15356445312
1726236068305.7327,-0.96850585937,0.25402832031,-0.15356445312
1726236068319.534,-0.96704101562,0.25549316406,-0.14770507812
1726236068328.267,-0.96704101562,0.25549316406,-0.14770507812
1726236068337.0916,-0.96704101562,0.25549316406,-0.14770507812
1726236068345.794,-0.96704101562,0.25549316406,-0.14770507812
1726236068354.5571,-0.96704101562,0.25549316406,-0.14770507812
1726236068363.351,-0.96704101562,0.25549316406,-0.14770507812
1726236068372.145,-0.96704101562,0.25549316406,-0.14770507812
1726236068380.9695,-0.96704101562,0.25549316406,-0.14770507812
1726236068389.733,-0.96704101562,0.25549316406,-0.14770507812
1726236068403.5344,-0.96740722656,0.25927734375,-0.15014648437
1726236068412.2976,-0.96740722656,0.25927734375,-0.15014648437
1726236068421.122,-0.96740722656,0.25927734375,-0.15014648437
1726236068429.8547,-0.96740722656,0.25927734375,-0.15014648437
1726236068438.6794,-0.96740722656,0.25927734375,-0.15014648437
1726236068447.4429,-0.96740722656,0.25927734375,-0.15014648437
1726236068456.267,-0.96740722656,0.25927734375,-0.15014648437
1726236068465.4275,-0.96740722656,0.25927734375,-0.15014648437
1726236068479.1985,-0.96862792968,0.26110839843,-0.15124511718
1726236068487.992,-0.96862792968,0.26110839843,-0.15124511718
1726236068496.6943,-0.96862792968,0.26110839843,-0.15124511718
1726236068505.4883,-0.96862792968,0.26110839843,-0.15124511718
1726236068514.3127,-0.96862792968,0.26110839843,-0.15124511718
1726236068523.1375,-0.96862792968,0.26110839843,-0.15124511718
1726236068531.9312,-0.96862792968,0.26110839843,-0.15124511718
1726236068540.7864,-0.96862792968,0.26110839843,-0.15124511718
1726236068549.5496,-0.96862792968,0.26110839843,-0.15124511718
1726236068563.351,-0.97021484375,0.26086425781,-0.15075683593
1726236068572.145,-0.97021484375,0.26086425781,-0.15075683593
1726236068580.9695,-0.97021484375,0.26086425781,-0.15075683593
1726236068589.733,-0.97021484375,0.26086425781,-0.15075683593
1726236068598.5876,-0.97021484375,0.26086425781,-0.15075683593
1726236068607.351,-0.97021484375,0.26086425781,-0.15075683593
1726236068616.1755,-0.97021484375,0.26086425781,-0.15075683593
1726236068624.9387,-0.97021484375,0.26086425781,-0.15075683593
1726236068633.7634,-0.97021484375,0.26086425781,-0.15051269531
1726236068647.5647,-0.97412109375,0.26599121093,-0.15051269531
1726236068656.328,-0.97412109375,0.26599121093,-0.15051269531
1726236068665.0,-0.97412109375,0.26599121093,-0.15051269531
1726236068673.3662,-0.97412109375,0.26599121093,-0.15051269531
1726236068682.1604,-0.97412109375,0.26599121093,-0.15051269531
1726236068690.954,-0.97412109375,0.26599121093,-0.15051269531
1726236068699.7175,-0.97412109375,0.26599121093,-0.15051269531
1726236068708.5112,-0.97412109375,0.26599121093,-0.15051269531
1726236068722.3127,-0.97802734375,0.26940917968,-0.1494140625
1726236068731.0457,-0.97802734375,0.26940917968,-0.1494140625
1726236068739.8398,-0.97802734375,0.26940917968,-0.1494140625
1726236068748.4807,-0.97802734375,0.26940917968,-0.1494140625
1726236068757.275,-0.97802734375,0.26940917968,-0.1494140625
1726236068766.0076,-0.97802734375,0.26940917968,-0.1494140625
1726236068774.8015,-0.97802734375,0.26940917968,-0.1494140625
1726236068783.534,-0.97802734375,0.26940917968,-0.1494140625
1726236068792.267,-0.97802734375,0.26940917968,-0.1494140625
1726236068805.977,-0.98193359375,0.27001953125,-0.15197753906
1726236068814.8015,-0.98193359375,0.27001953125,-0.15197753906
1726236068823.6565,-0.98193359375,0.27001953125,-0.15197753906
1726236068832.42,-0.98193359375,0.27001953125,-0.15197753906
1726236068841.183,-0.98193359375,0.27001953125,-0.15197753906
1726236068850.3127,-0.98193359375,0.27001953125,-0.15197753906
1726236068859.1372,-0.98193359375,0.27001953125,-0.15197753906
1726236068867.901,-0.98193359375,0.27001953125,-0.15197753906
1726236068881.702,-0.98376464843,0.26818847656,-0.15002441406
1726236068890.4353,-0.98376464843,0.26818847656,-0.15002441406
1726236068899.2595,-0.98376464843,0.26818847656,-0.15002441406
1726236068908.0535,-0.98376464843,0.26818847656,-0.15002441406
1726236068916.8777,-0.98376464843,0.26818847656,-0.15002441406
1726236068925.6719,-0.98376464843,0.26818847656,-0.15002441406
1726236068934.3435,-0.98376464843,0.26818847656,-0.15002441406
1726236068943.1067,-0.98376464843,0.26818847656,-0.15002441406
1726236068951.9312,-0.98376464843,0.26818847656,-0.15002441406
1726236068965.733,-0.97827148437,0.26525878906,-0.14599609375
1726236068974.5266,-0.97827148437,0.26525878906,-0.14599609375
1726236068983.3818,-0.97827148437,0.26525878906,-0.14599609375
1726236068992.1145,-0.97827148437,0.26525878906,-0.14599609375
1726236069000.9387,-0.97827148437,0.26525878906,-0.14599609375
1726236069009.702,-0.97827148437,0.26525878906,-0.14599609375
1726236069018.4658,-0.97827148437,0.26525878906,-0.14599609375
1726236069027.229,-0.97827148437,0.26525878906,-0.14599609375
1726236069041.0,-0.97265625,0.26696777343,-0.14733886718
1726236069049.3054,-0.97265625,0.26696777343,-0.14733886718
1726236069058.0078,-0.97265625,0.26696777343,-0.14733886718
1726236069066.5571,-0.97265625,0.26696777343,-0.14733886718
1726236069075.2595,-0.97265625,0.26696777343,-0.14733886718
1726236069083.9312,-0.97265625,0.26696777343,-0.14733886718
1726236069092.664,-0.97265625,0.26696777343,-0.14733886718
1726236069101.244,-0.97265625,0.26696777343,-0.14733886718
1726236069109.8855,-0.97265625,0.26696777343,-0.14733886718
1726236069123.5647,-0.97314453125,0.26782226562,-0.14782714843
1726236069132.3894,-0.97314453125,0.26782226562,-0.14782714843
1726236069141.2136,-0.97314453125,0.26782226562,-0.14782714843
1726236069150.0078,-0.97314453125,0.26782226562,-0.14782714843
1726236069158.71,-0.97314453125,0.26782226562,-0.14782714843
1726236069167.4429,-0.97314453125,0.26782226562,-0.14782714843
1726236069176.2976,-0.97314453125,0.26782226562,-0.14782714843
1726236069185.061,-0.97314453125,0.26782226562,-0.14782714843
1726236069193.8855,-0.97314453125,0.26782226562,-0.14782714843
1726236069207.6565,-0.9765625,0.26708984375,-0.15026855468
1726236069216.328,-0.9765625,0.26708984375,-0.15026855468
1726236069225.183,-0.9765625,0.26708984375,-0.15026855468
1726236069233.8855,-0.9765625,0.26708984375,-0.15026855468
1726236069242.5269,-0.9765625,0.26708984375,-0.15026855468
1726236069251.229,-0.9765625,0.26708984375,-0.15026855468
1726236069259.8704,-0.9765625,0.26708984375,-0.15026855468
1726236069268.5725,-0.9765625,0.26708984375,-0.15026855468
1726236069282.191,-0.9716796875,0.2744140625,-0.14514160156
1726236069290.9236,-0.9716796875,0.2744140625,-0.14514160156
1726236069299.626,-0.9716796875,0.2744140625,-0.14514160156
1726236069308.3586,-0.9716796875,0.2744140625,-0.14514160156
1726236069317.0916,-0.9716796875,0.2744140625,-0.14514160156
1726236069325.7327,-0.9716796875,0.2744140625,-0.14514160156
1726236069334.4658,-0.9716796875,0.2744140625,-0.14514160156
1726236069343.1375,-0.9716796875,0.2744140625,-0.14514160156
1726236069351.901,-0.9716796875,0.2744140625,-0.14514160156
1726236069365.5496,-0.9716796875,0.275390625,-0.14477539062
1726236069374.252,-0.9716796875,0.275390625,-0.14477539062
1726236069382.832,-0.9716796875,0.275390625,-0.14477539062
1726236069391.4124,-0.9716796875,0.275390625,-0.14477539062
1726236069400.0535,-0.9716796875,0.275390625,-0.14477539062
1726236069408.7559,-0.9716796875,0.275390625,-0.14477539062
1726236069417.336,-0.9716796875,0.275390625,-0.14477539062
1726236069425.8855,-0.9716796875,0.275390625,-0.14477539062
1726236069439.504,-0.96960449218,0.27075195312,-0.14978027343
1726236069448.2368,-0.96960449218,0.27075195312,-0.14978027343
1726236069457.0305,-0.96960449218,0.27075195312,-0.14978027343
1726236069465.8547,-0.96960449218,0.27075195312,-0.14978027343
1726236069474.6184,-0.96960449218,0.27075195312,-0.14978027343
1726236069483.4429,-0.96960449218,0.27075195312,-0.14978027343
1726236069492.2363,-0.96960449218,0.27075195312,-0.14978027343
1726236069501.061,-0.96960449218,0.27075195312,-0.14978027343
1726236069509.8547,-0.96960449218,0.27075195312,-0.14978027343
1726236069523.6255,-0.96655273437,0.27062988281,-0.154296875
1726236069532.3894,-0.96655273437,0.27062988281,-0.154296875
1726236069541.1223,-0.96655273437,0.27062988281,-0.154296875
1726236069549.8855,-0.96655273437,0.27062988281,-0.154296875
1726236069558.6184,-0.96655273437,0.27062988281,-0.154296875
1726236069567.3816,-0.96655273437,0.27062988281,-0.154296875
1726236069576.084,-0.96655273437,0.27062988281,-0.154296875
1726236069584.7556,-0.96655273437,0.27062988281,-0.154296875
1726236069593.4883,-0.96655273437,0.27062988281,-0.154296875
1726236069607.5955,-0.96716308593,0.27368164062,-0.16052246093
1726236069616.3892,-0.96716308593,0.27368164062,-0.16052246093
1726236069625.2136,-0.96716308593,0.27368164062,-0.16052246093
1726236069641.733,-0.96716308593,0.27368164062,-0.16052246093
1726236069650.4963,-0.96716308593,0.27368164062,-0.16052246093
1726236069659.3203,-0.96716308593,0.27368164062,-0.16052246093
1726236069668.1145,-0.96716308593,0.27368164062,-0.16052246093
1726236069681.916,-0.9716796875,0.27709960937,-0.16650390625
1726236069690.5876,-0.9716796875,0.27709960937,-0.16650390625
1726236069699.351,-0.9716796875,0.27709960937,-0.16650390625
1726236069708.084,-0.9716796875,0.27709960937,-0.16650390625
1726236069716.786,-0.9716796875,0.27709960937,-0.16650390625
1726236069725.458,-0.9716796875,0.27709960937,-0.16650390625
1726236069734.191,-0.9716796875,0.27709960937,-0.16650390625
1726236069742.9238,-0.9716796875,0.27709960937,-0.16650390625
1726236069751.626,-0.9716796875,0.27709960937,-0.16650390625
1726236069765.3052,-0.97583007812,0.2861328125,-0.16833496093
1726236069774.0686,-0.97583007812,0.2861328125,-0.16833496093
1726236069782.7708,-0.97583007812,0.2861328125,-0.16833496093
1726236069791.5344,-0.97583007812,0.2861328125,-0.16833496093
1726236069800.2979,-0.97583007812,0.2861328125,-0.16833496093
1726236069809.0,-0.97583007812,0.2861328125,-0.16833496093
1726236069817.4275,-0.97583007812,0.2861328125,-0.16833496093
1726236069826.16,-0.97583007812,0.2861328125,-0.16833496093
1726236069839.809,-0.97875976562,0.29333496093,-0.16711425781
1726236069848.4807,-0.97875976562,0.29333496093,-0.16711425781
1726236069857.183,-0.97875976562,0.29333496093,-0.16711425781
1726236069865.8245,-0.97875976562,0.29333496093,-0.16711425781
1726236069874.5571,-0.97875976562,0.29333496093,-0.16711425781
1726236069883.1985,-0.97875976562,0.29333496093,-0.16711425781
1726236069891.9312,-0.97875976562,0.29333496093,-0.16711425781
1726236069900.603,-0.97875976562,0.29333496093,-0.16711425781
1726236069909.3054,-0.97875976562,0.29333496093,-0.16711425781
1726236069922.9236,-0.97607421875,0.29052734375,-0.16748046875
1726236069931.748,-0.97607421875,0.29052734375,-0.16748046875
1726236069940.42,-0.97607421875,0.29052734375,-0.16748046875
1726236069949.1523,-0.97607421875,0.29052734375,-0.16748046875
1726236069957.916,-0.97607421875,0.29052734375,-0.16748046875
1726236069966.6487,-0.97607421875,0.29052734375,-0.16748046875
1726236069975.4426,-0.97607421875,0.29052734375,-0.16748046875
1726236069984.6033,-0.97607421875,0.29052734375,-0.16748046875
1726236069993.3967,-0.97607421875,0.29052734375,-0.16748046875
1726236070007.1372,-0.97265625,0.28405761718,-0.16564941406
1726236070015.8396,-0.97265625,0.28405761718,-0.16564941406
1726236070024.4807,-0.97265625,0.28405761718,-0.16564941406
1726236070033.183,-0.97265625,0.28405761718,-0.16564941406
1726236070041.8242,-0.97265625,0.28405761718,-0.16564941406
1726236070050.435,-0.97265625,0.28405761718,-0.16564941406
1726236070059.1067,-0.97265625,0.28405761718,-0.16564941406
1726236070067.809,-0.97265625,0.28405761718,-0.16564941406
1726236070081.3967,-0.9658203125,0.27990722656,-0.15954589843
1726236070090.191,-0.9658203125,0.27990722656,-0.15954589843
1726236070098.9236,-0.9658203125,0.27990722656,-0.15954589843
1726236070107.7175,-0.9658203125,0.27990722656,-0.15954589843
1726236070116.45,-0.9658203125,0.27990722656,-0.15954589843
1726236070125.183,-0.9658203125,0.27990722656,-0.15954589843
1726236070133.8855,-0.9658203125,0.27990722656,-0.15954589843
1726236070142.6487,-0.9658203125,0.27990722656,-0.15954589843
1726236070151.3513,-0.9658203125,0.27990722656,-0.15954589843
1726236070165.122,-0.96166992187,0.27490234375,-0.15783691406
1726236070173.8855,-0.96166992187,0.27490234375,-0.15783691406
1726236070182.6487,-0.96166992187,0.27490234375,-0.15783691406
1726236070191.4731,-0.96166992187,0.27490234375,-0.15783691406
1726236070200.2363,-0.96166992187,0.27490234375,-0.15783691406
1726236070209.061,-0.96166992187,0.27490234375,-0.15783691406
1726236070217.8245,-0.96166992187,0.27490234375,-0.15783691406
1726236070226.6487,-0.96166992187,0.27490234375,-0.15783691406
1726236070240.42,-0.9638671875,0.27355957031,-0.16003417968
1726236070249.1523,-0.9638671875,0.27355957031,-0.16003417968
1726236070257.8855,-0.9638671875,0.27355957031,-0.16003417968
1726236070266.6487,-0.9638671875,0.27355957031,-0.16003417968
1726236070275.3816,-0.9638671875,0.27355957031,-0.16003417968
1726236070284.145,-0.9638671875,0.27355957031,-0.16003417968
1726236070292.8474,-0.9638671875,0.27355957031,-0.16003417968
1726236070301.641,-0.9638671875,0.27355957031,-0.16003417968
1726236070310.4043,-0.9638671875,0.27355957031,-0.16003417968
1726236070324.084,-0.96484375,0.27404785156,-0.16320800781
1726236070332.725,-0.96484375,0.27404785156,-0.16320800781
1726236070341.3967,-0.96484375,0.27404785156,-0.16320800781
1726236070350.099,-0.96484375,0.27404785156,-0.16320800781
1726236070358.8015,-0.96484375,0.27404785156,-0.16320800781
1726236070367.8398,-0.96484375,0.27404785156,-0.16320800781
1726236070376.4197,-0.96484375,0.27404785156,-0.16320800781
1726236070385.1523,-0.96484375,0.27404785156,-0.16320800781
1726236070393.7937,-0.96484375,0.27404785156,-0.16320800781
1726236070407.504,-0.96020507812,0.27526855468,-0.16467285156
1726236070416.145,-0.96020507812,0.27526855468,-0.16467285156
1726236070424.9695,-0.96020507812,0.27526855468,-0.16467285156
1726236070433.7327,-0.96020507812,0.27526855468,-0.16467285156
1726236070442.5571,-0.96020507812,0.27526855468,-0.16467285156
1726236070451.3203,-0.96020507812,0.27526855468,-0.16467285156
1726236070460.145,-0.96020507812,0.27526855468,-0.16467285156
1726236070468.9387,-0.96020507812,0.27526855468,-0.16467285156
1726236070482.71,-0.958984375,0.27685546875,-0.16125488281
1726236070491.29,-0.958984375,0.27685546875,-0.16125488281
1726236070499.8704,-0.958984375,0.27685546875,-0.16125488281
1726236070508.542,-0.958984375,0.27685546875,-0.16125488281
1726236070517.1528,-0.958984375,0.27685546875,-0.16125488281
1726236070525.7937,-0.958984375,0.27685546875,-0.16125488281
1726236070534.435,-0.958984375,0.27685546875,-0.16125488281
1726236070543.1067,-0.958984375,0.27685546875,-0.16125488281
1726236070551.7175,-0.958984375,0.27685546875,-0.16125488281
1726236070565.336,-0.96057128906,0.2734375,-0.16064453125
1726236070573.8245,-0.96057128906,0.2734375,-0.16064453125
1726236070582.496,-0.96057128906,0.2734375,-0.16064453125
1726236070591.046,-0.96057128906,0.2734375,-0.16064453125
1726236070599.687,-0.96057128906,0.2734375,-0.16064453125
1726236070608.359,-0.96057128906,0.2734375,-0.16064453125
1726236070617.061,-0.96057128906,0.2734375,-0.16064453125
1726236070625.6719,-0.96057128906,0.2734375,-0.16064453125
1726236070634.2214,-0.96057128906,0.2734375,-0.16064453125
1726236070647.809,-0.96325683593,0.2666015625,-0.16247558593
1726236070656.603,-0.96325683593,0.2666015625,-0.16247558593
1726236070665.3665,-0.96325683593,0.2666015625,-0.16247558593
1726236070674.16,-0.96325683593,0.2666015625,-0.16247558593
1726236070682.8015,-0.96325683593,0.2666015625,-0.16247558593
1726236070691.5952,-0.96325683593,0.2666015625,-0.16247558593
1726236070700.3284,-0.96325683593,0.2666015625,-0.16247558593
1726236070709.0916,-0.96325683593,0.2666015625,-0.16247558593
1726236070722.8015,-0.96875,0.26452636718,-0.16333007812
1726236070731.3203,-0.96875,0.26452636718,-0.16333007812
1726236070739.8398,-0.96875,0.26452636718,-0.16333007812
1726236070748.6335,-0.96875,0.26452636718,-0.16333007812
1726236070757.122,-0.96875,0.26452636718,-0.16333007812
1726236070765.641,-0.96875,0.26452636718,-0.16333007812
1726236070774.13,-0.96875,0.26452636718,-0.16333007812
1726236070782.6487,-0.96875,0.26452636718,-0.16333007812
1726236070791.1067,-0.96875,0.26452636718,-0.16333007812
1726236070804.6335,-0.96716308593,0.26452636718,-0.169921875
1726236070813.3665,-0.96716308593,0.26452636718,-0.169921875
1726236070822.1296,-0.96716308593,0.26452636718,-0.169921875
1726236070830.893,-0.96716308593,0.26452636718,-0.169921875
1726236070839.5952,-0.96716308593,0.26452636718,-0.169921875
1726236070848.359,-0.96716308593,0.26452636718,-0.169921875
1726236070857.061,-0.96716308593,0.26452636718,-0.169921875
1726236070865.8245,-0.96716308593,0.26452636718,-0.169921875
1726236070874.5269,-0.96716308593,0.26452636718,-0.169921875
1726236070888.2979,-0.96643066406,0.26879882812,-0.17724609375
1726236070897.0305,-0.96643066406,0.26879882812,-0.17724609375
1726236070905.8547,-0.96643066406,0.26879882812,-0.17724609375
1726236070914.618,-0.96643066406,0.26879882812,-0.17724609375
1726236070923.4124,-0.96643066406,0.26879882812,-0.17724609375
1726236070932.1755,-0.96643066406,0.26879882812,-0.17724609375
1726236070941.0,-0.96643066406,0.26879882812,-0.17724609375
1726236070949.4272,-0.96643066406,0.26879882812,-0.17724609375
1726236070963.229,-0.96813964843,0.27282714843,-0.17541503906
1726236070972.0227,-0.96813964843,0.27282714843,-0.17541503906
1726236070980.8474,-0.96813964843,0.27282714843,-0.17541503906
1726236070989.6716,-0.96813964843,0.27282714843,-0.17541503906
1726236070998.435,-0.96813964843,0.27282714843,-0.17541503906
1726236071007.2595,-0.96813964843,0.27282714843,-0.17541503906
1726236071016.0535,-0.96813964843,0.27282714843,-0.17541503906
1726236071024.8777,-0.96813964843,0.27282714843,-0.17541503906
1726236071033.6719,-0.96813964843,0.27282714843,-0.17541503906
1726236071047.29,-0.96020507812,0.26330566406,-0.17065429687
1726236071055.9924,-0.96020507812,0.26330566406,-0.17065429687
1726236071064.786,-0.96020507812,0.26330566406,-0.17065429687
1726236071073.4883,-0.96020507812,0.26330566406,-0.17065429687
1726236071082.3127,-0.96020507812,0.26330566406,-0.17065429687
1726236071091.0764,-0.96020507812,0.26330566406,-0.17065429687
1726236071099.87,-0.96020507812,0.26330566406,-0.17065429687
1726236071108.603,-0.96020507812,0.26330566406,-0.17065429687
1726236071122.374,-0.96948242187,0.26086425781,-0.16394042968
1726236071131.4731,-0.96948242187,0.26086425781,-0.16394042968
1726236071140.2976,-0.96948242187,0.26086425781,-0.16394042968
1726236071149.1223,-0.96948242187,0.26086425781,-0.16394042968
1726236071157.916,-0.96948242187,0.26086425781,-0.16394042968
1726236071166.6794,-0.96948242187,0.26086425781,-0.16394042968
1726236071175.4731,-0.96948242187,0.26086425781,-0.16394042968
1726236071184.2979,-0.96948242187,0.26086425781,-0.16394042968
1726236071193.061,-0.96948242187,0.26086425781,-0.16394042968
1726236071206.8628,-0.97583007812,0.25866699218,-0.15979003906
1726236071215.504,-0.97583007812,0.25866699218,-0.15979003906
1726236071224.1145,-0.97583007812,0.25866699218,-0.15979003906
1726236071232.7556,-0.97583007812,0.25866699218,-0.15979003906
1726236071241.4883,-0.97583007812,0.25866699218,-0.15979003906
1726236071250.1296,-0.97583007812,0.25866699218,-0.15979003906
1726236071258.8623,-0.97583007812,0.25866699218,-0.15979003906
1726236071267.5037,-0.97583007812,0.25866699218,-0.15979003906
1726236071281.183,-0.97570800781,0.259765625,-0.16625976562
1726236071289.8855,-0.97570800781,0.259765625,-0.16625976562
1726236071298.6487,-0.97570800781,0.259765625,-0.16625976562
1726236071307.351,-0.97570800781,0.259765625,-0.16625976562
1726236071316.1145,-0.97570800781,0.259765625,-0.16625976562
1726236071324.878,-0.97570800781,0.259765625,-0.16625976562
1726236071333.519,-0.97570800781,0.259765625,-0.16625976562
1726236071342.3127,-0.97570800781,0.259765625,-0.16625976562
1726236071351.0151,-0.97570800781,0.259765625,-0.16625976562
1726236071364.7556,-0.97045898437,0.26232910156,-0.16821289062
1726236071373.5498,-0.97045898437,0.26232910156,-0.16821289062
1726236071382.374,-0.97045898437,0.26232910156,-0.16821289062
1726236071391.1067,-0.97045898437,0.26232910156,-0.16821289062
1726236071399.9312,-0.97045898437,0.26232910156,-0.16821289062
1726236071408.725,-0.97045898437,0.26232910156,-0.16821289062
1726236071417.5496,-0.97045898437,0.26232910156,-0.16821289062
1726236071426.3127,-0.97045898437,0.26232910156,-0.16821289062
1726236071435.168,-0.9658203125,0.26049804687,-0.16284179687
1726236071448.7864,-0.9658203125,0.26049804687,-0.16284179687
1726236071457.58,-0.9658203125,0.26049804687,-0.16284179687
1726236071466.252,-0.9658203125,0.26049804687,-0.16284179687
1726236071474.9846,-0.9658203125,0.26049804687,-0.16284179687
1726236071483.7788,-0.9658203125,0.26049804687,-0.16284179687
1726236071492.5115,-0.9658203125,0.26049804687,-0.16284179687
1726236071501.275,-0.9658203125,0.26049804687,-0.16284179687
1726236071510.2214,-0.9658203125,0.26049804687,-0.16284179687
1726236071524.1145,-0.96997070312,0.25854492187,-0.15832519531
1726236071532.9084,-0.96997070312,0.25854492187,-0.15832519531
1726236071541.7632,-0.96997070312,0.25854492187,-0.15832519531
1726236071550.5266,-0.96997070312,0.25854492187,-0.15832519531
1726236071559.3818,-0.96997070312,0.25854492187,-0.15832519531
1726236071568.145,-0.96997070312,0.25854492187,-0.15832519531
1726236071576.9695,-0.96997070312,0.25854492187,-0.15832519531
1726236071585.7634,-0.96997070312,0.25854492187,-0.15832519531
1726236071594.5571,-0.96997070312,0.25854492187,-0.15832519531
1726236071608.3284,-0.97399902343,0.25756835937,-0.15930175781
1726236071617.1523,-0.97399902343,0.25756835937,-0.15930175781
1726236071625.977,-0.97399902343,0.25756835937,-0.15930175781
1726236071634.7708,-0.97399902343,0.25756835937,-0.15930175781
1726236071643.5955,-0.97399902343,0.25756835937,-0.15930175781
1726236071652.359,-0.97399902343,0.25756835937,-0.15930175781
1726236071661.183,-0.97399902343,0.25756835937,-0.15930175781
1726236071669.9773,-0.97399902343,0.25756835937,-0.15930175781
1726236071683.7783,-0.97583007812,0.25402832031,-0.16491699218
1726236071692.5115,-0.97583007812,0.25402832031,-0.16491699218
1726236071701.336,-0.97583007812,0.25402832031,-0.16491699218
1726236071709.977,-0.97583007812,0.25402832031,-0.16491699218
1726236071718.7708,-0.97583007812,0.25402832031,-0.16491699218
1726236071727.534,-0.97583007812,0.25402832031,-0.16491699218
1726236071736.267,-0.97583007812,0.25402832031,-0.16491699218
1726236071745.0308,-0.97583007812,0.25402832031,-0.16491699218
1726236071753.8245,-0.97583007812,0.25402832031,-0.16491699218
1726236071767.5955,-0.974609375,0.25549316406,-0.17065429687
1726236071776.2979,-0.974609375,0.25549316406,-0.17065429687
1726236071785.0305,-0.974609375,0.25549316406,-0.17065429687
1726236071793.7024,-0.974609375,0.25549316406,-0.17065429687
1726236071802.435,-0.974609375,0.25549316406,-0.17065429687
1726236071811.1067,-0.974609375,0.25549316406,-0.17065429687
1726236071819.87,-0.974609375,0.25549316406,-0.17065429687
1726236071828.542,-0.974609375,0.25549316406,-0.17065429687
1726236071842.2212,-0.97302246093,0.25622558593,-0.17126464843
1726236071851.0151,-0.97302246093,0.25622558593,-0.17126464843
1726236071859.8396,-0.97302246093,0.25622558593,-0.17126464843
1726236071868.6335,-0.97302246093,0.25622558593,-0.17126464843
1726236071877.4275,-0.97302246093,0.25622558593,-0.17126464843
1726236071886.2214,-0.97302246093,0.25622558593,-0.17126464843
1726236071895.4426,-0.97302246093,0.25622558593,-0.17126464843
1726236071904.206,-0.97302246093,0.25622558593,-0.17126464843
1726236071913.0,-0.97302246093,0.25622558593,-0.17126464843
1726236071926.374,-0.97326660156,0.25439453125,-0.17163085937
1726236071935.1067,-0.97326660156,0.25439453125,-0.17163085937
1726236071943.9312,-0.97326660156,0.25439453125,-0.17163085937
1726236071952.664,-0.97326660156,0.25439453125,-0.17163085937
1726236071961.336,-0.97326660156,0.25439453125,-0.17163085937
1726236071969.977,-0.97326660156,0.25439453125,-0.17163085937
1726236071978.8015,-0.97326660156,0.25439453125,-0.17163085937
1726236071987.5647,-0.97326660156,0.25439453125,-0.17163085937
1726236072001.336,-0.97351074218,0.2578125,-0.17700195312
1726236072009.8245,-0.97351074218,0.2578125,-0.17700195312
1726236072018.4963,-0.97351074218,0.2578125,-0.17700195312
1726236072027.1067,-0.97351074218,0.2578125,-0.17700195312
1726236072035.7783,-0.97351074218,0.2578125,-0.17700195312
1726236072044.4197,-0.97351074218,0.2578125,-0.17700195312
1726236072053.122,-0.97351074218,0.2578125,-0.17700195312
1726236072061.702,-0.97351074218,0.2578125,-0.17700195312
1726236072070.3435,-0.97351074218,0.2578125,-0.17700195312
1726236072083.9312,-0.96936035156,0.26245117187,-0.17626953125
1726236072092.7559,-0.96936035156,0.26245117187,-0.17626953125
1726236072101.4275,-0.96936035156,0.26245117187,-0.17626953125
1726236072110.252,-0.96936035156,0.26245117187,-0.17626953125
1726236072118.9846,-0.96936035156,0.26245117187,-0.17626953125
1726236072127.809,-0.96936035156,0.26245117187,-0.17626953125
1726236072136.6335,-0.96936035156,0.26245117187,-0.17626953125
1726236072145.3967,-0.96936035156,0.26245117187,-0.17626953125
1726236072154.2212,-0.96936035156,0.26245117187,-0.17626953125
1726236072167.962,-0.96850585937,0.26159667968,-0.16979980468
1726236072176.725,-0.96850585937,0.26159667968,-0.16979980468
1726236072185.519,-0.96850585937,0.26159667968,-0.16979980468
1726236072194.3435,-0.96850585937,0.26159667968,-0.16979980468
1726236072203.1067,-0.96850585937,0.26159667968,-0.16979980468
1726236072211.9312,-0.96850585937,0.26159667968,-0.16979980468
1726236072220.6943,-0.96850585937,0.26159667968,-0.16979980468
1726236072229.4883,-0.96850585937,0.26159667968,-0.16979980468
1726236072243.1985,-0.96911621093,0.25695800781,-0.171875
1726236072251.9006,-0.96911621093,0.25695800781,-0.171875
1726236072260.5115,-0.96911621093,0.25695800781,-0.171875
1726236072269.5496,-0.96911621093,0.25695800781,-0.171875
1726236072278.1604,-0.96911621093,0.25695800781,-0.171875
1726236072286.832,-0.96911621093,0.25695800781,-0.171875
1726236072295.3203,-0.96911621093,0.25695800781,-0.171875
1726236072303.992,-0.96911621093,0.25695800781,-0.171875
1726236072312.4807,-0.96911621093,0.25695800781,-0.171875
1726236072326.099,-0.96936035156,0.255859375,-0.17395019531
1726236072334.8015,-0.96936035156,0.255859375,-0.17395019531
1726236072343.5647,-0.96936035156,0.255859375,-0.17395019531
1726236072352.3284,-0.96936035156,0.255859375,-0.17395019531
1726236072361.0305,-0.96936035156,0.255859375,-0.17395019531
1726236072369.7634,-0.96936035156,0.255859375,-0.17395019531
1726236072378.4656,-0.96936035156,0.255859375,-0.17395019531
1726236072387.229,-0.96936035156,0.255859375,-0.17395019531
1726236072400.878,-0.97058105468,0.25524902343,-0.16870117187
1726236072409.641,-0.97058105468,0.25524902343,-0.16870117187
1726236072418.4043,-0.97058105468,0.25524902343,-0.16870117187
1726236072427.1985,-0.97058105468,0.25524902343,-0.16870117187
1726236072435.9312,-0.97058105468,0.25524902343,-0.16870117187
1726236072444.7559,-0.97058105468,0.25524902343,-0.16870117187
1726236072453.4275,-0.97058105468,0.25524902343,-0.16870117187
1726236072462.2214,-0.97058105468,0.25524902343,-0.16870117187
1726236072483.8398,-0.96911621093,0.251953125,-0.16723632812
1726236072492.4504,-0.96911621093,0.251953125,-0.16723632812
1726236072501.183,-0.96911621093,0.251953125,-0.16723632812
1726236072509.8855,-0.96911621093,0.251953125,-0.16723632812
1726236072518.6487,-0.96911621093,0.251953125,-0.16723632812
1726236072527.351,-0.96911621093,0.251953125,-0.16723632812
1726236072536.084,-0.96911621093,0.251953125,-0.16723632812
1726236072544.6943,-0.96911621093,0.251953125,-0.16723632812
1726236072553.458,-0.96911621093,0.251953125,-0.16723632812
1726236072567.0764,-0.97045898437,0.25244140625,-0.17175292968
1726236072575.901,-0.97045898437,0.25244140625,-0.17175292968
1726236072584.6335,-0.97045898437,0.25244140625,-0.17175292968
1726236072593.458,-0.97045898437,0.25244140625,-0.17175292968
1726236072602.1907,-0.97045898437,0.25244140625,-0.17175292968
1726236072611.0151,-0.97045898437,0.25244140625,-0.17175292968
1726236072619.7783,-0.97045898437,0.25244140625,-0.17175292968
1726236072628.6335,-0.97045898437,0.25244140625,-0.17175292968
1726236072642.374,-0.97009277343,0.25793457031,-0.17810058593
1726236072651.504,-0.97009277343,0.25793457031,-0.17810058593
1726236072660.206,-0.97009277343,0.25793457031,-0.17810058593
1726236072668.9084,-0.97009277343,0.25793457031,-0.17810058593
1726236072677.7327,-0.97009277343,0.25793457031,-0.17810058593
1726236072686.4963,-0.97009277343,0.25793457031,-0.17810058593
1726236072695.3203,-0.97009277343,0.25793457031,-0.17810058593
1726236072704.084,-0.97009277343,0.25793457031,-0.17810058593
1726236072712.8167,-0.97009277343,0.25793457031,-0.17810058593
1726236072726.5571,-0.97302246093,0.25964355468,-0.16955566406
1726236072735.351,-0.97302246093,0.25964355468,-0.16955566406
1726236072744.1145,-0.97302246093,0.25964355468,-0.16955566406
1726236072752.9387,-0.97302246093,0.25964355468,-0.16955566406
1726236072761.7024,-0.97302246093,0.25964355468,-0.16955566406
1726236072770.5266,-0.97302246093,0.25964355468,-0.16955566406
1726236072779.3208,-0.97302246093,0.25964355468,-0.16955566406
1726236072788.1145,-0.97302246093,0.25964355468,-0.16955566406
1726236072801.8855,-0.96215820312,0.2685546875,-0.17395019531
1726236072810.588,-0.96215820312,0.2685546875,-0.17395019531
1726236072819.2595,-0.96215820312,0.2685546875,-0.17395019531
1726236072827.9312,-0.96215820312,0.2685546875,-0.17395019531
1726236072836.6948,-0.96215820312,0.2685546875,-0.17395019531
1726236072845.3967,-0.96215820312,0.2685546875,-0.17395019531
1726236072854.1604,-0.96215820312,0.2685546875,-0.17395019531
1726236072862.8623,-0.96215820312,0.2685546875,-0.17395019531
1726236072871.5955,-0.96215820312,0.2685546875,-0.17395019531
1726236072885.275,-0.96203613281,0.27160644531,-0.18225097656
1726236072894.0686,-0.96203613281,0.27160644531,-0.18225097656
1726236072902.7708,-0.96203613281,0.27160644531,-0.18225097656
1726236072911.5344,-0.96203613281,0.27160644531,-0.18225097656
1726236072920.2363,-0.96203613281,0.27160644531,-0.18225097656
1726236072929.0305,-0.96203613281,0.27160644531,-0.18225097656
1726236072937.733,-0.96203613281,0.27160644531,-0.18225097656
1726236072946.4963,-0.96203613281,0.27160644531,-0.18225097656
1726236072955.29,-0.96203613281,0.27160644531,-0.18225097656
1726236072968.9387,-0.95983886718,0.26684570312,-0.18505859375
1726236072977.7024,-0.95983886718,0.26684570312,-0.18505859375
1726236072986.4043,-0.95983886718,0.26684570312,-0.18505859375
1726236072995.168,-0.95983886718,0.26684570312,-0.18505859375
1726236073003.809,-0.95983886718,0.26684570312,-0.18505859375
1726236073012.542,-0.95983886718,0.26684570312,-0.18505859375
1726236073021.2139,-0.95983886718,0.26684570312,-0.18505859375
1726236073030.0686,-0.95983886718,0.26684570312,-0.18505859375
1726236073043.9617,-0.96508789062,0.25939941406,-0.17797851562
1726236073052.7864,-0.96508789062,0.25939941406,-0.17797851562
1726236073061.58,-0.96508789062,0.25939941406,-0.17797851562
1726236073070.3127,-0.96508789062,0.25939941406,-0.17797851562
1726236073079.076,-0.96508789062,0.25939941406,-0.17797851562
1726236073087.8396,-0.96508789062,0.25939941406,-0.17797851562
1726236073096.6033,-0.96508789062,0.25939941406,-0.17797851562
1726236073105.4275,-0.96508789062,0.25939941406,-0.17797851562
1726236073114.252,-0.96508789062,0.25939941406,-0.17797851562
1726236073127.9312,-0.96545410156,0.26428222656,-0.16955566406
1726236073136.7556,-0.96545410156,0.26428222656,-0.16955566406
1726236073145.5496,-0.96545410156,0.26428222656,-0.16955566406
1726236073154.4043,-0.96545410156,0.26428222656,-0.16955566406
1726236073163.168,-0.96545410156,0.26428222656,-0.16955566406
1726236073171.9006,-0.96545410156,0.26428222656,-0.16955566406
1726236073180.6943,-0.96545410156,0.26428222656,-0.16955566406
1726236073189.4888,-0.96545410156,0.26428222656,-0.16955566406
1726236073203.2595,-0.96667480468,0.2685546875,-0.16870117187
1726236073212.0535,-0.96667480468,0.2685546875,-0.16870117187
1726236073220.7864,-0.96667480468,0.2685546875,-0.16870117187
1726236073229.5496,-0.96667480468,0.2685546875,-0.16870117187
1726236073238.2825,-0.96667480468,0.2685546875,-0.16870117187
1726236073247.076,-0.96667480468,0.2685546875,-0.16870117187
1726236073255.7783,-0.96667480468,0.2685546875,-0.16870117187
1726236073264.5112,-0.96667480468,0.2685546875,-0.16870117187
1726236073273.3054,-0.96667480468,0.2685546875,-0.16870117187
1726236073287.0151,-0.96826171875,0.2685546875,-0.17138671875
1726236073295.809,-0.96826171875,0.2685546875,-0.17138671875
1726236073304.542,-0.96826171875,0.2685546875,-0.17138671875
1726236073313.3054,-0.96826171875,0.2685546875,-0.17138671875
1726236073322.038,-0.96826171875,0.2685546875,-0.17138671875
1726236073330.832,-0.96826171875,0.2685546875,-0.17138671875
1726236073339.4731,-0.96826171875,0.2685546875,-0.17138671875
1726236073348.2363,-0.96826171875,0.2685546875,-0.17138671875
1726236073361.977,-0.96801757812,0.27368164062,-0.17065429687
1726236073370.7708,-0.96801757812,0.27368164062,-0.17065429687
1726236073379.534,-0.96801757812,0.27368164062,-0.17065429687
1726236073388.2979,-0.96801757812,0.27368164062,-0.17065429687
1726236073397.0305,-0.96801757812,0.27368164062,-0.17065429687
1726236073405.8547,-0.96801757812,0.27368164062,-0.17065429687
1726236073415.0457,-0.96801757812,0.27368164062,-0.17065429687
1726236073423.7783,-0.96801757812,0.27368164062,-0.17065429687
1726236073432.603,-0.96801757812,0.27368164062,-0.17065429687
1726236073446.3127,-0.96789550781,0.27612304687,-0.16711425781
1726236073455.1375,-0.96789550781,0.27612304687,-0.16711425781
1726236073463.9312,-0.96789550781,0.27612304687,-0.16711425781
1726236073472.786,-0.96789550781,0.27612304687,-0.16711425781
1726236073481.519,-0.96789550781,0.27612304687,-0.16711425781
1726236073490.3435,-0.96789550781,0.27612304687,-0.16711425781
1726236073499.1067,-0.96789550781,0.27612304687,-0.16711425781
1726236073507.9312,-0.96789550781,0.27612304687,-0.16711425781
1726236073521.6719,-0.9677734375,0.27624511718,-0.16027832031
1726236073530.252,-0.9677734375,0.27624511718,-0.16027832031
1726236073538.8933,-0.9677734375,0.27624511718,-0.16027832031
1726236073547.6565,-0.9677734375,0.27624511718,-0.16027832031
1726236073556.359,-0.9677734375,0.27624511718,-0.16027832031
1726236073565.0916,-0.9677734375,0.27624511718,-0.16027832031
1726236073573.794,-0.9677734375,0.27624511718,-0.16027832031
1726236073582.496,-0.9677734375,0.27624511718,-0.16027832031
1726236073591.168,-0.9677734375,0.27624511718,-0.16027832031
1726236073604.786,-0.96875,0.27624511718,-0.15600585937
1726236073613.3665,-0.96875,0.27624511718,-0.15600585937
1726236073621.9463,-0.96875,0.27624511718,-0.15600585937
1726236073630.5571,-0.96875,0.27624511718,-0.15600585937
1726236073639.1375,-0.96875,0.27624511718,-0.15600585937
1726236073647.7783,-0.96875,0.27624511718,-0.15600585937
1726236073656.328,-0.96875,0.27624511718,-0.15600585937
1726236073664.7864,-0.96875,0.27624511718,-0.15600585937
1726236073673.3662,-0.96875,0.27624511718,-0.15600585937
1726236073686.9543,-0.96508789062,0.27844238281,-0.15612792968
1726236073695.7175,-0.96508789062,0.27844238281,-0.15612792968
1726236073704.542,-0.96508789062,0.27844238281,-0.15612792968
1726236073713.2747,-0.96508789062,0.27844238281,-0.15612792968
1726236073722.099,-0.96508789062,0.27844238281,-0.15612792968
1726236073730.893,-0.96508789062,0.27844238281,-0.15612792968
1726236073739.7175,-0.96508789062,0.27844238281,-0.15612792968
1726236073748.5115,-0.96508789062,0.27844238281,-0.15612792968
1726236073762.3127,-0.96655273437,0.28039550781,-0.15405273437
1726236073771.1067,-0.96655273437,0.28039550781,-0.15405273437
1726236073779.9312,-0.96655273437,0.28039550781,-0.15405273437
1726236073788.6943,-0.96655273437,0.28039550781,-0.15405273437
1726236073797.8547,-0.96655273437,0.28039550781,-0.15405273437
1726236073806.6794,-0.96655273437,0.28039550781,-0.15405273437
1726236073815.4731,-0.96655273437,0.28039550781,-0.15405273437
1726236073824.2976,-0.96655273437,0.28039550781,-0.15405273437
1726236073833.0916,-0.96655273437,0.28039550781,-0.15405273437
1726236073846.8623,-0.97033691406,0.27307128906,-0.15515136718
1726236073855.6565,-0.97033691406,0.27307128906,-0.15515136718
1726236073864.4807,-0.97033691406,0.27307128906,-0.15515136718
1726236073873.2444,-0.97033691406,0.27307128906,-0.15515136718
1726236073882.0686,-0.97033691406,0.27307128906,-0.15515136718
1726236073890.8628,-0.97033691406,0.27307128906,-0.15515136718
1726236073899.687,-0.97033691406,0.27307128906,-0.15515136718
1726236073908.4807,-0.97033691406,0.27307128906,-0.15515136718
1726236073922.2825,-0.97204589843,0.26330566406,-0.15881347656
1726236073931.1067,-0.97204589843,0.26330566406,-0.15881347656
1726236073939.901,-0.97204589843,0.26330566406,-0.15881347656
1726236073948.725,-0.97204589843,0.26330566406,-0.15881347656
1726236073957.519,-0.97204589843,0.26330566406,-0.15881347656
1726236073966.3435,-0.97204589843,0.26330566406,-0.15881347656
1726236073975.1375,-0.97204589843,0.26330566406,-0.15881347656
1726236073983.9924,-0.97204589843,0.26330566406,-0.15881347656
1726236073992.786,-0.97204589843,0.26330566406,-0.15881347656
1726236074006.5571,-0.96875,0.25988769531,-0.16162109375
1726236074015.1067,-0.96875,0.25988769531,-0.16162109375
1726236074023.7175,-0.96875,0.25988769531,-0.16162109375
1726236074032.267,-0.96875,0.25988769531,-0.16162109375
1726236074040.878,-0.96875,0.25988769531,-0.16162109375
1726236074049.4275,-0.96875,0.25988769531,-0.16162109375
1726236074058.0383,-0.96875,0.25988769531,-0.16162109375
1726236074066.5876,-0.96875,0.25988769531,-0.16162109375
1726236074075.1985,-0.96875,0.25988769531,-0.16162109375
1726236074088.725,-0.96813964843,0.2666015625,-0.16394042968
1726236074097.4883,-0.96813964843,0.2666015625,-0.16394042968
1726236074106.2825,-0.96813964843,0.2666015625,-0.16394042968
1726236074115.0151,-0.96813964843,0.2666015625,-0.16394042968
1726236074123.7783,-0.96813964843,0.2666015625,-0.16394042968
1726236074132.5115,-0.96813964843,0.2666015625,-0.16394042968
1726236074141.2747,-0.96813964843,0.2666015625,-0.16394042968
1726236074150.0078,-0.96813964843,0.2666015625,-0.16394042968
1726236074163.6565,-0.97216796875,0.27282714843,-0.15881347656
1726236074172.45,-0.97216796875,0.27282714843,-0.15881347656
1726236074181.58,-0.97216796875,0.27282714843,-0.15881347656
1726236074190.2822,-0.97216796875,0.27282714843,-0.15881347656
1726236074199.0764,-0.97216796875,0.27282714843,-0.15881347656
1726236074207.8704,-0.97216796875,0.27282714843,-0.15881347656
1726236074216.664,-0.97216796875,0.27282714843,-0.15881347656
1726236074225.336,-0.97216796875,0.27282714843,-0.15881347656
1726236074234.038,-0.97216796875,0.27282714843,-0.15881347656
1726236074247.7175,-0.96765136718,0.2705078125,-0.14904785156
1726236074256.5115,-0.96765136718,0.2705078125,-0.14904785156
1726236074265.3052,-0.96765136718,0.2705078125,-0.14904785156
1726236074274.038,-0.96765136718,0.2705078125,-0.14904785156
1726236074282.7708,-0.96765136718,0.2705078125,-0.14904785156
1726236074291.504,-0.96765136718,0.2705078125,-0.14904785156
1726236074300.1755,-0.96765136718,0.2705078125,-0.14904785156
1726236074308.817,-0.96765136718,0.2705078125,-0.14904785156
1726236074322.5876,-0.96765136718,0.2705078125,-0.14978027343
1726236074331.3203,-0.96765136718,0.2705078125,-0.14978027343
1726236074340.1145,-0.96765136718,0.2705078125,-0.14978027343
1726236074348.8474,-0.96765136718,0.2705078125,-0.14978027343
1726236074357.641,-0.96765136718,0.2705078125,-0.14978027343
1726236074366.374,-0.96765136718,0.2705078125,-0.14978027343
1726236074375.1372,-0.96765136718,0.2705078125,-0.14978027343
1726236074383.87,-0.96765136718,0.2705078125,-0.14978027343
1726236074392.6643,-0.96765136718,0.2705078125,-0.14978027343
1726236074406.374,-0.97607421875,0.26843261718,-0.15319824218
1726236074415.1985,-0.97607421875,0.26843261718,-0.15319824218
1726236074424.0227,-0.97607421875,0.26843261718,-0.15319824218
1726236074432.8167,-0.97607421875,0.26843261718,-0.15319824218
1726236074441.641,-0.97607421875,0.26843261718,-0.15319824218
1726236074450.435,-0.97607421875,0.26843261718,-0.15319824218
1726236074459.29,-0.97607421875,0.26843261718,-0.15319824218
1726236074468.0532,-0.97607421875,0.26843261718,-0.15319824218
1726236074481.8547,-0.97863769531,0.25927734375,-0.15148925781
1726236074490.6487,-0.97863769531,0.25927734375,-0.15148925781
1726236074499.4731,-0.97863769531,0.25927734375,-0.15148925781
1726236074508.2363,-0.97863769531,0.25927734375,-0.15148925781
1726236074517.0916,-0.97863769531,0.25927734375,-0.15148925781
1726236074525.8855,-0.97863769531,0.25927734375,-0.15148925781
1726236074534.7405,-0.97863769531,0.25927734375,-0.15148925781
1726236074543.534,-0.97863769531,0.25927734375,-0.15148925781
1726236074552.3284,-0.97863769531,0.25927734375,-0.15148925781
1726236074566.496,-0.97595214843,0.26000976562,-0.15502929687
1726236074575.1375,-0.97595214843,0.26000976562,-0.15502929687
1726236074583.9617,-0.97595214843,0.26000976562,-0.15502929687
1726236074592.725,-0.97595214843,0.26000976562,-0.15502929687
1726236074601.5496,-0.97595214843,0.26000976562,-0.15502929687
1726236074610.3435,-0.97595214843,0.26000976562,-0.15502929687
1726236074619.168,-0.97595214843,0.26000976562,-0.15502929687
1726236074627.8398,-0.97595214843,0.26000976562,-0.15502929687
1726236074641.519,-0.97473144531,0.26867675781,-0.15979003906
1726236074650.3127,-0.97473144531,0.26867675781,-0.15979003906
1726236074659.1375,-0.97473144531,0.26867675781,-0.15979003906
1726236074667.9312,-0.97473144531,0.26867675781,-0.15979003906
1726236074676.7556,-0.97473144531,0.26867675781,-0.15979003906
1726236074685.5498,-0.97473144531,0.26867675781,-0.15979003906
1726236074694.3435,-0.97473144531,0.26867675781,-0.15979003906
1726236074703.168,-0.97473144531,0.26867675781,-0.15979003906
1726236074711.8396,-0.97473144531,0.26867675781,-0.15979003906
1726236074725.6108,-0.97094726562,0.27282714843,-0.16003417968
1726236074734.4043,-0.97094726562,0.27282714843,-0.16003417968
1726236074743.229,-0.97094726562,0.27282714843,-0.16003417968
1726236074752.0227,-0.97094726562,0.27282714843,-0.16003417968
1726236074760.8474,-0.97094726562,0.27282714843,-0.16003417968
1726236074769.641,-0.97094726562,0.27282714843,-0.16003417968
1726236074778.4353,-0.97094726562,0.27282714843,-0.16003417968
1726236074787.229,-0.97094726562,0.27282714843,-0.16003417968
1726236074796.0227,-0.97094726562,0.27282714843,-0.16003417968
1726236074809.7634,-0.96923828125,0.26940917968,-0.162109375
1726236074818.5269,-0.96923828125,0.26940917968,-0.162109375
1726236074827.2595,-0.96923828125,0.26940917968,-0.162109375
1726236074835.9924,-0.96923828125,0.26940917968,-0.162109375
1726236074844.725,-0.96923828125,0.26940917968,-0.162109375
1726236074853.4275,-0.96923828125,0.26940917968,-0.162109375
1726236074862.1907,-0.96923828125,0.26940917968,-0.162109375
1726236074870.9238,-0.96923828125,0.26940917968,-0.162109375
1726236074884.5725,-0.96740722656,0.26586914062,-0.16735839843
1726236074893.336,-0.96740722656,0.26586914062,-0.16735839843
1726236074902.038,-0.96740722656,0.26586914062,-0.16735839843
1726236074910.7708,-0.96740722656,0.26586914062,-0.16735839843
1726236074919.5955,-0.96740722656,0.26586914062,-0.16735839843
1726236074928.3894,-0.96740722656,0.26586914062,-0.16735839843
1726236074937.58,-0.96740722656,0.26586914062,-0.16735839843
1726236074946.2825,-0.96740722656,0.26586914062,-0.16735839843
1726236074955.1375,-0.96740722656,0.26586914062,-0.16735839843
1726236074968.8777,-0.96447753906,0.26623535156,-0.16345214843
1726236074977.7024,-0.96447753906,0.26623535156,-0.16345214843
1726236074986.435,-0.96447753906,0.26623535156,-0.16345214843
1726236074995.229,-0.96447753906,0.26623535156,-0.16345214843
1726236075004.0227,-0.96447753906,0.26623535156,-0.16345214843
1726236075012.7556,-0.96447753906,0.26623535156,-0.16345214843
1726236075021.5803,-0.96447753906,0.26623535156,-0.16345214843
1726236075030.3127,-0.96447753906,0.26623535156,-0.16345214843
1726236075044.084,-0.96936035156,0.26635742187,-0.15649414062
1726236075052.7864,-0.96936035156,0.26635742187,-0.15649414062
1726236075061.6104,-0.96936035156,0.26635742187,-0.15649414062
1726236075070.374,-0.96936035156,0.26635742187,-0.15649414062
1726236075079.1675,-0.96936035156,0.26635742187,-0.15649414062
1726236075087.9312,-0.96936035156,0.26635742187,-0.15649414062
1726236075096.7864,-0.96936035156,0.26635742187,-0.15649414062
1726236075105.5496,-0.96936035156,0.26635742187,-0.15649414062
1726236075114.4048,-0.96936035156,0.26635742187,-0.15649414062
1726236075128.145,-0.97058105468,0.267578125,-0.15942382812
1726236075136.9082,-0.97058105468,0.267578125,-0.15942382812
1726236075145.58,-0.97058105468,0.267578125,-0.15942382812
1726236075154.2212,-0.97058105468,0.267578125,-0.15942382812
1726236075162.9849,-0.97058105468,0.267578125,-0.15942382812
1726236075171.687,-0.97058105468,0.267578125,-0.15942382812
1726236075180.4504,-0.97058105468,0.267578125,-0.15942382812
1726236075189.1528,-0.97058105468,0.267578125,-0.15942382812
1726236075202.8623,-0.96801757812,0.26904296875,-0.16088867187
1726236075211.626,-0.96801757812,0.26904296875,-0.16088867187
1726236075220.42,-0.96801757812,0.26904296875,-0.16088867187
1726236075229.122,-0.96801757812,0.26904296875,-0.16088867187
1726236075237.916,-0.96801757812,0.26904296875,-0.16088867187
1726236075246.5876,-0.96801757812,0.26904296875,-0.16088867187
1726236075255.4429,-0.96801757812,0.26904296875,-0.16088867187
1726236075264.2363,-0.96801757812,0.26904296875,-0.16088867187
1726236075273.061,-0.96801757812,0.26904296875,-0.16088867187
1726236075286.8015,-0.97094726562,0.26977539062,-0.15832519531
1726236075295.5344,-0.97094726562,0.26977539062,-0.15832519531
1726236075312.267,-0.97094726562,0.26977539062,-0.15832519531
1726236075321.244,-0.97094726562,0.26977539062,-0.15832519531
1726236075329.916,-0.97094726562,0.26977539062,-0.15832519531
1726236075338.5266,-0.97094726562,0.26977539062,-0.15832519531
1726236075347.2595,-0.97094726562,0.26977539062,-0.15832519531
1726236075355.901,-0.97094726562,0.26977539062,-0.15832519531
1726236075369.5803,-0.97863769531,0.26806640625,-0.15405273437
1726236075378.3435,-0.97863769531,0.26806640625,-0.15405273437
1726236075387.1985,-0.97863769531,0.26806640625,-0.15405273437
1726236075395.9617,-0.97863769531,0.26806640625,-0.15405273437
1726236075404.7559,-0.97863769531,0.26806640625,-0.15405273437
1726236075413.4275,-0.97863769531,0.26806640625,-0.15405273437
1726236075422.252,-0.97863769531,0.26806640625,-0.15405273437
1726236075435.626,-0.97863769531,0.26806640625,-0.15405273437
1726236075455.5955,-0.98217773437,0.26831054687,-0.15515136718
1726236075475.7175,-0.98217773437,0.26831054687,-0.15515136718
1726236075495.748,-0.98217773437,0.26831054687,-0.15515136718
1726236075515.7175,-0.98217773437,0.26831054687,-0.15515136718
1726236075535.5955,-0.97863769531,0.26733398437,-0.16088867187
1726236075555.748,-0.97863769531,0.26733398437,-0.16088867187
1726236075575.7483,-0.97863769531,0.26733398437,-0.16088867187
1726236075595.7483,-0.97863769531,0.26733398437,-0.16088867187
1726236075615.5955,-0.97497558593,0.26489257812,-0.16052246093
1726236075635.748,-0.97497558593,0.26489257812,-0.16052246093
1726236075655.7175,-0.97497558593,0.26489257812,-0.16052246093
1726236075675.7175,-0.97497558593,0.26489257812,-0.16052246093
1726236075695.5955,-0.97216796875,0.26574707031,-0.16345214843
1726236075715.748,-0.97216796875,0.26574707031,-0.16345214843
1726236075735.748,-0.97216796875,0.26574707031,-0.16345214843
1726236075755.748,-0.97216796875,0.26574707031,-0.16345214843
1726236075775.5955,-0.97180175781,0.26721191406,-0.17102050781
1726236075795.748,-0.97180175781,0.26721191406,-0.17102050781
1726236075815.748,-0.97180175781,0.26721191406,-0.17102050781
1726236075835.7483,-0.97180175781,0.26721191406,-0.17102050781
1726236075855.626,-0.9716796875,0.27001953125,-0.17663574218
1726236075875.748,-0.9716796875,0.27001953125,-0.17663574218
1726236075895.748,-0.9716796875,0.27001953125,-0.17663574218
1726236075915.7175,-0.9716796875,0.27001953125,-0.17663574218
1726236075935.626,-0.96752929687,0.27233886718,-0.17932128906
1726236075955.748,-0.96752929687,0.27233886718,-0.17932128906
1726236075975.748,-0.96752929687,0.27233886718,-0.17932128906
1726236075995.748,-0.96752929687,0.27233886718,-0.17932128906
1726236076015.5955,-0.96765136718,0.26928710937,-0.17639160156
1726236076035.7175,-0.96765136718,0.26928710937,-0.17639160156
1726236076055.748,-0.96765136718,0.26928710937,-0.17639160156
1726236076075.7788,-0.96765136718,0.26928710937,-0.17639160156
1726236076095.626,-0.96557617187,0.26574707031,-0.171875
1726236076115.748,-0.96557617187,0.26574707031,-0.171875
1726236076135.748,-0.96557617187,0.26574707031,-0.171875
1726236076155.7175,-0.96557617187,0.26574707031,-0.171875
1726236076175.5955,-0.96362304687,0.26928710937,-0.16870117187
1726236076195.7175,-0.96362304687,0.26928710937,-0.16870117187
1726236076215.748,-0.96362304687,0.26928710937,-0.16870117187
1726236076235.748,-0.96362304687,0.26928710937,-0.16870117187
1726236076255.5955,-0.97082519531,0.27282714843,-0.1650390625
1726236076275.7175,-0.97082519531,0.27282714843,-0.1650390625
1726236076295.7175,-0.97082519531,0.27282714843,-0.1650390625
1726236076315.748,-0.97082519531,0.27282714843,-0.1650390625
1726236076335.5955,-0.97131347656,0.27258300781,-0.16552734375
1726236076355.7175,-0.97131347656,0.27258300781,-0.16552734375
1726236076375.7175,-0.97131347656,0.27258300781,-0.16552734375
1726236076395.748,-0.97131347656,0.27258300781,-0.16552734375
1726236076415.5955,-0.96936035156,0.26525878906,-0.16577148437
1726236076435.748,-0.96936035156,0.26525878906,-0.16577148437
1726236076455.7175,-0.96936035156,0.26525878906,-0.16577148437
1726236076475.748,-0.96936035156,0.26525878906,-0.16577148437
1726236076495.5955,-0.96435546875,0.26281738281,-0.16796875
1726236076515.7175,-0.96435546875,0.26281738281,-0.16796875
1726236076535.748,-0.96435546875,0.26281738281,-0.16796875
1726236076555.7175,-0.96435546875,0.26281738281,-0.16796875
1726236076575.5955,-0.96826171875,0.26489257812,-0.16589355468
1726236076595.7175,-0.96826171875,0.26489257812,-0.16589355468
1726236076615.748,-0.96826171875,0.26489257812,-0.16589355468
1726236076635.7175,-0.96826171875,0.26489257812,-0.16589355468
1726236076655.5952,-0.96801757812,0.26159667968,-0.16284179687
1726236076675.7175,-0.96801757812,0.26159667968,-0.16284179687
1726236076695.7175,-0.96801757812,0.26159667968,-0.16284179687
1726236076715.748,-0.96801757812,0.26159667968,-0.16284179687
1726236076735.626,-0.96362304687,0.25903320312,-0.16137695312
1726236076755.7175,-0.96362304687,0.25903320312,-0.16137695312
1726236076775.7175,-0.96362304687,0.25903320312,-0.16137695312
1726236076795.748,-0.96362304687,0.25903320312,-0.16137695312
1726236076815.5955,-0.96899414062,0.25988769531,-0.16076660156
1726236076835.7483,-0.96899414062,0.25988769531,-0.16076660156
1726236076855.7175,-0.96899414062,0.25988769531,-0.16076660156
1726236076875.7175,-0.96899414062,0.25988769531,-0.16076660156
1726236076895.5952,-0.974609375,0.25720214843,-0.16455078125
1726236076915.748,-0.974609375,0.25720214843,-0.16455078125
1726236076935.7175,-0.974609375,0.25720214843,-0.16455078125
1726236076955.748,-0.974609375,0.25720214843,-0.16455078125
1726236076975.5955,-0.97607421875,0.25598144531,-0.16528320312
1726236076995.7175,-0.97607421875,0.25598144531,-0.16528320312
1726236077015.748,-0.97607421875,0.25598144531,-0.16528320312
1726236077035.748,-0.97607421875,0.25598144531,-0.16528320312
1726236077055.5955,-0.97583007812,0.25842285156,-0.1708984375
1726236077075.7483,-0.97583007812,0.25842285156,-0.1708984375
1726236077095.7175,-0.97583007812,0.25842285156,-0.1708984375
1726236077115.7175,-0.97583007812,0.25842285156,-0.1708984375
1726236077135.5952,-0.97253417968,0.25964355468,-0.17346191406
1726236077155.7175,-0.97253417968,0.25964355468,-0.17346191406
1726236077175.7175,-0.97253417968,0.25964355468,-0.17346191406
1726236077195.748,-0.97253417968,0.25964355468,-0.17346191406
1726236077215.626,-0.96997070312,0.26232910156,-0.16845703125
1726236077235.7175,-0.96997070312,0.26232910156,-0.16845703125
1726236077255.748,-0.96997070312,0.26232910156,-0.16845703125
1726236077275.7175,-0.96997070312,0.26232910156,-0.16845703125
1726236077295.5955,-0.96984863281,0.265625,-0.16821289062
1726236077315.748,-0.96984863281,0.265625,-0.16821289062
1726236077335.7483,-0.96984863281,0.265625,-0.16821289062
1726236077355.7175,-0.96984863281,0.265625,-0.16821289062
1726236077375.6255,-0.97082519531,0.26513671875,-0.16809082031
1726236077395.7175,-0.97082519531,0.26513671875,-0.16809082031
1726236077415.7175,-0.97082519531,0.26513671875,-0.16809082031
1726236077435.7175,-0.97082519531,0.26513671875,-0.16809082031
1726236077455.5955,-0.96704101562,0.26489257812,-0.16381835937
1726236077475.748,-0.96704101562,0.26489257812,-0.16381835937
1726236077495.748,-0.96704101562,0.26489257812,-0.16381835937
1726236077515.7175,-0.96704101562,0.26489257812,-0.16381835937
1726236077535.5955,-0.96533203125,0.26574707031,-0.16394042968
1726236077555.7175,-0.96533203125,0.26574707031,-0.16394042968
1726236077575.7483,-0.96533203125,0.26574707031,-0.16394042968
1726236077595.7483,-0.96533203125,0.26574707031,-0.16394042968
1726236077615.5955,-0.96350097656,0.26208496093,-0.16821289062
1726236077635.748,-0.96350097656,0.26208496093,-0.16821289062
1726236077655.748,-0.96350097656,0.26208496093,-0.16821289062
1726236077675.748,-0.96350097656,0.26208496093,-0.16821289062
1726236077695.626,-0.96154785156,0.25927734375,-0.16809082031
1726236077715.748,-0.96154785156,0.25927734375,-0.16809082031
1726236077735.748,-0.96154785156,0.25927734375,-0.16809082031
1726236077755.748,-0.96154785156,0.25927734375,-0.16809082031
1726236077775.626,-0.96801757812,0.25903320312,-0.17114257812
1726236077795.748,-0.96801757812,0.25903320312,-0.17114257812
1726236077815.748,-0.96801757812,0.25903320312,-0.17114257812
1726236077835.7483,-0.96801757812,0.25903320312,-0.17114257812
1726236077855.5955,-0.966796875,0.26403808593,-0.17150878906
1726236077875.748,-0.966796875,0.26403808593,-0.17150878906
1726236077895.748,-0.966796875,0.26403808593,-0.17150878906
1726236077915.7175,-0.966796875,0.26403808593,-0.17150878906
1726236077935.626,-0.96838378906,0.27270507812,-0.17065429687
1726236077955.748,-0.96838378906,0.27270507812,-0.17065429687
1726236077975.748,-0.96838378906,0.27270507812,-0.17065429687
1726236077995.748,-0.96838378906,0.27270507812,-0.17065429687
1726236078015.5955,-0.97290039062,0.27807617187,-0.20129394531
1726236078035.7175,-0.97290039062,0.27807617187,-0.20129394531
1726236078055.748,-0.97290039062,0.27807617187,-0.20129394531
1726236078075.7483,-0.97290039062,0.27807617187,-0.20129394531
1726236078095.5955,-0.97436523437,0.27917480468,-0.19287109375
1726236078115.748,-0.97436523437,0.27917480468,-0.19287109375
1726236078135.748,-0.97436523437,0.27917480468,-0.19287109375
1726236078155.7175,-0.97436523437,0.27917480468,-0.19287109375
1726236078175.626,-0.97082519531,0.27453613281,-0.17749023437
1726236078195.748,-0.97082519531,0.27453613281,-0.17749023437
1726236078215.748,-0.97082519531,0.27453613281,-0.17749023437
1726236078235.7175,-0.97082519531,0.27453613281,-0.17749023437
1726236078255.626,-0.96911621093,0.27233886718,-0.17028808593
1726236078275.748,-0.96911621093,0.27233886718,-0.17028808593
1726236078295.748,-0.96911621093,0.27233886718,-0.17028808593
1726236078315.748,-0.96911621093,0.27233886718,-0.17028808593
1726236078335.5955,-0.97155761718,0.27551269531,-0.16381835937
1726236078355.7175,-0.97155761718,0.27551269531,-0.16381835937
1726236078375.748,-0.97155761718,0.27551269531,-0.16381835937
1726236078395.7175,-0.97155761718,0.27551269531,-0.16381835937
1726236078415.5955,-0.97155761718,0.27282714843,-0.16284179687
1726236078435.748,-0.97155761718,0.27282714843,-0.16284179687
1726236078455.748,-0.97155761718,0.27282714843,-0.16284179687
1726236078475.748,-0.97155761718,0.27282714843,-0.16284179687
1726236078495.626,-0.96850585937,0.2705078125,-0.16662597656
1726236078515.748,-0.96850585937,0.2705078125,-0.16662597656
1726236078535.748,-0.96850585937,0.2705078125,-0.16662597656
1726236078555.7175,-0.96850585937,0.2705078125,-0.16662597656
1726236078575.5955,-0.96704101562,0.27465820312,-0.17565917968
1726236078595.7483,-0.96704101562,0.27465820312,-0.17565917968
1726236078615.7175,-0.96704101562,0.27465820312,-0.17565917968
1726236078635.7175,-0.96704101562,0.27465820312,-0.17565917968
1726236078655.626,-0.96740722656,0.27551269531,-0.17993164062
1726236078675.748,-0.96740722656,0.27551269531,-0.17993164062
1726236078695.748,-0.96740722656,0.27551269531,-0.17993164062
1726236078715.7175,-0.96740722656,0.27551269531,-0.17993164062
1726236078735.5955,-0.96752929687,0.2666015625,-0.1787109375
1726236078755.748,-0.96752929687,0.2666015625,-0.1787109375
1726236078775.748,-0.96752929687,0.2666015625,-0.1787109375
1726236078795.748,-0.96752929687,0.2666015625,-0.1787109375
1726236078815.626,-0.9697265625,0.25512695312,-0.17822265625
1726236078835.7483,-0.9697265625,0.25512695312,-0.17822265625
1726236078855.7483,-0.9697265625,0.25512695312,-0.17822265625
1726236078875.748,-0.9697265625,0.25512695312,-0.17822265625
1726236078895.626,-0.97387695312,0.25183105468,-0.17785644531
1726236078915.748,-0.97387695312,0.25183105468,-0.17785644531
1726236078935.7175,-0.97387695312,0.25183105468,-0.17785644531
1726236078955.748,-0.97387695312,0.25183105468,-0.17785644531
1726236078975.5955,-0.97265625,0.25549316406,-0.18200683593
1726236078995.7175,-0.97265625,0.25549316406,-0.18200683593
1726236079015.748,-0.97265625,0.25549316406,-0.18200683593
1726236079035.7175,-0.97265625,0.25549316406,-0.18200683593
1726236079055.5955,-0.97314453125,0.267578125,-0.18176269531
1726236079075.7483,-0.97314453125,0.267578125,-0.18176269531
1726236079095.7175,-0.97314453125,0.267578125,-0.18176269531
1726236079115.748,-0.97314453125,0.267578125,-0.18176269531
1726236079135.5952,-0.97131347656,0.27331542968,-0.18273925781
1726236079155.7175,-0.97131347656,0.27331542968,-0.18273925781
1726236079175.748,-0.97131347656,0.27331542968,-0.18273925781
1726236079195.748,-0.97131347656,0.27331542968,-0.18273925781
1726236079215.5955,-0.96520996093,0.267578125,-0.18115234375
1726236079235.748,-0.96520996093,0.267578125,-0.18115234375
1726236079255.7175,-0.96520996093,0.267578125,-0.18115234375
1726236079275.7175,-0.96520996093,0.267578125,-0.18115234375
1726236079295.5955,-0.96447753906,0.26501464843,-0.17724609375
1726236079315.748,-0.96447753906,0.26501464843,-0.17724609375
1726236079335.7483,-0.96447753906,0.26501464843,-0.17724609375
1726236079355.7175,-0.96447753906,0.26501464843,-0.17724609375
1726236079375.5952,-0.96520996093,0.263671875,-0.17541503906
1726236079395.748,-0.96520996093,0.263671875,-0.17541503906
1726236079415.748,-0.96520996093,0.263671875,-0.17541503906
1726236079435.7175,-0.96520996093,0.263671875,-0.17541503906
1726236079455.5955,-0.96862792968,0.26000976562,-0.17346191406
1726236079475.748,-0.96862792968,0.26000976562,-0.17346191406
1726236079495.748,-0.96862792968,0.26000976562,-0.17346191406
1726236079515.748,-0.96862792968,0.26000976562,-0.17346191406
1726236079535.626,-0.97021484375,0.25207519531,-0.17163085937
1726236079555.7175,-0.97021484375,0.25207519531,-0.17163085937
1726236079575.7175,-0.97021484375,0.25207519531,-0.17163085937
1726236079595.7175,-0.97021484375,0.25207519531,-0.17163085937
1726236079615.5955,-0.966796875,0.24731445312,-0.16552734375
1726236079635.7175,-0.966796875,0.24731445312,-0.16552734375
1726236079655.748,-0.966796875,0.24731445312,-0.16552734375
1726236079675.7175,-0.966796875,0.24731445312,-0.16552734375
1726236079695.5955,-0.96423339843,0.24719238281,-0.15954589843
1726236079715.7175,-0.96423339843,0.24719238281,-0.15954589843
1726236079735.7175,-0.96423339843,0.24719238281,-0.15954589843
1726236079755.748,-0.96423339843,0.24719238281,-0.15954589843
1726236079775.626,-0.96423339843,0.24719238281,-0.15954589843
1726236079795.748,-0.96423339843,0.24719238281,-0.15954589843
1726236079815.7175,-0.96423339843,0.24719238281,-0.15954589843
1726236079835.7175,-0.96423339843,0.24719238281,-0.15954589843
1726236079855.5955,-0.978515625,0.23376464843,-0.15063476562
1726236079875.7175,-0.978515625,0.23376464843,-0.15063476562
1726236079895.748,-0.978515625,0.23376464843,-0.15063476562
1726236079915.748,-0.978515625,0.23376464843,-0.15063476562
1726236079935.5955,-0.97802734375,0.23046875,-0.1484375
1726236079955.748,-0.97802734375,0.23046875,-0.1484375
1726236079975.7175,-0.97802734375,0.23046875,-0.1484375
1726236079995.748,-0.97802734375,0.23046875,-0.1484375
1726236080015.626,-0.97668457031,0.24560546875,-0.13903808593
1726236080035.7175,-0.97668457031,0.24560546875,-0.13903808593
1726236080055.7175,-0.97668457031,0.24560546875,-0.13903808593
1726236080075.7175,-0.97668457031,0.24560546875,-0.13903808593
1726236080095.5955,-0.97924804687,0.25573730468,-0.1357421875
1726236080115.748,-0.97924804687,0.25573730468,-0.1357421875
1726236080135.748,-0.97924804687,0.25573730468,-0.1357421875
1726236080155.748,-0.97924804687,0.25573730468,-0.1357421875
1726236080175.5955,-0.982421875,0.25524902343,-0.13732910156
1726236080195.748,-0.982421875,0.25524902343,-0.13732910156
1726236080215.7175,-0.982421875,0.25524902343,-0.13732910156
1726236080235.7175,-0.982421875,0.25524902343,-0.13732910156
1726236080255.626,-0.98498535156,0.24975585937,-0.1328125
1726236080275.748,-0.98498535156,0.24975585937,-0.1328125
1726236080295.7175,-0.98498535156,0.24975585937,-0.1328125
1726236080315.7175,-0.98498535156,0.24975585937,-0.1328125
1726236080335.5955,-0.97998046875,0.25354003906,-0.1337890625
1726236080355.7483,-0.97998046875,0.25354003906,-0.1337890625
1726236080375.748,-0.97998046875,0.25354003906,-0.1337890625
1726236080395.7175,-0.97998046875,0.25354003906,-0.1337890625
1726236080415.5955,-0.97033691406,0.26159667968,-0.13842773437
1726236080435.7175,-0.97033691406,0.26159667968,-0.13842773437
1726236080455.7175,-0.97033691406,0.26159667968,-0.13842773437
1726236080475.748,-0.97033691406,0.26159667968,-0.13842773437
1726236080495.5955,-0.97204589843,0.26940917968,-0.14379882812
1726236080515.748,-0.97204589843,0.26940917968,-0.14379882812
1726236080535.7175,-0.97204589843,0.26940917968,-0.14379882812
1726236080555.748,-0.97204589843,0.26940917968,-0.14379882812
1726236080575.5955,-0.96667480468,0.27099609375,-0.14831542968
1726236080595.7483,-0.96667480468,0.27099609375,-0.14831542968
1726236080615.748,-0.96667480468,0.27099609375,-0.14831542968
1726236080635.7175,-0.96667480468,0.27099609375,-0.14831542968
1726236080655.626,-0.96411132812,0.26867675781,-0.14831542968
1726236080675.748,-0.96411132812,0.26867675781,-0.14831542968
1726236080695.7175,-0.96411132812,0.26867675781,-0.14831542968
1726236080715.7175,-0.96411132812,0.26867675781,-0.14831542968
1726236080735.5955,-0.97229003906,0.27478027343,-0.1494140625
1726236080755.7175,-0.97229003906,0.27478027343,-0.1494140625
1726236080775.7175,-0.97229003906,0.27478027343,-0.1494140625
1726236080795.7175,-0.97229003906,0.27478027343,-0.1494140625
1726236080815.5955,-0.97497558593,0.27355957031,-0.15197753906
1726236080835.7175,-0.97497558593,0.27355957031,-0.15197753906
1726236080855.7483,-0.97497558593,0.27355957031,-0.15197753906
1726236080875.7175,-0.97497558593,0.27355957031,-0.15197753906
1726236080895.5952,-0.97424316406,0.26354980468,-0.15014648437
1726236080915.7175,-0.97424316406,0.26354980468,-0.15014648437
1726236080935.748,-0.97424316406,0.26354980468,-0.15014648437
1726236080955.748,-0.97424316406,0.26354980468,-0.15014648437
1726236080975.626,-0.96875,0.26416015625,-0.14709472656
1726236080995.748,-0.96875,0.26416015625,-0.14709472656
1726236081015.8704,-0.96875,0.26416015625,-0.14709472656
1726236081035.748,-0.96875,0.26416015625,-0.14709472656
1726236081055.5955,-0.96606445312,0.27795410156,-0.15405273437
1726236081075.7483,-0.96606445312,0.27795410156,-0.15405273437
1726236081095.7483,-0.96606445312,0.27795410156,-0.15405273437
1726236081115.748,-0.96606445312,0.27795410156,-0.15405273437
1726236081135.5952,-0.9638671875,0.29479980468,-0.16455078125
1726236081155.7175,-0.9638671875,0.29479980468,-0.16455078125
1726236081175.748,-0.9638671875,0.29479980468,-0.16455078125
1726236081195.748,-0.9638671875,0.29479980468,-0.16455078125
1726236081215.5955,-0.96179199218,0.3037109375,-0.17260742187
1726236081235.5955,-0.96179199218,0.3037109375,-0.17260742187
1726236081255.7175,-0.96179199218,0.3037109375,-0.17260742187
1726236081275.748,-0.96179199218,0.3037109375,-0.17260742187
1726236081295.626,-0.96704101562,0.29321289062,-0.16906738281
1726236081315.748,-0.96704101562,0.29321289062,-0.16906738281
1726236081335.7483,-0.96704101562,0.29321289062,-0.16906738281
1726236081355.7483,-0.96704101562,0.29321289062,-0.16906738281
1726236081375.6255,-0.97058105468,0.27490234375,-0.16015625
1726236081395.9006,-0.97058105468,0.27490234375,-0.16015625
1726236081415.748,-0.97058105468,0.27490234375,-0.16015625
1726236081435.7175,-0.97058105468,0.27490234375,-0.16015625
1726236081455.626,-0.97314453125,0.26623535156,-0.16430664062
1726236081475.748,-0.97314453125,0.26623535156,-0.16430664062
1726236081495.7175,-0.97314453125,0.26623535156,-0.16430664062
1726236081515.7175,-0.97314453125,0.26623535156,-0.16430664062
1726236081535.5955,-0.96423339843,0.27587890625,-0.16027832031
1726236081555.748,-0.96423339843,0.27587890625,-0.16027832031
1726236081575.7175,-0.96423339843,0.27587890625,-0.16027832031
1726236081595.7175,-0.96423339843,0.27587890625,-0.16027832031
1726236081615.626,-0.95886230468,0.27087402343,-0.15185546875
1726236081635.7175,-0.95886230468,0.27087402343,-0.15185546875
1726236081655.748,-0.95886230468,0.27087402343,-0.15185546875
1726236081675.7175,-0.95886230468,0.27087402343,-0.15185546875
1726236081695.5955,-0.96044921875,0.26025390625,-0.1552734375
1726236081715.7175,-0.96044921875,0.26025390625,-0.1552734375
1726236081735.748,-0.96044921875,0.26025390625,-0.1552734375
1726236081755.748,-0.96044921875,0.26025390625,-0.1552734375
1726236081775.5955,-0.96533203125,0.25952148437,-0.16101074218
1726236081795.7175,-0.96533203125,0.25952148437,-0.16101074218
1726236081815.748,-0.96533203125,0.25952148437,-0.16101074218
1726236081835.7483,-0.96533203125,0.25952148437,-0.16101074218
1726236081855.5955,-0.9697265625,0.26123046875,-0.15844726562
1726236081875.7175,-0.9697265625,0.26123046875,-0.15844726562
1726236081895.7175,-0.9697265625,0.26123046875,-0.15844726562
1726236081915.7175,-0.9697265625,0.26123046875,-0.15844726562
1726236081935.5955,-0.970703125,0.26086425781,-0.16040039062
1726236081955.748,-0.970703125,0.26086425781,-0.16040039062
1726236081975.748,-0.970703125,0.26086425781,-0.16040039062
1726236081995.7175,-0.970703125,0.26086425781,-0.16040039062
1726236082015.5955,-0.96911621093,0.26086425781,-0.16442871093
1726236082035.7175,-0.96911621093,0.26086425781,-0.16442871093
1726236082055.748,-0.96911621093,0.26086425781,-0.16442871093
1726236082075.7483,-0.96911621093,0.26086425781,-0.16442871093
1726236082095.5955,-0.97155761718,0.259765625,-0.1611328125
1726236082115.7175,-0.97155761718,0.259765625,-0.1611328125
1726236082135.748,-0.97155761718,0.259765625,-0.1611328125
1726236082155.809,-0.97155761718,0.259765625,-0.1611328125
1726236082175.5955,-0.97473144531,0.26135253906,-0.15747070312
1726236082195.7175,-0.97473144531,0.26135253906,-0.15747070312
1726236082215.748,-0.97473144531,0.26135253906,-0.15747070312
1726236082235.7175,-0.97473144531,0.26135253906,-0.15747070312
1726236082255.626,-0.97302246093,0.26208496093,-0.15576171875
1726236082275.748,-0.97302246093,0.26208496093,-0.15576171875
1726236082295.748,-0.97302246093,0.26208496093,-0.15576171875
1726236082315.7175,-0.97302246093,0.26208496093,-0.15576171875
1726236082335.626,-0.96911621093,0.26440429687,-0.16015625
1726236082355.7483,-0.96911621093,0.26440429687,-0.16015625
1726236082375.7175,-0.96911621093,0.26440429687,-0.16015625
1726236082395.7175,-0.96911621093,0.26440429687,-0.16015625
1726236082415.5955,-0.96520996093,0.26867675781,-0.16638183593
1726236082435.7175,-0.96520996093,0.26867675781,-0.16638183593
1726236082455.748,-0.96520996093,0.26867675781,-0.16638183593
1726236082475.7175,-0.96520996093,0.26867675781,-0.16638183593
1726236082495.626,-0.96447753906,0.27270507812,-0.15991210937
1726236082515.748,-0.96447753906,0.27270507812,-0.15991210937
1726236082535.7175,-0.96447753906,0.27270507812,-0.15991210937
1726236082555.748,-0.96447753906,0.27270507812,-0.15991210937
1726236082575.5955,-0.96936035156,0.27783203125,-0.14855957031
1726236082595.7483,-0.96936035156,0.27783203125,-0.14855957031
1726236082615.7175,-0.96936035156,0.27783203125,-0.14855957031
1726236082635.7175,-0.96936035156,0.27783203125,-0.14855957031
1726236082655.5952,-0.9716796875,0.27490234375,-0.14855957031
1726236082675.748,-0.9716796875,0.27490234375,-0.14855957031
1726236082695.7175,-0.9716796875,0.27490234375,-0.14855957031
1726236082715.748,-0.9716796875,0.27490234375,-0.14855957031
1726236082735.5955,-0.97058105468,0.27563476562,-0.15161132812
1726236082755.7175,-0.97058105468,0.27563476562,-0.15161132812
1726236082775.748,-0.97058105468,0.27563476562,-0.15161132812
1726236082795.748,-0.97058105468,0.27563476562,-0.15161132812
1726236082815.5955,-0.97009277343,0.27917480468,-0.15612792968
1726236082835.7175,-0.97009277343,0.27917480468,-0.15612792968
1726236082855.7175,-0.97009277343,0.27917480468,-0.15612792968
1726236082875.7175,-0.97009277343,0.27917480468,-0.15612792968
1726236082895.626,-0.9677734375,0.27661132812,-0.16027832031
1726236082915.748,-0.9677734375,0.27661132812,-0.16027832031
1726236082935.748,-0.9677734375,0.27661132812,-0.16027832031
1726236082955.7175,-0.9677734375,0.27661132812,-0.16027832031
1726236082975.626,-0.9677734375,0.27233886718,-0.16015625
1726236082995.748,-0.9677734375,0.27233886718,-0.16015625
1726236083015.7175,-0.9677734375,0.27233886718,-0.16015625
1726236083035.748,-0.9677734375,0.27233886718,-0.16015625
1726236083055.5955,-0.96875,0.27648925781,-0.15808105468
1726236083075.7175,-0.96875,0.27648925781,-0.15808105468
1726236083095.7175,-0.96875,0.27648925781,-0.15808105468
1726236083115.7175,-0.96875,0.27648925781,-0.15808105468
1726236083135.5952,-0.97033691406,0.28051757812,-0.15808105468
1726236083155.748,-0.97033691406,0.28051757812,-0.15808105468
1726236083175.748,-0.97033691406,0.28051757812,-0.15808105468
1726236083195.7175,-0.97033691406,0.28051757812,-0.15808105468
1726236083215.5955,-0.97314453125,0.27307128906,-0.16027832031
1726236083235.748,-0.97314453125,0.27307128906,-0.16027832031
1726236083255.7175,-0.97314453125,0.27307128906,-0.16027832031
1726236083275.7175,-0.97314453125,0.27307128906,-0.16027832031
1726236083295.5955,-0.97644042968,0.2685546875,-0.162109375
1726236083315.748,-0.97644042968,0.2685546875,-0.162109375
1726236083335.7483,-0.97644042968,0.2685546875,-0.162109375
1726236083355.7483,-0.97644042968,0.2685546875,-0.162109375
1726236083375.5952,-0.97827148437,0.26293945312,-0.15795898437
1726236083395.7175,-0.97827148437,0.26293945312,-0.15795898437
1726236083415.748,-0.97827148437,0.26293945312,-0.15795898437
1726236083435.748,-0.97827148437,0.26293945312,-0.15795898437
1726236083455.5955,-0.9736328125,0.26904296875,-0.16223144531
1726236083475.748,-0.9736328125,0.26904296875,-0.16223144531
1726236083495.748,-0.9736328125,0.26904296875,-0.16223144531
1726236083515.7175,-0.9736328125,0.26904296875,-0.16223144531
1726236083535.5955,-0.96630859375,0.26977539062,-0.16845703125
1726236083555.748,-0.96630859375,0.26977539062,-0.16845703125
1726236083575.7483,-0.96630859375,0.26977539062,-0.16845703125
1726236083595.7175,-0.96630859375,0.26977539062,-0.16845703125
1726236083615.5955,-0.96704101562,0.26293945312,-0.16711425781
1726236083635.7175,-0.96704101562,0.26293945312,-0.16711425781
1726236083655.7175,-0.96704101562,0.26293945312,-0.16711425781
1726236083675.748,-0.96704101562,0.26293945312,-0.16711425781
1726236083695.5955,-0.97058105468,0.26379394531,-0.17272949218
1726236083715.748,-0.97058105468,0.26379394531,-0.17272949218
1726236083735.748,-0.97058105468,0.26379394531,-0.17272949218
1726236083755.748,-0.97058105468,0.26379394531,-0.17272949218
1726236083775.626,-0.97216796875,0.26733398437,-0.1806640625
1726236083795.748,-0.97216796875,0.26733398437,-0.1806640625
1726236083815.748,-0.97216796875,0.26733398437,-0.1806640625
1726236083835.7483,-0.97216796875,0.26733398437,-0.1806640625
1726236083855.5955,-0.97399902343,0.27319335937,-0.18640136718
1726236083875.748,-0.97399902343,0.27319335937,-0.18640136718
1726236083895.7175,-0.97399902343,0.27319335937,-0.18640136718
1726236083915.7175,-0.97399902343,0.27319335937,-0.18640136718
1726236083935.5955,-0.97058105468,0.27587890625,-0.19116210937
1726236083955.7175,-0.97058105468,0.27587890625,-0.19116210937
1726236083975.748,-0.97058105468,0.27587890625,-0.19116210937
1726236083995.748,-0.97058105468,0.27587890625,-0.19116210937
1726236084015.626,-0.96911621093,0.27612304687,-0.18811035156
1726236084035.748,-0.96911621093,0.27612304687,-0.18811035156
1726236084055.748,-0.96911621093,0.27612304687,-0.18811035156
1726236084075.7483,-0.96911621093,0.27612304687,-0.18811035156
1726236084095.5955,-0.96936035156,0.27526855468,-0.1845703125
1726236084115.748,-0.96936035156,0.27526855468,-0.1845703125
1726236084135.7175,-0.96936035156,0.27526855468,-0.1845703125
1726236084155.748,-0.96936035156,0.27526855468,-0.1845703125
1726236084175.626,-0.96643066406,0.27685546875,-0.18298339843
1726236084195.748,-0.96643066406,0.27685546875,-0.18298339843
1726236084215.7175,-0.96643066406,0.27685546875,-0.18298339843
1726236084235.7175,-0.96643066406,0.27685546875,-0.18298339843
1726236084255.626,-0.96508789062,0.27661132812,-0.18127441406
1726236084275.748,-0.96508789062,0.27661132812,-0.18127441406
1726236084295.7175,-0.96508789062,0.27661132812,-0.18127441406
1726236084315.748,-0.96508789062,0.27661132812,-0.18127441406
1726236084335.5955,-0.96752929687,0.26916503906,-0.18249511718
1726236084355.7175,-0.96752929687,0.26916503906,-0.18249511718
1726236084375.748,-0.96752929687,0.26916503906,-0.18249511718
1726236084395.748,-0.96752929687,0.26916503906,-0.18249511718
1726236084415.626,-0.96765136718,0.26672363281,-0.18103027343
1726236084435.748,-0.96765136718,0.26672363281,-0.18103027343
1726236084455.7175,-0.96765136718,0.26672363281,-0.18103027343
1726236084475.7175,-0.96765136718,0.26672363281,-0.18103027343
1726236084495.5955,-0.96875,0.26977539062,-0.1708984375
1726236084515.7175,-0.96875,0.26977539062,-0.1708984375
1726236084535.748,-0.96875,0.26977539062,-0.1708984375
1726236084555.748,-0.96875,0.26977539062,-0.1708984375
1726236084575.5955,-0.97131347656,0.2763671875,-0.16101074218
1726236084595.7483,-0.97131347656,0.2763671875,-0.16101074218
1726236084615.748,-0.97131347656,0.2763671875,-0.16101074218
1726236084635.7175,-0.97131347656,0.2763671875,-0.16101074218
1726236084655.5952,-0.96728515625,0.28259277343,-0.1708984375
1726236084675.748,-0.96728515625,0.28259277343,-0.1708984375
1726236084695.748,-0.96728515625,0.28259277343,-0.1708984375
1726236084715.7175,-0.96728515625,0.28259277343,-0.1708984375
1726236084735.5955,-0.96850585937,0.28442382812,-0.18395996093
1726236084755.748,-0.96850585937,0.28442382812,-0.18395996093
1726236084775.748,-0.96850585937,0.28442382812,-0.18395996093
1726236084795.748,-0.96850585937,0.28442382812,-0.18395996093
1726236084815.5955,-0.97229003906,0.28112792968,-0.18273925781
1726236084835.7175,-0.97229003906,0.28112792968,-0.18273925781
1726236084855.7483,-0.97229003906,0.28112792968,-0.18273925781
1726236084875.7175,-0.97229003906,0.28112792968,-0.18273925781
1726236084895.626,-0.97094726562,0.28063964843,-0.18005371093
1726236084915.748,-0.97094726562,0.28063964843,-0.18005371093
1726236084935.7175,-0.97094726562,0.28063964843,-0.18005371093
1726236084955.7175,-0.97094726562,0.28063964843,-0.18005371093
1726236084975.5955,-0.96923828125,0.27624511718,-0.1767578125
1726236084995.7175,-0.96923828125,0.27624511718,-0.1767578125
1726236085015.748,-0.96923828125,0.27624511718,-0.1767578125
1726236085035.7175,-0.96923828125,0.27624511718,-0.1767578125
1726236085055.5955,-0.96838378906,0.26696777343,-0.17834472656
1726236085075.7483,-0.96838378906,0.26696777343,-0.17834472656
1726236085095.7175,-0.96838378906,0.26696777343,-0.17834472656
1726236085115.7175,-0.96838378906,0.26696777343,-0.17834472656
1726236085135.5952,-0.9658203125,0.263671875,-0.19104003906
1726236085155.7175,-0.9658203125,0.263671875,-0.19104003906
1726236085175.7175,-0.9658203125,0.263671875,-0.19104003906
1726236085195.7175,-0.9658203125,0.263671875,-0.19104003906
1726236085215.5955,-0.966796875,0.271484375,-0.18811035156
1726236085235.748,-0.966796875,0.271484375,-0.18811035156
1726236085255.7175,-0.966796875,0.271484375,-0.18811035156
1726236085275.748,-0.966796875,0.271484375,-0.18811035156
1726236085295.626,-0.96936035156,0.28234863281,-0.18774414062
1726236085315.748,-0.96936035156,0.28234863281,-0.18774414062
1726236085335.7175,-0.96936035156,0.28234863281,-0.18774414062
1726236085355.7483,-0.96936035156,0.28234863281,-0.18774414062
1726236085375.6255,-0.96752929687,0.28857421875,-0.19287109375
1726236085395.748,-0.96752929687,0.28857421875,-0.19287109375
1726236085415.7175,-0.96752929687,0.28857421875,-0.19287109375
1726236085435.7175,-0.96752929687,0.28857421875,-0.19287109375
1726236085455.5955,-0.96350097656,0.28405761718,-0.19934082031
1726236085475.7175,-0.96350097656,0.28405761718,-0.19934082031
1726236085495.748,-0.96350097656,0.28405761718,-0.19934082031
1726236085515.7175,-0.96350097656,0.28405761718,-0.19934082031
1726236085535.5955,-0.96362304687,0.28002929687,-0.19616699218
1726236085555.748,-0.96362304687,0.28002929687,-0.19616699218
1726236085575.7175,-0.96362304687,0.28002929687,-0.19616699218
1726236085595.7483,-0.96362304687,0.28002929687,-0.19616699218
1726236085615.5955,-0.96899414062,0.27600097656,-0.19152832031
1726236085635.7175,-0.96899414062,0.27600097656,-0.19152832031
1726236085655.748,-0.96899414062,0.27600097656,-0.19152832031
1726236085675.748,-0.96899414062,0.27600097656,-0.19152832031
1726236085695.5955,-0.96728515625,0.27307128906,-0.18627929687
1726236085715.7175,-0.96728515625,0.27307128906,-0.18627929687
1726236085735.748,-0.96728515625,0.27307128906,-0.18627929687
1726236085755.748,-0.96728515625,0.27307128906,-0.18627929687
1726236085775.5955,-0.96752929687,0.27160644531,-0.18591308593
1726236085795.748,-0.96752929687,0.27160644531,-0.18591308593
1726236085815.748,-0.96752929687,0.27160644531,-0.18591308593
1726236085835.7175,-0.96752929687,0.27160644531,-0.18591308593
1726236085855.5955,-0.9697265625,0.27001953125,-0.18774414062
1726236085875.748,-0.9697265625,0.27001953125,-0.18774414062
1726236085895.7175,-0.9697265625,0.27001953125,-0.18774414062
1726236085915.7175,-0.9697265625,0.27001953125,-0.18774414062
1726236085935.5955,-0.970703125,0.26916503906,-0.18762207031
1726236085955.809,-0.970703125,0.26916503906,-0.18762207031
1726236085975.748,-0.970703125,0.26916503906,-0.18762207031
1726236085995.7175,-0.970703125,0.26916503906,-0.18762207031
1726236086015.626,-0.97436523437,0.2646484375,-0.1865234375
1726236086035.748,-0.97436523437,0.2646484375,-0.1865234375
1726236086055.748,-0.97436523437,0.2646484375,-0.1865234375
1726236086075.7175,-0.97436523437,0.2646484375,-0.1865234375
1726236086095.5955,-0.97180175781,0.26049804687,-0.18383789062
1726236086115.748,-0.97180175781,0.26049804687,-0.18383789062
1726236086135.748,-0.97180175781,0.26049804687,-0.18383789062
1726236086155.748,-0.97180175781,0.26049804687,-0.18383789062
1726236086175.5955,-0.97277832031,0.25854492187,-0.18481445312
1726236086195.748,-0.97277832031,0.25854492187,-0.18481445312
1726236086215.7175,-0.97277832031,0.25854492187,-0.18481445312
1726236086235.7175,-0.97277832031,0.25854492187,-0.18481445312
1726236086255.5955,-0.97534179687,0.26489257812,-0.19348144531
1726236086275.7175,-0.97534179687,0.26489257812,-0.19348144531
1726236086295.7175,-0.97534179687,0.26489257812,-0.19348144531
1726236086315.748,-0.97534179687,0.26489257812,-0.19348144531
1726236086335.5955,-0.97021484375,0.27001953125,-0.19763183593
1726236086355.7175,-0.97021484375,0.27001953125,-0.19763183593
1726236086375.7175,-0.97021484375,0.27001953125,-0.19763183593
1726236086395.748,-0.97021484375,0.27001953125,-0.19763183593
1726236086415.5955,-0.96264648437,0.26916503906,-0.19006347656
1726236086435.7175,-0.96264648437,0.26916503906,-0.19006347656
1726236086455.748,-0.96264648437,0.26916503906,-0.19006347656
1726236086475.748,-0.96264648437,0.26916503906,-0.19006347656
1726236086495.626,-0.95910644531,0.27087402343,-0.19287109375
1726236086515.748,-0.95910644531,0.27087402343,-0.19287109375
1726236086535.748,-0.95910644531,0.27087402343,-0.19287109375
1726236086555.748,-0.95910644531,0.27087402343,-0.19287109375
1726236086575.5955,-0.96264648437,0.267578125,-0.19213867187
1726236086595.7483,-0.96264648437,0.267578125,-0.19213867187
1726236086615.748,-0.96264648437,0.267578125,-0.19213867187
1726236086635.7175,-0.96264648437,0.267578125,-0.19213867187
1726236086655.5952,-0.96960449218,0.26184082031,-0.17822265625
1726236086675.7175,-0.96960449218,0.26184082031,-0.17822265625
1726236086695.748,-0.96960449218,0.26184082031,-0.17822265625
1726236086715.7175,-0.96960449218,0.26184082031,-0.17822265625
1726236086735.5955,-0.97277832031,0.25598144531,-0.16955566406
1726236086755.7175,-0.97277832031,0.25598144531,-0.16955566406
1726236086775.748,-0.97277832031,0.25598144531,-0.16955566406
1726236086795.7175,-0.97277832031,0.25598144531,-0.16955566406
1726236086815.5955,-0.97521972656,0.24597167968,-0.16772460937
1726236086835.7483,-0.97521972656,0.24597167968,-0.16772460937
1726236086855.7483,-0.97521972656,0.24597167968,-0.16772460937
1726236086875.748,-0.97521972656,0.24597167968,-0.16772460937
1726236086895.626,-0.97082519531,0.24890136718,-0.17248535156
1726236086915.748,-0.97082519531,0.24890136718,-0.17248535156
1726236086935.7175,-0.97082519531,0.24890136718,-0.17248535156
1726236086955.7175,-0.97082519531,0.24890136718,-0.17248535156
1726236086975.626,-0.97338867187,0.24060058593,-0.17211914062
1726236086995.748,-0.97338867187,0.24060058593,-0.17211914062
1726236087015.7175,-0.97338867187,0.24060058593,-0.17211914062
1726236087035.748,-0.97338867187,0.24060058593,-0.17211914062
1726236087055.5955,-0.9755859375,0.24401855468,-0.17614746093
1726236087075.7483,-0.9755859375,0.24401855468,-0.17614746093
1726236087095.7175,-0.9755859375,0.24401855468,-0.17614746093
1726236087115.748,-0.9755859375,0.24401855468,-0.17614746093
1726236087135.5952,-0.97241210937,0.25610351562,-0.17907714843
1726236087155.748,-0.97241210937,0.25610351562,-0.17907714843
1726236087175.7175,-0.97241210937,0.25610351562,-0.17907714843
1726236087195.748,-0.97241210937,0.25610351562,-0.17907714843
1726236087215.5955,-0.96887207031,0.26062011718,-0.17932128906
1726236087235.748,-0.96887207031,0.26062011718,-0.17932128906
1726236087255.748,-0.96887207031,0.26062011718,-0.17932128906
1726236087275.748,-0.96887207031,0.26062011718,-0.17932128906
1726236087295.5955,-0.96923828125,0.2626953125,-0.18579101562
1726236087315.5955,-0.96923828125,0.2626953125,-0.18579101562
1726236087335.7483,-0.96923828125,0.2626953125,-0.18579101562
1726236087355.7483,-0.96923828125,0.2626953125,-0.18579101562
1726236087375.5952,-0.96850585937,0.26477050781,-0.18981933593
1726236087395.748,-0.96850585937,0.26477050781,-0.18981933593
1726236087415.748,-0.96850585937,0.26477050781,-0.18981933593
1726236087435.748,-0.96850585937,0.26477050781,-0.18981933593
1726236087455.5955,-0.96594238281,0.26684570312,-0.18334960937
1726236087475.7175,-0.96594238281,0.26684570312,-0.18334960937
1726236087495.7175,-0.96594238281,0.26684570312,-0.18334960937
1726236087515.7175,-0.96594238281,0.26684570312,-0.18334960937
1726236087535.5955,-0.97216796875,0.265625,-0.18347167968
1726236087555.7175,-0.97216796875,0.265625,-0.18347167968
1726236087575.7483,-0.97216796875,0.265625,-0.18347167968
1726236087595.7483,-0.97216796875,0.265625,-0.18347167968
1726236087615.5955,-0.97082519531,0.26306152343,-0.18249511718
1726236087635.748,-0.97082519531,0.26306152343,-0.18249511718
1726236087655.748,-0.97082519531,0.26306152343,-0.18249511718
1726236087675.748,-0.97082519531,0.26306152343,-0.18249511718
1726236087695.5955,-0.95874023437,0.2607421875,-0.18505859375
1726236087715.748,-0.95874023437,0.2607421875,-0.18505859375
1726236087735.7175,-0.95874023437,0.2607421875,-0.18505859375
1726236087755.748,-0.95874023437,0.2607421875,-0.18505859375
1726236087775.5955,-0.953125,0.2607421875,-0.189453125
1726236087795.748,-0.953125,0.2607421875,-0.189453125
1726236087815.748,-0.953125,0.2607421875,-0.189453125
1726236087835.7483,-0.953125,0.2607421875,-0.189453125
1726236087855.626,-0.95568847656,0.26391601562,-0.18737792968
1726236087875.7175,-0.95568847656,0.26391601562,-0.18737792968
1726236087895.7175,-0.95568847656,0.26391601562,-0.18737792968
1726236087915.7175,-0.95568847656,0.26391601562,-0.18737792968
1726236087935.5955,-0.96313476562,0.26318359375,-0.19165039062
1726236087955.748,-0.96313476562,0.26318359375,-0.19165039062
1726236087975.748,-0.96313476562,0.26318359375,-0.19165039062
1726236087995.748,-0.96313476562,0.26318359375,-0.19165039062
1726236088015.5955,-0.96765136718,0.26086425781,-0.19140625
1726236088035.7175,-0.96765136718,0.26086425781,-0.19140625
1726236088055.748,-0.96765136718,0.26086425781,-0.19140625
1726236088075.7483,-0.96765136718,0.26086425781,-0.19140625
1726236088095.5955,-0.96875,0.259765625,-0.19348144531
1726236088115.7175,-0.96875,0.259765625,-0.19348144531
1726236088135.748,-0.96875,0.259765625,-0.19348144531
1726236088155.7175,-0.96875,0.259765625,-0.19348144531
1726236088175.626,-0.97241210937,0.26342773437,-0.19750976562
1726236088195.748,-0.97241210937,0.26342773437,-0.19750976562
1726236088215.809,-0.97241210937,0.26342773437,-0.19750976562
1726236088235.7175,-0.97241210937,0.26342773437,-0.19750976562
1726236088255.5955,-0.97412109375,0.27233886718,-0.19323730468
1726236088275.7175,-0.97412109375,0.27233886718,-0.19323730468
1726236088295.748,-0.97412109375,0.27233886718,-0.19323730468
1726236088315.748,-0.97412109375,0.27233886718,-0.19323730468
1726236088335.5955,-0.96862792968,0.27551269531,-0.19006347656
1726236088355.7483,-0.96862792968,0.27551269531,-0.19006347656
1726236088375.748,-0.96862792968,0.27551269531,-0.19006347656
1726236088395.748,-0.96862792968,0.27551269531,-0.19006347656
1726236088415.626,-0.96398925781,0.27392578125,-0.19079589843
1726236088435.7175,-0.96398925781,0.27392578125,-0.19079589843
1726236088455.748,-0.96398925781,0.27392578125,-0.19079589843
1726236088475.748,-0.96398925781,0.27392578125,-0.19079589843
1726236088495.5955,-0.96594238281,0.27209472656,-0.18688964843
1726236088515.7175,-0.96594238281,0.27209472656,-0.18688964843
1726236088535.748,-0.96594238281,0.27209472656,-0.18688964843
1726236088555.748,-0.96594238281,0.27209472656,-0.18688964843
1726236088575.5955,-0.96899414062,0.26708984375,-0.18298339843
1726236088595.7175,-0.96899414062,0.26708984375,-0.18298339843
1726236088615.748,-0.96899414062,0.26708984375,-0.18298339843
1726236088635.7175,-0.96899414062,0.26708984375,-0.18298339843
1726236088655.5952,-0.9716796875,0.25903320312,-0.18444824218
1726236088675.748,-0.9716796875,0.25903320312,-0.18444824218
1726236088695.748,-0.9716796875,0.25903320312,-0.18444824218
1726236088715.7175,-0.9716796875,0.25903320312,-0.18444824218
1726236088735.5955,-0.97375488281,0.25988769531,-0.18395996093
1726236088755.748,-0.97375488281,0.25988769531,-0.18395996093
1726236088775.748,-0.97375488281,0.25988769531,-0.18395996093
1726236088795.7175,-0.97375488281,0.25988769531,-0.18395996093
1726236088815.5955,-0.97155761718,0.26342773437,-0.19104003906
1726236088835.7175,-0.97155761718,0.26342773437,-0.19104003906
1726236088855.7483,-0.97155761718,0.26342773437,-0.19104003906
1726236088875.748,-0.97155761718,0.26342773437,-0.19104003906
1726236088895.5952,-0.97058105468,0.26721191406,-0.19543457031
1726236088915.748,-0.97058105468,0.26721191406,-0.19543457031
1726236088935.748,-0.97058105468,0.26721191406,-0.19543457031
1726236088955.7175,-0.97058105468,0.26721191406,-0.19543457031
1726236088975.626,-0.96691894531,0.26892089843,-0.1943359375
1726236088995.748,-0.96691894531,0.26892089843,-0.1943359375
1726236089015.7175,-0.96691894531,0.26892089843,-0.1943359375
1726236089035.748,-0.96691894531,0.26892089843,-0.1943359375
1726236089055.5955,-0.96008300781,0.27490234375,-0.18957519531
1726236089075.7175,-0.96008300781,0.27490234375,-0.18957519531
1726236089095.7483,-0.96008300781,0.27490234375,-0.18957519531
1726236089115.7175,-0.96008300781,0.27490234375,-0.18957519531
1726236089135.5952,-0.96105957031,0.27770996093,-0.18530273437
1726236089155.7175,-0.96105957031,0.27770996093,-0.18530273437
1726236089175.748,-0.96105957031,0.27770996093,-0.18530273437
1726236089195.748,-0.96105957031,0.27770996093,-0.18530273437
1726236089215.626,-0.95837402343,0.28015136718,-0.18957519531
1726236089235.748,-0.95837402343,0.28015136718,-0.18957519531
1726236089255.7175,-0.95837402343,0.28015136718,-0.18957519531
1726236089275.748,-0.95837402343,0.28015136718,-0.18957519531
1726236089295.5955,-0.95397949218,0.28845214843,-0.19677734375
1726236089315.748,-0.95397949218,0.28845214843,-0.19677734375
1726236089335.7483,-0.95397949218,0.28845214843,-0.19677734375
1726236089355.7175,-0.95397949218,0.28845214843,-0.19677734375
1726236089375.5952,-0.955078125,0.28723144531,-0.2001953125
1726236089395.748,-0.955078125,0.28723144531,-0.2001953125
1726236089415.748,-0.955078125,0.28723144531,-0.2001953125
1726236089435.7175,-0.955078125,0.28723144531,-0.2001953125
1726236089455.5955,-0.95666503906,0.27624511718,-0.19763183593
1726236089475.748,-0.95666503906,0.27624511718,-0.19763183593
1726236089495.748,-0.95666503906,0.27624511718,-0.19763183593
1726236089515.748,-0.95666503906,0.27624511718,-0.19763183593
1726236089535.5955,-0.96154785156,0.26684570312,-0.1943359375
1726236089555.748,-0.96154785156,0.26684570312,-0.1943359375
1726236089575.7483,-0.96154785156,0.26684570312,-0.1943359375
1726236089595.7175,-0.96154785156,0.26684570312,-0.1943359375
1726236089615.5955,-0.96691894531,0.26257324218,-0.19482421875
1726236089635.748,-0.96691894531,0.26257324218,-0.19482421875
1726236089655.748,-0.96691894531,0.26257324218,-0.19482421875
1726236089675.7175,-0.96691894531,0.26257324218,-0.19482421875
1726236089695.626,-0.96838378906,0.26574707031,-0.19604492187
1726236089715.748,-0.96838378906,0.26574707031,-0.19604492187
1726236089735.748,-0.96838378906,0.26574707031,-0.19604492187
1726236089755.748,-0.96838378906,0.26574707031,-0.19604492187
1726236089775.5955,-0.97009277343,0.26928710937,-0.19567871093
1726236089795.748,-0.97009277343,0.26928710937,-0.19567871093
1726236089815.748,-0.97009277343,0.26928710937,-0.19567871093
1726236089835.7483,-0.97009277343,0.26928710937,-0.19567871093
1726236089855.5955,-0.97192382812,0.27099609375,-0.20373535156
1726236089875.748,-0.97192382812,0.27099609375,-0.20373535156
1726236089895.7175,-0.97192382812,0.27099609375,-0.20373535156
1726236089915.748,-0.97192382812,0.27099609375,-0.20373535156
1726236089935.5955,-0.96765136718,0.27282714843,-0.21691894531
1726236089955.7175,-0.96765136718,0.27282714843,-0.21691894531
1726236089975.748,-0.96765136718,0.27282714843,-0.21691894531
1726236089995.748,-0.96765136718,0.27282714843,-0.21691894531
1726236090015.5955,-0.96142578125,0.27880859375,-0.20959472656
1726236090035.7175,-0.96142578125,0.27880859375,-0.20959472656
1726236090055.748,-0.96142578125,0.27880859375,-0.20959472656
1726236090075.7483,-0.96142578125,0.27880859375,-0.20959472656
1726236090095.5955,-0.96069335937,0.28588867187,-0.19775390625
1726236090115.748,-0.96069335937,0.28588867187,-0.19775390625
1726236090135.748,-0.96069335937,0.28588867187,-0.19775390625
1726236090155.748,-0.96069335937,0.28588867187,-0.19775390625
1726236090175.5955,-0.95922851562,0.28076171875,-0.19958496093
1726236090195.748,-0.95922851562,0.28076171875,-0.19958496093
1726236090215.748,-0.95922851562,0.28076171875,-0.19958496093
1726236090235.748,-0.95922851562,0.28076171875,-0.19958496093
1726236090255.626,-0.95751953125,0.2763671875,-0.20043945312
1726236090275.748,-0.95751953125,0.2763671875,-0.20043945312
1726236090295.748,-0.95751953125,0.2763671875,-0.20043945312
1726236090315.7175,-0.95751953125,0.2763671875,-0.20043945312
1726236090335.626,-0.95983886718,0.27429199218,-0.19982910156
1726236090355.7483,-0.95983886718,0.27429199218,-0.19982910156
1726236090375.7175,-0.95983886718,0.27429199218,-0.19982910156
1726236090395.748,-0.95983886718,0.27429199218,-0.19982910156
1726236090415.5955,-0.96643066406,0.2734375,-0.19775390625
1726236090435.7175,-0.96643066406,0.2734375,-0.19775390625
1726236090455.748,-0.96643066406,0.2734375,-0.19775390625
1726236090475.748,-0.96643066406,0.2734375,-0.19775390625
1726236090495.5955,-0.96508789062,0.27600097656,-0.19543457031
1726236090515.7175,-0.96508789062,0.27600097656,-0.19543457031
1726236090535.748,-0.96508789062,0.27600097656,-0.19543457031
1726236090555.748,-0.96508789062,0.27600097656,-0.19543457031
1726236090575.5955,-0.96447753906,0.27307128906,-0.19848632812
1726236090595.7483,-0.96447753906,0.27307128906,-0.19848632812
1726236090615.7175,-0.96447753906,0.27307128906,-0.19848632812
1726236090635.7175,-0.96447753906,0.27307128906,-0.19848632812
1726236090655.5952,-0.96618652343,0.27685546875,-0.20092773437
1726236090675.7175,-0.96618652343,0.27685546875,-0.20092773437
1726236090695.7175,-0.96618652343,0.27685546875,-0.20092773437
1726236090715.748,-0.96618652343,0.27685546875,-0.20092773437
1726236090735.5955,-0.96801757812,0.27758789062,-0.19995117187
1726236090755.748,-0.96801757812,0.27758789062,-0.19995117187
1726236090775.748,-0.96801757812,0.27758789062,-0.19995117187
1726236090795.748,-0.96801757812,0.27758789062,-0.19995117187
1726236090815.5955,-0.96472167968,0.27478027343,-0.19848632812
1726236090835.7483,-0.96472167968,0.27478027343,-0.19848632812
1726236090855.7175,-0.96472167968,0.27478027343,-0.19848632812
1726236090875.748,-0.96472167968,0.27478027343,-0.19848632812
1726236090895.626,-0.96118164062,0.27880859375,-0.19787597656
1726236090915.748,-0.96118164062,0.27880859375,-0.19787597656
1726236090935.748,-0.96118164062,0.27880859375,-0.19787597656
1726236090955.748,-0.96118164062,0.27880859375,-0.19787597656
1726236090975.626,-0.95629882812,0.27746582031,-0.19750976562
1726236090995.748,-0.95629882812,0.27746582031,-0.19750976562
1726236091015.748,-0.95629882812,0.27746582031,-0.19750976562
1726236091035.7175,-0.95629882812,0.27746582031,-0.19750976562
1726236091055.5955,-0.95825195312,0.27160644531,-0.1962890625
1726236091075.7483,-0.95825195312,0.27160644531,-0.1962890625
1726236091095.7175,-0.95825195312,0.27160644531,-0.1962890625
1726236091115.7175,-0.95825195312,0.27160644531,-0.1962890625
1726236091135.6255,-0.96533203125,0.27514648437,-0.19262695312
1726236091155.748,-0.96533203125,0.27514648437,-0.19262695312
1726236091175.748,-0.96533203125,0.27514648437,-0.19262695312
1726236091195.7175,-0.96533203125,0.27514648437,-0.19262695312
1726236091215.5955,-0.96667480468,0.27893066406,-0.19189453125
1726236091235.748,-0.96667480468,0.27893066406,-0.19189453125
1726236091255.7175,-0.96667480468,0.27893066406,-0.19189453125
1726236091275.901,-0.96667480468,0.27893066406,-0.19189453125
1726236091295.626,-0.96203613281,0.27856445312,-0.19677734375
1726236091315.7175,-0.96203613281,0.27856445312,-0.19677734375
1726236091335.7483,-0.96203613281,0.27856445312,-0.19677734375
1726236091355.7483,-0.96203613281,0.27856445312,-0.19677734375
1726236091375.5952,-0.9619140625,0.27954101562,-0.19396972656
1726236091395.748,-0.9619140625,0.27954101562,-0.19396972656
1726236091415.748,-0.9619140625,0.27954101562,-0.19396972656
1726236091435.7175,-0.9619140625,0.27954101562,-0.19396972656
1726236091455.626,-0.9619140625,0.28723144531,-0.19250488281
1726236091475.748,-0.9619140625,0.28723144531,-0.19250488281
1726236091495.7175,-0.9619140625,0.28723144531,-0.19250488281
1726236091515.748,-0.9619140625,0.28723144531,-0.19250488281
1726236091535.626,-0.9619140625,0.29602050781,-0.20129394531
1726236091555.7175,-0.9619140625,0.29602050781,-0.20129394531
1726236091575.7483,-0.9619140625,0.29602050781,-0.20129394531
1726236091595.7483,-0.9619140625,0.29602050781,-0.20129394531
1726236091615.626,-0.96496582031,0.28759765625,-0.20532226562
1726236091635.748,-0.96496582031,0.28759765625,-0.20532226562
1726236091655.7783,-0.96496582031,0.28759765625,-0.20532226562
1726236091675.7175,-0.96496582031,0.28759765625,-0.20532226562
1726236091695.626,-0.96643066406,0.27331542968,-0.20617675781
1726236091715.7175,-0.96643066406,0.27331542968,-0.20617675781
1726236091735.748,-0.96643066406,0.27331542968,-0.20617675781
1726236091755.748,-0.96643066406,0.27331542968,-0.20617675781
1726236091775.5955,-0.96508789062,0.2666015625,-0.20141601562
1726236091795.7175,-0.96508789062,0.2666015625,-0.20141601562
1726236091815.748,-0.96508789062,0.2666015625,-0.20141601562
1726236091835.7483,-0.96508789062,0.2666015625,-0.20141601562
1726236091855.5955,-0.96032714843,0.27075195312,-0.19714355468
1726236091875.748,-0.96032714843,0.27075195312,-0.19714355468
1726236091895.748,-0.96032714843,0.27075195312,-0.19714355468
1726236091915.748,-0.96032714843,0.27075195312,-0.19714355468
1726236091935.5955,-0.96118164062,0.27478027343,-0.20556640625
1726236091955.7175,-0.96118164062,0.27478027343,-0.20556640625
1726236091975.748,-0.96118164062,0.27478027343,-0.20556640625
1726236091995.748,-0.96118164062,0.27478027343,-0.20556640625
1726236092015.5955,-0.96154785156,0.27563476562,-0.21252441406
1726236092035.748,-0.96154785156,0.27563476562,-0.21252441406
1726236092055.748,-0.96154785156,0.27563476562,-0.21252441406
1726236092075.7175,-0.96154785156,0.27563476562,-0.21252441406
1726236092095.626,-0.95861816406,0.27807617187,-0.21276855468
1726236092115.748,-0.95861816406,0.27807617187,-0.21276855468
1726236092135.748,-0.95861816406,0.27807617187,-0.21276855468
1726236092155.748,-0.95861816406,0.27807617187,-0.21276855468
1726236092175.5955,-0.95727539062,0.28088378906,-0.22058105468
1726236092195.748,-0.95727539062,0.28088378906,-0.22058105468
1726236092215.7175,-0.95727539062,0.28088378906,-0.22058105468
1726236092235.748,-0.95727539062,0.28088378906,-0.22058105468
1726236092255.5955,-0.94909667968,0.28784179687,-0.21337890625
1726236092275.748,-0.94909667968,0.28784179687,-0.21337890625
1726236092295.748,-0.94909667968,0.28784179687,-0.21337890625
1726236092315.748,-0.94909667968,0.28784179687,-0.21337890625
1726236092335.5955,-0.95593261718,0.28381347656,-0.20471191406
1726236092355.7483,-0.95593261718,0.28381347656,-0.20471191406
1726236092375.7175,-0.95593261718,0.28381347656,-0.20471191406
1726236092395.748,-0.95593261718,0.28381347656,-0.20471191406
1726236092415.5955,-0.96325683593,0.27880859375,-0.21325683593
1726236092435.748,-0.96325683593,0.27880859375,-0.21325683593
1726236092455.748,-0.96325683593,0.27880859375,-0.21325683593
1726236092475.7175,-0.96325683593,0.27880859375,-0.21325683593
1726236092495.5955,-0.96154785156,0.27856445312,-0.21618652343
1726236092515.748,-0.96154785156,0.27856445312,-0.21618652343
1726236092535.748,-0.96154785156,0.27856445312,-0.21618652343
1726236092555.7175,-0.96154785156,0.27856445312,-0.21618652343
1726236092575.5955,-0.96166992187,0.2763671875,-0.21228027343
1726236092595.7483,-0.96166992187,0.2763671875,-0.21228027343
1726236092615.7175,-0.96166992187,0.2763671875,-0.21228027343
1726236092635.748,-0.96166992187,0.2763671875,-0.21228027343
1726236092655.5952,-0.96594238281,0.27844238281,-0.21472167968
1726236092675.7175,-0.96594238281,0.27844238281,-0.21472167968
1726236092695.7175,-0.96594238281,0.27844238281,-0.21472167968
1726236092715.748,-0.96594238281,0.27844238281,-0.21472167968
1726236092735.5955,-0.96691894531,0.28247070312,-0.21789550781
1726236092755.748,-0.96691894531,0.28247070312,-0.21789550781
1726236092775.748,-0.96691894531,0.28247070312,-0.21789550781
1726236092795.748,-0.96691894531,0.28247070312,-0.21789550781
1726236092815.626,-0.96630859375,0.28125,-0.21520996093
1726236092835.7483,-0.96630859375,0.28125,-0.21520996093
1726236092855.7175,-0.96630859375,0.28125,-0.21520996093
1726236092875.748,-0.96630859375,0.28125,-0.21520996093
1726236092895.5952,-0.96398925781,0.27966308593,-0.21704101562
1726236092915.748,-0.96398925781,0.27966308593,-0.21704101562
1726236092935.748,-0.96398925781,0.27966308593,-0.21704101562
1726236092955.748,-0.96398925781,0.27966308593,-0.21704101562
1726236092975.626,-0.962890625,0.28625488281,-0.22009277343
1726236092995.7175,-0.962890625,0.28625488281,-0.22009277343
1726236093015.748,-0.962890625,0.28625488281,-0.22009277343
1726236093035.7175,-0.962890625,0.28625488281,-0.22009277343
1726236093055.626,-0.96655273437,0.28405761718,-0.21520996093
1726236093075.7483,-0.96655273437,0.28405761718,-0.21520996093
1726236093095.7483,-0.96655273437,0.28405761718,-0.21520996093
1726236093115.748,-0.96655273437,0.28405761718,-0.21520996093
1726236093135.5952,-0.96813964843,0.28100585937,-0.21081542968
1726236093155.748,-0.96813964843,0.28100585937,-0.21081542968
1726236093175.7175,-0.96813964843,0.28100585937,-0.21081542968
1726236093195.7175,-0.96813964843,0.28100585937,-0.21081542968
1726236093215.5955,-0.96374511718,0.28369140625,-0.20874023437
1726236093235.7175,-0.96374511718,0.28369140625,-0.20874023437
1726236093255.748,-0.96374511718,0.28369140625,-0.20874023437
1726236093275.748,-0.96374511718,0.28369140625,-0.20874023437
1726236093295.626,-0.96179199218,0.27770996093,-0.20471191406
1726236093315.748,-0.96179199218,0.27770996093,-0.20471191406
1726236093335.7175,-0.96179199218,0.27770996093,-0.20471191406
1726236093355.7483,-0.96179199218,0.27770996093,-0.20471191406
1726236093375.5952,-0.9638671875,0.28430175781,-0.21215820312
1726236093395.7175,-0.9638671875,0.28430175781,-0.21215820312
1726236093415.748,-0.9638671875,0.28430175781,-0.21215820312
1726236093435.5955,-0.9638671875,0.28430175781,-0.21215820312
1726236093455.626,-0.96276855468,0.298828125,-0.21459960937
1726236093475.748,-0.96276855468,0.298828125,-0.21459960937
1726236093495.748,-0.96276855468,0.298828125,-0.21459960937
1726236093515.7175,-0.96276855468,0.298828125,-0.21459960937
1726236093535.626,-0.955078125,0.29406738281,-0.20532226562
1726236093555.7175,-0.955078125,0.29406738281,-0.20532226562
1726236093575.7175,-0.955078125,0.29406738281,-0.20532226562
1726236093595.7483,-0.955078125,0.29406738281,-0.20532226562
1726236093615.626,-0.95458984375,0.28247070312,-0.19787597656
1726236093635.748,-0.95458984375,0.28247070312,-0.19787597656
1726236093655.748,-0.95458984375,0.28247070312,-0.19787597656
1726236093675.748,-0.95458984375,0.28247070312,-0.19787597656
1726236093695.5955,-0.95849609375,0.28125,-0.19018554687
1726236093715.748,-0.95849609375,0.28125,-0.19018554687
1726236093735.7175,-0.95849609375,0.28125,-0.19018554687
1726236093755.7175,-0.95849609375,0.28125,-0.19018554687
1726236093775.5955,-0.95825195312,0.27966308593,-0.18237304687
1726236093795.748,-0.95825195312,0.27966308593,-0.18237304687
1726236093815.748,-0.95825195312,0.27966308593,-0.18237304687
1726236093835.7483,-0.95825195312,0.27966308593,-0.18237304687
1726236093855.5955,-0.96228027343,0.27795410156,-0.177734375
1726236093875.7175,-0.96228027343,0.27795410156,-0.177734375
1726236093895.748,-0.96228027343,0.27795410156,-0.177734375
1726236093915.7175,-0.96228027343,0.27795410156,-0.177734375
1726236093935.5955,-0.96411132812,0.27807617187,-0.18603515625
1726236093955.748,-0.96411132812,0.27807617187,-0.18603515625
1726236093975.7175,-0.96411132812,0.27807617187,-0.18603515625
1726236093995.748,-0.96411132812,0.27807617187,-0.18603515625
1726236094015.626,-0.96337890625,0.2783203125,-0.19152832031
1726236094035.748,-0.96337890625,0.2783203125,-0.19152832031
1726236094055.748,-0.96337890625,0.2783203125,-0.19152832031
1726236094075.7483,-0.96337890625,0.2783203125,-0.19152832031
1726236094095.5955,-0.96264648437,0.28356933593,-0.18212890625
1726236094115.7175,-0.96264648437,0.28356933593,-0.18212890625
1726236094135.7175,-0.96264648437,0.28356933593,-0.18212890625
1726236094155.7175,-0.96264648437,0.28356933593,-0.18212890625
1726236094175.626,-0.96008300781,0.28381347656,-0.18188476562
1726236094195.7175,-0.96008300781,0.28381347656,-0.18188476562
1726236094215.748,-0.96008300781,0.28381347656,-0.18188476562
1726236094235.7175,-0.96008300781,0.28381347656,-0.18188476562
1726236094255.5955,-0.96105957031,0.28918457031,-0.18176269531
1726236094275.748,-0.96105957031,0.28918457031,-0.18176269531
1726236094295.748,-0.96105957031,0.28918457031,-0.18176269531
1726236094315.7175,-0.96105957031,0.28918457031,-0.18176269531
1726236094335.626,-0.96252441406,0.28552246093,-0.17236328125
1726236094355.7175,-0.96252441406,0.28552246093,-0.17236328125
1726236094375.748,-0.96252441406,0.28552246093,-0.17236328125
1726236094395.748,-0.96252441406,0.28552246093,-0.17236328125
1726236094415.5955,-0.95910644531,0.26916503906,-0.16577148437
1726236094435.7175,-0.95910644531,0.26916503906,-0.16577148437
1726236094455.748,-0.95910644531,0.26916503906,-0.16577148437
1726236094475.7175,-0.95910644531,0.26916503906,-0.16577148437
1726236094495.5955,-0.96057128906,0.2802734375,-0.17419433593
1726236094515.7175,-0.96057128906,0.2802734375,-0.17419433593
1726236094535.748,-0.96057128906,0.2802734375,-0.17419433593
1726236094555.7175,-0.96057128906,0.2802734375,-0.17419433593
1726236094575.5955,-0.96435546875,0.29699707031,-0.18237304687
1726236094595.7483,-0.96435546875,0.29699707031,-0.18237304687
1726236094615.748,-0.96435546875,0.29699707031,-0.18237304687
1726236094635.748,-0.96435546875,0.29699707031,-0.18237304687
1726236094655.5952,-0.96203613281,0.29943847656,-0.17980957031
1726236094675.7175,-0.96203613281,0.29943847656,-0.17980957031
1726236094695.7175,-0.96203613281,0.29943847656,-0.17980957031
1726236094715.7175,-0.96203613281,0.29943847656,-0.17980957031
1726236094735.5955,-0.96301269531,0.29956054687,-0.17980957031
1726236094755.7175,-0.96301269531,0.29956054687,-0.17980957031
1726236094775.748,-0.96301269531,0.29956054687,-0.17980957031
1726236094795.748,-0.96301269531,0.29956054687,-0.17980957031
1726236094815.626,-1.0166015625,0.3798828125,-0.24438476562
1726236094835.7483,-1.0166015625,0.3798828125,-0.24438476562
1726236094855.7175,-1.0166015625,0.3798828125,-0.24438476562
1726236094875.748,-1.0166015625,0.3798828125,-0.24438476562
1726236094895.5952,-1.05932617187,0.2255859375,-0.48193359375
1726236094915.748,-1.05932617187,0.2255859375,-0.48193359375
1726236094935.748,-1.05932617187,0.2255859375,-0.48193359375
1726236094955.7175,-1.05932617187,0.2255859375,-0.48193359375
1726236094975.5955,-0.97192382812,0.07556152343,0.09631347656
1726236094995.748,-0.97192382812,0.07556152343,0.09631347656
1726236095015.7175,-0.97192382812,0.07556152343,0.09631347656
1726236095035.748,-0.97192382812,0.07556152343,0.09631347656
1726236095055.5955,-1.07385253906,0.09301757812,0.59741210937
1726236095075.7175,-1.07385253906,0.09301757812,0.59741210937
1726236095095.7483,-1.07385253906,0.09301757812,0.59741210937
1726236095115.7175,-1.07385253906,0.09301757812,0.59741210937
1726236095135.6255,-1.21423339843,-0.46887207031,0.70703125
1726236095155.748,-1.21423339843,-0.46887207031,0.70703125
1726236095175.748,-1.21423339843,-0.46887207031,0.70703125
1726236095195.7175,-1.21423339843,-0.46887207031,0.70703125
1726236095215.626,-1.37976074218,-0.26196289062,1.01879882812
1726236095235.748,-1.37976074218,-0.26196289062,1.01879882812
1726236095255.7175,-1.37976074218,-0.26196289062,1.01879882812
1726236095275.748,-1.37976074218,-0.26196289062,1.01879882812
1726236095295.626,-1.25268554687,-0.74633789062,0.80236816406
1726236095315.7175,-1.25268554687,-0.74633789062,0.80236816406
1726236095335.7483,-1.25268554687,-0.74633789062,0.80236816406
1726236095355.7483,-1.25268554687,-0.74633789062,0.80236816406
1726236095375.5952,-0.62536621093,-0.34814453125,0.84643554687
1726236095395.748,-0.62536621093,-0.34814453125,0.84643554687
1726236095415.748,-0.62536621093,-0.34814453125,0.84643554687
1726236095435.7175,-0.62536621093,-0.34814453125,0.84643554687
1726236095455.809,-0.4599609375,0.77282714843,0.546875
1726236095475.7175,-0.4599609375,0.77282714843,0.546875
1726236095495.7175,-0.4599609375,0.77282714843,0.546875
1726236095515.7175,-0.4599609375,0.77282714843,0.546875
1726236095535.626,-0.78515625,0.1796875,0.60119628906
1726236095555.748,-0.78515625,0.1796875,0.60119628906
1726236095575.7175,-0.78515625,0.1796875,0.60119628906
1726236095595.7175,-0.78515625,0.1796875,0.60119628906
1726236095615.626,-1.01184082031,0.8212890625,0.70678710937
1726236095635.7175,-1.01184082031,0.8212890625,0.70678710937
1726236095655.748,-1.01184082031,0.8212890625,0.70678710937
1726236095675.748,-1.01184082031,0.8212890625,0.70678710937
1726236095695.626,-0.92687988281,0.78479003906,0.228515625
1726236095715.748,-0.92687988281,0.78479003906,0.228515625
1726236095735.7175,-0.92687988281,0.78479003906,0.228515625
1726236095755.748,-0.92687988281,0.78479003906,0.228515625
1726236095775.626,-0.90161132812,0.43371582031,0.24853515625
1726236095795.748,-0.90161132812,0.43371582031,0.24853515625
1726236095815.748,-0.90161132812,0.43371582031,0.24853515625
1726236095835.7175,-0.90161132812,0.43371582031,0.24853515625
1726236095855.626,-0.86596679687,0.16418457031,0.24523925781
1726236095875.748,-0.86596679687,0.16418457031,0.24523925781
1726236095895.7175,-0.86596679687,0.16418457031,0.24523925781
1726236095915.7175,-0.86596679687,0.16418457031,0.24523925781
1726236095935.626,-0.75451660156,0.47741699218,0.46667480468
1726236095955.7175,-0.75451660156,0.47741699218,0.46667480468
1726236095975.7175,-0.75451660156,0.47741699218,0.46667480468
1726236095995.748,-0.75451660156,0.47741699218,0.46667480468
1726236096015.626,-0.84851074218,0.43579101562,0.25
1726236096035.748,-0.84851074218,0.43579101562,0.25
1726236096055.748,-0.84851074218,0.43579101562,0.25
1726236096075.7175,-0.84851074218,0.43579101562,0.25
1726236096095.5955,-1.04248046875,-0.19543457031,0.07495117187
1726236096115.7175,-1.04248046875,-0.19543457031,0.07495117187
1726236096135.748,-1.04248046875,-0.19543457031,0.07495117187
1726236096155.748,-1.04248046875,-0.19543457031,0.07495117187
1726236096175.626,-1.19128417968,-0.12194824218,0.28820800781
1726236096195.748,-1.19128417968,-0.12194824218,0.28820800781
1726236096215.748,-1.19128417968,-0.12194824218,0.28820800781
1726236096235.748,-1.19128417968,-0.12194824218,0.28820800781
1726236096255.626,-1.17834472656,-0.58801269531,0.22827148437
1726236096275.7175,-1.17834472656,-0.58801269531,0.22827148437
1726236096295.748,-1.17834472656,-0.58801269531,0.22827148437
1726236096315.7175,-1.17834472656,-0.58801269531,0.22827148437
1726236096335.626,-1.11804199218,-0.08508300781,-0.05712890625
1726236096355.7483,-1.11804199218,-0.08508300781,-0.05712890625
1726236096375.748,-1.11804199218,-0.08508300781,-0.05712890625
1726236096395.748,-1.11804199218,-0.08508300781,-0.05712890625
1726236096415.626,-1.12951660156,0.49035644531,-0.45703125
1726236096435.7175,-1.12951660156,0.49035644531,-0.45703125
1726236096455.748,-1.12951660156,0.49035644531,-0.45703125
1726236096475.748,-1.12951660156,0.49035644531,-0.45703125
1726236096495.626,-1.14221191406,-0.08557128906,-0.12866210937
1726236096515.748,-1.14221191406,-0.08557128906,-0.12866210937
1726236096535.7175,-1.14221191406,-0.08557128906,-0.12866210937
1726236096555.748,-1.14221191406,-0.08557128906,-0.12866210937
1726236096575.626,-1.07409667968,0.43896484375,0.37048339843
1726236096595.7175,-1.07409667968,0.43896484375,0.37048339843
1726236096615.7175,-1.07409667968,0.43896484375,0.37048339843
1726236096635.748,-1.07409667968,0.43896484375,0.37048339843
1726236096655.626,-0.96728515625,0.72119140625,0.2509765625
1726236096675.7175,-0.96728515625,0.72119140625,0.2509765625
1726236096695.7175,-0.96728515625,0.72119140625,0.2509765625
1726236096715.748,-0.96728515625,0.72119140625,0.2509765625
1726236096735.626,-1.04052734375,0.33166503906,0.33813476562
1726236096755.7175,-1.04052734375,0.33166503906,0.33813476562
1726236096775.748,-1.04052734375,0.33166503906,0.33813476562
1726236096795.7175,-1.04052734375,0.33166503906,0.33813476562
1726236096815.626,-1.18310546875,0.50952148437,0.52258300781
1726236096835.7175,-1.18310546875,0.50952148437,0.52258300781
1726236096855.7483,-1.18310546875,0.50952148437,0.52258300781
1726236096875.7175,-1.18310546875,0.50952148437,0.52258300781
1726236096895.626,-1.1640625,0.1943359375,0.34582519531
1726236096915.748,-1.1640625,0.1943359375,0.34582519531
1726236096935.748,-1.1640625,0.1943359375,0.34582519531
1726236096955.748,-1.1640625,0.1943359375,0.34582519531
1726236096975.5955,-0.955078125,0.79443359375,0.05712890625
1726236096995.748,-0.955078125,0.79443359375,0.05712890625
1726236097015.7175,-0.955078125,0.79443359375,0.05712890625
1726236097035.7175,-0.955078125,0.79443359375,0.05712890625
1726236097055.626,-0.86169433593,1.14611816406,-0.00256347656
1726236097075.7483,-0.86169433593,1.14611816406,-0.00256347656
1726236097095.7175,-0.86169433593,1.14611816406,-0.00256347656
1726236097115.7175,-0.86169433593,1.14611816406,-0.00256347656
1726236097135.6255,-1.01208496093,1.07385253906,-0.13037109375
1726236097155.748,-1.01208496093,1.07385253906,-0.13037109375
1726236097175.748,-1.01208496093,1.07385253906,-0.13037109375
1726236097195.7175,-1.01208496093,1.07385253906,-0.13037109375
1726236097215.626,-1.08117675781,1.12463378906,-0.33801269531
1726236097235.7175,-1.08117675781,1.12463378906,-0.33801269531
1726236097255.7175,-1.08117675781,1.12463378906,-0.33801269531
1726236097275.748,-1.08117675781,1.12463378906,-0.33801269531
1726236097295.626,-1.00817871093,0.45617675781,-0.26293945312
1726236097315.7175,-1.00817871093,0.45617675781,-0.26293945312
1726236097335.7483,-1.00817871093,0.45617675781,-0.26293945312
1726236097355.7175,-1.00817871093,0.45617675781,-0.26293945312
1726236097375.7783,-1.00329589843,0.43103027343,-0.26538085937
1726236097395.748,-1.00329589843,0.43103027343,-0.26538085937
1726236097415.748,-1.00329589843,0.43103027343,-0.26538085937
1726236097435.7175,-1.00329589843,0.43103027343,-0.26538085937
1726236097455.626,-1.0166015625,0.34436035156,-0.28015136718
1726236097475.7175,-1.0166015625,0.34436035156,-0.28015136718
1726236097495.748,-1.0166015625,0.34436035156,-0.28015136718
1726236097515.748,-1.0166015625,0.34436035156,-0.28015136718
1726236097535.626,-1.0009765625,0.26135253906,-0.14758300781
1726236097555.748,-1.0009765625,0.26135253906,-0.14758300781
1726236097575.7175,-1.0009765625,0.26135253906,-0.14758300781
1726236097595.7483,-1.0009765625,0.26135253906,-0.14758300781
1726236097615.5955,-0.96374511718,0.26000976562,-0.13342285156
1726236097635.7175,-0.96374511718,0.26000976562,-0.13342285156
1726236097655.748,-0.96374511718,0.26000976562,-0.13342285156
1726236097675.7175,-0.96374511718,0.26000976562,-0.13342285156
1726236097695.626,-0.96801757812,0.27709960937,-0.14868164062
1726236097715.748,-0.96801757812,0.27709960937,-0.14868164062
1726236097735.7783,-0.96801757812,0.27709960937,-0.14868164062
1726236097755.748,-0.96801757812,0.27709960937,-0.14868164062
1726236097775.626,-0.97302246093,0.27673339843,-0.18615722656
1726236097795.7175,-0.97302246093,0.27673339843,-0.18615722656
1726236097815.7175,-0.97302246093,0.27673339843,-0.18615722656
1726236097835.7483,-0.97302246093,0.27673339843,-0.18615722656
1726236097855.5955,-0.97338867187,0.28479003906,-0.19934082031
1726236097875.748,-0.97338867187,0.28479003906,-0.19934082031
1726236097895.7175,-0.97338867187,0.28479003906,-0.19934082031
1726236097915.7175,-0.97338867187,0.28479003906,-0.19934082031
1726236097935.626,-0.97351074218,0.28552246093,-0.17736816406
1726236097955.748,-0.97351074218,0.28552246093,-0.17736816406
1726236097975.7175,-0.97351074218,0.28552246093,-0.17736816406
1726236097995.748,-0.97351074218,0.28552246093,-0.17736816406
1726236098015.626,-0.97253417968,0.275390625,-0.15881347656
1726236098035.7175,-0.97253417968,0.275390625,-0.15881347656
1726236098055.7175,-0.97253417968,0.275390625,-0.15881347656
1726236098075.7175,-0.97253417968,0.275390625,-0.15881347656
1726236098095.626,-0.97106933593,0.26965332031,-0.154296875
1726236098115.748,-0.97106933593,0.26965332031,-0.154296875
1726236098135.748,-0.97106933593,0.26965332031,-0.154296875
1726236098155.748,-0.97106933593,0.26965332031,-0.154296875
1726236098175.626,-0.97033691406,0.25964355468,-0.16467285156
1726236098195.748,-0.97033691406,0.25964355468,-0.16467285156
1726236098215.748,-0.97033691406,0.25964355468,-0.16467285156
1726236098235.7175,-0.97033691406,0.25964355468,-0.16467285156
1726236098255.626,-0.96789550781,0.2529296875,-0.1748046875
1726236098275.7175,-0.96789550781,0.2529296875,-0.1748046875
1726236098295.7175,-0.96789550781,0.2529296875,-0.1748046875
1726236098315.748,-0.96789550781,0.2529296875,-0.1748046875
1726236098335.626,-0.96887207031,0.25805664062,-0.17004394531
1726236098355.7175,-0.96887207031,0.25805664062,-0.17004394531
1726236098375.748,-0.96887207031,0.25805664062,-0.17004394531
1726236098395.748,-0.96887207031,0.25805664062,-0.17004394531
1726236098415.626,-0.97033691406,0.263671875,-0.16369628906
1726236098435.748,-0.97033691406,0.263671875,-0.16369628906
1726236098455.7175,-0.97033691406,0.263671875,-0.16369628906
1726236098475.748,-0.97033691406,0.263671875,-0.16369628906
1726236098495.626,-0.96997070312,0.26525878906,-0.16394042968
1726236098515.748,-0.96997070312,0.26525878906,-0.16394042968
1726236098535.748,-0.96997070312,0.26525878906,-0.16394042968
1726236098555.7175,-0.96997070312,0.26525878906,-0.16394042968
1726236098575.626,-0.97399902343,0.2607421875,-0.16296386718
1726236098595.7483,-0.97399902343,0.2607421875,-0.16296386718
1726236098615.748,-0.97399902343,0.2607421875,-0.16296386718
1726236098635.7175,-0.97399902343,0.2607421875,-0.16296386718
1726236098655.626,-0.97375488281,0.25549316406,-0.16247558593
1726236098675.748,-0.97375488281,0.25549316406,-0.16247558593
1726236098695.748,-0.97375488281,0.25549316406,-0.16247558593
1726236098715.7175,-0.97375488281,0.25549316406,-0.16247558593
1726236098735.626,-0.97155761718,0.25622558593,-0.16540527343
1726236098755.748,-0.97155761718,0.25622558593,-0.16540527343
1726236098775.748,-0.97155761718,0.25622558593,-0.16540527343
1726236098795.7175,-0.97155761718,0.25622558593,-0.16540527343
1726236098815.626,-0.96850585937,0.26062011718,-0.1708984375
1726236098835.7483,-0.96850585937,0.26062011718,-0.1708984375
1726236098855.7483,-0.96850585937,0.26062011718,-0.1708984375
1726236098875.748,-0.96850585937,0.26062011718,-0.1708984375
1726236098895.626,-0.96496582031,0.26794433593,-0.17456054687
1726236098915.748,-0.96496582031,0.26794433593,-0.17456054687
1726236098935.748,-0.96496582031,0.26794433593,-0.17456054687
1726236098955.7175,-0.96496582031,0.26794433593,-0.17456054687
1726236098975.626,-0.96752929687,0.27038574218,-0.169921875
1726236098995.7175,-0.96752929687,0.27038574218,-0.169921875
1726236099015.748,-0.96752929687,0.27038574218,-0.169921875
1726236099035.748,-0.96752929687,0.27038574218,-0.169921875
1726236099055.626,-0.97180175781,0.26623535156,-0.16259765625
1726236099075.7483,-0.97180175781,0.26623535156,-0.16259765625
1726236099095.7483,-0.97180175781,0.26623535156,-0.16259765625
1726236099115.748,-0.97180175781,0.26623535156,-0.16259765625
1726236099135.6255,-0.9716796875,0.2685546875,-0.16650390625
1726236099155.748,-0.9716796875,0.2685546875,-0.16650390625
1726236099175.748,-0.9716796875,0.2685546875,-0.16650390625
1726236099195.7175,-0.9716796875,0.2685546875,-0.16650390625
1726236099215.626,-0.96960449218,0.27685546875,-0.16833496093
1726236099235.748,-0.96960449218,0.27685546875,-0.16833496093
1726236099255.7175,-0.96960449218,0.27685546875,-0.16833496093
1726236099275.748,-0.96960449218,0.27685546875,-0.16833496093
1726236099295.626,-0.97277832031,0.27758789062,-0.15869140625
1726236099315.748,-0.97277832031,0.27758789062,-0.15869140625
1726236099335.7483,-0.97277832031,0.27758789062,-0.15869140625
1726236099355.7483,-0.97277832031,0.27758789062,-0.15869140625
1726236099375.6255,-0.97131347656,0.27416992187,-0.15686035156
1726236099395.748,-0.97131347656,0.27416992187,-0.15686035156
1726236099415.7175,-0.97131347656,0.27416992187,-0.15686035156
1726236099435.748,-0.97131347656,0.27416992187,-0.15686035156
1726236099455.626,-0.96838378906,0.28149414062,-0.15551757812
1726236099475.748,-0.96838378906,0.28149414062,-0.15551757812
1726236099495.7175,-0.96838378906,0.28149414062,-0.15551757812
1726236099515.5955,-0.96838378906,0.28149414062,-0.15551757812
1726236099535.626,-0.97119140625,0.28393554687,-0.15270996093
1726236099555.7175,-0.97119140625,0.28393554687,-0.15270996093
1726236099575.7175,-0.97119140625,0.28393554687,-0.15270996093
1726236099595.7175,-0.97119140625,0.28393554687,-0.15270996093
1726236099615.626,-0.97448730468,0.27465820312,-0.15356445312
1726236099635.748,-0.97448730468,0.27465820312,-0.15356445312
1726236099655.748,-0.97448730468,0.27465820312,-0.15356445312
1726236099675.748,-0.97448730468,0.27465820312,-0.15356445312
1726236099695.626,-0.97509765625,0.26513671875,-0.15600585937
1726236099715.7175,-0.97509765625,0.26513671875,-0.15600585937
1726236099735.7175,-0.97509765625,0.26513671875,-0.15600585937
1726236099755.7175,-0.97509765625,0.26513671875,-0.15600585937
1726236099775.626,-0.97534179687,0.26379394531,-0.16345214843
1726236099795.7175,-0.97534179687,0.26379394531,-0.16345214843
1726236099815.748,-0.97534179687,0.26379394531,-0.16345214843
1726236099835.7483,-0.97534179687,0.26379394531,-0.16345214843
1726236099855.626,-0.97546386718,0.26635742187,-0.17211914062
1726236099875.748,-0.97546386718,0.26635742187,-0.17211914062
1726236099895.748,-0.97546386718,0.26635742187,-0.17211914062
1726236099915.7175,-0.97546386718,0.26635742187,-0.17211914062
1726236099935.5955,-0.96508789062,0.26745605468,-0.17309570312
1726236099955.748,-0.96508789062,0.26745605468,-0.17309570312
1726236099975.748,-0.96508789062,0.26745605468,-0.17309570312
1726236099995.748,-0.96508789062,0.26745605468,-0.17309570312
1726236100015.7783,-0.95715332031,0.27221679687,-0.1796875
1726236100035.748,-0.95715332031,0.27221679687,-0.1796875
1726236100055.748,-0.95715332031,0.27221679687,-0.1796875
1726236100075.7175,-0.95715332031,0.27221679687,-0.1796875
1726236100095.626,-0.96594238281,0.27124023437,-0.18383789062
1726236100115.748,-0.96594238281,0.27124023437,-0.18383789062
1726236100135.7175,-0.96594238281,0.27124023437,-0.18383789062
1726236100155.7175,-0.96594238281,0.27124023437,-0.18383789062
1726236100175.626,-0.97314453125,0.265625,-0.17749023437
1726236100195.7175,-0.97314453125,0.265625,-0.17749023437
1726236100215.748,-0.97314453125,0.265625,-0.17749023437
1726236100235.7175,-0.97314453125,0.265625,-0.17749023437
1726236100255.5955,-0.9765625,0.26818847656,-0.17236328125
1726236100275.7175,-0.9765625,0.26818847656,-0.17236328125
1726236100295.748,-0.9765625,0.26818847656,-0.17236328125
1726236100315.748,-0.9765625,0.26818847656,-0.17236328125
1726236100335.626,-0.97912597656,0.27355957031,-0.16577148437
1726236100355.7483,-0.97912597656,0.27355957031,-0.16577148437
1726236100375.748,-0.97912597656,0.27355957031,-0.16577148437
1726236100395.748,-0.97912597656,0.27355957031,-0.16577148437
1726236100415.626,-0.97827148437,0.27404785156,-0.16796875
1726236100435.748,-0.97827148437,0.27404785156,-0.16796875
1726236100455.748,-0.97827148437,0.27404785156,-0.16796875
1726236100475.748,-0.97827148437,0.27404785156,-0.16796875
1726236100495.626,-0.9736328125,0.27624511718,-0.17736816406
1726236100515.748,-0.9736328125,0.27624511718,-0.17736816406
1726236100535.748,-0.9736328125,0.27624511718,-0.17736816406
1726236100555.748,-0.9736328125,0.27624511718,-0.17736816406
1726236100575.626,-0.96948242187,0.28674316406,-0.17749023437
1726236100595.7483,-0.96948242187,0.28674316406,-0.17749023437
1726236100615.7175,-0.96948242187,0.28674316406,-0.17749023437
1726236100635.748,-0.96948242187,0.28674316406,-0.17749023437
1726236100655.626,-0.96643066406,0.28540039062,-0.17456054687
1726236100675.748,-0.96643066406,0.28540039062,-0.17456054687
1726236100695.748,-0.96643066406,0.28540039062,-0.17456054687
1726236100715.748,-0.96643066406,0.28540039062,-0.17456054687
1726236100735.626,-0.96606445312,0.275390625,-0.17724609375
1726236100755.748,-0.96606445312,0.275390625,-0.17724609375
1726236100775.748,-0.96606445312,0.275390625,-0.17724609375
1726236100795.748,-0.96606445312,0.275390625,-0.17724609375
1726236100815.626,-0.96801757812,0.27905273437,-0.18273925781
1726236100835.7175,-0.96801757812,0.27905273437,-0.18273925781
1726236100855.7175,-0.96801757812,0.27905273437,-0.18273925781
1726236100875.7175,-0.96801757812,0.27905273437,-0.18273925781
1726236100895.626,-0.96887207031,0.28686523437,-0.18420410156
1726236100915.7175,-0.96887207031,0.28686523437,-0.18420410156
1726236100935.748,-0.96887207031,0.28686523437,-0.18420410156
1726236100955.7175,-0.96887207031,0.28686523437,-0.18420410156
1726236100975.626,-0.97033691406,0.28540039062,-0.18078613281
1726236100995.748,-0.97033691406,0.28540039062,-0.18078613281
1726236101015.748,-0.97033691406,0.28540039062,-0.18078613281
1726236101035.7175,-0.97033691406,0.28540039062,-0.18078613281
1726236101055.626,-0.97204589843,0.2763671875,-0.17395019531
1726236101075.7175,-0.97204589843,0.2763671875,-0.17395019531
1726236101095.7483,-0.97204589843,0.2763671875,-0.17395019531
1726236101115.748,-0.97204589843,0.2763671875,-0.17395019531
1726236101135.6255,-0.97180175781,0.26806640625,-0.16564941406
1726236101155.748,-0.97180175781,0.26806640625,-0.16564941406
1726236101175.7175,-0.97180175781,0.26806640625,-0.16564941406
1726236101195.748,-0.97180175781,0.26806640625,-0.16564941406
1726236101215.626,-0.97119140625,0.28125,-0.16162109375
1726236101235.7175,-0.97119140625,0.28125,-0.16162109375
1726236101255.748,-0.97119140625,0.28125,-0.16162109375
1726236101275.7175,-0.97119140625,0.28125,-0.16162109375
1726236101295.626,-0.97351074218,0.27661132812,-0.16394042968
1726236101315.748,-0.97351074218,0.27661132812,-0.16394042968
1726236101335.7483,-0.97351074218,0.27661132812,-0.16394042968
1726236101355.7483,-0.97351074218,0.27661132812,-0.16394042968
1726236101375.5952,-0.974609375,0.26916503906,-0.16821289062
1726236101395.7175,-0.974609375,0.26916503906,-0.16821289062
1726236101415.748,-0.974609375,0.26916503906,-0.16821289062
1726236101435.7175,-0.974609375,0.26916503906,-0.16821289062
1726236101455.626,-0.97302246093,0.26672363281,-0.16809082031
1726236101475.7175,-0.97302246093,0.26672363281,-0.16809082031
1726236101495.748,-0.97302246093,0.26672363281,-0.16809082031
1726236101515.7175,-0.97302246093,0.26672363281,-0.16809082031
1726236101535.5955,-0.97436523437,0.26977539062,-0.17004394531
1726236101555.748,-0.97436523437,0.26977539062,-0.17004394531
1726236101575.7175,-0.97436523437,0.26977539062,-0.17004394531
1726236101595.7483,-0.97436523437,0.26977539062,-0.17004394531
1726236101615.5955,-0.97290039062,0.27014160156,-0.17626953125
1726236101635.7175,-0.97290039062,0.27014160156,-0.17626953125
1726236101655.748,-0.97290039062,0.27014160156,-0.17626953125
1726236101675.7175,-0.97290039062,0.27014160156,-0.17626953125
1726236101695.626,-0.97216796875,0.27136230468,-0.17907714843
1726236101715.748,-0.97216796875,0.27136230468,-0.17907714843
1726236101735.7175,-0.97216796875,0.27136230468,-0.17907714843
1726236101755.7175,-0.97216796875,0.27136230468,-0.17907714843
1726236101775.626,-0.97497558593,0.27087402343,-0.17834472656
1726236101795.7175,-0.97497558593,0.27087402343,-0.17834472656
1726236101815.748,-0.97497558593,0.27087402343,-0.17834472656
1726236101835.7175,-0.97497558593,0.27087402343,-0.17834472656
1726236101855.626,-0.97424316406,0.27380371093,-0.17797851562
1726236101875.748,-0.97424316406,0.27380371093,-0.17797851562
1726236101895.7175,-0.97424316406,0.27380371093,-0.17797851562
1726236101915.809,-0.97424316406,0.27380371093,-0.17797851562
1726236101935.626,-0.97387695312,0.27722167968,-0.18200683593
1726236101955.7175,-0.97387695312,0.27722167968,-0.18200683593
1726236101975.748,-0.97387695312,0.27722167968,-0.18200683593
1726236101995.7175,-0.97387695312,0.27722167968,-0.18200683593
1726236102015.626,-0.97583007812,0.27258300781,-0.17980957031
1726236102035.748,-0.97583007812,0.27258300781,-0.17980957031
1726236102055.7175,-0.97583007812,0.27258300781,-0.17980957031
1726236102075.7175,-0.97583007812,0.27258300781,-0.17980957031
1726236102095.626,-0.97570800781,0.27038574218,-0.18078613281
1726236102115.748,-0.97570800781,0.27038574218,-0.18078613281
1726236102135.748,-0.97570800781,0.27038574218,-0.18078613281
1726236102155.748,-0.97570800781,0.27038574218,-0.18078613281
1726236102175.626,-0.974609375,0.26940917968,-0.18322753906
1726236102195.748,-0.974609375,0.26940917968,-0.18322753906
1726236102215.7175,-0.974609375,0.26940917968,-0.18322753906
1726236102235.748,-0.974609375,0.26940917968,-0.18322753906
1726236102255.626,-0.97192382812,0.26684570312,-0.18237304687
1726236102275.748,-0.97192382812,0.26684570312,-0.18237304687
1726236102295.7175,-0.97192382812,0.26684570312,-0.18237304687
1726236102315.7175,-0.97192382812,0.26684570312,-0.18237304687
1726236102335.626,-0.97180175781,0.26672363281,-0.18725585937
1726236102355.7175,-0.97180175781,0.26672363281,-0.18725585937
1726236102375.7175,-0.97180175781,0.26672363281,-0.18725585937
1726236102395.748,-0.97180175781,0.26672363281,-0.18725585937
1726236102415.626,-0.97485351562,0.265625,-0.18212890625
1726236102435.7175,-0.97485351562,0.265625,-0.18212890625
1726236102455.748,-0.97485351562,0.265625,-0.18212890625
1726236102475.748,-0.97485351562,0.265625,-0.18212890625
1726236102495.626,-0.97314453125,0.26196289062,-0.17553710937
1726236102515.748,-0.97314453125,0.26196289062,-0.17553710937
1726236102535.7175,-0.97314453125,0.26196289062,-0.17553710937
1726236102555.7175,-0.97314453125,0.26196289062,-0.17553710937
1726236102575.5955,-0.97131347656,0.25915527343,-0.17883300781
1726236102595.7483,-0.97131347656,0.25915527343,-0.17883300781
1726236102615.748,-0.97131347656,0.25915527343,-0.17883300781
1726236102635.7175,-0.97131347656,0.25915527343,-0.17883300781
1726236102655.626,-0.97143554687,0.26098632812,-0.17932128906
1726236102675.7175,-0.97143554687,0.26098632812,-0.17932128906
1726236102695.748,-0.97143554687,0.26098632812,-0.17932128906
1726236102715.7175,-0.97143554687,0.26098632812,-0.17932128906
1726236102735.626,-0.97265625,0.26501464843,-0.17846679687
1726236102755.7175,-0.97265625,0.26501464843,-0.17846679687
1726236102775.7175,-0.97265625,0.26501464843,-0.17846679687
1726236102795.748,-0.97265625,0.26501464843,-0.17846679687
1726236102815.626,-0.97204589843,0.26794433593,-0.18322753906
1726236102835.7175,-0.97204589843,0.26794433593,-0.18322753906
1726236102855.7175,-0.97204589843,0.26794433593,-0.18322753906
1726236102875.7175,-0.97204589843,0.26794433593,-0.18322753906
1726236102895.626,-0.97082519531,0.26818847656,-0.18237304687
1726236102915.748,-0.97082519531,0.26818847656,-0.18237304687
1726236102935.748,-0.97082519531,0.26818847656,-0.18237304687
1726236102955.748,-0.97082519531,0.26818847656,-0.18237304687
1726236102975.5955,-0.96740722656,0.26391601562,-0.18395996093
1726236102995.7175,-0.96740722656,0.26391601562,-0.18395996093
1726236103015.748,-0.96740722656,0.26391601562,-0.18395996093
1726236103035.7175,-0.96740722656,0.26391601562,-0.18395996093
1726236103055.5955,-0.97180175781,0.26538085937,-0.18579101562
1726236103075.7175,-0.97180175781,0.26538085937,-0.18579101562
1726236103095.7483,-0.97180175781,0.26538085937,-0.18579101562
1726236103115.748,-0.97180175781,0.26538085937,-0.18579101562
1726236103135.6255,-0.96960449218,0.26599121093,-0.19091796875
1726236103155.748,-0.96960449218,0.26599121093,-0.19091796875
1726236103175.748,-0.96960449218,0.26599121093,-0.19091796875
1726236103195.748,-0.96960449218,0.26599121093,-0.19091796875
1726236103215.626,-0.96240234375,0.2705078125,-0.19421386718
1726236103235.748,-0.96240234375,0.2705078125,-0.19421386718
1726236103255.748,-0.96240234375,0.2705078125,-0.19421386718
1726236103275.7175,-0.96240234375,0.2705078125,-0.19421386718
1726236103295.626,-0.95788574218,0.28405761718,-0.20520019531
1726236103315.7175,-0.95788574218,0.28405761718,-0.20520019531
1726236103335.7175,-0.95788574218,0.28405761718,-0.20520019531
1726236103355.7483,-0.95788574218,0.28405761718,-0.20520019531
1726236103375.6255,-0.95581054687,0.30285644531,-0.2197265625
1726236103395.748,-0.95581054687,0.30285644531,-0.2197265625
1726236103415.748,-0.95581054687,0.30285644531,-0.2197265625
1726236103435.748,-0.95581054687,0.30285644531,-0.2197265625
1726236103455.5955,-0.95593261718,0.31579589843,-0.21923828125
1726236103475.7175,-0.95593261718,0.31579589843,-0.21923828125
1726236103495.748,-0.95593261718,0.31579589843,-0.21923828125
1726236103515.748,-0.95593261718,0.31579589843,-0.21923828125
1726236103535.626,-0.95178222656,0.30822753906,-0.21484375
1726236103555.748,-0.95178222656,0.30822753906,-0.21484375
1726236103575.7175,-0.95178222656,0.30822753906,-0.21484375
1726236103595.7483,-0.95178222656,0.30822753906,-0.21484375
1726236103615.626,-0.95092773437,0.29956054687,-0.21276855468
1726236103635.7175,-0.95092773437,0.29956054687,-0.21276855468
1726236103655.748,-0.95092773437,0.29956054687,-0.21276855468
1726236103675.7175,-0.95092773437,0.29956054687,-0.21276855468
1726236103695.626,-0.95678710937,0.3017578125,-0.21069335937
1726236103715.7175,-0.95678710937,0.3017578125,-0.21069335937
1726236103735.748,-0.95678710937,0.3017578125,-0.21069335937
1726236103755.7175,-0.95678710937,0.3017578125,-0.21069335937
1726236103775.626,-0.95849609375,0.3017578125,-0.21179199218
1726236103795.7175,-0.95849609375,0.3017578125,-0.21179199218
1726236103815.748,-0.95849609375,0.3017578125,-0.21179199218
1726236103835.7175,-0.95849609375,0.3017578125,-0.21179199218
1726236103855.5955,-0.95715332031,0.29858398437,-0.20190429687
1726236103875.748,-0.95715332031,0.29858398437,-0.20190429687
1726236103895.748,-0.95715332031,0.29858398437,-0.20190429687
1726236103915.7175,-0.95715332031,0.29858398437,-0.20190429687
1726236103935.626,-0.95556640625,0.29602050781,-0.18688964843
1726236103955.748,-0.95556640625,0.29602050781,-0.18688964843
1726236103975.748,-0.95556640625,0.29602050781,-0.18688964843
1726236103995.748,-0.95556640625,0.29602050781,-0.18688964843
1726236104015.626,-0.95886230468,0.2958984375,-0.18090820312
1726236104035.748,-0.95886230468,0.2958984375,-0.18090820312
1726236104055.7175,-0.95886230468,0.2958984375,-0.18090820312
1726236104075.7483,-0.95886230468,0.2958984375,-0.18090820312
1726236104095.626,-0.96569824218,0.294921875,-0.18029785156
1726236104115.748,-0.96569824218,0.294921875,-0.18029785156
1726236104135.7175,-0.96569824218,0.294921875,-0.18029785156
1726236104155.748,-0.96569824218,0.294921875,-0.18029785156
1726236104175.626,-0.96374511718,0.29333496093,-0.18310546875
1726236104195.748,-0.96374511718,0.29333496093,-0.18310546875
1726236104215.748,-0.96374511718,0.29333496093,-0.18310546875
1726236104235.748,-0.96374511718,0.29333496093,-0.18310546875
1726236104255.626,-0.95751953125,0.29577636718,-0.18237304687
1726236104275.7175,-0.95751953125,0.29577636718,-0.18237304687
1726236104295.748,-0.95751953125,0.29577636718,-0.18237304687
1726236104315.7175,-0.95751953125,0.29577636718,-0.18237304687
1726236104335.626,-0.95886230468,0.29895019531,-0.18298339843
1726236104355.7483,-0.95886230468,0.29895019531,-0.18298339843
1726236104375.748,-0.95886230468,0.29895019531,-0.18298339843
1726236104395.7175,-0.95886230468,0.29895019531,-0.18298339843
1726236104415.626,-0.96362304687,0.29516601562,-0.18640136718
1726236104435.7175,-0.96362304687,0.29516601562,-0.18640136718
1726236104455.748,-0.96362304687,0.29516601562,-0.18640136718
1726236104475.7175,-0.96362304687,0.29516601562,-0.18640136718
1726236104495.626,-0.96374511718,0.29138183593,-0.18591308593
1726236104515.748,-0.96374511718,0.29138183593,-0.18591308593
1726236104535.7175,-0.96374511718,0.29138183593,-0.18591308593
1726236104555.7175,-0.96374511718,0.29138183593,-0.18591308593
1726236104575.626,-0.96166992187,0.2802734375,-0.19519042968
1726236104595.7175,-0.96166992187,0.2802734375,-0.19519042968
1726236104615.748,-0.96166992187,0.2802734375,-0.19519042968
1726236104635.748,-0.96166992187,0.2802734375,-0.19519042968
1726236104655.626,-0.96179199218,0.27185058593,-0.19836425781
1726236104675.748,-0.96179199218,0.27185058593,-0.19836425781
1726236104695.7175,-0.96179199218,0.27185058593,-0.19836425781
1726236104715.748,-0.96179199218,0.27185058593,-0.19836425781
1726236104735.626,-0.97570800781,0.26379394531,-0.20483398437
1726236104755.748,-0.97570800781,0.26379394531,-0.20483398437
1726236104775.748,-0.97570800781,0.26379394531,-0.20483398437
1726236104795.748,-0.97570800781,0.26379394531,-0.20483398437
1726236104815.626,-0.98400878906,0.2861328125,-0.21740722656
1726236104835.7175,-0.98400878906,0.2861328125,-0.21740722656
1726236104855.7175,-0.98400878906,0.2861328125,-0.21740722656
1726236104875.748,-0.98400878906,0.2861328125,-0.21740722656
1726236104895.626,-0.97009277343,0.30383300781,-0.22644042968
1726236104915.748,-0.97009277343,0.30383300781,-0.22644042968
1726236104935.7175,-0.97009277343,0.30383300781,-0.22644042968
1726236104955.748,-0.97009277343,0.30383300781,-0.22644042968
1726236104975.626,-0.94799804687,0.27038574218,-0.21716308593
1726236104995.748,-0.94799804687,0.27038574218,-0.21716308593
1726236105015.7175,-0.94799804687,0.27038574218,-0.21716308593
1726236105035.7175,-0.94799804687,0.27038574218,-0.21716308593
1726236105055.626,-0.94702148437,0.27563476562,-0.20959472656
1726236105075.7483,-0.94702148437,0.27563476562,-0.20959472656
1726236105095.7483,-0.94702148437,0.27563476562,-0.20959472656
1726236105115.748,-0.94702148437,0.27563476562,-0.20959472656
1726236105135.6255,-0.94763183593,0.33447265625,-0.21862792968
1726236105155.748,-0.94763183593,0.33447265625,-0.21862792968
1726236105175.7175,-0.94763183593,0.33447265625,-0.21862792968
1726236105195.748,-0.94763183593,0.33447265625,-0.21862792968
1726236105215.626,-0.94384765625,0.3544921875,-0.23120117187
1726236105235.7175,-0.94384765625,0.3544921875,-0.23120117187
1726236105255.748,-0.94384765625,0.3544921875,-0.23120117187
1726236105275.7175,-0.94384765625,0.3544921875,-0.23120117187
1726236105295.626,-0.9482421875,0.32531738281,-0.21728515625
1726236105315.7175,-0.9482421875,0.32531738281,-0.21728515625
1726236105335.809,-0.9482421875,0.32531738281,-0.21728515625
1726236105355.7175,-0.9482421875,0.32531738281,-0.21728515625
1726236105375.6255,-0.96069335937,0.30017089843,-0.18884277343
1726236105395.748,-0.96069335937,0.30017089843,-0.18884277343
1726236105415.7175,-0.96069335937,0.30017089843,-0.18884277343
1726236105435.748,-0.96069335937,0.30017089843,-0.18884277343
1726236105455.626,-0.98010253906,0.27185058593,-0.18078613281
1726236105475.7175,-0.98010253906,0.27185058593,-0.18078613281
1726236105495.7175,-0.98010253906,0.27185058593,-0.18078613281
1726236105515.748,-0.98010253906,0.27185058593,-0.18078613281
1726236105535.626,-0.97766113281,0.25549316406,-0.17810058593
1726236105555.7175,-0.97766113281,0.25549316406,-0.17810058593
1726236105575.7175,-0.97766113281,0.25549316406,-0.17810058593
1726236105595.5955,-0.97766113281,0.25549316406,-0.17810058593
1726236105615.626,-0.95886230468,0.26452636718,-0.18005371093
1726236105635.748,-0.95886230468,0.26452636718,-0.18005371093
1726236105655.7175,-0.95886230468,0.26452636718,-0.18005371093
1726236105675.748,-0.95886230468,0.26452636718,-0.18005371093
1726236105695.626,-0.95629882812,0.29370117187,-0.177734375
1726236105715.7783,-0.95629882812,0.29370117187,-0.177734375
1726236105735.748,-0.95629882812,0.29370117187,-0.177734375
1726236105755.7175,-0.95629882812,0.29370117187,-0.177734375
1726236105775.626,-0.96032714843,0.32092285156,-0.17883300781
1726236105795.748,-0.96032714843,0.32092285156,-0.17883300781
1726236105815.748,-0.96032714843,0.32092285156,-0.17883300781
1726236105835.7175,-0.96032714843,0.32092285156,-0.17883300781
1726236105855.626,-0.96325683593,0.32116699218,-0.18444824218
1726236105875.748,-0.96325683593,0.32116699218,-0.18444824218
1726236105895.748,-0.96325683593,0.32116699218,-0.18444824218
1726236105915.748,-0.96325683593,0.32116699218,-0.18444824218
1726236105935.626,-0.96875,0.30236816406,-0.18395996093
1726236105955.748,-0.96875,0.30236816406,-0.18395996093
1726236105975.748,-0.96875,0.30236816406,-0.18395996093
1726236105995.7175,-0.96875,0.30236816406,-0.18395996093
1726236106015.626,-0.96826171875,0.28747558593,-0.18579101562
1726236106035.748,-0.96826171875,0.28747558593,-0.18579101562
1726236106055.7175,-0.96826171875,0.28747558593,-0.18579101562
1726236106075.7483,-0.96826171875,0.28747558593,-0.18579101562
1726236106095.626,-0.96899414062,0.27624511718,-0.1845703125
1726236106115.748,-0.96899414062,0.27624511718,-0.1845703125
1726236106135.748,-0.96899414062,0.27624511718,-0.1845703125
1726236106155.748,-0.96899414062,0.27624511718,-0.1845703125
1726236106175.626,-0.97351074218,0.26696777343,-0.18090820312
1726236106195.7175,-0.97351074218,0.26696777343,-0.18090820312
1726236106215.7175,-0.97351074218,0.26696777343,-0.18090820312
1726236106235.7175,-0.97351074218,0.26696777343,-0.18090820312
1726236106255.626,-0.97045898437,0.26354980468,-0.17712402343
1726236106275.748,-0.97045898437,0.26354980468,-0.17712402343
1726236106295.748,-0.97045898437,0.26354980468,-0.17712402343
1726236106315.748,-0.97045898437,0.26354980468,-0.17712402343
1726236106335.626,-0.96899414062,0.26831054687,-0.17956542968
1726236106355.7483,-0.96899414062,0.26831054687,-0.17956542968
1726236106375.7175,-0.96899414062,0.26831054687,-0.17956542968
1726236106395.7175,-0.96899414062,0.26831054687,-0.17956542968
1726236106415.626,-0.97143554687,0.27465820312,-0.18688964843
1726236106435.748,-0.97143554687,0.27465820312,-0.18688964843
1726236106455.748,-0.97143554687,0.27465820312,-0.18688964843
1726236106475.748,-0.97143554687,0.27465820312,-0.18688964843
1726236106495.626,-0.97045898437,0.26818847656,-0.18933105468
1726236106515.748,-0.97045898437,0.26818847656,-0.18933105468
1726236106535.748,-0.97045898437,0.26818847656,-0.18933105468
1726236106555.7175,-0.97045898437,0.26818847656,-0.18933105468
1726236106575.626,-0.96374511718,0.26550292968,-0.19555664062
1726236106595.7483,-0.96374511718,0.26550292968,-0.19555664062
1726236106615.7175,-0.96374511718,0.26550292968,-0.19555664062
1726236106635.748,-0.96374511718,0.26550292968,-0.19555664062
1726236106655.626,-0.96166992187,0.27026367187,-0.19641113281
1726236106675.748,-0.96166992187,0.27026367187,-0.19641113281
1726236106695.7175,-0.96166992187,0.27026367187,-0.19641113281
1726236106715.7175,-0.96166992187,0.27026367187,-0.19641113281
1726236106735.626,-0.962890625,0.27453613281,-0.19995117187
1726236106755.748,-0.962890625,0.27453613281,-0.19995117187
1726236106775.748,-0.962890625,0.27453613281,-0.19995117187
1726236106795.7175,-0.962890625,0.27453613281,-0.19995117187
1726236106815.626,-0.970703125,0.28283691406,-0.20166015625
1726236106835.7483,-0.970703125,0.28283691406,-0.20166015625
1726236106855.7483,-0.970703125,0.28283691406,-0.20166015625
1726236106875.748,-0.970703125,0.28283691406,-0.20166015625
1726236106895.626,-0.97021484375,0.28564453125,-0.19409179687
1726236106915.748,-0.97021484375,0.28564453125,-0.19409179687
1726236106935.7175,-0.97021484375,0.28564453125,-0.19409179687
1726236106955.748,-0.97021484375,0.28564453125,-0.19409179687
1726236106975.626,-0.9658203125,0.27648925781,-0.18115234375
1726236106995.748,-0.9658203125,0.27648925781,-0.18115234375
1726236107015.7175,-0.9658203125,0.27648925781,-0.18115234375
1726236107035.748,-0.9658203125,0.27648925781,-0.18115234375
1726236107055.5955,-0.97302246093,0.27221679687,-0.17309570312
1726236107075.7483,-0.97302246093,0.27221679687,-0.17309570312
1726236107095.7175,-0.97302246093,0.27221679687,-0.17309570312
1726236107115.748,-0.97302246093,0.27221679687,-0.17309570312
1726236107135.5952,-0.97546386718,0.26708984375,-0.16821289062
1726236107155.748,-0.97546386718,0.26708984375,-0.16821289062
1726236107175.7175,-0.97546386718,0.26708984375,-0.16821289062
1726236107195.748,-0.97546386718,0.26708984375,-0.16821289062
1726236107215.626,-0.97131347656,0.25854492187,-0.16076660156
1726236107235.748,-0.97131347656,0.25854492187,-0.16076660156
1726236107255.748,-0.97131347656,0.25854492187,-0.16076660156
1726236107275.748,-0.97131347656,0.25854492187,-0.16076660156
1726236107295.626,-0.97143554687,0.25549316406,-0.15417480468
1726236107315.748,-0.97143554687,0.25549316406,-0.15417480468
1726236107335.7483,-0.97143554687,0.25549316406,-0.15417480468
1726236107355.7175,-0.97143554687,0.25549316406,-0.15417480468
1726236107375.6255,-0.97265625,0.25830078125,-0.154296875
1726236107395.748,-0.97265625,0.25830078125,-0.154296875
1726236107415.7175,-0.97265625,0.25830078125,-0.154296875
1726236107435.748,-0.97265625,0.25830078125,-0.154296875
1726236107455.626,-0.96789550781,0.26477050781,-0.1552734375
1726236107475.748,-0.96789550781,0.26477050781,-0.1552734375
1726236107495.748,-0.96789550781,0.26477050781,-0.1552734375
1726236107515.7175,-0.96789550781,0.26477050781,-0.1552734375
1726236107535.626,-0.96472167968,0.27307128906,-0.15686035156
1726236107555.748,-0.96472167968,0.27307128906,-0.15686035156
1726236107575.7175,-0.96472167968,0.27307128906,-0.15686035156
1726236107595.7483,-0.96472167968,0.27307128906,-0.15686035156
1726236107615.687,-0.96838378906,0.28100585937,-0.15759277343
1726236107635.748,-0.96838378906,0.28100585937,-0.15759277343
1726236107655.748,-0.96838378906,0.28100585937,-0.15759277343
1726236107675.7175,-0.96838378906,0.28100585937,-0.15759277343
1726236107695.626,-0.97436523437,0.28796386718,-0.16101074218
1726236107715.748,-0.97436523437,0.28796386718,-0.16101074218
1726236107735.7175,-0.97436523437,0.28796386718,-0.16101074218
1726236107755.748,-0.97436523437,0.28796386718,-0.16101074218
1726236107775.626,-0.97290039062,0.28796386718,-0.16577148437
1726236107795.7175,-0.97290039062,0.28796386718,-0.16577148437
1726236107815.748,-0.97290039062,0.28796386718,-0.16577148437
1726236107835.7483,-0.97290039062,0.28796386718,-0.16577148437
1726236107855.626,-0.96704101562,0.28381347656,-0.16796875
1726236107875.748,-0.96704101562,0.28381347656,-0.16796875
1726236107895.7175,-0.96704101562,0.28381347656,-0.16796875
1726236107915.748,-0.96704101562,0.28381347656,-0.16796875
1726236107935.626,-0.96643066406,0.28601074218,-0.16796875
1726236107955.748,-0.96643066406,0.28601074218,-0.16796875
1726236107975.7175,-0.96643066406,0.28601074218,-0.16796875
1726236107995.748,-0.96643066406,0.28601074218,-0.16796875
1726236108015.626,-0.96606445312,0.28393554687,-0.16687011718
1726236108035.748,-0.96606445312,0.28393554687,-0.16687011718
1726236108055.748,-0.96606445312,0.28393554687,-0.16687011718
1726236108075.7483,-0.96606445312,0.28393554687,-0.16687011718
1726236108095.626,-0.96179199218,0.28100585937,-0.17053222656
1726236108115.7175,-0.96179199218,0.28100585937,-0.17053222656
1726236108135.7175,-0.96179199218,0.28100585937,-0.17053222656
1726236108155.7175,-0.96179199218,0.28100585937,-0.17053222656
1726236108175.626,-0.96179199218,0.28271484375,-0.17431640625
1726236108195.7175,-0.96179199218,0.28271484375,-0.17431640625
1726236108215.7175,-0.96179199218,0.28271484375,-0.17431640625
1726236108235.748,-0.96179199218,0.28271484375,-0.17431640625
1726236108255.626,-0.95764160156,0.28662109375,-0.18859863281
1726236108275.748,-0.95764160156,0.28662109375,-0.18859863281
1726236108295.7175,-0.95764160156,0.28662109375,-0.18859863281
1726236108315.7175,-0.95764160156,0.28662109375,-0.18859863281
1726236108335.626,-0.97253417968,0.28918457031,-0.17761230468
1726236108355.7483,-0.97253417968,0.28918457031,-0.17761230468
1726236108375.748,-0.97253417968,0.28918457031,-0.17761230468
1726236108395.7175,-0.97253417968,0.28918457031,-0.17761230468
1726236108415.626,-0.97204589843,0.27087402343,-0.17138671875
1726236108435.748,-0.97204589843,0.27087402343,-0.17138671875
1726236108455.748,-0.97204589843,0.27087402343,-0.17138671875
1726236108475.748,-0.97204589843,0.27087402343,-0.17138671875
1726236108495.626,-0.96765136718,0.2529296875,-0.16857910156
1726236108515.748,-0.96765136718,0.2529296875,-0.16857910156
1726236108535.748,-0.96765136718,0.2529296875,-0.16857910156
1726236108555.7175,-0.96765136718,0.2529296875,-0.16857910156
1726236108575.626,-0.97082519531,0.25183105468,-0.16613769531
1726236108595.7175,-0.97082519531,0.25183105468,-0.16613769531
1726236108615.748,-0.97082519531,0.25183105468,-0.16613769531
1726236108635.748,-0.97082519531,0.25183105468,-0.16613769531
1726236108655.626,-0.96496582031,0.25866699218,-0.16809082031
1726236108675.748,-0.96496582031,0.25866699218,-0.16809082031
1726236108695.748,-0.96496582031,0.25866699218,-0.16809082031
1726236108715.7175,-0.96496582031,0.25866699218,-0.16809082031
1726236108735.626,-0.96752929687,0.26293945312,-0.18054199218
1726236108755.748,-0.96752929687,0.26293945312,-0.18054199218
1726236108775.748,-0.96752929687,0.26293945312,-0.18054199218
1726236108795.7175,-0.96752929687,0.26293945312,-0.18054199218
1726236108815.626,-0.97692871093,0.28259277343,-0.19262695312
1726236108835.7483,-0.97692871093,0.28259277343,-0.19262695312
1726236108855.7175,-0.97692871093,0.28259277343,-0.19262695312
1726236108875.748,-0.97692871093,0.28259277343,-0.19262695312
1726236108895.626,-0.97204589843,0.30322265625,-0.19506835937
1726236108915.7175,-0.97204589843,0.30322265625,-0.19506835937
1726236108935.7175,-0.97204589843,0.30322265625,-0.19506835937
1726236108955.7175,-0.97204589843,0.30322265625,-0.19506835937
1726236108975.626,-0.96240234375,0.31079101562,-0.19934082031
1726236108995.748,-0.96240234375,0.31079101562,-0.19934082031
1726236109015.7175,-0.96240234375,0.31079101562,-0.19934082031
1726236109035.748,-0.96240234375,0.31079101562,-0.19934082031
1726236109055.626,-0.96313476562,0.31115722656,-0.1982421875
1726236109075.7483,-0.96313476562,0.31115722656,-0.1982421875
1726236109095.7483,-0.96313476562,0.31115722656,-0.1982421875
1726236109115.748,-0.96313476562,0.31115722656,-0.1982421875
1726236109135.6255,-0.96875,0.29357910156,-0.1904296875
1726236109155.748,-0.96875,0.29357910156,-0.1904296875
1726236109175.748,-0.96875,0.29357910156,-0.1904296875
1726236109195.748,-0.96875,0.29357910156,-0.1904296875
1726236109215.626,-0.96813964843,0.26770019531,-0.18981933593
1726236109235.748,-0.96813964843,0.26770019531,-0.18981933593
1726236109255.748,-0.96813964843,0.26770019531,-0.18981933593
1726236109275.748,-0.96813964843,0.26770019531,-0.18981933593
1726236109295.626,-0.96997070312,0.25256347656,-0.19689941406
1726236109315.7175,-0.96997070312,0.25256347656,-0.19689941406
1726236109335.7483,-0.96997070312,0.25256347656,-0.19689941406
1726236109355.7483,-0.96997070312,0.25256347656,-0.19689941406
1726236109375.6255,-0.96667480468,0.24536132812,-0.19812011718
1726236109395.748,-0.96667480468,0.24536132812,-0.19812011718
1726236109415.748,-0.96667480468,0.24536132812,-0.19812011718
1726236109435.7175,-0.96667480468,0.24536132812,-0.19812011718
1726236109455.626,-0.95886230468,0.244140625,-0.19873046875
1726236109475.7175,-0.95886230468,0.244140625,-0.19873046875
1726236109495.748,-0.95886230468,0.244140625,-0.19873046875
1726236109515.748,-0.95886230468,0.244140625,-0.19873046875
1726236109535.4731,-0.96569824218,0.25305175781,-0.20935058593
1726236109555.748,-0.96569824218,0.25305175781,-0.20935058593
1726236109575.7175,-0.96569824218,0.25305175781,-0.20935058593
1726236109595.7175,-0.96569824218,0.25305175781,-0.20935058593
1726236109615.504,-0.96997070312,0.26232910156,-0.21643066406
1726236109635.7175,-0.96997070312,0.26232910156,-0.21643066406
1726236109655.748,-0.96997070312,0.26232910156,-0.21643066406
1726236109675.748,-0.96997070312,0.26232910156,-0.21643066406
1726236109695.5344,-0.96667480468,0.26452636718,-0.21765136718
1726236109715.748,-0.96667480468,0.26452636718,-0.21765136718
1726236109735.748,-0.96667480468,0.26452636718,-0.21765136718
1726236109755.7175,-0.96667480468,0.26452636718,-0.21765136718
1726236109775.5647,-0.96313476562,0.26879882812,-0.22766113281
1726236109795.748,-0.96313476562,0.26879882812,-0.22766113281
1726236109815.748,-0.96313476562,0.26879882812,-0.22766113281
1726236109835.7175,-0.96313476562,0.26879882812,-0.22766113281
1726236109855.4429,-0.96142578125,0.2822265625,-0.2353515625
1726236109875.748,-0.96142578125,0.2822265625,-0.2353515625
1726236109895.7783,-0.96142578125,0.2822265625,-0.2353515625
1726236109915.748,-0.96142578125,0.2822265625,-0.2353515625
1726236109935.4731,-0.96276855468,0.28845214843,-0.23583984375
1726236109955.748,-0.96276855468,0.28845214843,-0.23583984375
1726236109975.7175,-0.96276855468,0.28845214843,-0.23583984375
1726236109995.7175,-0.96276855468,0.28845214843,-0.23583984375
1726236110015.504,-0.9560546875,0.27990722656,-0.2392578125
1726236110035.748,-0.9560546875,0.27990722656,-0.2392578125
1726236110055.748,-0.9560546875,0.27990722656,-0.2392578125
1726236110075.7175,-0.9560546875,0.27990722656,-0.2392578125
1726236110095.5344,-0.9560546875,0.26965332031,-0.22827148437
1726236110115.7175,-0.9560546875,0.26965332031,-0.22827148437
1726236110135.748,-0.9560546875,0.26965332031,-0.22827148437
1726236110155.7175,-0.9560546875,0.26965332031,-0.22827148437
1726236110175.5647,-0.96008300781,0.25085449218,-0.20825195312
1726236110195.748,-0.96008300781,0.25085449218,-0.20825195312
1726236110215.748,-0.96008300781,0.25085449218,-0.20825195312
1726236110235.7175,-0.96008300781,0.25085449218,-0.20825195312
1726236110255.5955,-0.96520996093,0.24877929687,-0.21276855468
1726236110275.7175,-0.96520996093,0.24877929687,-0.21276855468
1726236110295.7175,-0.96520996093,0.24877929687,-0.21276855468
1726236110315.7175,-0.96520996093,0.24877929687,-0.21276855468
1726236110335.626,-0.96655273437,0.25415039062,-0.21496582031
1726236110355.7483,-0.96655273437,0.25415039062,-0.21496582031
1726236110375.748,-0.96655273437,0.25415039062,-0.21496582031
1726236110395.748,-0.96655273437,0.25415039062,-0.21496582031
1726236110415.7175,-0.96398925781,0.26489257812,-0.21594238281
1726236110435.748,-0.96398925781,0.26489257812,-0.21594238281
1726236110455.748,-0.96398925781,0.26489257812,-0.21594238281
1726236110475.748,-0.96398925781,0.26489257812,-0.21594238281
1726236110495.687,-0.96081542968,0.26782226562,-0.21630859375
1726236110515.748,-0.96081542968,0.26782226562,-0.21630859375
1726236110535.748,-0.96081542968,0.26782226562,-0.21630859375
1726236110555.7175,-0.96081542968,0.26782226562,-0.21630859375
1726236110575.7175,-0.95617675781,0.26611328125,-0.22387695312
1726236110595.7483,-0.95617675781,0.26611328125,-0.22387695312
1726236110615.748,-0.95617675781,0.26611328125,-0.22387695312
1726236110635.7175,-0.95617675781,0.26611328125,-0.22387695312
1726236110655.809,-0.95812988281,0.26635742187,-0.22009277343
1726236110675.7175,-0.95812988281,0.26635742187,-0.22009277343
1726236110695.7175,-0.95812988281,0.26635742187,-0.22009277343
1726236110715.7175,-0.95812988281,0.26635742187,-0.22009277343
1726236110735.7783,-0.95910644531,0.26647949218,-0.22033691406
1726236110755.748,-0.95910644531,0.26647949218,-0.22033691406
1726236110775.748,-0.95910644531,0.26647949218,-0.22033691406
1726236110795.748,-0.95910644531,0.26647949218,-0.22033691406
1726236110815.809,-0.96472167968,0.27075195312,-0.22778320312
1726236110835.7483,-0.96472167968,0.27075195312,-0.22778320312
1726236110855.7483,-0.96472167968,0.27075195312,-0.22778320312
1726236110875.7175,-0.96472167968,0.27075195312,-0.22778320312
1726236110895.8396,-0.96740722656,0.27478027343,-0.22717285156
1726236110915.748,-0.96740722656,0.27478027343,-0.22717285156
1726236110935.7175,-0.96740722656,0.27478027343,-0.22717285156
1726236110955.7175,-0.96740722656,0.27478027343,-0.22717285156
1726236110975.87,-0.96447753906,0.27038574218,-0.22375488281
1726236110995.748,-0.96447753906,0.27038574218,-0.22375488281
1726236111015.748,-0.96447753906,0.27038574218,-0.22375488281
1726236111035.748,-0.96447753906,0.27038574218,-0.22375488281
1726236111055.901,-0.96728515625,0.26525878906,-0.22204589843
1726236111075.7483,-0.96728515625,0.26525878906,-0.22204589843
1726236111095.7175,-0.96728515625,0.26525878906,-0.22204589843
1726236111115.7175,-0.96728515625,0.26525878906,-0.22204589843
1726236111135.9312,-0.96447753906,0.26489257812,-0.2265625
1726236111155.748,-0.96447753906,0.26489257812,-0.2265625
1726236111175.748,-0.96447753906,0.26489257812,-0.2265625
1726236111195.7175,-0.96447753906,0.26489257812,-0.2265625
1726236111215.962,-0.9609375,0.26892089843,-0.2265625
1726236111235.748,-0.9609375,0.26892089843,-0.2265625
1726236111255.7175,-0.9609375,0.26892089843,-0.2265625
1726236111275.748,-0.9609375,0.26892089843,-0.2265625
1726236111295.9924,-0.9541015625,0.26977539062,-0.22961425781
1726236111315.748,-0.9541015625,0.26977539062,-0.22961425781
1726236111335.7483,-0.9541015625,0.26977539062,-0.22961425781
1726236111355.7175,-0.9541015625,0.26977539062,-0.22961425781
1726236111376.0835,-0.94787597656,0.26806640625,-0.236328125
1726236111395.748,-0.94787597656,0.26806640625,-0.236328125
1726236111415.748,-0.94787597656,0.26806640625,-0.236328125
1726236111435.7175,-0.94787597656,0.26806640625,-0.236328125
1726236111456.0535,-0.94909667968,0.26928710937,-0.236328125
1726236111475.7175,-0.94909667968,0.26928710937,-0.236328125
1726236111495.7175,-0.94909667968,0.26928710937,-0.236328125
1726236111515.7175,-0.94909667968,0.26928710937,-0.236328125
1726236111536.084,-0.958984375,0.26684570312,-0.23315429687
1726236111555.7175,-0.958984375,0.26684570312,-0.23315429687
1726236111575.7483,-0.958984375,0.26684570312,-0.23315429687
1726236111595.7483,-0.958984375,0.26684570312,-0.23315429687
1726236111616.1145,-0.96789550781,0.26037597656,-0.23376464843
1726236111635.748,-0.96789550781,0.26037597656,-0.23376464843
1726236111655.748,-0.96789550781,0.26037597656,-0.23376464843
1726236111675.5955,-0.96789550781,0.26037597656,-0.23376464843
1726236111696.145,-0.96472167968,0.25744628906,-0.23620605468
1726236111715.7175,-0.96472167968,0.25744628906,-0.23620605468
1726236111735.748,-0.96472167968,0.25744628906,-0.23620605468
1726236111755.7175,-0.96472167968,0.25744628906,-0.23620605468
1726236111776.2363,-0.95690917968,0.27270507812,-0.23413085937
1726236111795.748,-0.95690917968,0.27270507812,-0.23413085937
1726236111815.748,-0.95690917968,0.27270507812,-0.23413085937
1726236111835.7175,-0.95690917968,0.27270507812,-0.23413085937
1726236111856.2063,-0.95227050781,0.28198242187,-0.23742675781
1726236111875.7175,-0.95227050781,0.28198242187,-0.23742675781
1726236111895.7175,-0.95227050781,0.28198242187,-0.23742675781
1726236111915.748,-0.95227050781,0.28198242187,-0.23742675781
1726236111936.2363,-0.95947265625,0.283203125,-0.23803710937
1726236111955.748,-0.95947265625,0.283203125,-0.23803710937
1726236111975.748,-0.95947265625,0.283203125,-0.23803710937
1726236111995.7175,-0.95947265625,0.283203125,-0.23803710937
1726236112016.3284,-0.96594238281,0.28686523437,-0.23913574218
1726236112035.7175,-0.96594238281,0.28686523437,-0.23913574218
1726236112055.748,-0.96594238281,0.28686523437,-0.23913574218
1726236112075.7483,-0.96594238281,0.28686523437,-0.23913574218
1726236112096.2979,-0.96484375,0.28540039062,-0.22937011718
1726236112115.7175,-0.96484375,0.28540039062,-0.22937011718
1726236112135.7175,-0.96484375,0.28540039062,-0.22937011718
1726236112155.748,-0.96484375,0.28540039062,-0.22937011718
1726236112176.3586,-0.96118164062,0.275390625,-0.22265625
1726236112195.7175,-0.96118164062,0.275390625,-0.22265625
1726236112215.7175,-0.96118164062,0.275390625,-0.22265625
1726236112235.748,-0.96118164062,0.275390625,-0.22265625
1726236112256.359,-0.95837402343,0.26965332031,-0.2236328125
1726236112275.748,-0.95837402343,0.26965332031,-0.2236328125
1726236112295.748,-0.95837402343,0.26965332031,-0.2236328125
1726236112315.7175,-0.95837402343,0.26965332031,-0.2236328125
1726236112336.3894,-0.96337890625,0.26586914062,-0.23046875
1726236112355.7483,-0.96337890625,0.26586914062,-0.23046875
1726236112375.748,-0.96337890625,0.26586914062,-0.23046875
1726236112395.748,-0.96337890625,0.26586914062,-0.23046875
1726236112416.4197,-0.96154785156,0.27355957031,-0.23986816406
1726236112435.748,-0.96154785156,0.27355957031,-0.23986816406
1726236112455.7175,-0.96154785156,0.27355957031,-0.23986816406
1726236112475.748,-0.96154785156,0.27355957031,-0.23986816406
1726236112496.4504,-0.95654296875,0.28125,-0.24426269531
1726236112515.748,-0.95654296875,0.28125,-0.24426269531
1726236112535.7175,-0.95654296875,0.28125,-0.24426269531
1726236112555.748,-0.95654296875,0.28125,-0.24426269531
1726236112576.4807,-0.95837402343,0.2734375,-0.23999023437
1726236112595.7175,-0.95837402343,0.2734375,-0.23999023437
1726236112615.748,-0.95837402343,0.2734375,-0.23999023437
1726236112635.7175,-0.95837402343,0.2734375,-0.23999023437
1726236112656.5115,-0.96020507812,0.26977539062,-0.23706054687
1726236112675.748,-0.96020507812,0.26977539062,-0.23706054687
1726236112695.7175,-0.96020507812,0.26977539062,-0.23706054687
1726236112715.7175,-0.96020507812,0.26977539062,-0.23706054687
1726236112736.603,-0.95385742187,0.27954101562,-0.24499511718
1726236112755.5955,-0.95385742187,0.27954101562,-0.24499511718
1726236112775.748,-0.95385742187,0.27954101562,-0.24499511718
1726236112795.7175,-0.95385742187,0.27954101562,-0.24499511718
1726236112816.5725,-0.94665527343,0.28820800781,-0.24658203125
1726236112835.5955,-0.94665527343,0.28820800781,-0.24658203125
1726236112855.7175,-0.94665527343,0.28820800781,-0.24658203125
1726236112875.748,-0.94665527343,0.28820800781,-0.24658203125
1726236112896.603,-0.94750976562,0.29223632812,-0.2421875
1726236112915.748,-0.94750976562,0.29223632812,-0.2421875
1726236112935.809,-0.94750976562,0.29223632812,-0.2421875
1726236112955.748,-0.94750976562,0.29223632812,-0.2421875
1726236112976.6335,-0.95617675781,0.29626464843,-0.24426269531
1726236112995.748,-0.95617675781,0.29626464843,-0.24426269531
1726236113015.748,-0.95617675781,0.29626464843,-0.24426269531
1726236113035.7175,-0.95617675781,0.29626464843,-0.24426269531
1726236113056.6643,-0.96020507812,0.30651855468,-0.24426269531
1726236113075.5955,-0.96020507812,0.30651855468,-0.24426269531
1726236113095.7483,-0.96020507812,0.30651855468,-0.24426269531
1726236113115.748,-0.96020507812,0.30651855468,-0.24426269531
1726236113136.6943,-0.95275878906,0.30712890625,-0.23999023437
1726236113155.5952,-0.95275878906,0.30712890625,-0.23999023437
1726236113175.748,-0.95275878906,0.30712890625,-0.23999023437
1726236113195.748,-0.95275878906,0.30712890625,-0.23999023437
1726236113216.725,-0.94506835937,0.29895019531,-0.23901367187
1726236113235.5955,-0.94506835937,0.29895019531,-0.23901367187
1726236113255.7175,-0.94506835937,0.29895019531,-0.23901367187
1726236113275.748,-0.94506835937,0.29895019531,-0.23901367187
1726236113296.7559,-0.94055175781,0.30249023437,-0.2333984375
1726236113315.5955,-0.94055175781,0.30249023437,-0.2333984375
1726236113335.7175,-0.94055175781,0.30249023437,-0.2333984375
1726236113355.7483,-0.94055175781,0.30249023437,-0.2333984375
1726236113376.786,-0.94775390625,0.30419921875,-0.22973632812
1726236113395.5952,-0.94775390625,0.30419921875,-0.22973632812
1726236113415.748,-0.94775390625,0.30419921875,-0.22973632812
1726236113435.748,-0.94775390625,0.30419921875,-0.22973632812
1726236113456.817,-0.95837402343,0.29760742187,-0.22912597656
1726236113475.5955,-0.95837402343,0.29760742187,-0.22912597656
1726236113495.7175,-0.95837402343,0.29760742187,-0.22912597656
1726236113515.7175,-0.95837402343,0.29760742187,-0.22912597656
1726236113536.8474,-0.96130371093,0.29455566406,-0.22973632812
1726236113555.5955,-0.96130371093,0.29455566406,-0.22973632812
1726236113575.7483,-0.96130371093,0.29455566406,-0.22973632812
1726236113595.7483,-0.96130371093,0.29455566406,-0.22973632812
1726236113616.8777,-0.96374511718,0.29528808593,-0.22802734375
1726236113635.5952,-0.96374511718,0.29528808593,-0.22802734375
1726236113655.7175,-0.96374511718,0.29528808593,-0.22802734375
1726236113675.7175,-0.96374511718,0.29528808593,-0.22802734375
1726236113697.183,-0.95861816406,0.28308105468,-0.216796875
1726236113715.5955,-0.95861816406,0.28308105468,-0.216796875
1726236113735.748,-0.95861816406,0.28308105468,-0.216796875
1726236113755.748,-0.95861816406,0.28308105468,-0.216796875
1726236113776.9387,-0.95520019531,0.25634765625,-0.21130371093
1726236113795.5955,-0.95520019531,0.25634765625,-0.21130371093
1726236113815.748,-0.95520019531,0.25634765625,-0.21130371093
1726236113835.7483,-0.95520019531,0.25634765625,-0.21130371093
1726236113856.9692,-0.95251464843,0.25036621093,-0.21313476562
1726236113875.5952,-0.95251464843,0.25036621093,-0.21313476562
1726236113895.7175,-0.95251464843,0.25036621093,-0.21313476562
1726236113915.748,-0.95251464843,0.25036621093,-0.21313476562
1726236113937.0,-0.94604492187,0.25476074218,-0.19946289062
1726236113955.5955,-0.94604492187,0.25476074218,-0.19946289062
1726236113975.748,-0.94604492187,0.25476074218,-0.19946289062
1726236113995.7175,-0.94604492187,0.25476074218,-0.19946289062
1726236114017.0305,-0.95764160156,0.27575683593,-0.20239257812
1726236114035.5955,-0.95764160156,0.27575683593,-0.20239257812
1726236114055.7175,-0.95764160156,0.27575683593,-0.20239257812
1726236114075.7483,-0.95764160156,0.27575683593,-0.20239257812
1726236114097.061,-0.96618652343,0.28747558593,-0.21948242187
1726236114115.5955,-0.96618652343,0.28747558593,-0.21948242187
1726236114135.748,-0.96618652343,0.28747558593,-0.21948242187
1726236114155.7175,-0.96618652343,0.28747558593,-0.21948242187
1726236114177.0916,-0.96081542968,0.2763671875,-0.21069335937
1726236114195.5955,-0.96081542968,0.2763671875,-0.21069335937
1726236114215.748,-0.96081542968,0.2763671875,-0.21069335937
1726236114235.748,-0.96081542968,0.2763671875,-0.21069335937
1726236114257.122,-0.97180175781,0.27844238281,-0.18469238281
1726236114275.5955,-0.97180175781,0.27844238281,-0.18469238281
1726236114295.748,-0.97180175781,0.27844238281,-0.18469238281
1726236114315.748,-0.97180175781,0.27844238281,-0.18469238281
1726236114337.1528,-0.97595214843,0.27722167968,-0.18310546875
1726236114355.5955,-0.97595214843,0.27722167968,-0.18310546875
1726236114375.7175,-0.97595214843,0.27722167968,-0.18310546875
1726236114395.7175,-0.97595214843,0.27722167968,-0.18310546875
1726236114417.183,-0.96740722656,0.27575683593,-0.19274902343
1726236114435.5955,-0.96740722656,0.27575683593,-0.19274902343
1726236114455.7175,-0.96740722656,0.27575683593,-0.19274902343
1726236114475.748,-0.96740722656,0.27575683593,-0.19274902343
1726236114497.2139,-0.96337890625,0.29577636718,-0.18371582031
1726236114515.5955,-0.96337890625,0.29577636718,-0.18371582031
1726236114535.7175,-0.96337890625,0.29577636718,-0.18371582031
1726236114555.748,-0.96337890625,0.29577636718,-0.18371582031
1726236114577.2444,-0.95849609375,0.296875,-0.17419433593
1726236114595.5955,-0.95849609375,0.296875,-0.17419433593
1726236114615.7175,-0.95849609375,0.296875,-0.17419433593
1726236114635.748,-0.95849609375,0.296875,-0.17419433593
1726236114657.2747,-0.96752929687,0.27868652343,-0.17297363281
1726236114675.5955,-0.96752929687,0.27868652343,-0.17297363281
1726236114695.748,-0.96752929687,0.27868652343,-0.17297363281
1726236114715.7175,-0.96752929687,0.27868652343,-0.17297363281
1726236114737.3054,-0.98327636718,0.26171875,-0.17126464843
1726236114755.5955,-0.98327636718,0.26171875,-0.17126464843
1726236114775.7175,-0.98327636718,0.26171875,-0.17126464843
1726236114795.748,-0.98327636718,0.26171875,-0.17126464843
1726236114817.336,-0.98327636718,0.24450683593,-0.16748046875
1726236114835.6565,-0.98327636718,0.24450683593,-0.16748046875
1726236114855.7175,-0.98327636718,0.24450683593,-0.16748046875
1726236114875.7175,-0.98327636718,0.24450683593,-0.16748046875
1726236114897.3665,-0.97607421875,0.23645019531,-0.16870117187
1726236114915.5955,-0.97607421875,0.23645019531,-0.16870117187
1726236114935.748,-0.97607421875,0.23645019531,-0.16870117187
1726236114955.748,-0.97607421875,0.23645019531,-0.16870117187
1726236114977.3967,-0.96960449218,0.25256347656,-0.18078613281
1726236114995.5955,-0.96960449218,0.25256347656,-0.18078613281
1726236115015.7175,-0.96960449218,0.25256347656,-0.18078613281
1726236115035.748,-0.96960449218,0.25256347656,-0.18078613281
1726236115057.4275,-0.96960449218,0.26623535156,-0.1875
1726236115075.5955,-0.96960449218,0.26623535156,-0.1875
1726236115095.7483,-0.96960449218,0.26623535156,-0.1875
1726236115115.748,-0.96960449218,0.26623535156,-0.1875
1726236115137.458,-0.97595214843,0.25805664062,-0.18225097656
1726236115155.5952,-0.97595214843,0.25805664062,-0.18225097656
1726236115175.748,-0.97595214843,0.25805664062,-0.18225097656
1726236115195.748,-0.97595214843,0.25805664062,-0.18225097656
1726236115217.519,-0.974609375,0.24584960937,-0.17980957031
1726236115235.5955,-0.974609375,0.24584960937,-0.17980957031
1726236115255.7175,-0.974609375,0.24584960937,-0.17980957031
1726236115275.748,-0.974609375,0.24584960937,-0.17980957031
1726236115297.519,-0.97204589843,0.24230957031,-0.18078613281
1726236115315.5955,-0.97204589843,0.24230957031,-0.18078613281
1726236115335.7175,-0.97204589843,0.24230957031,-0.18078613281
1726236115355.7483,-0.97204589843,0.24230957031,-0.18078613281
1726236115377.5496,-0.97290039062,0.24475097656,-0.18334960937
1726236115395.5952,-0.97290039062,0.24475097656,-0.18334960937
1726236115415.748,-0.97290039062,0.24475097656,-0.18334960937
1726236115435.7175,-0.97290039062,0.24475097656,-0.18334960937
1726236115457.58,-0.97534179687,0.24182128906,-0.18249511718
1726236115475.5955,-0.97534179687,0.24182128906,-0.18249511718
1726236115495.7175,-0.97534179687,0.24182128906,-0.18249511718
1726236115515.748,-0.97534179687,0.24182128906,-0.18249511718
1726236115537.6108,-0.97546386718,0.23876953125,-0.19226074218
1726236115555.5955,-0.97546386718,0.23876953125,-0.19226074218
1726236115575.7175,-0.97546386718,0.23876953125,-0.19226074218
1726236115595.7483,-0.97546386718,0.23876953125,-0.19226074218
1726236115617.641,-0.97338867187,0.23071289062,-0.19177246093
1726236115635.5952,-0.97338867187,0.23071289062,-0.19177246093
1726236115655.7175,-0.97338867187,0.23071289062,-0.19177246093
1726236115675.748,-0.97338867187,0.23071289062,-0.19177246093
1726236115697.6716,-0.96826171875,0.22692871093,-0.18640136718
1726236115715.5955,-0.96826171875,0.22692871093,-0.18640136718
1726236115735.7175,-0.96826171875,0.22692871093,-0.18640136718
1726236115755.7175,-0.96826171875,0.22692871093,-0.18640136718
1726236115777.7024,-0.97009277343,0.23559570312,-0.18383789062
1726236115795.5955,-0.97009277343,0.23559570312,-0.18383789062
1726236115815.748,-0.97009277343,0.23559570312,-0.18383789062
1726236115835.7175,-0.97009277343,0.23559570312,-0.18383789062
1726236115857.7327,-0.982421875,0.23645019531,-0.1826171875
1726236115875.5952,-0.982421875,0.23645019531,-0.1826171875
1726236115895.748,-0.982421875,0.23645019531,-0.1826171875
1726236115915.748,-0.982421875,0.23645019531,-0.1826171875
1726236115937.7634,-0.98388671875,0.22961425781,-0.18322753906
1726236115955.5955,-0.98388671875,0.22961425781,-0.18322753906
1726236115975.7175,-0.98388671875,0.22961425781,-0.18322753906
1726236115995.7175,-0.98388671875,0.22961425781,-0.18322753906
1726236116017.794,-0.97839355468,0.2294921875,-0.18127441406
1726236116035.5955,-0.97839355468,0.2294921875,-0.18127441406
1726236116055.7175,-0.97839355468,0.2294921875,-0.18127441406
1726236116075.7483,-0.97839355468,0.2294921875,-0.18127441406
1726236116097.8242,-0.97692871093,0.23999023437,-0.18774414062
1726236116115.5955,-0.97692871093,0.23999023437,-0.18774414062
1726236116135.748,-0.97692871093,0.23999023437,-0.18774414062
1726236116155.7175,-0.97692871093,0.23999023437,-0.18774414062
1726236116177.916,-0.97412109375,0.24267578125,-0.19177246093
1726236116195.5955,-0.97412109375,0.24267578125,-0.19177246093
1726236116215.748,-0.97412109375,0.24267578125,-0.19177246093
1726236116235.748,-0.97412109375,0.24267578125,-0.19177246093
1726236116257.8855,-0.96960449218,0.24084472656,-0.19055175781
1726236116275.5955,-0.96960449218,0.24084472656,-0.19055175781
1726236116295.748,-0.96960449218,0.24084472656,-0.19055175781
1726236116315.748,-0.96960449218,0.24084472656,-0.19055175781
1726236116337.916,-0.96752929687,0.244140625,-0.19299316406
1726236116355.5955,-0.96752929687,0.244140625,-0.19299316406
1726236116375.748,-0.96752929687,0.244140625,-0.19299316406
1726236116395.7175,-0.96752929687,0.244140625,-0.19299316406
1726236116418.0076,-0.96667480468,0.24572753906,-0.19738769531
1726236116435.5955,-0.96667480468,0.24572753906,-0.19738769531
1726236116455.7175,-0.96667480468,0.24572753906,-0.19738769531
1726236116475.748,-0.96667480468,0.24572753906,-0.19738769531
1726236116497.977,-0.96301269531,0.24951171875,-0.19836425781
1726236116515.5955,-0.96301269531,0.24951171875,-0.19836425781
1726236116535.7175,-0.96301269531,0.24951171875,-0.19836425781
1726236116555.748,-0.96301269531,0.24951171875,-0.19836425781
1726236116578.0078,-0.96350097656,0.25134277343,-0.19567871093
1726236116595.5955,-0.96350097656,0.25134277343,-0.19567871093
1726236116615.7175,-0.96350097656,0.25134277343,-0.19567871093
1726236116635.748,-0.96350097656,0.25134277343,-0.19567871093
1726236116658.099,-0.966796875,0.25939941406,-0.193359375
1726236116675.5955,-0.966796875,0.25939941406,-0.193359375
1726236116695.748,-0.966796875,0.25939941406,-0.193359375
1726236116715.748,-0.966796875,0.25939941406,-0.193359375
1726236116738.0688,-0.96838378906,0.26745605468,-0.19653320312
1726236116755.5955,-0.96838378906,0.26745605468,-0.19653320312
1726236116775.7175,-0.96838378906,0.26745605468,-0.19653320312
1726236116795.748,-0.96838378906,0.26745605468,-0.19653320312
1726236116818.099,-0.97009277343,0.26794433593,-0.19580078125
1726236116835.5955,-0.97009277343,0.26794433593,-0.19580078125
1726236116855.7483,-0.97009277343,0.26794433593,-0.19580078125
1726236116875.7175,-0.97009277343,0.26794433593,-0.19580078125
1726236116898.1296,-0.97302246093,0.26721191406,-0.19970703125
1726236116915.5955,-0.97302246093,0.26721191406,-0.19970703125
1726236116935.7175,-0.97302246093,0.26721191406,-0.19970703125
1726236116955.7175,-0.97302246093,0.26721191406,-0.19970703125
1726236116978.2214,-0.97741699218,0.26586914062,-0.20141601562
1726236116995.5955,-0.97741699218,0.26586914062,-0.20141601562
1726236117015.748,-0.97741699218,0.26586914062,-0.20141601562
1726236117035.7175,-0.97741699218,0.26586914062,-0.20141601562
1726236117058.191,-0.9775390625,0.26721191406,-0.20129394531
1726236117075.5955,-0.9775390625,0.26721191406,-0.20129394531
1726236117095.7175,-0.9775390625,0.26721191406,-0.20129394531
1726236117115.748,-0.9775390625,0.26721191406,-0.20129394531
1726236117138.496,-0.96911621093,0.27307128906,-0.20532226562
1726236117155.5952,-0.96911621093,0.27307128906,-0.20532226562
1726236117175.748,-0.96911621093,0.27307128906,-0.20532226562
1726236117195.748,-0.96911621093,0.27307128906,-0.20532226562
1726236117218.252,-0.96313476562,0.28112792968,-0.20520019531
1726236117235.5955,-0.96313476562,0.28112792968,-0.20520019531
1726236117255.7175,-0.96313476562,0.28112792968,-0.20520019531
1726236117275.7175,-0.96313476562,0.28112792968,-0.20520019531
1726236117298.2825,-0.96044921875,0.28796386718,-0.20092773437
1726236117315.5955,-0.96044921875,0.28796386718,-0.20092773437
1726236117335.7483,-0.96044921875,0.28796386718,-0.20092773437
1726236117355.7483,-0.96044921875,0.28796386718,-0.20092773437
1726236117378.3127,-0.96057128906,0.28527832031,-0.19201660156
1726236117395.5952,-0.96057128906,0.28527832031,-0.19201660156
1726236117415.748,-0.96057128906,0.28527832031,-0.19201660156
1726236117435.748,-0.96057128906,0.28527832031,-0.19201660156
1726236117458.3435,-0.95922851562,0.27209472656,-0.1884765625
1726236117475.5955,-0.95922851562,0.27209472656,-0.1884765625
1726236117495.7175,-0.95922851562,0.27209472656,-0.1884765625
1726236117515.748,-0.95922851562,0.27209472656,-0.1884765625
1726236117538.374,-0.9658203125,0.26708984375,-0.1806640625
1726236117555.5955,-0.9658203125,0.26708984375,-0.1806640625
1726236117575.7175,-0.9658203125,0.26708984375,-0.1806640625
1726236117595.7483,-0.9658203125,0.26708984375,-0.1806640625
1726236117618.4043,-0.966796875,0.26574707031,-0.17602539062
1726236117635.5952,-0.966796875,0.26574707031,-0.17602539062
1726236117655.7175,-0.966796875,0.26574707031,-0.17602539062
1726236117675.748,-0.966796875,0.26574707031,-0.17602539062
1726236117698.435,-0.96423339843,0.2734375,-0.18212890625
1726236117715.5955,-0.96423339843,0.2734375,-0.18212890625
1726236117735.748,-0.96423339843,0.2734375,-0.18212890625
1726236117755.626,-0.96423339843,0.2734375,-0.18212890625
1726236117778.4658,-0.9609375,0.28430175781,-0.18920898437
1726236117795.5955,-0.9609375,0.28430175781,-0.18920898437
1726236117815.748,-0.9609375,0.28430175781,-0.18920898437
1726236117835.7175,-0.9609375,0.28430175781,-0.18920898437
1726236117858.496,-0.95825195312,0.28735351562,-0.1923828125
1726236117875.5952,-0.95825195312,0.28735351562,-0.1923828125
1726236117895.87,-0.95825195312,0.28735351562,-0.1923828125
1726236117915.748,-0.95825195312,0.28735351562,-0.1923828125
1726236117938.5266,-0.95812988281,0.28771972656,-0.19396972656
1726236117955.5955,-0.95812988281,0.28771972656,-0.19396972656
1726236117975.7175,-0.95812988281,0.28771972656,-0.19396972656
1726236117995.7175,-0.95812988281,0.28771972656,-0.19396972656
1726236118018.5571,-0.96118164062,0.28576660156,-0.19677734375
1726236118035.5955,-0.96118164062,0.28576660156,-0.19677734375
1726236118055.748,-0.96118164062,0.28576660156,-0.19677734375
1726236118075.7175,-0.96118164062,0.28576660156,-0.19677734375
1726236118098.5876,-0.96984863281,0.27758789062,-0.19702148437
1726236118115.5955,-0.96984863281,0.27758789062,-0.19702148437
1726236118135.748,-0.96984863281,0.27758789062,-0.19702148437
1726236118155.748,-0.96984863281,0.27758789062,-0.19702148437
1726236118178.6184,-0.97082519531,0.26965332031,-0.19396972656
1726236118195.5955,-0.97082519531,0.26965332031,-0.19396972656
1726236118215.748,-0.97082519531,0.26965332031,-0.19396972656
1726236118235.7175,-0.97082519531,0.26965332031,-0.19396972656
1726236118258.6487,-0.96606445312,0.27526855468,-0.19360351562
1726236118275.5955,-0.96606445312,0.27526855468,-0.19360351562
1726236118295.748,-0.96606445312,0.27526855468,-0.19360351562
1726236118315.7175,-0.96606445312,0.27526855468,-0.19360351562
1726236118338.6792,-0.96276855468,0.27795410156,-0.18725585937
1726236118355.5955,-0.96276855468,0.27795410156,-0.18725585937
1726236118375.748,-0.96276855468,0.27795410156,-0.18725585937
1726236118395.748,-0.96276855468,0.27795410156,-0.18725585937
1726236118418.71,-0.96130371093,0.26867675781,-0.18005371093
1726236118435.5955,-0.96130371093,0.26867675781,-0.18005371093
1726236118455.7175,-0.96130371093,0.26867675781,-0.18005371093
1726236118475.7175,-0.96130371093,0.26867675781,-0.18005371093
1726236118498.7405,-0.9677734375,0.26135253906,-0.177734375
1726236118515.5955,-0.9677734375,0.26135253906,-0.177734375
1726236118535.7175,-0.9677734375,0.26135253906,-0.177734375
1726236118555.748,-0.9677734375,0.26135253906,-0.177734375
1726236118578.7708,-0.96875,0.26306152343,-0.18090820312
1726236118595.5955,-0.96875,0.26306152343,-0.18090820312
1726236118615.748,-0.96875,0.26306152343,-0.18090820312
1726236118635.7175,-0.96875,0.26306152343,-0.18090820312
1726236118659.168,-0.96203613281,0.27124023437,-0.18444824218
1726236118675.5955,-0.96203613281,0.27124023437,-0.18444824218
1726236118695.748,-0.96203613281,0.27124023437,-0.18444824218
1726236118715.7175,-0.96203613281,0.27124023437,-0.18444824218
1726236118738.832,-0.9619140625,0.27392578125,-0.19030761718
1726236118755.5955,-0.9619140625,0.27392578125,-0.19030761718
1726236118775.7175,-0.9619140625,0.27392578125,-0.19030761718
1726236118795.748,-0.9619140625,0.27392578125,-0.19030761718
1726236118818.8628,-0.96508789062,0.27307128906,-0.19189453125
1726236118835.5955,-0.96508789062,0.27307128906,-0.19189453125
1726236118855.7483,-0.96508789062,0.27307128906,-0.19189453125
1726236118875.7175,-0.96508789062,0.27307128906,-0.19189453125
1726236118898.893,-0.96643066406,0.27587890625,-0.1884765625
1726236118915.5955,-0.96643066406,0.27587890625,-0.1884765625
1726236118935.748,-0.96643066406,0.27587890625,-0.1884765625
1726236118955.7175,-0.96643066406,0.27587890625,-0.1884765625
1726236118978.9236,-0.96716308593,0.27404785156,-0.18688964843
1726236118995.5955,-0.96716308593,0.27404785156,-0.18688964843
1726236119015.7175,-0.96716308593,0.27404785156,-0.18688964843
1726236119035.748,-0.96716308593,0.27404785156,-0.18688964843
1726236119059.0151,-0.96850585937,0.26794433593,-0.19140625
1726236119075.5955,-0.96850585937,0.26794433593,-0.19140625
1726236119095.7483,-0.96850585937,0.26794433593,-0.19140625
1726236119115.748,-0.96850585937,0.26794433593,-0.19140625
1726236119138.9846,-0.96801757812,0.26489257812,-0.19079589843
1726236119155.5952,-0.96801757812,0.26489257812,-0.19079589843
1726236119175.748,-0.96801757812,0.26489257812,-0.19079589843
1726236119195.748,-0.96801757812,0.26489257812,-0.19079589843
1726236119219.0151,-0.97204589843,0.26477050781,-0.18896484375
1726236119235.5955,-0.97204589843,0.26477050781,-0.18896484375
1726236119255.748,-0.97204589843,0.26477050781,-0.18896484375
1726236119275.7175,-0.97204589843,0.26477050781,-0.18896484375
1726236119299.046,-0.97180175781,0.25634765625,-0.1923828125
1726236119315.5955,-0.97180175781,0.25634765625,-0.1923828125
1726236119335.7175,-0.97180175781,0.25634765625,-0.1923828125
1726236119355.7483,-0.97180175781,0.25634765625,-0.1923828125
1726236119379.076,-0.97375488281,0.24621582031,-0.18872070312
1726236119395.626,-0.97375488281,0.24621582031,-0.18872070312
1726236119415.7175,-0.97375488281,0.24621582031,-0.18872070312
1726236119435.7175,-0.97375488281,0.24621582031,-0.18872070312
1726236119459.1067,-0.97058105468,0.24670410156,-0.18383789062
1726236119475.5955,-0.97058105468,0.24670410156,-0.18383789062
1726236119495.748,-0.97058105468,0.24670410156,-0.18383789062
1726236119515.7175,-0.97058105468,0.24670410156,-0.18383789062
1726236119539.1375,-0.96276855468,0.26257324218,-0.20043945312
1726236119555.626,-0.96276855468,0.26257324218,-0.20043945312
1726236119575.7483,-0.96276855468,0.26257324218,-0.20043945312
1726236119595.7483,-0.96276855468,0.26257324218,-0.20043945312
1726236119619.168,-0.9560546875,0.28344726562,-0.21020507812
1726236119635.5952,-0.9560546875,0.28344726562,-0.21020507812
1726236119655.748,-0.9560546875,0.28344726562,-0.21020507812
1726236119675.7175,-0.9560546875,0.28344726562,-0.21020507812
1726236119699.1985,-0.95910644531,0.28283691406,-0.20227050781
1726236119715.5955,-0.95910644531,0.28283691406,-0.20227050781
1726236119735.748,-0.95910644531,0.28283691406,-0.20227050781
1726236119755.748,-0.95910644531,0.28283691406,-0.20227050781
1726236119779.229,-0.96472167968,0.26477050781,-0.19848632812
1726236119795.626,-0.96472167968,0.26477050781,-0.19848632812
1726236119815.748,-0.96472167968,0.26477050781,-0.19848632812
1726236119835.7483,-0.96472167968,0.26477050781,-0.19848632812
1726236119859.2595,-0.96630859375,0.25634765625,-0.19787597656
1726236119875.5952,-0.96630859375,0.25634765625,-0.19787597656
1726236119895.7175,-0.96630859375,0.25634765625,-0.19787597656
1726236119915.748,-0.96630859375,0.25634765625,-0.19787597656
1726236119939.29,-0.96606445312,0.25756835937,-0.20373535156
1726236119955.5955,-0.96606445312,0.25756835937,-0.20373535156
1726236119975.748,-0.96606445312,0.25756835937,-0.20373535156
1726236119995.7175,-0.96606445312,0.25756835937,-0.20373535156
1726236120019.3208,-0.9638671875,0.25817871093,-0.21276855468
1726236120035.5955,-0.9638671875,0.25817871093,-0.21276855468
1726236120055.748,-0.9638671875,0.25817871093,-0.21276855468
1726236120075.7483,-0.9638671875,0.25817871093,-0.21276855468
1726236120099.412,-0.9638671875,0.25744628906,-0.212890625
1726236120115.626,-0.9638671875,0.25744628906,-0.212890625
1726236120135.7175,-0.9638671875,0.25744628906,-0.212890625
1726236120155.748,-0.9638671875,0.25744628906,-0.212890625
1726236120179.412,-0.96484375,0.25708007812,-0.21594238281
1726236120195.5955,-0.96484375,0.25708007812,-0.21594238281
1726236120215.7175,-0.96484375,0.25708007812,-0.21594238281
1726236120235.748,-0.96484375,0.25708007812,-0.21594238281
1726236120259.4124,-0.96740722656,0.25903320312,-0.22058105468
1726236120275.5955,-0.96740722656,0.25903320312,-0.22058105468
1726236120295.7175,-0.96740722656,0.25903320312,-0.22058105468
1726236120315.7175,-0.96740722656,0.25903320312,-0.22058105468
1726236120339.5037,-0.96862792968,0.26196289062,-0.21960449218
1726236120355.5955,-0.96862792968,0.26196289062,-0.21960449218
1726236120375.7175,-0.96862792968,0.26196289062,-0.21960449218
1726236120395.7175,-0.96862792968,0.26196289062,-0.21960449218
1726236120419.5344,-0.96923828125,0.26440429687,-0.22216796875
1726236120435.5955,-0.96923828125,0.26440429687,-0.22216796875
1726236120455.748,-0.96923828125,0.26440429687,-0.22216796875
1726236120475.7175,-0.96923828125,0.26440429687,-0.22216796875
1726236120499.504,-0.96630859375,0.27075195312,-0.23291015625
1726236120515.5955,-0.96630859375,0.27075195312,-0.23291015625
1726236120535.7175,-0.96630859375,0.27075195312,-0.23291015625
1726236120555.7175,-0.96630859375,0.27075195312,-0.23291015625
1726236120579.534,-0.962890625,0.28002929687,-0.23474121093
1726236120595.5955,-0.962890625,0.28002929687,-0.23474121093
1726236120615.748,-0.962890625,0.28002929687,-0.23474121093
1726236120635.748,-0.962890625,0.28002929687,-0.23474121093
1726236120659.5647,-0.95922851562,0.27905273437,-0.22302246093
1726236120675.5955,-0.95922851562,0.27905273437,-0.22302246093
1726236120695.748,-0.95922851562,0.27905273437,-0.22302246093
1726236120715.748,-0.95922851562,0.27905273437,-0.22302246093
1726236120739.5955,-0.95751953125,0.27453613281,-0.21447753906
1726236120755.5955,-0.95751953125,0.27453613281,-0.21447753906
1726236120775.7175,-0.95751953125,0.27453613281,-0.21447753906
1726236120795.748,-0.95751953125,0.27453613281,-0.21447753906
1726236120819.626,-0.95874023437,0.28381347656,-0.21569824218
1726236120835.5955,-0.95874023437,0.28381347656,-0.21569824218
1726236120855.7175,-0.95874023437,0.28381347656,-0.21569824218
1726236120875.748,-0.95874023437,0.28381347656,-0.21569824218
1726236120899.6565,-0.95971679687,0.28942871093,-0.22143554687
1726236120915.626,-0.95971679687,0.28942871093,-0.22143554687
1726236120935.748,-0.95971679687,0.28942871093,-0.22143554687
1726236120955.748,-0.95971679687,0.28942871093,-0.22143554687
1726236120979.687,-0.97131347656,0.28039550781,-0.20642089843
1726236120995.5955,-0.97131347656,0.28039550781,-0.20642089843
1726236121015.748,-0.97131347656,0.28039550781,-0.20642089843
1726236121035.748,-0.97131347656,0.28039550781,-0.20642089843
1726236121059.7175,-0.9736328125,0.26879882812,-0.20251464843
1726236121075.626,-0.9736328125,0.26879882812,-0.20251464843
1726236121095.7483,-0.9736328125,0.26879882812,-0.20251464843
1726236121115.748,-0.9736328125,0.26879882812,-0.20251464843
1726236121139.748,-0.97253417968,0.2666015625,-0.19445800781
1726236121155.5952,-0.97253417968,0.2666015625,-0.19445800781
1726236121175.748,-0.97253417968,0.2666015625,-0.19445800781
1726236121195.748,-0.97253417968,0.2666015625,-0.19445800781
1726236121219.7783,-0.96887207031,0.26965332031,-0.185546875
1726236121235.5955,-0.96887207031,0.26965332031,-0.185546875
1726236121255.748,-0.96887207031,0.26965332031,-0.185546875
1726236121275.7175,-0.96887207031,0.26965332031,-0.185546875
1726236121299.809,-0.96618652343,0.27111816406,-0.18334960937
1726236121315.5955,-0.96618652343,0.27111816406,-0.18334960937
1726236121335.7483,-0.96618652343,0.27111816406,-0.18334960937
1726236121355.7175,-0.96618652343,0.27111816406,-0.18334960937
1726236121379.8396,-0.97216796875,0.26867675781,-0.185546875
1726236121395.5952,-0.97216796875,0.26867675781,-0.185546875
1726236121415.748,-0.97216796875,0.26867675781,-0.185546875
1726236121435.748,-0.97216796875,0.26867675781,-0.185546875
1726236121459.9312,-0.96875,0.25817871093,-0.18347167968
1726236121475.5955,-0.96875,0.25817871093,-0.18347167968
1726236121495.748,-0.96875,0.25817871093,-0.18347167968
1726236121515.7175,-0.96875,0.25817871093,-0.18347167968
1726236121539.901,-0.96716308593,0.25427246093,-0.17614746093
1726236121555.5955,-0.96716308593,0.25427246093,-0.17614746093
1726236121575.7483,-0.96716308593,0.25427246093,-0.17614746093
1726236121595.7483,-0.96716308593,0.25427246093,-0.17614746093
1726236121619.9312,-0.9716796875,0.24938964843,-0.17907714843
1726236121635.5952,-0.9716796875,0.24938964843,-0.17907714843
1726236121655.748,-0.9716796875,0.24938964843,-0.17907714843
1726236121675.7175,-0.9716796875,0.24938964843,-0.17907714843
1726236121700.0227,-0.97473144531,0.23559570312,-0.19091796875
1726236121715.5955,-0.97473144531,0.23559570312,-0.19091796875
1726236121735.748,-0.97473144531,0.23559570312,-0.19091796875
1726236121755.7175,-0.97473144531,0.23559570312,-0.19091796875
1726236121779.9924,-0.97729492187,0.22912597656,-0.18798828125
1726236121795.5955,-0.97729492187,0.22912597656,-0.18798828125
1726236121815.748,-0.97729492187,0.22912597656,-0.18798828125
1726236121835.7483,-0.97729492187,0.22912597656,-0.18798828125
1726236121860.0227,-0.97424316406,0.21887207031,-0.17419433593
1726236121875.5952,-0.97424316406,0.21887207031,-0.17419433593
1726236121895.748,-0.97424316406,0.21887207031,-0.17419433593
1726236121915.748,-0.97424316406,0.21887207031,-0.17419433593
1726236121940.0535,-0.96655273437,0.21203613281,-0.17504882812
1726236121955.5955,-0.96655273437,0.21203613281,-0.17504882812
1726236121975.748,-0.96655273437,0.21203613281,-0.17504882812
1726236121995.7175,-0.96655273437,0.21203613281,-0.17504882812
1726236122020.084,-0.96716308593,0.22766113281,-0.17443847656
1726236122035.626,-0.96716308593,0.22766113281,-0.17443847656
1726236122055.7175,-0.96716308593,0.22766113281,-0.17443847656
1726236122075.7175,-0.96716308593,0.22766113281,-0.17443847656
1726236122100.1145,-0.97583007812,0.2431640625,-0.16784667968
1726236122115.5955,-0.97583007812,0.2431640625,-0.16784667968
1726236122135.748,-0.97583007812,0.2431640625,-0.16784667968
1726236122155.748,-0.97583007812,0.2431640625,-0.16784667968
1726236122180.145,-0.97570800781,0.24426269531,-0.17626953125
1726236122195.626,-0.97570800781,0.24426269531,-0.17626953125
1726236122215.748,-0.97570800781,0.24426269531,-0.17626953125
1726236122235.7175,-0.97570800781,0.24426269531,-0.17626953125
1726236122260.1755,-0.9755859375,0.24255371093,-0.18225097656
1726236122275.5955,-0.9755859375,0.24255371093,-0.18225097656
1726236122295.7175,-0.9755859375,0.24255371093,-0.18225097656
1726236122315.748,-0.9755859375,0.24255371093,-0.18225097656
1726236122340.206,-0.97863769531,0.24389648437,-0.17150878906
1726236122355.5955,-0.97863769531,0.24389648437,-0.17150878906
1726236122375.7175,-0.97863769531,0.24389648437,-0.17150878906
1726236122395.748,-0.97863769531,0.24389648437,-0.17150878906
1726236122420.2363,-0.97387695312,0.25183105468,-0.17065429687
1726236122435.5955,-0.97387695312,0.25183105468,-0.17065429687
1726236122455.7175,-0.97387695312,0.25183105468,-0.17065429687
1726236122475.748,-0.97387695312,0.25183105468,-0.17065429687
1726236122500.267,-0.9716796875,0.26599121093,-0.17126464843
1726236122515.626,-0.9716796875,0.26599121093,-0.17126464843
1726236122535.748,-0.9716796875,0.26599121093,-0.17126464843
1726236122555.748,-0.9716796875,0.26599121093,-0.17126464843
1726236122580.2976,-0.97790527343,0.26733398437,-0.15808105468
1726236122595.5955,-0.97790527343,0.26733398437,-0.15808105468
1726236122615.7175,-0.97790527343,0.26733398437,-0.15808105468
1726236122635.7175,-0.97790527343,0.26733398437,-0.15808105468
1726236122660.328,-0.97033691406,0.23486328125,-0.1484375
1726236122675.5955,-0.97033691406,0.23486328125,-0.1484375
1726236122695.7175,-0.97033691406,0.23486328125,-0.1484375
1726236122715.7175,-0.97033691406,0.23486328125,-0.1484375
1726236122740.359,-0.98046875,0.22778320312,-0.14636230468
1726236122755.626,-0.98046875,0.22778320312,-0.14636230468
1726236122775.7175,-0.98046875,0.22778320312,-0.14636230468
1726236122795.7175,-0.98046875,0.22778320312,-0.14636230468
1726236122820.3892,-0.99243164062,0.23291015625,-0.15893554687
1726236122835.626,-0.99243164062,0.23291015625,-0.15893554687
1726236122855.7483,-0.99243164062,0.23291015625,-0.15893554687
1726236122875.748,-0.99243164062,0.23291015625,-0.15893554687
1726236122900.42,-0.99182128906,0.21130371093,-0.1689453125
1726236122915.5955,-0.99182128906,0.21130371093,-0.1689453125
1726236122935.7175,-0.99182128906,0.21130371093,-0.1689453125
1726236122955.748,-0.99182128906,0.21130371093,-0.1689453125
1726236122980.4504,-0.97900390625,0.24291992187,-0.16528320312
1726236122995.626,-0.97900390625,0.24291992187,-0.16528320312
1726236123015.7175,-0.97900390625,0.24291992187,-0.16528320312
1726236123035.748,-0.97900390625,0.24291992187,-0.16528320312
1726236123060.4807,-0.966796875,0.29724121093,-0.16564941406
1726236123075.5955,-0.966796875,0.29724121093,-0.16564941406
1726236123095.7175,-0.966796875,0.29724121093,-0.16564941406
1726236123115.7175,-0.966796875,0.29724121093,-0.16564941406
1726236123140.5115,-0.97143554687,0.26721191406,-0.19812011718
1726236123155.5952,-0.97143554687,0.26721191406,-0.19812011718
1726236123175.748,-0.97143554687,0.26721191406,-0.19812011718
1726236123195.748,-0.97143554687,0.26721191406,-0.19812011718
1726236123220.5725,-0.95690917968,0.154296875,-0.10290527343
1726236123235.5955,-0.95690917968,0.154296875,-0.10290527343
1726236123255.748,-0.95690917968,0.154296875,-0.10290527343
1726236123275.7175,-0.95690917968,0.154296875,-0.10290527343
1726236123300.5728,-0.91577148437,0.24548339843,0.11572265625
1726236123315.5955,-0.91577148437,0.24548339843,0.11572265625
1726236123335.7175,-0.91577148437,0.24548339843,0.11572265625
1726236123355.7483,-0.91577148437,0.24548339843,0.11572265625
1726236123380.603,-0.95910644531,0.09216308593,0.14990234375
1726236123395.5952,-0.95910644531,0.09216308593,0.14990234375
1726236123415.748,-0.95910644531,0.09216308593,0.14990234375
1726236123435.7175,-0.95910644531,0.09216308593,0.14990234375
1726236123460.6335,-1.13989257812,-0.34533691406,0.30969238281
1726236123475.5955,-1.13989257812,-0.34533691406,0.30969238281
1726236123495.7175,-1.13989257812,-0.34533691406,0.30969238281
1726236123515.7175,-1.13989257812,-0.34533691406,0.30969238281
1726236123540.6643,-1.33154296875,-0.37634277343,0.43115234375
1726236123555.5955,-1.33154296875,-0.37634277343,0.43115234375
1726236123575.7175,-1.33154296875,-0.37634277343,0.43115234375
1726236123595.7483,-1.33154296875,-0.37634277343,0.43115234375
1726236123620.6943,-1.29162597656,-0.75561523437,0.80871582031
1726236123635.5952,-1.29162597656,-0.75561523437,0.80871582031
1726236123655.748,-1.29162597656,-0.75561523437,0.80871582031
1726236123675.7175,-1.29162597656,-0.75561523437,0.80871582031
1726236123700.6943,-1.19384765625,0.17736816406,0.98596191406
1726236123715.626,-1.19384765625,0.17736816406,0.98596191406
1726236123735.7175,-1.19384765625,0.17736816406,0.98596191406
1726236123755.7175,-1.19384765625,0.17736816406,0.98596191406
1726236123780.6643,-1.14929199218,0.46850585937,0.55041503906
1726236123795.5955,-1.14929199218,0.46850585937,0.55041503906
1726236123815.748,-1.14929199218,0.46850585937,0.55041503906
1726236123835.7175,-1.14929199218,0.46850585937,0.55041503906
1726236123860.542,-1.01586914062,0.13134765625,0.51831054687
1726236123875.5952,-1.01586914062,0.13134765625,0.51831054687
1726236123895.748,-1.01586914062,0.13134765625,0.51831054687
1726236123915.748,-1.01586914062,0.13134765625,0.51831054687
1726236123940.664,-1.02355957031,0.23901367187,0.34497070312
1726236123955.5955,-1.02355957031,0.23901367187,0.34497070312
1726236123975.748,-1.02355957031,0.23901367187,0.34497070312
1726236123995.7175,-1.02355957031,0.23901367187,0.34497070312
1726236124020.6948,-1.12512207031,-0.12048339843,0.16296386718
1726236124035.626,-1.12512207031,-0.12048339843,0.16296386718
1726236124055.7175,-1.12512207031,-0.12048339843,0.16296386718
1726236124075.7483,-1.12512207031,-0.12048339843,0.16296386718
1726236124100.664,-1.19750976562,-0.10681152343,0.25952148437
1726236124115.5955,-1.19750976562,-0.10681152343,0.25952148437
1726236124135.748,-1.19750976562,-0.10681152343,0.25952148437
1726236124155.7175,-1.19750976562,-0.10681152343,0.25952148437
1726236124181.458,-1.31359863281,-0.45166015625,0.76733398437
1726236124195.5955,-1.31359863281,-0.45166015625,0.76733398437
1726236124215.748,-1.31359863281,-0.45166015625,0.76733398437
1726236124235.748,-1.31359863281,-0.45166015625,0.76733398437
1726236124260.6643,-1.5595703125,-0.13818359375,1.39916992187
1726236124275.5955,-1.5595703125,-0.13818359375,1.39916992187
1726236124295.748,-1.5595703125,-0.13818359375,1.39916992187
1726236124315.748,-1.5595703125,-0.13818359375,1.39916992187
1726236124340.6943,-1.31872558593,-0.62683105468,1.19763183593
1726236124355.6873,-1.31872558593,-0.62683105468,1.19763183593
1726236124375.748,-1.31872558593,-0.62683105468,1.19763183593
1726236124395.7175,-1.31872558593,-0.62683105468,1.19763183593
1726236124420.664,-0.96362304687,-1.02453613281,0.63049316406
1726236124435.5955,-0.96362304687,-1.02453613281,0.63049316406
1726236124455.7175,-0.96362304687,-1.02453613281,0.63049316406
1726236124475.748,-0.96362304687,-1.02453613281,0.63049316406
1726236124500.6643,-1.49279785156,-0.62365722656,0.49328613281
1726236124515.626,-1.49279785156,-0.62365722656,0.49328613281
1726236124535.7175,-1.49279785156,-0.62365722656,0.49328613281
1726236124555.7175,-1.49279785156,-0.62365722656,0.49328613281
1726236124581.458,-1.46069335937,0.54626464843,1.3203125
1726236124595.626,-1.46069335937,0.54626464843,1.3203125
1726236124615.748,-1.46069335937,0.54626464843,1.3203125
1726236124635.748,-1.46069335937,0.54626464843,1.3203125
1726236124660.664,-1.25598144531,0.25463867187,1.16711425781
1726236124675.626,-1.25598144531,0.25463867187,1.16711425781
1726236124695.748,-1.25598144531,0.25463867187,1.16711425781
1726236124715.748,-1.25598144531,0.25463867187,1.16711425781
1726236124740.664,-1.02185058593,-0.080078125,0.43273925781
1726236124755.5955,-1.02185058593,-0.080078125,0.43273925781
1726236124775.7175,-1.02185058593,-0.080078125,0.43273925781
1726236124795.748,-1.02185058593,-0.080078125,0.43273925781
1726236124820.6943,-0.95336914062,0.85119628906,-0.01806640625
1726236124835.5955,-0.95336914062,0.85119628906,-0.01806640625
1726236124855.7175,-0.95336914062,0.85119628906,-0.01806640625
1726236124875.7175,-0.95336914062,0.85119628906,-0.01806640625
1726236124900.6943,-0.91101074218,0.65283203125,0.73266601562
1726236124915.5955,-0.91101074218,0.65283203125,0.73266601562
1726236124935.748,-0.91101074218,0.65283203125,0.73266601562
1726236124955.7175,-0.91101074218,0.65283203125,0.73266601562
1726236124980.6948,-1.05383300781,0.24658203125,0.75549316406
1726236124995.5955,-1.05383300781,0.24658203125,0.75549316406
1726236125015.7175,-1.05383300781,0.24658203125,0.75549316406
1726236125035.7175,-1.05383300781,0.24658203125,0.75549316406
1726236125055.7175,-1.35705566406,0.20202636718,0.35754394531
1726236125075.626,-1.35705566406,0.20202636718,0.35754394531
1726236125095.7175,-1.35705566406,0.20202636718,0.35754394531
1726236125115.748,-1.35705566406,0.20202636718,0.35754394531
1726236125135.748,-1.57043457031,0.03735351562,0.61181640625
1726236125155.626,-1.57043457031,0.03735351562,0.61181640625
1726236125175.748,-1.57043457031,0.03735351562,0.61181640625
1726236125195.748,-1.57043457031,0.03735351562,0.61181640625
1726236125215.748,-1.59997558593,-0.35424804687,0.91394042968
1726236125235.5955,-1.59997558593,-0.35424804687,0.91394042968
1726236125255.7175,-1.59997558593,-0.35424804687,0.91394042968
1726236125275.748,-1.59997558593,-0.35424804687,0.91394042968
1726236125295.748,-1.31359863281,0.57739257812,0.86926269531
1726236125315.5955,-1.31359863281,0.57739257812,0.86926269531
1726236125335.7483,-1.31359863281,0.57739257812,0.86926269531
1726236125355.7175,-1.31359863281,0.57739257812,0.86926269531
1726236125375.748,-1.0185546875,1.06713867187,0.41369628906
1726236125395.5952,-1.0185546875,1.06713867187,0.41369628906
1726236125415.748,-1.0185546875,1.06713867187,0.41369628906
1726236125435.748,-1.0185546875,1.06713867187,0.41369628906
1726236125455.7175,-0.92993164062,0.60546875,0.26599121093
1726236125475.626,-0.92993164062,0.60546875,0.26599121093
1726236125495.7175,-0.92993164062,0.60546875,0.26599121093
1726236125515.748,-0.92993164062,0.60546875,0.26599121093
1726236125535.7175,-0.97192382812,0.50183105468,0.11572265625
1726236125555.5955,-0.97192382812,0.50183105468,0.11572265625
1726236125575.7483,-0.97192382812,0.50183105468,0.11572265625
1726236125595.7483,-0.97192382812,0.50183105468,0.11572265625
1726236125615.748,-0.9853515625,0.52526855468,-0.03869628906
1726236125635.6255,-0.9853515625,0.52526855468,-0.03869628906
1726236125655.7175,-0.9853515625,0.52526855468,-0.03869628906
1726236125675.7175,-0.9853515625,0.52526855468,-0.03869628906
1726236125695.748,-0.97705078125,0.42895507812,-0.15563964843
1726236125715.5955,-0.97705078125,0.42895507812,-0.15563964843
1726236125735.7175,-0.97705078125,0.42895507812,-0.15563964843
1726236125755.748,-0.97705078125,0.42895507812,-0.15563964843
1726236125775.7175,-0.96264648437,0.37561035156,-0.13720703125
1726236125795.5955,-0.96264648437,0.37561035156,-0.13720703125
1726236125815.748,-0.96264648437,0.37561035156,-0.13720703125
1726236125835.7483,-0.96264648437,0.37561035156,-0.13720703125
1726236125855.7175,-0.94030761718,0.27783203125,-0.09411621093
1726236125875.5952,-0.94030761718,0.27783203125,-0.09411621093
1726236125895.748,-0.94030761718,0.27783203125,-0.09411621093
1726236125915.7175,-0.94030761718,0.27783203125,-0.09411621093
1726236125935.7175,-0.94665527343,0.28125,-0.08447265625
1726236125955.5955,-0.94665527343,0.28125,-0.08447265625
1726236125975.7175,-0.94665527343,0.28125,-0.08447265625
1726236125995.7175,-0.94665527343,0.28125,-0.08447265625
1726236126015.748,-0.97143554687,0.3212890625,-0.07800292968
1726236126035.5955,-0.97143554687,0.3212890625,-0.07800292968
1726236126055.748,-0.97143554687,0.3212890625,-0.07800292968
1726236126075.7483,-0.97143554687,0.3212890625,-0.07800292968
1726236126095.7483,-0.97473144531,0.30456542968,-0.11340332031
1726236126115.5955,-0.97473144531,0.30456542968,-0.11340332031
1726236126135.748,-0.97473144531,0.30456542968,-0.11340332031
1726236126155.748,-0.97473144531,0.30456542968,-0.11340332031
1726236126175.748,-0.97473144531,0.24572753906,-0.18835449218
1726236126195.626,-0.97094726562,0.24572753906,-0.18835449218
1726236126215.748,-0.97094726562,0.24572753906,-0.18835449218
1726236126235.7175,-0.97094726562,0.24572753906,-0.18835449218
1726236126255.748,-0.97094726562,0.24572753906,-0.17858886718
1726236126275.5955,-0.97900390625,0.23986816406,-0.17858886718
1726236126295.748,-0.97900390625,0.23986816406,-0.17858886718
1726236126315.7175,-0.97900390625,0.23986816406,-0.17858886718
1726236126335.7483,-0.97900390625,0.23986816406,-0.17858886718
1726236126355.5955,-0.97192382812,0.25622558593,-0.13537597656
1726236126375.748,-0.97192382812,0.25622558593,-0.13537597656
1726236126395.7175,-0.97192382812,0.25622558593,-0.13537597656
1726236126415.7175,-0.97192382812,0.25622558593,-0.13537597656
1726236126435.5955,-0.96447753906,0.26281738281,-0.12145996093
1726236126455.748,-0.96447753906,0.26281738281,-0.12145996093
1726236126475.7175,-0.96447753906,0.26281738281,-0.12145996093
1726236126495.748,-0.96447753906,0.26281738281,-0.12145996093
1726236126515.626,-0.96838378906,0.25854492187,-0.14111328125
1726236126535.7175,-0.96838378906,0.25854492187,-0.14111328125
1726236126555.7175,-0.96838378906,0.25854492187,-0.14111328125
1726236126575.7175,-0.96838378906,0.25854492187,-0.14111328125
1726236126595.5955,-0.97839355468,0.25439453125,-0.1689453125
1726236126615.7175,-0.97839355468,0.25439453125,-0.1689453125
1726236126635.748,-0.97839355468,0.25439453125,-0.1689453125
1726236126655.7175,-0.97839355468,0.25439453125,-0.1689453125
1726236126675.5955,-0.98425292968,0.2578125,-0.16735839843
1726236126695.748,-0.98425292968,0.2578125,-0.16735839843
1726236126715.748,-0.98425292968,0.2578125,-0.16735839843
1726236126735.7175,-0.98425292968,0.2578125,-0.16735839843
1726236126755.5955,-0.98059082031,0.26245117187,-0.15002441406
1726236126775.748,-0.98059082031,0.26245117187,-0.15002441406
1726236126795.748,-0.98059082031,0.26245117187,-0.15002441406
1726236126815.748,-0.98059082031,0.26245117187,-0.15002441406
1726236126835.5955,-0.97692871093,0.25939941406,-0.14807128906
1726236126855.7483,-0.97692871093,0.25939941406,-0.14807128906
1726236126875.7175,-0.97692871093,0.25939941406,-0.14807128906
1726236126895.7175,-0.97692871093,0.25939941406,-0.14807128906
1726236126915.626,-0.97619628906,0.25280761718,-0.16809082031
1726236126935.748,-0.97619628906,0.25280761718,-0.16809082031
1726236126955.7175,-0.97619628906,0.25280761718,-0.16809082031
1726236126975.748,-0.97619628906,0.25280761718,-0.16809082031
1726236126995.5955,-0.97790527343,0.25073242187,-0.17529296875
1726236127015.748,-0.97790527343,0.25073242187,-0.17529296875
1726236127035.748,-0.97790527343,0.25073242187,-0.17529296875
1726236127055.748,-0.97790527343,0.25073242187,-0.17529296875
1726236127075.5955,-0.97668457031,0.25500488281,-0.16931152343
1726236127095.7483,-0.97668457031,0.25500488281,-0.16931152343
1726236127115.748,-0.97668457031,0.25500488281,-0.16931152343
1726236127135.748,-0.97668457031,0.25500488281,-0.16931152343
1726236127155.5952,-0.97082519531,0.25805664062,-0.17272949218
1726236127175.7175,-0.97082519531,0.25805664062,-0.17272949218
1726236127195.748,-0.97082519531,0.25805664062,-0.17272949218
1726236127215.748,-0.97082519531,0.25805664062,-0.17272949218
1726236127235.626,-0.97229003906,0.25952148437,-0.18786621093
1726236127255.7175,-0.97229003906,0.25952148437,-0.18786621093
1726236127275.748,-0.97229003906,0.25952148437,-0.18786621093
1726236127295.7175,-0.97229003906,0.25952148437,-0.18786621093
1726236127315.5955,-0.97192382812,0.25390625,-0.19079589843
1726236127335.7175,-0.97192382812,0.25390625,-0.19079589843
1726236127355.7483,-0.97192382812,0.25390625,-0.19079589843
1726236127375.7175,-0.97192382812,0.25390625,-0.19079589843
1726236127395.5952,-0.96862792968,0.24914550781,-0.17761230468
1726236127415.748,-0.96862792968,0.24914550781,-0.17761230468
1726236127435.7175,-0.96862792968,0.24914550781,-0.17761230468
1726236127455.748,-0.96862792968,0.24914550781,-0.17761230468
1726236127475.5955,-0.97131347656,0.25122070312,-0.1787109375
1726236127495.748,-0.97131347656,0.25122070312,-0.1787109375
1726236127515.7175,-0.97131347656,0.25122070312,-0.1787109375
1726236127535.7175,-0.97131347656,0.25122070312,-0.1787109375
1726236127555.5955,-0.97668457031,0.25,-0.18969726562
1726236127575.7175,-0.97668457031,0.25,-0.18969726562
1726236127595.7483,-0.97668457031,0.25,-0.18969726562
1726236127615.748,-0.97668457031,0.25,-0.18969726562
1726236127635.5952,-0.98132324218,0.24743652343,-0.19787597656
1726236127655.7175,-0.98132324218,0.24743652343,-0.19787597656
1726236127675.748,-0.98132324218,0.24743652343,-0.19787597656
1726236127695.748,-0.98132324218,0.24743652343,-0.19787597656
1726236127715.5955,-0.97827148437,0.24926757812,-0.19128417968
1726236127735.748,-0.97827148437,0.24926757812,-0.19128417968
1726236127755.7175,-0.97827148437,0.24926757812,-0.19128417968
1726236127775.748,-0.97827148437,0.24926757812,-0.19128417968
1726236127795.5955,-0.97058105468,0.25537109375,-0.18298339843
1726236127815.7175,-0.97058105468,0.25537109375,-0.18298339843
1726236127835.7483,-0.97058105468,0.25537109375,-0.18298339843
1726236127855.7483,-0.97058105468,0.25537109375,-0.18298339843
1726236127875.6255,-0.96801757812,0.25610351562,-0.18859863281
1726236127895.748,-0.96801757812,0.25610351562,-0.18859863281
1726236127915.748,-0.96801757812,0.25610351562,-0.18859863281
1726236127935.748,-0.96801757812,0.25610351562,-0.18859863281
1726236127955.626,-0.96997070312,0.25756835937,-0.19421386718
1726236127975.748,-0.96997070312,0.25756835937,-0.19421386718
1726236127995.748,-0.96997070312,0.25756835937,-0.19421386718
1726236128015.7175,-0.96997070312,0.25756835937,-0.19421386718
1726236128035.5955,-0.9775390625,0.248046875,-0.20495605468
1726236128055.7175,-0.9775390625,0.248046875,-0.20495605468
1726236128075.7483,-0.9775390625,0.248046875,-0.20495605468
1726236128095.7483,-0.9775390625,0.248046875,-0.20495605468
1726236128115.5955,-0.978515625,0.2412109375,-0.20080566406
1726236128135.748,-0.978515625,0.2412109375,-0.20080566406
1726236128155.7175,-0.978515625,0.2412109375,-0.20080566406
1726236128175.7175,-0.978515625,0.2412109375,-0.20080566406
1726236128195.5955,-0.97277832031,0.24230957031,-0.18322753906
1726236128215.748,-0.97277832031,0.24230957031,-0.18322753906
1726236128235.7175,-0.97277832031,0.24230957031,-0.18322753906
1726236128255.7175,-0.97277832031,0.24230957031,-0.18322753906
1726236128275.626,-0.97009277343,0.23852539062,-0.18347167968
1726236128295.748,-0.97009277343,0.23852539062,-0.18347167968
1726236128315.748,-0.97009277343,0.23852539062,-0.18347167968
1726236128335.7175,-0.97009277343,0.23852539062,-0.18347167968
1726236128355.5955,-0.9677734375,0.24096679687,-0.18664550781
1726236128375.748,-0.9677734375,0.24096679687,-0.18664550781
1726236128395.748,-0.9677734375,0.24096679687,-0.18664550781
1726236128415.7175,-0.9677734375,0.24096679687,-0.18664550781
1726236128435.626,-0.96984863281,0.24841308593,-0.18493652343
1726236128455.748,-0.96984863281,0.24841308593,-0.18493652343
1726236128475.7175,-0.96984863281,0.24841308593,-0.18493652343
1726236128495.748,-0.96984863281,0.24841308593,-0.18493652343
1726236128515.5955,-0.97497558593,0.24560546875,-0.18530273437
1726236128535.748,-0.97497558593,0.24560546875,-0.18530273437
1726236128555.748,-0.97497558593,0.24560546875,-0.18530273437
1726236128575.7175,-0.97497558593,0.24560546875,-0.18530273437
1726236128595.626,-0.97741699218,0.2431640625,-0.18237304687
1726236128615.748,-0.97741699218,0.2431640625,-0.18237304687
1726236128635.748,-0.97741699218,0.2431640625,-0.18237304687
1726236128655.7175,-0.97741699218,0.2431640625,-0.18237304687
1726236128675.5955,-0.97534179687,0.24523925781,-0.17993164062
1726236128695.748,-0.97534179687,0.24523925781,-0.17993164062
1726236128715.7175,-0.97534179687,0.24523925781,-0.17993164062
1726236128735.7175,-0.97534179687,0.24523925781,-0.17993164062
1726236128755.626,-0.97448730468,0.24731445312,-0.18078613281
1726236128775.748,-0.97448730468,0.24731445312,-0.18078613281
1726236128795.748,-0.97448730468,0.24731445312,-0.18078613281
1726236128815.7175,-0.97448730468,0.24731445312,-0.18078613281
1726236128835.5955,-0.97607421875,0.25134277343,-0.18127441406
1726236128855.7483,-0.97607421875,0.25134277343,-0.18127441406
1726236128875.748,-0.97607421875,0.25134277343,-0.18127441406
1726236128895.748,-0.97607421875,0.25134277343,-0.18127441406
1726236128915.5955,-0.97375488281,0.25524902343,-0.17834472656
1726236128935.748,-0.97375488281,0.25524902343,-0.17834472656
1726236128955.7175,-0.97375488281,0.25524902343,-0.17834472656
1726236128975.7175,-0.97375488281,0.25524902343,-0.17834472656
1726236128995.5955,-0.97155761718,0.25708007812,-0.17687988281
1726236129015.7175,-0.97155761718,0.25708007812,-0.17687988281
1726236129035.748,-0.97155761718,0.25708007812,-0.17687988281
1726236129055.748,-0.97155761718,0.25708007812,-0.17687988281
1726236129075.626,-0.97265625,0.2548828125,-0.17944335937
1726236129095.7175,-0.97265625,0.2548828125,-0.17944335937
