timestamp,accel.x,accel.y,accel.z
1726143720167.6196,-1.00427246093,0.35522460937,-0.21606445312
1726143720187.6392,-1.00427246093,0.35522460937,-0.21606445312
1726143720207.506,-0.94104003906,0.33911132812,-0.23937988281
1726143720227.5867,-0.94104003906,0.33911132812,-0.23937988281
1726143720247.6062,-0.94104003906,0.33911132812,-0.23937988281
1726143720267.5952,-0.94104003906,0.33911132812,-0.23937988281
1726143720287.4927,-0.86877441406,0.35778808593,-0.27001953125
1726143720307.6035,-0.86877441406,0.35778808593,-0.27001953125
1726143720327.5928,-0.86877441406,0.35778808593,-0.27001953125
1726143720347.5815,-0.86877441406,0.35778808593,-0.27001953125
1726143720367.5095,-0.86633300781,0.36120605468,-0.27600097656
1726143720387.5903,-0.86633300781,0.36120605468,-0.27600097656
1726143720407.579,-0.86633300781,0.36120605468,-0.27600097656
1726143720427.5989,-0.86633300781,0.36120605468,-0.27600097656
1726143720447.4963,-0.94128417968,0.36279296875,-0.27258300781
1726143720467.577,-0.94128417968,0.36279296875,-0.27258300781
1726143720487.6267,-0.94128417968,0.36279296875,-0.27258300781
1726143720507.5854,-0.94128417968,0.36279296875,-0.27258300781
1726143720527.483,-0.99609375,0.37719726562,-0.2802734375
1726143720547.594,-0.99609375,0.37719726562,-0.2802734375
1726143720567.583,-0.99609375,0.37719726562,-0.2802734375
1726143720587.6023,-0.99609375,0.37719726562,-0.2802734375
1726143720607.5,-0.88269042968,0.32849121093,-0.26892089843
1726143720627.5803,-0.88269042968,0.32849121093,-0.26892089843
1726143720647.6306,-0.88269042968,0.32849121093,-0.26892089843
1726143720667.6196,-0.88269042968,0.32849121093,-0.26892089843
1726143720687.4863,-0.90417480468,0.29650878906,-0.26916503906
1726143720707.5977,-0.90417480468,0.29650878906,-0.26916503906
1726143720727.6172,-0.90417480468,0.29650878906,-0.26916503906
1726143720747.6062,-0.90417480468,0.29650878906,-0.26916503906
1726143720767.5037,-0.85571289062,0.27111816406,-0.26940917968
1726143720787.5842,-0.85571289062,0.27111816406,-0.26940917968
1726143720807.5732,-0.85571289062,0.27111816406,-0.26940917968
1726143720827.5928,-0.85571289062,0.27111816406,-0.26940917968
1726143720847.4902,-0.86340332031,0.2822265625,-0.2705078125
1726143720867.5708,-0.86340332031,0.2822265625,-0.2705078125
1726143720887.5903,-0.86340332031,0.2822265625,-0.2705078125
1726143720907.6099,-0.86340332031,0.2822265625,-0.2705078125
1726143720927.4768,-0.86694335937,0.3125,-0.294921875
1726143720947.588,-0.86694335937,0.3125,-0.294921875
1726143720967.577,-0.86694335937,0.3125,-0.294921875
1726143720987.566,-0.86694335937,0.3125,-0.294921875
1726143721007.494,-0.88110351562,0.3359375,-0.30541992187
1726143721027.5745,-0.88110351562,0.3359375,-0.30541992187
1726143721047.5635,-0.88110351562,0.3359375,-0.30541992187
1726143721067.6135,-0.88110351562,0.3359375,-0.30541992187
1726143721087.4805,-1.03881835937,0.38024902343,-0.28210449218
1726143721107.561,-1.03881835937,0.38024902343,-0.28210449218
1726143721127.611,-1.03881835937,0.38024902343,-0.28210449218
1726143721147.5696,-1.03881835937,0.38024902343,-0.28210449218
1726143721167.467,-1.10717773437,0.41442871093,-0.259765625
1726143721187.578,-1.10717773437,0.41442871093,-0.259765625
1726143721207.5671,-1.10717773437,0.41442871093,-0.259765625
1726143721227.5867,-1.10717773437,0.41442871093,-0.259765625
1726143721247.484,-0.9775390625,0.41271972656,-0.23571777343
1726143721267.5647,-0.9775390625,0.41271972656,-0.23571777343
1726143721287.5842,-0.9775390625,0.41271972656,-0.23571777343
1726143721307.5732,-0.9775390625,0.41271972656,-0.23571777343
1726143721327.4707,-0.94836425781,0.39624023437,-0.21520996093
1726143721347.6123,-0.94836425781,0.39624023437,-0.21520996093
1726143721367.5708,-0.94836425781,0.39624023437,-0.21520996093
1726143721387.5903,-0.94836425781,0.39624023437,-0.21520996093
1726143721407.4875,-0.99523925781,0.3603515625,-0.20251464843
1726143721427.5684,-0.99523925781,0.3603515625,-0.20251464843
1726143721447.5571,-0.99523925781,0.3603515625,-0.20251464843
1726143721467.577,-0.99523925781,0.3603515625,-0.20251464843
1726143721487.4744,-0.95971679687,0.2978515625,-0.18823242187
1726143721507.5854,-0.95971679687,0.2978515625,-0.18823242187
1726143721527.5745,-0.95971679687,0.2978515625,-0.18823242187
1726143721547.594,-0.95971679687,0.2978515625,-0.18823242187
1726143721567.4607,-0.89831542968,0.267578125,-0.19299316406
1726143721587.6023,-0.89831542968,0.267578125,-0.19299316406
1726143721607.561,-0.89831542968,0.267578125,-0.19299316406
1726143721627.5803,-0.89831542968,0.267578125,-0.19299316406
1726143721647.478,-0.88635253906,0.28784179687,-0.20361328125
1726143721667.5583,-0.88635253906,0.28784179687,-0.20361328125
1726143721687.5476,-0.88635253906,0.28784179687,-0.20361328125
1726143721707.5671,-0.88635253906,0.28784179687,-0.20361328125
1726143721727.4644,-0.94543457031,0.3203125,-0.21374511718
1726143721747.5452,-0.94543457031,0.3203125,-0.21374511718
1726143721767.5647,-0.94543457031,0.3203125,-0.21374511718
1726143721787.5842,-0.94543457031,0.3203125,-0.21374511718
1726143721807.4512,-1.0595703125,0.34790039062,-0.23303222656
1726143721827.5928,-1.0595703125,0.34790039062,-0.23303222656
1726143721847.5815,-1.0595703125,0.34790039062,-0.23303222656
1726143721867.6013,-1.0595703125,0.34790039062,-0.23303222656
1726143721887.4683,-1.00012207031,0.35668945312,-0.25146484375
1726143721907.5488,-1.00012207031,0.35668945312,-0.25146484375
1726143721927.5684,-1.00012207031,0.35668945312,-0.25146484375
1726143721947.5571,-1.00012207031,0.35668945312,-0.25146484375
1726143721967.4548,-0.89733886718,0.31066894531,-0.26318359375
1726143721987.566,-0.89733886718,0.31066894531,-0.26318359375
1726143722007.616,-0.89733886718,0.31066894531,-0.26318359375
1726143722027.544,-0.89733886718,0.31066894531,-0.26318359375
1726143722047.472,-0.93493652343,0.26525878906,-0.26867675781
1726143722067.5525,-0.93493652343,0.26525878906,-0.26867675781
1726143722087.572,-0.93493652343,0.26525878906,-0.26867675781
1726143722107.561,-0.93493652343,0.26525878906,-0.26867675781
1726143722127.4585,-0.91491699218,0.25244140625,-0.26391601562
1726143722147.5696,-0.91491699218,0.25244140625,-0.26391601562
1726143722167.5583,-0.91491699218,0.25244140625,-0.26391601562
1726143722187.5476,-0.91491699218,0.25244140625,-0.26391601562
1726143722207.445,-0.89416503906,0.25061035156,-0.26171875
1726143722227.5867,-0.89416503906,0.25061035156,-0.26171875
1726143722247.5452,-0.89416503906,0.25061035156,-0.26171875
1726143722267.534,-0.89416503906,0.25061035156,-0.26171875
1726143722287.462,-0.89379882812,0.26538085937,-0.28247070312
1726143722307.5427,-0.89379882812,0.26538085937,-0.28247070312
1726143722327.5315,-0.89379882812,0.26538085937,-0.28247070312
1726143722347.5513,-0.89379882812,0.26538085937,-0.28247070312
1726143722367.4487,-0.88732910156,0.27014160156,-0.30578613281
1726143722387.5293,-0.88732910156,0.27014160156,-0.30578613281
1726143722407.579,-0.88732910156,0.27014160156,-0.30578613281
1726143722427.5378,-0.88732910156,0.27014160156,-0.30578613281
1726143722447.4353,-0.92602539062,0.2724609375,-0.29479980468
1726143722467.5464,-0.92602539062,0.2724609375,-0.29479980468
1726143722487.5354,-0.92602539062,0.2724609375,-0.29479980468
1726143722507.5854,-0.92602539062,0.2724609375,-0.29479980468
1726143722527.4524,-1.04943847656,0.29528808593,-0.25415039062
1726143722547.5327,-1.04943847656,0.29528808593,-0.25415039062
1726143722567.5525,-1.04943847656,0.29528808593,-0.25415039062
1726143722587.5415,-1.04943847656,0.29528808593,-0.25415039062
1726143722607.4387,-1.06005859375,0.31335449218,-0.2373046875
1726143722627.55,-1.06005859375,0.31335449218,-0.2373046875
1726143722647.539,-1.06005859375,0.31335449218,-0.2373046875
1726143722667.528,-1.06005859375,0.31335449218,-0.2373046875
1726143722687.456,-0.95971679687,0.32482910156,-0.2294921875
1726143722707.5366,-0.95971679687,0.32482910156,-0.2294921875
1726143722727.5256,-0.95971679687,0.32482910156,-0.2294921875
1726143722747.5452,-0.95971679687,0.32482910156,-0.2294921875
1726143722767.4731,-0.98278808593,0.32287597656,-0.22058105468
1726143722787.5232,-0.98278808593,0.32287597656,-0.22058105468
1726143722807.5427,-0.98278808593,0.32287597656,-0.22058105468
1726143722827.5315,-0.98278808593,0.32287597656,-0.22058105468
1726143722847.4292,-1.00183105468,0.30017089843,-0.22790527343
1726143722867.5708,-1.00183105468,0.30017089843,-0.22790527343
1726143722887.5293,-1.00183105468,0.30017089843,-0.22790527343
1726143722907.5183,-1.00183105468,0.30017089843,-0.22790527343
1726143722927.4463,-0.94714355468,0.29577636718,-0.22509765625
1726143722947.5269,-0.94714355468,0.29577636718,-0.22509765625
1726143722967.5159,-0.94714355468,0.29577636718,-0.22509765625
1726143722987.566,-0.94714355468,0.29577636718,-0.22509765625
1726143723007.4329,-0.8935546875,0.31567382812,-0.23315429687
1726143723027.5134,-0.8935546875,0.31567382812,-0.23315429687
1726143723047.5327,-0.8935546875,0.31567382812,-0.23315429687
1726143723067.522,-0.8935546875,0.31567382812,-0.23315429687
1726143723087.4194,-0.89453125,0.33117675781,-0.24523925781
1726143723107.5305,-0.89453125,0.33117675781,-0.24523925781
1726143723127.55,-0.89453125,0.33117675781,-0.24523925781
1726143723147.539,-0.89453125,0.33117675781,-0.24523925781
1726143723167.4363,-0.94299316406,0.33630371093,-0.25817871093
1726143723187.517,-0.94299316406,0.33630371093,-0.25817871093
1726143723207.5366,-0.94299316406,0.33630371093,-0.25817871093
1726143723227.556,-0.94299316406,0.33630371093,-0.25817871093
1726143723247.423,-1.04272460937,0.33654785156,-0.26525878906
1726143723267.534,-1.04272460937,0.33654785156,-0.26525878906
1726143723287.5232,-1.04272460937,0.33654785156,-0.26525878906
1726143723307.5427,-1.04272460937,0.33654785156,-0.26525878906
1726143723327.44,-1.00378417968,0.31384277343,-0.27062988281
1726143723347.5208,-1.00378417968,0.31384277343,-0.27062988281
1726143723367.5095,-1.00378417968,0.31384277343,-0.27062988281
1726143723387.5293,-1.00378417968,0.31384277343,-0.27062988281
1726143723407.4268,-0.9248046875,0.27807617187,-0.28356933593
1726143723427.507,-0.9248046875,0.27807617187,-0.28356933593
1726143723447.5269,-0.9248046875,0.27807617187,-0.28356933593
1726143723467.5464,-0.9248046875,0.27807617187,-0.28356933593
1726143723487.413,-0.88098144531,0.27709960937,-0.30322265625
1726143723507.5244,-0.88098144531,0.27709960937,-0.30322265625
1726143723527.5134,-0.88098144531,0.27709960937,-0.30322265625
1726143723547.5024,-0.88098144531,0.27709960937,-0.30322265625
1726143723567.4304,-0.85021972656,0.27661132812,-0.314453125
1726143723587.5415,-0.85021972656,0.27661132812,-0.314453125
1726143723607.5,-0.85021972656,0.27661132812,-0.314453125
1726143723627.5195,-0.85021972656,0.27661132812,-0.314453125
1726143723647.4167,-0.85559082031,0.27856445312,-0.32800292968
1726143723667.4976,-0.85559082031,0.27856445312,-0.32800292968
1726143723687.517,-0.85559082031,0.27856445312,-0.32800292968
1726143723707.5366,-0.85559082031,0.27856445312,-0.32800292968
1726143723727.4036,-0.88208007812,0.26489257812,-0.32495117187
1726143723747.5146,-0.88208007812,0.26489257812,-0.32495117187
1726143723767.5037,-0.88208007812,0.26489257812,-0.32495117187
1726143723787.5232,-0.88208007812,0.26489257812,-0.32495117187
1726143723807.4207,-0.9423828125,0.27404785156,-0.31201171875
1726143723827.5315,-0.9423828125,0.27404785156,-0.31201171875
1726143723847.5208,-0.9423828125,0.27404785156,-0.31201171875
1726143723867.5095,-0.9423828125,0.27404785156,-0.31201171875
1726143723887.4072,-1.08728027343,0.31799316406,-0.29663085937
1726143723907.5183,-1.08728027343,0.31799316406,-0.29663085937
1726143723927.5378,-1.08728027343,0.31799316406,-0.29663085937
1726143723947.4963,-1.08728027343,0.31799316406,-0.29663085937
1726143723967.4243,-1.09436035156,0.32604980468,-0.28637695312
1726143723987.505,-1.09436035156,0.32604980468,-0.28637695312
1726143724007.5244,-1.09436035156,0.32604980468,-0.28637695312
1726143724027.5134,-1.09436035156,0.32604980468,-0.28637695312
1726143724047.411,-0.96313476562,0.31823730468,-0.27319335937
1726143724067.522,-0.96313476562,0.31823730468,-0.27319335937
1726143724087.5107,-0.96313476562,0.31823730468,-0.27319335937
1726143724107.5,-0.96313476562,0.31823730468,-0.27319335937
1726143724127.3975,-0.97814941406,0.31677246093,-0.23999023437
1726143724147.5083,-0.97814941406,0.31677246093,-0.23999023437
1726143724167.4976,-0.97814941406,0.31677246093,-0.23999023437
1726143724187.517,-0.97814941406,0.31677246093,-0.23999023437
1726143724207.4143,-0.99658203125,0.29309082031,-0.20776367187
1726143724227.495,-0.99658203125,0.29309082031,-0.20776367187
1726143724247.5146,-0.99658203125,0.29309082031,-0.20776367187
1726143724267.534,-0.99658203125,0.29309082031,-0.20776367187
1726143724287.4011,-0.93530273437,0.29357910156,-0.19799804687
1726143724307.5122,-0.93530273437,0.29357910156,-0.19799804687
1726143724327.3792,-0.93530273437,0.29357910156,-0.19799804687
1726143724347.4902,-0.93530273437,0.29357910156,-0.19799804687
1726143724367.3877,-0.89526367187,0.31884765625,-0.21948242187
1726143724387.4988,-0.89526367187,0.31884765625,-0.21948242187
1726143724407.4875,-0.89526367187,0.31884765625,-0.21948242187
1726143724427.507,-0.89526367187,0.31884765625,-0.21948242187
1726143724447.4048,-0.88293457031,0.35864257812,-0.259765625
1726143724467.485,-0.88293457031,0.35864257812,-0.259765625
1726143724487.5354,-0.88293457031,0.35864257812,-0.259765625
1726143724507.494,-0.88293457031,0.35864257812,-0.259765625
1726143724527.391,-0.90209960937,0.40539550781,-0.29418945312
1726143724547.5327,-0.90209960937,0.40539550781,-0.29418945312
1726143724567.4915,-0.90209960937,0.40539550781,-0.29418945312
1726143724587.4805,-0.90209960937,0.40539550781,-0.29418945312
1726143724607.4084,-0.94653320312,0.41674804687,-0.31225585937
1726143724627.489,-0.94653320312,0.41674804687,-0.31225585937
1726143724647.478,-0.94653320312,0.41674804687,-0.31225585937
1726143724667.4976,-0.94653320312,0.41674804687,-0.31225585937
1726143724687.395,-1.04431152343,0.404296875,-0.30932617187
1726143724707.4756,-1.04431152343,0.404296875,-0.30932617187
1726143724727.5256,-1.04431152343,0.404296875,-0.30932617187
1726143724747.5146,-1.04431152343,0.404296875,-0.30932617187
1726143724767.3816,-0.96484375,0.38293457031,-0.30993652343
1726143724787.4927,-0.96484375,0.38293457031,-0.30993652343
1726143724807.4817,-0.96484375,0.38293457031,-0.30993652343
1726143724827.4707,-0.96484375,0.38293457031,-0.30993652343
1726143724847.3987,-0.84558105468,0.34375,-0.30603027343
1726143724867.4792,-0.84558105468,0.34375,-0.30603027343
1726143724887.4683,-0.84558105468,0.34375,-0.30603027343
1726143724907.4875,-0.84558105468,0.34375,-0.30603027343
1726143724927.3853,-0.88256835937,0.3212890625,-0.28662109375
1726143724947.4658,-0.88256835937,0.3212890625,-0.28662109375
1726143724967.485,-0.88256835937,0.3212890625,-0.28662109375
1726143724987.4744,-0.88256835937,0.3212890625,-0.28662109375
1726143725007.3718,-0.85717773437,0.31921386718,-0.275390625
1726143725027.483,-0.85717773437,0.31921386718,-0.275390625
1726143725047.472,-0.85717773437,0.31921386718,-0.275390625
1726143725067.4915,-0.85717773437,0.31921386718,-0.275390625
1726143725087.389,-0.83898925781,0.31091308593,-0.26916503906
1726143725107.4695,-0.83898925781,0.31091308593,-0.26916503906
1726143725127.489,-0.83898925781,0.31091308593,-0.26916503906
1726143725147.478,-0.83898925781,0.31091308593,-0.26916503906
1726143725167.3755,-0.85241699218,0.32165527343,-0.27453613281
1726143725187.4863,-0.85241699218,0.32165527343,-0.27453613281
1726143725207.4756,-0.85241699218,0.32165527343,-0.27453613281
1726143725227.4644,-0.85241699218,0.32165527343,-0.27453613281
1726143725247.3923,-0.85876464843,0.33703613281,-0.296875
1726143725267.4731,-0.85876464843,0.33703613281,-0.296875
1726143725287.462,-0.85876464843,0.33703613281,-0.296875
1726143725307.4817,-0.85876464843,0.33703613281,-0.296875
1726143725327.3792,-0.89086914062,0.34631347656,-0.32592773437
1726143725347.4597,-0.89086914062,0.34631347656,-0.32592773437
1726143725367.4792,-0.89086914062,0.34631347656,-0.32592773437
1726143725387.4683,-0.89086914062,0.34631347656,-0.32592773437
1726143725407.3655,-1.0048828125,0.3798828125,-0.31982421875
1726143725427.507,-1.0048828125,0.3798828125,-0.31982421875
1726143725447.4658,-1.0048828125,0.3798828125,-0.31982421875
1726143725467.4548,-1.0048828125,0.3798828125,-0.31982421875
1726143725487.3828,-1.07788085937,0.43505859375,-0.30029296875
1726143725507.4631,-1.07788085937,0.43505859375,-0.30029296875
1726143725527.4524,-1.07788085937,0.43505859375,-0.30029296875
1726143725547.472,-1.07788085937,0.43505859375,-0.30029296875
1726143725567.3691,-1.02014160156,0.4765625,-0.28588867187
1726143725587.45,-1.02014160156,0.4765625,-0.28588867187
1726143725607.4695,-1.02014160156,0.4765625,-0.28588867187
1726143725627.489,-1.02014160156,0.4765625,-0.28588867187
1726143725647.356,-1.01611328125,0.45617675781,-0.25109863281
1726143725667.467,-1.01611328125,0.45617675781,-0.25109863281
1726143725687.456,-1.01611328125,0.45617675781,-0.25109863281
1726143725707.4756,-1.01611328125,0.45617675781,-0.25109863281
1726143725727.373,-1.03833007812,0.38940429687,-0.2275390625
1726143725747.4536,-1.03833007812,0.38940429687,-0.2275390625
1726143725767.4731,-1.03833007812,0.38940429687,-0.2275390625
1726143725787.4927,-1.03833007812,0.38940429687,-0.2275390625
1726143725807.3596,-0.9912109375,0.3447265625,-0.23010253906
1726143725827.4707,-0.9912109375,0.3447265625,-0.23010253906
1726143725847.4902,-0.9912109375,0.3447265625,-0.23010253906
1726143725867.4487,-0.9912109375,0.3447265625,-0.23010253906
1726143725887.3767,-0.93798828125,0.35302734375,-0.22924804687
1726143725907.4573,-0.93798828125,0.35302734375,-0.22924804687
1726143725927.4768,-0.93798828125,0.35302734375,-0.22924804687
1726143725947.4658,-0.93798828125,0.35302734375,-0.22924804687
1726143725967.3633,-0.88513183593,0.3798828125,-0.22155761718
1726143725987.4744,-0.88513183593,0.3798828125,-0.22155761718
1726143726007.494,-0.88513183593,0.3798828125,-0.22155761718
1726143726027.483,-0.88513183593,0.3798828125,-0.22155761718
1726143726047.3499,-0.86669921875,0.39868164062,-0.23364257812
1726143726067.4915,-0.86669921875,0.39868164062,-0.23364257812
1726143726087.45,-0.86669921875,0.39868164062,-0.23364257812
1726143726107.4387,-0.86669921875,0.39868164062,-0.23364257812
1726143726127.3667,-0.96752929687,0.38500976562,-0.28625488281
1726143726147.4475,-0.96752929687,0.38500976562,-0.28625488281
1726143726167.467,-0.96752929687,0.38500976562,-0.28625488281
1726143726187.4863,-0.96752929687,0.38500976562,-0.28625488281
1726143726207.3228,-0.88012695312,0.38122558593,-0.27111816406
1726143726227.434,-0.88012695312,0.38122558593,-0.27111816406
1726143726247.4536,-0.88012695312,0.38122558593,-0.27111816406
1726143726267.4426,-0.88012695312,0.38122558593,-0.27111816406
1726143726287.34,-0.84558105468,0.37731933593,-0.27026367187
1726143726307.4512,-0.84558105468,0.37731933593,-0.27026367187
1726143726327.44,-0.84558105468,0.37731933593,-0.27026367187
1726143726347.4597,-0.84558105468,0.37731933593,-0.27026367187
1726143726367.3572,-0.90344238281,0.3505859375,-0.29699707031
1726143726387.4375,-0.90344238281,0.3505859375,-0.29699707031
1726143726407.4875,-0.90344238281,0.3505859375,-0.29699707031
1726143726427.4463,-0.90344238281,0.3505859375,-0.29699707031
1726143726447.3435,-0.90441894531,0.34643554687,-0.30419921875
1726143726467.4548,-0.90441894531,0.34643554687,-0.30419921875
1726143726487.4438,-0.90441894531,0.34643554687,-0.30419921875
1726143726507.4329,-0.90441894531,0.34643554687,-0.30419921875
1726143726527.3608,-0.89123535156,0.34545898437,-0.31274414062
1726143726547.4414,-0.89123535156,0.34545898437,-0.31274414062
1726143726567.4304,-0.89123535156,0.34545898437,-0.31274414062
1726143726587.572,-0.89123535156,0.34545898437,-0.31274414062
1726143726607.3474,-0.87573242187,0.35974121093,-0.33142089843
1726143726627.428,-0.87573242187,0.35974121093,-0.33142089843
1726143726647.478,-0.87573242187,0.35974121093,-0.33142089843
1726143726667.4363,-0.87573242187,0.35974121093,-0.33142089843
1726143726687.334,-0.90087890625,0.38916015625,-0.33386230468
1726143726707.445,-0.90087890625,0.38916015625,-0.33386230468
1726143726727.434,-0.90087890625,0.38916015625,-0.33386230468
1726143726747.423,-0.90087890625,0.38916015625,-0.33386230468
1726143726767.351,-0.99487304687,0.39562988281,-0.31726074218
1726143726787.4316,-0.99487304687,0.39562988281,-0.31726074218
1726143726807.4207,-0.99487304687,0.39562988281,-0.31726074218
1726143726827.44,-0.99487304687,0.39562988281,-0.31726074218
1726143726847.3376,-1.09191894531,0.40490722656,-0.294921875
1726143726867.4182,-1.09191894531,0.40490722656,-0.294921875
1726143726887.4375,-1.09191894531,0.40490722656,-0.294921875
1726143726907.4268,-1.09191894531,0.40490722656,-0.294921875
1726143726927.3242,-1.052734375,0.38635253906,-0.27404785156
1726143726947.4658,-1.052734375,0.38635253906,-0.27404785156
1726143726967.485,-1.052734375,0.38635253906,-0.27404785156
1726143726987.4438,-1.052734375,0.38635253906,-0.27404785156
1726143727007.3413,-1.00952148437,0.34118652343,-0.25280761718
1726143727027.4524,-1.00952148437,0.34118652343,-0.25280761718
1726143727047.4414,-1.00952148437,0.34118652343,-0.25280761718
1726143727067.4304,-1.00952148437,0.34118652343,-0.25280761718
1726143727087.328,-1.04138183593,0.3076171875,-0.22424316406
1726143727107.4387,-1.04138183593,0.3076171875,-0.22424316406
1726143727127.428,-1.04138183593,0.3076171875,-0.22424316406
1726143727147.4167,-1.04138183593,0.3076171875,-0.22424316406
1726143727167.3447,-1.00622558593,0.29821777343,-0.21081542968
1726143727187.4255,-1.00622558593,0.29821777343,-0.21081542968
1726143727207.4143,-1.00622558593,0.29821777343,-0.21081542968
1726143727227.4644,-1.00622558593,0.29821777343,-0.21081542968
1726143727247.3315,-0.94396972656,0.30944824218,-0.22546386718
1726143727267.4426,-0.94396972656,0.30944824218,-0.22546386718
1726143727287.4316,-0.94396972656,0.30944824218,-0.22546386718
1726143727307.4207,-0.94396972656,0.30944824218,-0.22546386718
1726143727327.318,-0.88159179687,0.33666992187,-0.24792480468
1726143727347.4292,-0.88159179687,0.33666992187,-0.24792480468
1726143727367.4182,-0.88159179687,0.33666992187,-0.24792480468
1726143727387.4072,-0.88159179687,0.33666992187,-0.24792480468
1726143727407.3352,-0.87646484375,0.36279296875,-0.26354980468
1726143727427.4463,-0.87646484375,0.36279296875,-0.26354980468
1726143727447.4048,-0.87646484375,0.36279296875,-0.26354980468
1726143727467.4243,-0.87646484375,0.36279296875,-0.26354980468
1726143727487.3215,-1.00964355468,0.38342285156,-0.26879882812
1726143727507.4023,-1.00964355468,0.38342285156,-0.26879882812
1726143727527.4219,-1.00964355468,0.38342285156,-0.26879882812
1726143727547.411,-1.00964355468,0.38342285156,-0.26879882812
1726143727567.3083,-1.01647949218,0.38879394531,-0.28588867187
1726143727587.45,-1.01647949218,0.38879394531,-0.28588867187
1726143727607.4084,-1.01647949218,0.38879394531,-0.28588867187
1726143727627.428,-1.01647949218,0.38879394531,-0.28588867187
1726143727647.3254,-0.91650390625,0.36633300781,-0.28442382812
1726143727667.406,-0.91650390625,0.36633300781,-0.28442382812
1726143727687.4255,-0.91650390625,0.36633300781,-0.28442382812
1726143727707.445,-0.91650390625,0.36633300781,-0.28442382812
1726143727727.312,-0.89697265625,0.33911132812,-0.26391601562
1726143727747.423,-0.89697265625,0.33911132812,-0.26391601562
1726143727767.4426,-0.89697265625,0.33911132812,-0.26391601562
1726143727787.4011,-0.89697265625,0.33911132812,-0.26391601562
1726143727807.329,-0.84716796875,0.31604003906,-0.2626953125
1726143727827.44,-0.84716796875,0.31604003906,-0.2626953125
1726143727847.3987,-0.84716796875,0.31604003906,-0.2626953125
1726143727867.4487,-0.84716796875,0.31604003906,-0.2626953125
1726143727887.3157,-0.84790039062,0.32507324218,-0.26745605468
1726143727907.3962,-0.84790039062,0.32507324218,-0.26745605468
1726143727927.4155,-0.84790039062,0.32507324218,-0.26745605468
1726143727947.4048,-0.84790039062,0.32507324218,-0.26745605468
1726143727967.3022,-0.87329101562,0.35754394531,-0.27893066406
1726143727987.413,-0.87329101562,0.35754394531,-0.27893066406
1726143728007.4023,-0.87329101562,0.35754394531,-0.27893066406
1726143728027.4219,-0.87329101562,0.35754394531,-0.27893066406
1726143728047.319,-0.86950683593,0.365234375,-0.29895019531
1726143728067.4,-0.86950683593,0.365234375,-0.29895019531
1726143728087.4194,-0.86950683593,0.365234375,-0.29895019531
1726143728107.4084,-0.86950683593,0.365234375,-0.29895019531
1726143728127.306,-0.9052734375,0.36474609375,-0.30407714843
1726143728147.4167,-0.9052734375,0.36474609375,-0.30407714843
1726143728167.406,-0.9052734375,0.36474609375,-0.30407714843
1726143728187.4255,-0.9052734375,0.36474609375,-0.30407714843
1726143728207.2925,-1.044921875,0.39685058593,-0.28979492187
1726143728227.434,-1.044921875,0.39685058593,-0.28979492187
1726143728247.3923,-1.044921875,0.39685058593,-0.28979492187
1726143728267.412,-1.044921875,0.39685058593,-0.28979492187
1726143728287.3096,-1.07983398437,0.41491699218,-0.27587890625
1726143728307.39,-1.07983398437,0.41491699218,-0.27587890625
1726143728327.44,-1.07983398437,0.41491699218,-0.27587890625
1726143728347.3987,-1.07983398437,0.41491699218,-0.27587890625
1726143728367.296,-0.98669433593,0.4013671875,-0.2568359375
1726143728387.4072,-0.98669433593,0.4013671875,-0.2568359375
1726143728407.4268,-0.98669433593,0.4013671875,-0.2568359375
1726143728427.4155,-0.98669433593,0.4013671875,-0.2568359375
1726143728447.3132,-1.00158691406,0.38879394531,-0.22399902343
1726143728467.3936,-1.00158691406,0.38879394531,-0.22399902343
1726143728487.3828,-1.00158691406,0.38879394531,-0.22399902343
1726143728507.4023,-1.00158691406,0.38879394531,-0.22399902343
1726143728527.2998,-1.01794433593,0.36730957031,-0.18884277343
1726143728547.411,-1.01794433593,0.36730957031,-0.18884277343
1726143728567.4,-1.01794433593,0.36730957031,-0.18884277343
1726143728587.389,-1.01794433593,0.36730957031,-0.18884277343
1726143728607.2864,-0.95568847656,0.36254882812,-0.18078613281
1726143728627.3975,-0.95568847656,0.36254882812,-0.18078613281
1726143728647.3865,-0.95568847656,0.36254882812,-0.18078613281
1726143728667.3755,-0.95568847656,0.36254882812,-0.18078613281
1726143728687.3035,-0.88403320312,0.38427734375,-0.20104980468
1726143728707.384,-0.88403320312,0.38427734375,-0.20104980468
1726143728727.4036,-0.88403320312,0.38427734375,-0.20104980468
1726143728747.3923,-0.88403320312,0.38427734375,-0.20104980468
1726143728767.29,-0.84948730468,0.41845703125,-0.21044921875
1726143728787.4011,-0.84948730468,0.41845703125,-0.21044921875
1726143728807.4207,-0.84948730468,0.41845703125,-0.21044921875
1726143728827.4097,-0.84948730468,0.41845703125,-0.21044921875
1726143728847.2766,-0.86462402343,0.45092773437,-0.22216796875
1726143728867.4182,-0.86462402343,0.45092773437,-0.22216796875
1726143728887.4072,-0.86462402343,0.45092773437,-0.22216796875
1726143728907.3962,-0.86462402343,0.45092773437,-0.22216796875
1726143728927.2937,-0.97192382812,0.43286132812,-0.28393554687
1726143728947.3743,-0.97192382812,0.43286132812,-0.28393554687
1726143728967.4243,-0.97192382812,0.43286132812,-0.28393554687
1726143728987.3828,-0.97192382812,0.43286132812,-0.28393554687
1726143729007.2803,-0.86962890625,0.39416503906,-0.29187011718
1726143729027.391,-0.86962890625,0.39416503906,-0.29187011718
1726143729047.411,-0.86962890625,0.39416503906,-0.29187011718
1726143729067.3691,-0.86962890625,0.39416503906,-0.29187011718
1726143729087.297,-0.88024902343,0.36145019531,-0.28625488281
1726143729107.378,-0.88024902343,0.36145019531,-0.28625488281
1726143729127.3667,-0.88024902343,0.36145019531,-0.28625488281
1726143729147.3865,-0.88024902343,0.36145019531,-0.28625488281
1726143729167.284,-0.86962890625,0.33374023437,-0.28454589843
1726143729187.395,-0.86962890625,0.33374023437,-0.28454589843
1726143729207.384,-0.86962890625,0.33374023437,-0.28454589843
1726143729227.373,-0.86962890625,0.33374023437,-0.28454589843
1726143729247.2705,-0.82507324218,0.32604980468,-0.2744140625
1726143729267.3816,-0.82507324218,0.32604980468,-0.2744140625
1726143729287.3706,-0.82507324218,0.32604980468,-0.2744140625
1726143729307.39,-0.82507324218,0.32604980468,-0.2744140625
1726143729327.2876,-0.85217285156,0.34741210937,-0.27185058593
1726143729347.368,-0.85217285156,0.34741210937,-0.27185058593
1726143729367.3877,-0.85217285156,0.34741210937,-0.27185058593
1726143729387.3767,-0.85217285156,0.34741210937,-0.27185058593
1726143729407.274,-0.87316894531,0.36474609375,-0.29455566406
1726143729427.3853,-0.87316894531,0.36474609375,-0.29455566406
1726143729447.3743,-0.87316894531,0.36474609375,-0.29455566406
1726143729467.3936,-0.87316894531,0.36474609375,-0.29455566406
1726143729487.2607,-0.90490722656,0.36865234375,-0.30615234375
1726143729507.3718,-0.90490722656,0.36865234375,-0.30615234375
1726143729527.3608,-0.90490722656,0.36865234375,-0.30615234375
1726143729547.411,-0.90490722656,0.36865234375,-0.30615234375
1726143729567.2778,-0.99157714843,0.38916015625,-0.29907226562
1726143729587.3584,-0.99157714843,0.38916015625,-0.29907226562
1726143729607.378,-0.99157714843,0.38916015625,-0.29907226562
1726143729627.3975,-0.99157714843,0.38916015625,-0.29907226562
1726143729647.2644,-1.07580566406,0.423828125,-0.29272460937
1726143729667.3755,-1.07580566406,0.423828125,-0.29272460937
1726143729687.3645,-1.07580566406,0.423828125,-0.29272460937
1726143729707.3535,-1.07580566406,0.423828125,-0.29272460937
1726143729727.2815,-1.01916503906,0.43371582031,-0.26989746093
1726143729747.362,-1.01916503906,0.43371582031,-0.26989746093
1726143729767.3816,-1.01916503906,0.43371582031,-0.26989746093
1726143729787.3706,-1.01916503906,0.43371582031,-0.26989746093
1726143729807.268,-0.96984863281,0.39770507812,-0.24572753906
1726143729827.3486,-0.96984863281,0.39770507812,-0.24572753906
1726143729847.3987,-0.96984863281,0.39770507812,-0.24572753906
1726143729867.3572,-0.96984863281,0.39770507812,-0.24572753906
1726143729887.2546,-1.00939941406,0.37145996093,-0.2333984375
1726143729907.3655,-1.00939941406,0.37145996093,-0.2333984375
1726143729927.3547,-1.00939941406,0.37145996093,-0.2333984375
1726143729947.3743,-1.00939941406,0.37145996093,-0.2333984375
1726143729967.2715,-0.97778320312,0.33740234375,-0.22448730468
1726143729987.3828,-0.97778320312,0.33740234375,-0.22448730468
1726143730007.3413,-0.97778320312,0.33740234375,-0.22448730468
1726143730027.3608,-0.97778320312,0.33740234375,-0.22448730468
1726143730047.2583,-0.91931152343,0.32458496093,-0.22448730468
1726143730067.3389,-0.91931152343,0.32458496093,-0.22448730468
1726143730087.3584,-0.91931152343,0.32458496093,-0.22448730468
1726143730107.3474,-0.91931152343,0.32458496093,-0.22448730468
1726143730127.2449,-0.87219238281,0.35717773437,-0.22351074218
1726143730147.356,-0.87219238281,0.35717773437,-0.22351074218
1726143730167.3447,-0.87219238281,0.35717773437,-0.22351074218
1726143730187.3645,-0.87219238281,0.35717773437,-0.22351074218
1726143730207.262,-0.88244628906,0.3671875,-0.23559570312
1726143730227.3423,-0.88244628906,0.3671875,-0.23559570312
1726143730247.362,-0.88244628906,0.3671875,-0.23559570312
1726143730267.3816,-0.88244628906,0.3671875,-0.23559570312
1726143730287.2483,-0.96545410156,0.36669921875,-0.25268554687
1726143730307.3596,-0.96545410156,0.36669921875,-0.25268554687
1726143730327.3792,-0.96545410156,0.36669921875,-0.25268554687
1726143730347.3376,-0.96545410156,0.36669921875,-0.25268554687
1726143730367.2656,-0.97912597656,0.36950683593,-0.26892089843
1726143730387.346,-0.97912597656,0.36950683593,-0.26892089843
1726143730407.2131,-0.97912597656,0.36950683593,-0.26892089843
1726143730427.3547,-0.97912597656,0.36950683593,-0.26892089843
1726143730447.252,-0.85522460937,0.34484863281,-0.27136230468
1726143730467.3633,-0.85522460937,0.34484863281,-0.27136230468
1726143730487.3523,-0.85522460937,0.34484863281,-0.27136230468
1726143730507.3413,-0.85522460937,0.34484863281,-0.27136230468
1726143730527.2388,-0.85791015625,0.32080078125,-0.25573730468
1726143730547.3499,-0.85791015625,0.32080078125,-0.25573730468
1726143730567.3389,-0.85791015625,0.32080078125,-0.25573730468
1726143730587.328,-0.85791015625,0.32080078125,-0.25573730468
1726143730607.2559,-0.91137695312,0.32409667968,-0.26525878906
1726143730627.3364,-0.91137695312,0.32409667968,-0.26525878906
1726143730647.3254,-0.91137695312,0.32409667968,-0.26525878906
1726143730667.3447,-0.91137695312,0.32409667968,-0.26525878906
1726143730687.2424,-0.85803222656,0.31640625,-0.28527832031
1726143730707.3228,-0.85803222656,0.31640625,-0.28527832031
1726143730727.3423,-0.85803222656,0.31640625,-0.28527832031
1726143730747.3315,-0.85803222656,0.31640625,-0.28527832031
1726143730767.229,-0.84777832031,0.32946777343,-0.30810546875
1726143730787.34,-0.84777832031,0.32946777343,-0.30810546875
1726143730807.3596,-0.84777832031,0.32946777343,-0.30810546875
1726143730827.3792,-0.84777832031,0.32946777343,-0.30810546875
1726143730847.246,-0.85656738281,0.35217285156,-0.33020019531
1726143730867.3267,-0.85656738281,0.35217285156,-0.33020019531
1726143730887.3767,-0.85656738281,0.35217285156,-0.33020019531
1726143730907.3352,-0.85656738281,0.35217285156,-0.33020019531
1726143730927.2327,-0.89404296875,0.36169433593,-0.32592773437
1726143730947.3435,-0.89404296875,0.36169433593,-0.32592773437
1726143730967.3328,-0.89404296875,0.36169433593,-0.32592773437
1726143730987.3523,-0.89404296875,0.36169433593,-0.32592773437
1726143731007.2495,-1.02624511718,0.3974609375,-0.30200195312
1726143731027.3303,-1.02624511718,0.3974609375,-0.30200195312
1726143731047.319,-1.02624511718,0.3974609375,-0.30200195312
1726143731067.3389,-1.02624511718,0.3974609375,-0.30200195312
1726143731087.2363,-1.06481933593,0.42041015625,-0.28051757812
1726143731107.317,-1.06481933593,0.42041015625,-0.28051757812
1726143731127.3364,-1.06481933593,0.42041015625,-0.28051757812
1726143731147.3254,-1.06481933593,0.42041015625,-0.28051757812
1726143731167.223,-0.96923828125,0.42163085937,-0.24963378906
1726143731187.3645,-0.96923828125,0.42163085937,-0.24963378906
1726143731207.3228,-0.96923828125,0.42163085937,-0.24963378906
1726143731227.312,-0.96923828125,0.42163085937,-0.24963378906
1726143731247.24,-0.97985839843,0.40979003906,-0.22473144531
1726143731267.3203,-0.97985839843,0.40979003906,-0.22473144531
1726143731287.3096,-0.97985839843,0.40979003906,-0.22473144531
1726143731307.329,-0.97985839843,0.40979003906,-0.22473144531
1726143731327.2263,-1.02551269531,0.36145019531,-0.21313476562
1726143731347.3071,-1.02551269531,0.36145019531,-0.21313476562
1726143731367.3572,-1.02551269531,0.36145019531,-0.21313476562
1726143731387.3157,-1.02551269531,0.36145019531,-0.21313476562
1726143731407.2131,-0.96337890625,0.32849121093,-0.21923828125
1726143731427.3242,-0.96337890625,0.32849121093,-0.21923828125
1726143731447.3132,-0.96337890625,0.32849121093,-0.21923828125
1726143731467.3328,-0.96337890625,0.32849121093,-0.21923828125
1726143731487.2302,-0.88024902343,0.33508300781,-0.25231933593
1726143731507.3413,-0.88024902343,0.33508300781,-0.25231933593
1726143731527.3608,-0.88024902343,0.33508300781,-0.25231933593
1726143731547.319,-0.88024902343,0.33508300781,-0.25231933593
1726143731567.2168,-0.86535644531,0.36828613281,-0.2646484375
1726143731587.328,-0.86535644531,0.36828613281,-0.2646484375
1726143731607.317,-0.86535644531,0.36828613281,-0.2646484375
1726143731627.306,-0.86535644531,0.36828613281,-0.2646484375
1726143731647.234,-0.89501953125,0.39953613281,-0.26403808593
1726143731667.3145,-0.89501953125,0.39953613281,-0.26403808593
1726143731687.3035,-0.89501953125,0.39953613281,-0.26403808593
1726143731707.3228,-0.89501953125,0.39953613281,-0.26403808593
1726143731727.2205,-0.97875976562,0.39599609375,-0.2451171875
1726143731747.3315,-0.97875976562,0.39599609375,-0.2451171875
1726143731767.351,-0.97875976562,0.39599609375,-0.2451171875
1726143731787.34,-0.97875976562,0.39599609375,-0.2451171875
1726143731807.207,-0.89892578125,0.36962890625,-0.23205566406
1726143731827.3486,-0.89892578125,0.36962890625,-0.23205566406
1726143731847.3071,-0.89892578125,0.36962890625,-0.23205566406
1726143731867.296,-0.89892578125,0.36962890625,-0.23205566406
1726143731887.224,-0.93249511718,0.34692382812,-0.24060058593
1726143731907.3352,-0.93249511718,0.34692382812,-0.24060058593
1726143731927.3242,-0.93249511718,0.34692382812,-0.24060058593
1726143731947.3435,-0.93249511718,0.34692382812,-0.24060058593
1726143731967.2107,-0.85131835937,0.314453125,-0.25500488281
1726143731987.3215,-0.85131835937,0.314453125,-0.25500488281
1726143732007.3413,-0.85131835937,0.314453125,-0.25500488281
1726143732027.2998,-0.85131835937,0.314453125,-0.25500488281
1726143732047.1973,-0.81958007812,0.32019042968,-0.27844238281
1726143732067.3389,-0.81958007812,0.32019042968,-0.27844238281
1726143732087.297,-0.81958007812,0.32019042968,-0.27844238281
1726143732107.3474,-0.81958007812,0.32019042968,-0.27844238281
1726143732127.2144,-0.84448242187,0.35205078125,-0.30493164062
1726143732147.3254,-0.84448242187,0.35205078125,-0.30493164062
1726143732167.3145,-0.84448242187,0.35205078125,-0.30493164062
1726143732187.3035,-0.84448242187,0.35205078125,-0.30493164062
1726143732207.2007,-0.90087890625,0.36694335937,-0.31201171875
1726143732227.312,-0.90087890625,0.36694335937,-0.31201171875
1726143732247.3315,-0.90087890625,0.36694335937,-0.31201171875
1726143732267.29,-0.90087890625,0.36694335937,-0.31201171875
1726143732287.218,-0.99389648437,0.38427734375,-0.30285644531
1726143732307.2983,-0.99389648437,0.38427734375,-0.30285644531
1726143732327.318,-0.99389648437,0.38427734375,-0.30285644531
1726143732347.3376,-0.99389648437,0.38427734375,-0.30285644531
1726143732367.2043,-1.04455566406,0.40478515625,-0.28295898437
1726143732387.3157,-1.04455566406,0.40478515625,-0.28295898437
1726143732407.3047,-1.04455566406,0.40478515625,-0.28295898437
1726143732427.3242,-1.04455566406,0.40478515625,-0.28295898437
1726143732447.1912,-0.97021484375,0.40087890625,-0.24133300781
1726143732467.3022,-0.97021484375,0.40087890625,-0.24133300781
1726143732487.2913,-0.97021484375,0.40087890625,-0.24133300781
1726143732507.2803,-0.97021484375,0.40087890625,-0.24133300781
1726143732527.2083,-0.94909667968,0.40222167968,-0.20007324218
1726143732547.2888,-0.94909667968,0.40222167968,-0.20007324218
1726143732567.2778,-0.94909667968,0.40222167968,-0.20007324218
1726143732587.328,-0.94909667968,0.40222167968,-0.20007324218
1726143732607.1948,-1.00805664062,0.40588378906,-0.18395996093
1726143732627.2751,-1.00805664062,0.40588378906,-0.18395996093
1726143732647.295,-1.00805664062,0.40588378906,-0.18395996093
1726143732667.284,-1.00805664062,0.40588378906,-0.18395996093
1726143732687.1812,-0.97607421875,0.36596679687,-0.17858886718
1726143732707.2925,-0.97607421875,0.36596679687,-0.17858886718
1726143732727.312,-0.97607421875,0.36596679687,-0.17858886718
1726143732747.301,-0.97607421875,0.36596679687,-0.17858886718
1726143732767.1985,-0.90808105468,0.33898925781,-0.1884765625
1726143732787.279,-0.90808105468,0.33898925781,-0.1884765625
1726143732807.2983,-0.90808105468,0.33898925781,-0.1884765625
1726143732827.318,-0.90808105468,0.33898925781,-0.1884765625
1726143732847.185,-0.84606933593,0.34094238281,-0.20678710937
1726143732867.296,-0.84606933593,0.34094238281,-0.20678710937
1726143732887.2852,-0.84606933593,0.34094238281,-0.20678710937
1726143732907.3047,-0.84606933593,0.34094238281,-0.20678710937
1726143732927.202,-0.84436035156,0.3564453125,-0.21728515625
1726143732947.2827,-0.84436035156,0.3564453125,-0.21728515625
1726143732967.2715,-0.84436035156,0.3564453125,-0.21728515625
1726143732987.3215,-0.84436035156,0.3564453125,-0.21728515625
1726143733007.1887,-0.92272949218,0.39086914062,-0.24304199218
1726143733027.2998,-0.92272949218,0.39086914062,-0.24304199218
1726143733047.2888,-0.92272949218,0.39086914062,-0.24304199218
1726143733067.2778,-0.92272949218,0.39086914062,-0.24304199218
1726143733087.1753,-1.03430175781,0.42980957031,-0.27282714843
1726143733107.317,-1.03430175781,0.42980957031,-0.27282714843
1726143733127.2751,-1.03430175781,0.42980957031,-0.27282714843
1726143733147.2644,-1.03430175781,0.42980957031,-0.27282714843
1726143733167.1924,-0.97277832031,0.41564941406,-0.26794433593
1726143733187.3035,-0.97277832031,0.41564941406,-0.26794433593
1726143733207.262,-0.97277832031,0.41564941406,-0.26794433593
1726143733227.312,-0.97277832031,0.41564941406,-0.26794433593
1726143733247.1787,-0.89611816406,0.35070800781,-0.24157714843
1726143733267.29,-0.89611816406,0.35070800781,-0.24157714843
1726143733287.279,-0.89611816406,0.35070800781,-0.24157714843
1726143733307.268,-0.89611816406,0.35070800781,-0.24157714843
1726143733327.1655,-0.94165039062,0.31518554687,-0.22521972656
1726143733347.2766,-0.94165039062,0.31518554687,-0.22521972656
1726143733367.296,-0.94165039062,0.31518554687,-0.22521972656
1726143733387.2852,-0.94165039062,0.31518554687,-0.22521972656
1726143733407.1826,-0.92114257812,0.29345703125,-0.21337890625
1726143733427.2937,-0.92114257812,0.29345703125,-0.21337890625
1726143733447.3132,-0.92114257812,0.29345703125,-0.21337890625
1726143733467.2715,-0.92114257812,0.29345703125,-0.21337890625
1726143733487.1692,-0.88659667968,0.27490234375,-0.2255859375
1726143733507.2803,-0.88659667968,0.27490234375,-0.2255859375
1726143733527.2693,-0.88659667968,0.27490234375,-0.2255859375
1726143733547.2888,-0.88659667968,0.27490234375,-0.2255859375
1726143733567.1863,-0.87255859375,0.28820800781,-0.25952148437
1726143733587.297,-0.87255859375,0.28820800781,-0.25952148437
1726143733607.2559,-0.87255859375,0.28820800781,-0.25952148437
1726143733627.306,-0.87255859375,0.28820800781,-0.25952148437
1726143733647.1729,-0.90356445312,0.31726074218,-0.28356933593
1726143733667.2534,-0.90356445312,0.31726074218,-0.28356933593
1726143733687.2727,-0.90356445312,0.31726074218,-0.28356933593
1726143733707.262,-0.90356445312,0.31726074218,-0.28356933593
1726143733727.1594,-0.98779296875,0.34643554687,-0.294921875
1726143733747.301,-0.98779296875,0.34643554687,-0.294921875
1726143733767.2595,-0.98779296875,0.34643554687,-0.294921875
1726143733787.2483,-0.98779296875,0.34643554687,-0.294921875
1726143733807.1765,-1.07092285156,0.38195800781,-0.29284667968
1726143733827.257,-1.07092285156,0.38195800781,-0.29284667968
1726143733847.246,-1.07092285156,0.38195800781,-0.29284667968
1726143733867.296,-1.07092285156,0.38195800781,-0.29284667968
1726143733887.163,-1.00744628906,0.39233398437,-0.26574707031
1726143733907.2437,-1.00744628906,0.39233398437,-0.26574707031
1726143733927.2937,-1.00744628906,0.39233398437,-0.26574707031
1726143733947.252,-1.00744628906,0.39233398437,-0.26574707031
1726143733967.1497,-0.95812988281,0.36999511718,-0.23852539062
1726143733987.2607,-0.95812988281,0.36999511718,-0.23852539062
1726143734007.2495,-0.95812988281,0.36999511718,-0.23852539062
1726143734027.2693,-0.95812988281,0.36999511718,-0.23852539062
1726143734047.1667,-1.01745605468,0.33874511718,-0.20812988281
1726143734067.2778,-1.01745605468,0.33874511718,-0.20812988281
1726143734087.297,-1.01745605468,0.33874511718,-0.20812988281
1726143734107.2559,-1.01745605468,0.33874511718,-0.20812988281
1726143734127.1533,-0.9951171875,0.28881835937,-0.19189453125
1726143734147.295,-0.9951171875,0.28881835937,-0.19189453125
1726143734167.2534,-0.9951171875,0.28881835937,-0.19189453125
1726143734187.2424,-0.9951171875,0.28881835937,-0.19189453125
1726143734207.1704,-0.93884277343,0.283203125,-0.20935058593
1726143734227.2507,-0.93884277343,0.283203125,-0.20935058593
1726143734247.24,-0.93884277343,0.283203125,-0.20935058593
1726143734267.29,-0.93884277343,0.283203125,-0.20935058593
1726143734287.1567,-0.89794921875,0.34619140625,-0.21435546875
1726143734307.2375,-0.89794921875,0.34619140625,-0.21435546875
1726143734327.2876,-0.89794921875,0.34619140625,-0.21435546875
1726143734347.246,-0.89794921875,0.34619140625,-0.21435546875
1726143734367.1436,-0.90600585937,0.37670898437,-0.21459960937
1726143734387.2546,-0.90600585937,0.37670898437,-0.21459960937
1726143734407.274,-0.90600585937,0.37670898437,-0.21459960937
1726143734427.2327,-0.90600585937,0.37670898437,-0.21459960937
1726143734447.1606,-1.01708984375,0.39916992187,-0.21789550781
1726143734467.2412,-1.01708984375,0.39916992187,-0.21789550781
1726143734487.2302,-1.01708984375,0.39916992187,-0.21789550781
1726143734507.2803,-1.01708984375,0.39916992187,-0.21789550781
1726143734527.1472,-0.84765625,0.44311523437,-0.28930664062
1726143734547.2275,-0.84765625,0.44311523437,-0.28930664062
1726143734567.2778,-0.84765625,0.44311523437,-0.28930664062
1726143734587.2363,-0.84765625,0.44311523437,-0.28930664062
1726143734607.1335,-0.93786621093,0.43225097656,-0.2880859375
1726143734627.2449,-0.93786621093,0.43225097656,-0.2880859375
1726143734647.234,-0.93786621093,0.43225097656,-0.2880859375
1726143734667.284,-0.93786621093,0.43225097656,-0.2880859375
1726143734687.151,-0.92248535156,0.39904785156,-0.27709960937
1726143734707.262,-0.92248535156,0.39904785156,-0.27709960937
1726143734727.2507,-0.92248535156,0.39904785156,-0.27709960937
1726143734747.2705,-0.92248535156,0.39904785156,-0.27709960937
1726143734767.1375,-0.86328125,0.35961914062,-0.27404785156
1726143734787.279,-0.86328125,0.35961914062,-0.27404785156
1726143734807.268,-0.86328125,0.35961914062,-0.27404785156
1726143734827.257,-0.86328125,0.35961914062,-0.27404785156
1726143734847.1543,-0.85754394531,0.32763671875,-0.29138183593
1726143734867.2656,-0.85754394531,0.32763671875,-0.29138183593
1726143734887.224,-0.85754394531,0.32763671875,-0.29138183593
1726143734907.2437,-0.85754394531,0.32763671875,-0.29138183593
1726143734927.141,-0.865234375,0.32836914062,-0.30578613281
1726143734947.252,-0.865234375,0.32836914062,-0.30578613281
1726143734967.2715,-0.865234375,0.32836914062,-0.30578613281
1726143734987.2607,-0.865234375,0.32836914062,-0.30578613281
1726143735007.1277,-0.89807128906,0.32983398437,-0.29797363281
1726143735027.2388,-0.89807128906,0.32983398437,-0.29797363281
1726143735047.2583,-0.89807128906,0.32983398437,-0.29797363281
1726143735067.2473,-0.89807128906,0.32983398437,-0.29797363281
1726143735087.1448,-0.96020507812,0.33776855468,-0.26818847656
1726143735107.225,-0.96020507812,0.33776855468,-0.26818847656
1726143735127.2144,-0.96020507812,0.33776855468,-0.26818847656
1726143735147.234,-0.96020507812,0.33776855468,-0.26818847656
1726143735167.131,-1.02160644531,0.37585449218,-0.25537109375
1726143735187.212,-1.02160644531,0.37585449218,-0.25537109375
1726143735207.2314,-1.02160644531,0.37585449218,-0.25537109375
1726143735227.2507,-1.02160644531,0.37585449218,-0.25537109375
1726143735247.118,-1.02416992187,0.41137695312,-0.25561523437
1726143735267.2595,-1.02416992187,0.41137695312,-0.25561523437
1726143735287.218,-1.02416992187,0.41137695312,-0.25561523437
1726143735307.2375,-1.02416992187,0.41137695312,-0.25561523437
1726143735327.135,-1.04406738281,0.40283203125,-0.22863769531
1726143735347.2156,-1.04406738281,0.40283203125,-0.22863769531
1726143735367.2656,-1.04406738281,0.40283203125,-0.22863769531
1726143735387.224,-1.04406738281,0.40283203125,-0.22863769531
1726143735407.1216,-1.05126953125,0.35510253906,-0.22021484375
1726143735427.2327,-1.05126953125,0.35510253906,-0.22021484375
1726143735447.2217,-1.05126953125,0.35510253906,-0.22021484375
1726143735467.2107,-1.05126953125,0.35510253906,-0.22021484375
1726143735487.1387,-0.962890625,0.31311035156,-0.240234375
1726143735507.2192,-0.962890625,0.31311035156,-0.240234375
1726143735527.2083,-0.962890625,0.31311035156,-0.240234375
1726143735547.2275,-0.962890625,0.31311035156,-0.240234375
1726143735567.1252,-0.88317871093,0.29235839843,-0.24340820312
1726143735587.2058,-0.88317871093,0.29235839843,-0.24340820312
1726143735607.2559,-0.88317871093,0.29235839843,-0.24340820312
1726143735627.2144,-0.88317871093,0.29235839843,-0.24340820312
1726143735647.1118,-0.873046875,0.3046875,-0.22192382812
1726143735667.223,-0.873046875,0.3046875,-0.22192382812
1726143735687.212,-0.873046875,0.3046875,-0.22192382812
1726143735707.2314,-0.873046875,0.3046875,-0.22192382812
1726143735727.129,-0.93090820312,0.33850097656,-0.20874023437
1726143735747.2095,-0.93090820312,0.33850097656,-0.20874023437
1726143735767.1985,-0.93090820312,0.33850097656,-0.20874023437
1726143735787.218,-0.93090820312,0.33850097656,-0.20874023437
1726143735807.1155,-1.04125976562,0.37829589843,-0.22863769531
1726143735827.196,-1.04125976562,0.37829589843,-0.22863769531
1726143735847.246,-1.04125976562,0.37829589843,-0.22863769531
1726143735867.235,-1.04125976562,0.37829589843,-0.22863769531
1726143735887.0715,-0.97900390625,0.37182617187,-0.26086425781
1726143735907.2437,-0.97900390625,0.37182617187,-0.26086425781
1726143735927.202,-0.97900390625,0.37182617187,-0.26086425781
1726143735947.2217,-0.97900390625,0.37182617187,-0.26086425781
1726143735967.1191,-0.87084960937,0.32604980468,-0.26647949218
1726143735987.1997,-0.87084960937,0.32604980468,-0.26647949218
1726143736007.2192,-0.87084960937,0.32604980468,-0.26647949218
1726143736027.2388,-0.87084960937,0.32604980468,-0.26647949218
1726143736047.1057,-0.9111328125,0.29541015625,-0.23266601562
1726143736067.2168,-0.9111328125,0.29541015625,-0.23266601562
1726143736087.3584,-0.9111328125,0.29541015625,-0.23266601562
1726143736107.1948,-0.9111328125,0.29541015625,-0.23266601562
1726143736127.1228,-0.90588378906,0.26965332031,-0.19494628906
1726143736147.2031,-0.90588378906,0.26965332031,-0.19494628906
1726143736167.1924,-0.90588378906,0.26965332031,-0.19494628906
1726143736187.212,-0.90588378906,0.26965332031,-0.19494628906
1726143736207.1091,-0.88891601562,0.24609375,-0.1982421875
1726143736227.19,-0.88891601562,0.24609375,-0.1982421875
1726143736247.2095,-0.88891601562,0.24609375,-0.1982421875
1726143736267.1985,-0.88891601562,0.24609375,-0.1982421875
1726143736287.096,-0.89343261718,0.24450683593,-0.24462890625
1726143736307.207,-0.89343261718,0.24450683593,-0.24462890625
1726143736327.196,-0.89343261718,0.24450683593,-0.24462890625
1726143736347.185,-0.89343261718,0.24450683593,-0.24462890625
1726143736367.113,-0.90075683593,0.26049804687,-0.29650878906
1726143736387.1936,-0.90075683593,0.26049804687,-0.29650878906
1726143736407.1826,-0.90075683593,0.26049804687,-0.29650878906
1726143736427.202,-0.90075683593,0.26049804687,-0.29650878906
1726143736447.0996,-0.92712402343,0.28149414062,-0.31640625
1726143736467.0886,-0.92712402343,0.28149414062,-0.31640625
1726143736487.1997,-0.92712402343,0.28149414062,-0.31640625
1726143736507.1887,-0.92712402343,0.28149414062,-0.31640625
1726143736527.086,-1.00305175781,0.31420898437,-0.3017578125
1726143736547.1973,-1.00305175781,0.31420898437,-0.3017578125
1726143736567.2168,-1.00305175781,0.31420898437,-0.3017578125
1726143736587.2058,-1.00305175781,0.31420898437,-0.3017578125
1726143736607.1033,-1.08117675781,0.34716796875,-0.279296875
1726143736627.1838,-1.08117675781,0.34716796875,-0.279296875
1726143736647.234,-1.08117675781,0.34716796875,-0.279296875
1726143736667.1924,-1.08117675781,0.34716796875,-0.279296875
1726143736687.0898,-1.02893066406,0.34375,-0.25109863281
1726143736707.2314,-1.02893066406,0.34375,-0.25109863281
1726143736727.19,-1.02893066406,0.34375,-0.25109863281
1726143736747.2095,-1.02893066406,0.34375,-0.25109863281
1726143736767.1067,-1.01403808593,0.30358886718,-0.21508789062
1726143736787.1875,-1.01403808593,0.30358886718,-0.21508789062
1726143736807.1765,-1.01403808593,0.30358886718,-0.21508789062
1726143736827.196,-1.01403808593,0.30358886718,-0.21508789062
1726143736847.0935,-1.05395507812,0.27856445312,-0.18579101562
1726143736867.2043,-1.05395507812,0.27856445312,-0.18579101562
1726143736887.1936,-1.05395507812,0.27856445312,-0.18579101562
1726143736907.1826,-1.05395507812,0.27856445312,-0.18579101562
1726143736927.0496,-0.99536132812,0.27111816406,-0.17309570312
1726143736947.1912,-0.99536132812,0.27111816406,-0.17309570312
1726143736967.18,-0.99536132812,0.27111816406,-0.17309570312
1726143736987.1692,-0.99536132812,0.27111816406,-0.17309570312
1726143737007.0667,-0.94519042968,0.28125,-0.17248535156
1726143737027.1775,-0.94519042968,0.28125,-0.17248535156
1726143737047.1667,-0.94519042968,0.28125,-0.17248535156
1726143737067.2168,-0.94519042968,0.28125,-0.17248535156
1726143737087.0835,-0.89990234375,0.31506347656,-0.1826171875
1726143737107.1643,-0.89990234375,0.31506347656,-0.1826171875
1726143737127.1838,-0.89990234375,0.31506347656,-0.1826171875
1726143737147.2031,-0.89990234375,0.31506347656,-0.1826171875
1726143737167.0703,-0.89123535156,0.35900878906,-0.2060546875
1726143737187.1812,-0.89123535156,0.35900878906,-0.2060546875
1726143737207.2007,-0.89123535156,0.35900878906,-0.2060546875
1726143737227.19,-0.89123535156,0.35900878906,-0.2060546875
1726143737247.057,-0.94982910156,0.40454101562,-0.23986816406
1726143737267.1985,-0.94982910156,0.40454101562,-0.23986816406
1726143737287.1875,-0.94982910156,0.40454101562,-0.23986816406
1726143737307.1765,-0.94982910156,0.40454101562,-0.23986816406
1726143737327.074,-1.04797363281,0.39050292968,-0.29992675781
1726143737347.185,-1.04797363281,0.39050292968,-0.29992675781
1726143737367.2043,-1.04797363281,0.39050292968,-0.29992675781
1726143737387.163,-1.04797363281,0.39050292968,-0.29992675781
1726143737407.091,-0.84460449218,0.34631347656,-0.26281738281
1726143737427.202,-0.84460449218,0.34631347656,-0.26281738281
1726143737447.1606,-0.84460449218,0.34631347656,-0.26281738281
1726143737467.18,-0.84460449218,0.34631347656,-0.26281738281
1726143737487.047,-0.91247558593,0.32666015625,-0.21215820312
1726143737507.1582,-0.91247558593,0.32666015625,-0.21215820312
1726143737527.1775,-0.91247558593,0.32666015625,-0.21215820312
1726143737547.1667,-0.91247558593,0.32666015625,-0.21215820312
1726143737567.0337,-0.9345703125,0.330078125,-0.20629882812
1726143737587.1753,-0.9345703125,0.330078125,-0.20629882812
1726143737607.1643,-0.9345703125,0.330078125,-0.20629882812
1726143737627.1838,-0.9345703125,0.330078125,-0.20629882812
1726143737647.0508,-0.87719726562,0.33154296875,-0.22229003906
1726143737667.1619,-0.87719726562,0.33154296875,-0.22229003906
1726143737687.1812,-0.87719726562,0.33154296875,-0.22229003906
1726143737707.1704,-0.87719726562,0.33154296875,-0.22229003906
1726143737727.037,-0.83386230468,0.35107421875,-0.25476074218
1726143737747.1484,-0.83386230468,0.35107421875,-0.25476074218
1726143737767.168,-0.83386230468,0.35107421875,-0.25476074218
1726143737787.1567,-0.83386230468,0.35107421875,-0.25476074218
1726143737807.0544,-0.84692382812,0.37683105468,-0.27819824218
1726143737827.1655,-0.84692382812,0.37683105468,-0.27819824218
1726143737847.1543,-0.84692382812,0.37683105468,-0.27819824218
1726143737867.174,-0.84692382812,0.37683105468,-0.27819824218
1726143737887.041,-0.91455078125,0.38781738281,-0.28088378906
1726143737907.1826,-0.91455078125,0.38781738281,-0.28088378906
1726143737927.1716,-0.91455078125,0.38781738281,-0.28088378906
1726143737947.1606,-0.91455078125,0.38781738281,-0.28088378906
1726143737967.0276,-1.07849121093,0.41271972656,-0.27380371093
1726143737987.1997,-1.07849121093,0.41271972656,-0.27380371093
1726143738007.1582,-1.07849121093,0.41271972656,-0.27380371093
1726143738027.1472,-1.07849121093,0.41271972656,-0.27380371093
1726143738047.0752,-1.07141113281,0.4150390625,-0.26940917968
1726143738067.1555,-1.07141113281,0.4150390625,-0.26940917968
1726143738087.1448,-1.07141113281,0.4150390625,-0.26940917968
1726143738107.1643,-1.07141113281,0.4150390625,-0.26940917968
1726143738127.0312,-0.94519042968,0.384765625,-0.25903320312
1726143738147.1423,-0.94519042968,0.384765625,-0.25903320312
1726143738167.1924,-0.94519042968,0.384765625,-0.25903320312
1726143738187.151,-0.94519042968,0.384765625,-0.25903320312
1726143738207.0178,-0.9853515625,0.36547851562,-0.21667480468
1726143738227.1594,-0.9853515625,0.36547851562,-0.21667480468
1726143738247.1484,-0.9853515625,0.36547851562,-0.21667480468
1726143738267.1375,-0.9853515625,0.36547851562,-0.21667480468
1726143738287.0654,-0.99572753906,0.33459472656,-0.16772460937
1726143738307.146,-0.99572753906,0.33459472656,-0.16772460937
1726143738327.135,-0.99572753906,0.33459472656,-0.16772460937
1726143738347.1543,-0.99572753906,0.33459472656,-0.16772460937
1726143738367.0215,-0.94738769531,0.31909179687,-0.15844726562
1726143738387.1323,-0.94738769531,0.31909179687,-0.15844726562
1726143738407.152,-0.94738769531,0.31909179687,-0.15844726562
1726143738427.141,-0.94738769531,0.31909179687,-0.15844726562
1726143738447.0383,-0.89465332031,0.33801269531,-0.18432617187
1726143738467.1497,-0.89465332031,0.33801269531,-0.18432617187
1726143738487.1387,-0.89465332031,0.33801269531,-0.18432617187
1726143738507.1582,-0.89465332031,0.33801269531,-0.18432617187
1726143738527.0557,-0.88159179687,0.36242675781,-0.20788574218
1726143738547.1362,-0.88159179687,0.36242675781,-0.20788574218
1726143738567.1555,-0.88159179687,0.36242675781,-0.20788574218
1726143738587.1448,-0.88159179687,0.36242675781,-0.20788574218
1726143738607.0422,-0.92761230468,0.38220214843,-0.21154785156
1726143738627.1838,-0.92761230468,0.38220214843,-0.21154785156
1726143738647.1423,-0.92761230468,0.38220214843,-0.21154785156
1726143738667.1619,-0.92761230468,0.38220214843,-0.21154785156
1726143738687.0288,-1.029296875,0.40075683593,-0.22998046875
1726143738707.14,-1.029296875,0.40075683593,-0.22998046875
1726143738727.129,-1.029296875,0.40075683593,-0.22998046875
1726143738747.1787,-1.029296875,0.40075683593,-0.22998046875
1726143738767.0151,-0.96301269531,0.38330078125,-0.26354980468
1726143738787.1265,-0.96301269531,0.38330078125,-0.26354980468
1726143738807.146,-0.96301269531,0.38330078125,-0.26354980468
1726143738827.135,-0.96301269531,0.38330078125,-0.26354980468
1726143738847.002,-0.85607910156,0.35437011718,-0.2646484375
1726143738867.1436,-0.85607910156,0.35437011718,-0.2646484375
1726143738887.1323,-0.85607910156,0.35437011718,-0.2646484375
1726143738907.1216,-0.85607910156,0.35437011718,-0.2646484375
1726143738927.019,-0.91357421875,0.34814453125,-0.25256347656
1726143738947.1606,-0.91357421875,0.34814453125,-0.25256347656
1726143738967.1191,-0.91357421875,0.34814453125,-0.25256347656
1726143738987.1387,-0.91357421875,0.34814453125,-0.25256347656
1726143739007.036,-0.91223144531,0.32751464843,-0.2626953125
1726143739027.1167,-0.91223144531,0.32751464843,-0.2626953125
1726143739047.1362,-0.91223144531,0.32751464843,-0.2626953125
1726143739067.1555,-0.91223144531,0.32751464843,-0.2626953125
1726143739087.0227,-0.87512207031,0.32104492187,-0.27673339843
1726143739107.1335,-0.87512207031,0.32104492187,-0.27673339843
1726143739127.1533,-0.87512207031,0.32104492187,-0.27673339843
1726143739147.1423,-0.87512207031,0.32104492187,-0.27673339843
1726143739167.0093,-0.86511230468,0.34729003906,-0.28430175781
1726143739187.151,-0.86511230468,0.34729003906,-0.28430175781
1726143739207.14,-0.86511230468,0.34729003906,-0.28430175781
1726143739227.129,-0.86511230468,0.34729003906,-0.28430175781
1726143739246.9958,-0.88439941406,0.36877441406,-0.28576660156
1726143739267.1375,-0.88439941406,0.36877441406,-0.28576660156
1726143739287.1265,-0.88439941406,0.36877441406,-0.28576660156
1726143739307.1155,-0.88439941406,0.36877441406,-0.28576660156
1726143739327.0435,-0.91223144531,0.37158203125,-0.28234863281
1726143739347.124,-0.91223144531,0.37158203125,-0.28234863281
1726143739367.113,-0.91223144531,0.37158203125,-0.28234863281
1726143739387.1323,-0.91223144531,0.37158203125,-0.28234863281
1726143739407.03,-1.03466796875,0.3916015625,-0.27648925781
1726143739427.1104,-1.03466796875,0.3916015625,-0.27648925781
1726143739447.13,-1.03466796875,0.3916015625,-0.27648925781
1726143739467.1191,-1.03466796875,0.3916015625,-0.27648925781
1726143739487.0166,-1.03332519531,0.40100097656,-0.27282714843
1726143739507.1582,-1.03332519531,0.40100097656,-0.27282714843
1726143739527.1472,-1.03332519531,0.40100097656,-0.27282714843
1726143739547.1057,-1.03332519531,0.40100097656,-0.27282714843
1726143739567.0337,-0.95251464843,0.36682128906,-0.2626953125
1726143739587.1143,-0.95251464843,0.36682128906,-0.2626953125
1726143739607.1033,-0.95251464843,0.36682128906,-0.2626953125
1726143739627.1228,-0.95251464843,0.36682128906,-0.2626953125
1726143739647.0203,-0.99609375,0.33410644531,-0.22143554687
1726143739667.131,-0.99609375,0.33410644531,-0.22143554687
1726143739687.1204,-0.99609375,0.33410644531,-0.22143554687
1726143739707.1091,-0.99609375,0.33410644531,-0.22143554687
1726143739726.9763,-0.97680664062,0.30944824218,-0.17614746093
1726143739747.1484,-0.97680664062,0.30944824218,-0.17614746093
1726143739767.1067,-0.97680664062,0.30944824218,-0.17614746093
1726143739787.1265,-0.97680664062,0.30944824218,-0.17614746093
1726143739806.9934,-0.92504882812,0.29284667968,-0.17797851562
1726143739827.1045,-0.92504882812,0.29284667968,-0.17797851562
1726143739847.124,-0.92504882812,0.29284667968,-0.17797851562
1726143739867.113,-0.92504882812,0.29284667968,-0.17797851562
1726143739886.98,-0.88110351562,0.31530761718,-0.21325683593
1726143739907.1216,-0.88110351562,0.31530761718,-0.21325683593
1726143739927.1104,-0.88110351562,0.31530761718,-0.21325683593
1726143739947.0996,-0.88110351562,0.31530761718,-0.21325683593
1726143739967.0276,-0.88464355468,0.37585449218,-0.24328613281
1726143739987.1387,-0.88464355468,0.37585449218,-0.24328613281
1726143740007.0972,-0.88464355468,0.37585449218,-0.24328613281
1726143740027.1167,-0.88464355468,0.37585449218,-0.24328613281
1726143740046.9836,-0.93310546875,0.4228515625,-0.26245117187
1726143740067.0947,-0.93310546875,0.4228515625,-0.26245117187
1726143740087.1143,-0.93310546875,0.4228515625,-0.26245117187
1726143740107.1033,-0.93310546875,0.4228515625,-0.26245117187
1726143740126.9702,-0.94860839843,0.39538574218,-0.29150390625
1726143740147.1118,-0.94860839843,0.39538574218,-0.29150390625
1726143740167.1008,-0.94860839843,0.39538574218,-0.29150390625
1726143740187.0898,-0.94860839843,0.39538574218,-0.29150390625
1726143740206.9873,-0.82434082031,0.38806152343,-0.27868652343
1726143740227.0984,-0.82434082031,0.38806152343,-0.27868652343
1726143740247.0874,-0.82434082031,0.38806152343,-0.27868652343
1726143740267.168,-0.82434082031,0.38806152343,-0.27868652343
1726143740286.9739,-0.86755371093,0.36083984375,-0.25817871093
1726143740307.1155,-0.86755371093,0.36083984375,-0.25817871093
1726143740327.1045,-0.86755371093,0.36083984375,-0.25817871093
1726143740347.0935,-0.86755371093,0.36083984375,-0.25817871093
1726143740366.9907,-0.88354492187,0.33129882812,-0.26318359375
1726143740387.102,-0.88354492187,0.33129882812,-0.26318359375
1726143740407.1216,-0.88354492187,0.33129882812,-0.26318359375
1726143740427.1104,-0.88354492187,0.33129882812,-0.26318359375
1726143740446.9775,-0.8544921875,0.32702636718,-0.27282714843
1726143740467.0886,-0.8544921875,0.32702636718,-0.27282714843
1726143740487.108,-0.8544921875,0.32702636718,-0.27282714843
1726143740507.0972,-0.8544921875,0.32702636718,-0.27282714843
1726143740526.964,-0.8544921875,0.33544921875,-0.27514648437
1726143740547.1057,-0.8544921875,0.33544921875,-0.27514648437
1726143740567.0947,-0.8544921875,0.33544921875,-0.27514648437
1726143740587.0835,-0.8544921875,0.33544921875,-0.27514648437
1726143740607.0117,-0.87109375,0.35803222656,-0.28674316406
1726143740627.0923,-0.87109375,0.35803222656,-0.28674316406
1726143740647.0813,-0.87109375,0.35803222656,-0.28674316406
1726143740667.1008,-0.87109375,0.35803222656,-0.28674316406
1726143740686.9675,-0.91955566406,0.38745117187,-0.29528808593
1726143740707.1091,-0.91955566406,0.38745117187,-0.29528808593
1726143740727.0984,-0.91955566406,0.38745117187,-0.29528808593
1726143740747.118,-0.91955566406,0.38745117187,-0.29528808593
1726143740766.9543,-1.0537109375,0.42724609375,-0.27319335937
1726143740787.096,-1.0537109375,0.42724609375,-0.27319335937
1726143740807.0847,-1.0537109375,0.42724609375,-0.27319335937
1726143740827.074,-1.0537109375,0.42724609375,-0.27319335937
1726143740846.9714,-1.07141113281,0.43420410156,-0.25451660156
1726143740867.0825,-1.07141113281,0.43420410156,-0.25451660156
1726143740887.0715,-1.07141113281,0.43420410156,-0.25451660156
1726143740907.091,-1.07141113281,0.43420410156,-0.25451660156
1726143740926.958,-0.97338867187,0.42602539062,-0.25109863281
1726143740947.069,-0.97338867187,0.42602539062,-0.25109863281
1726143740967.0886,-0.97338867187,0.42602539062,-0.25109863281
1726143740987.0776,-0.97338867187,0.42602539062,-0.25109863281
1726143741006.975,-0.98278808593,0.41186523437,-0.228515625
1726143741027.086,-0.98278808593,0.41186523437,-0.228515625
1726143741047.0752,-0.98278808593,0.41186523437,-0.228515625
1726143741067.1252,-0.98278808593,0.41186523437,-0.228515625
1726143741086.9617,-0.99768066406,0.36767578125,-0.19201660156
1726143741107.0728,-0.99768066406,0.36767578125,-0.19201660156
1726143741127.0923,-0.99768066406,0.36767578125,-0.19201660156
1726143741147.0813,-0.99768066406,0.36767578125,-0.19201660156
1726143741166.9788,-0.95556640625,0.32824707031,-0.17822265625
1726143741187.0898,-0.95556640625,0.32824707031,-0.17822265625
1726143741207.1091,-0.95556640625,0.32824707031,-0.17822265625
1726143741227.0679,-0.95556640625,0.32824707031,-0.17822265625
1726143741246.965,-0.9130859375,0.32666015625,-0.18212890625
1726143741267.0764,-0.9130859375,0.32666015625,-0.18212890625
1726143741287.096,-0.9130859375,0.32666015625,-0.18212890625
1726143741307.0847,-0.9130859375,0.32666015625,-0.18212890625
1726143741326.952,-0.90368652343,0.36022949218,-0.19018554687
1726143741347.0935,-0.90368652343,0.36022949218,-0.19018554687
1726143741367.0825,-0.90368652343,0.36022949218,-0.19018554687
1726143741387.102,-0.90368652343,0.36022949218,-0.19018554687
1726143741406.9995,-0.900390625,0.38317871093,-0.21484375
1726143741427.08,-0.900390625,0.38317871093,-0.21484375
1726143741447.069,-0.900390625,0.38317871093,-0.21484375
1726143741467.058,-0.900390625,0.38317871093,-0.21484375
1726143741486.986,-0.91967773437,0.38037109375,-0.25964355468
1726143741507.0667,-0.91967773437,0.38037109375,-0.25964355468
1726143741527.0557,-0.91967773437,0.38037109375,-0.25964355468
1726143741547.0752,-0.91967773437,0.38037109375,-0.25964355468
1726143741566.942,-0.96508789062,0.37902832031,-0.28466796875
1726143741587.0532,-0.96508789062,0.37902832031,-0.28466796875
1726143741607.1033,-0.96508789062,0.37902832031,-0.28466796875
1726143741627.0615,-0.96508789062,0.37902832031,-0.28466796875
1726143741646.9592,-0.91235351562,0.37951660156,-0.26721191406
1726143741667.0703,-0.91235351562,0.37951660156,-0.26721191406
1726143741687.059,-0.91235351562,0.37951660156,-0.26721191406
1726143741707.0789,-0.91235351562,0.37951660156,-0.26721191406
1726143741726.9458,-0.89392089843,0.3681640625,-0.25903320312
1726143741747.0874,-0.89392089843,0.3681640625,-0.25903320312
1726143741767.0764,-0.89392089843,0.3681640625,-0.25903320312
1726143741787.1265,-0.89392089843,0.3681640625,-0.25903320312
1726143741806.9324,-0.91040039062,0.35876464843,-0.27819824218
1726143741827.074,-0.91040039062,0.35876464843,-0.27819824218
1726143741847.0627,-0.91040039062,0.35876464843,-0.27819824218
1726143741867.052,-0.91040039062,0.35876464843,-0.27819824218
1726143741886.98,-0.86486816406,0.34912109375,-0.302734375
1726143741907.0603,-0.86486816406,0.34912109375,-0.302734375
1726143741927.0496,-0.86486816406,0.34912109375,-0.302734375
1726143741947.069,-0.86486816406,0.34912109375,-0.302734375
1726143741966.9663,-0.87707519531,0.35412597656,-0.333984375
1726143741987.0776,-0.87707519531,0.35412597656,-0.333984375
1726143742007.0667,-0.87707519531,0.35412597656,-0.333984375
1726143742027.086,-0.87707519531,0.35412597656,-0.333984375
1726143742046.9531,-0.87646484375,0.34484863281,-0.34753417968
1726143742067.0947,-0.87646484375,0.34484863281,-0.34753417968
1726143742087.0532,-0.87646484375,0.34484863281,-0.34753417968
1726143742107.0728,-0.87646484375,0.34484863281,-0.34753417968
1726143742126.9397,-0.85632324218,0.34790039062,-0.318359375
1726143742147.0508,-0.85632324218,0.34790039062,-0.318359375
1726143742167.1924,-0.85632324218,0.34790039062,-0.318359375
1726143742187.0898,-0.85632324218,0.34790039062,-0.318359375
1726143742206.9263,-0.8408203125,0.38061523437,-0.29333496093
1726143742227.0679,-0.8408203125,0.38061523437,-0.29333496093
1726143742247.057,-0.8408203125,0.38061523437,-0.29333496093
1726143742267.0764,-0.8408203125,0.38061523437,-0.29333496093
1726143742286.943,-0.91064453125,0.41357421875,-0.27746582031
1726143742307.0847,-0.91064453125,0.41357421875,-0.27746582031
1726143742327.074,-0.91064453125,0.41357421875,-0.27746582031
1726143742347.0627,-0.91064453125,0.41357421875,-0.27746582031
1726143742366.93,-0.9921875,0.45910644531,-0.28161621093
1726143742387.041,-0.9921875,0.45910644531,-0.28161621093
1726143742407.0603,-0.9921875,0.45910644531,-0.28161621093
1726143742427.0496,-0.9921875,0.45910644531,-0.28161621093
1726143742446.9165,-1.04370117187,0.45959472656,-0.29284667968
1726143742467.0886,-1.04370117187,0.45959472656,-0.29284667968
1726143742487.0776,-1.04370117187,0.45959472656,-0.29284667968
1726143742507.036,-1.04370117187,0.45959472656,-0.29284667968
1726143742526.9336,-1.08654785156,0.39099121093,-0.27416992187
1726143742547.0752,-1.08654785156,0.39099121093,-0.27416992187
1726143742566.942,-1.08654785156,0.39099121093,-0.27416992187
1726143742587.0835,-1.08654785156,0.39099121093,-0.27416992187
1726143742606.92,-1.00439453125,0.33190917968,-0.25183105468
1726143742627.0312,-1.00439453125,0.33190917968,-0.25183105468
1726143742647.0508,-1.00439453125,0.33190917968,-0.25183105468
1726143742667.0396,-1.00439453125,0.33190917968,-0.25183105468
1726143742686.9067,-0.8837890625,0.29907226562,-0.23205566406
1726143742707.0483,-0.8837890625,0.29907226562,-0.23205566406
1726143742727.037,-0.8837890625,0.29907226562,-0.23205566406
1726143742747.0264,-0.8837890625,0.29907226562,-0.23205566406
1726143742766.9238,-0.79406738281,0.26916503906,-0.21032714843
1726143742787.035,-0.79406738281,0.26916503906,-0.21032714843
1726143742807.024,-0.79406738281,0.26916503906,-0.21032714843
1726143742827.074,-0.79406738281,0.26916503906,-0.21032714843
1726143742846.941,-0.7939453125,0.29382324218,-0.20434570312
1726143742867.0215,-0.7939453125,0.29382324218,-0.20434570312
1726143742887.041,-0.7939453125,0.29382324218,-0.20434570312
1726143742907.03,-0.7939453125,0.29382324218,-0.20434570312
1726143742927.0496,-0.97424316406,0.38146972656,-0.22973632812
1726143742947.0383,-0.97424316406,0.38146972656,-0.22973632812
1726143742967.0276,-0.97424316406,0.38146972656,-0.22973632812
1726143742987.047,-0.97424316406,0.38146972656,-0.22973632812
1726143743006.914,-0.97802734375,0.3662109375,-0.27661132812
1726143743027.0251,-0.97802734375,0.3662109375,-0.27661132812
1726143743047.0447,-0.97802734375,0.3662109375,-0.27661132812
1726143743067.0337,-0.97802734375,0.3662109375,-0.27661132812
1726143743086.9006,-0.95373535156,0.33081054687,-0.28637695312
1726143743107.0422,-0.95373535156,0.33081054687,-0.28637695312
1726143743127.0615,-0.95373535156,0.33081054687,-0.28637695312
1726143743147.0203,-0.95373535156,0.33081054687,-0.28637695312
1726143743166.9175,-0.89660644531,0.34130859375,-0.30554199218
1726143743187.0288,-0.89660644531,0.34130859375,-0.30554199218
1726143743207.0178,-0.89660644531,0.34130859375,-0.30554199218
1726143743227.037,-0.89660644531,0.34130859375,-0.30554199218
1726143743246.9043,-0.87829589843,0.3525390625,-0.33117675781
1726143743267.0151,-0.87829589843,0.3525390625,-0.33117675781
1726143743287.035,-0.87829589843,0.3525390625,-0.33117675781
1726143743307.0847,-0.87829589843,0.3525390625,-0.33117675781
1726143743326.9211,-0.87707519531,0.36401367187,-0.35461425781
1726143743347.0325,-0.87707519531,0.36401367187,-0.35461425781
1726143743367.0215,-0.87707519531,0.36401367187,-0.35461425781
1726143743387.0105,-0.87707519531,0.36401367187,-0.35461425781
1726143743406.908,-0.94104003906,0.37561035156,-0.34143066406
1726143743427.019,-0.94104003906,0.37561035156,-0.34143066406
1726143743447.008,-0.94104003906,0.37561035156,-0.34143066406
1726143743467.058,-0.94104003906,0.37561035156,-0.34143066406
1726143743486.8943,-1.0751953125,0.39978027343,-0.30310058593
1726143743507.0056,-1.0751953125,0.39978027343,-0.30310058593
1726143743527.0251,-1.0751953125,0.39978027343,-0.30310058593
1726143743547.0447,-1.0751953125,0.39978027343,-0.30310058593
1726143743566.9116,-1.06579589843,0.39636230468,-0.26318359375
1726143743587.0532,-1.06579589843,0.39636230468,-0.26318359375
1726143743607.0117,-1.06579589843,0.39636230468,-0.26318359375
1726143743627.0312,-1.06579589843,0.39636230468,-0.26318359375
1726143743646.9287,-1.02075195312,0.37817382812,-0.23742675781
1726143743667.0093,-1.02075195312,0.37817382812,-0.23742675781
1726143743687.212,-1.02075195312,0.37817382812,-0.23742675781
1726143743707.0178,-1.02075195312,0.37817382812,-0.23742675781
1726143743726.8848,-1.04663085937,0.34875488281,-0.22119140625
1726143743747.0264,-1.04663085937,0.34875488281,-0.22119140625
1726143743767.0151,-1.04663085937,0.34875488281,-0.22119140625
1726143743787.0044,-1.04663085937,0.34875488281,-0.22119140625
1726143743806.9324,-0.97424316406,0.31848144531,-0.20324707031
1726143743827.0435,-0.97424316406,0.31848144531,-0.20324707031
1726143743847.002,-0.97424316406,0.31848144531,-0.20324707031
1726143743867.052,-0.97424316406,0.31848144531,-0.20324707031
1726143743886.8884,-0.89672851562,0.33557128906,-0.20629882812
1726143743907.03,-0.89672851562,0.33557128906,-0.20629882812
1726143743927.0496,-0.89672851562,0.33557128906,-0.20629882812
1726143743947.008,-0.89672851562,0.33557128906,-0.20629882812
1726143743966.9055,-0.86791992187,0.38940429687,-0.22326660156
1726143743987.047,-0.86791992187,0.38940429687,-0.22326660156
1726143744007.0056,-0.86791992187,0.38940429687,-0.22326660156
1726143744026.9946,-0.86791992187,0.38940429687,-0.22326660156
1726143744046.892,-0.87121582031,0.42810058593,-0.24279785156
1726143744067.0032,-0.87121582031,0.42810058593,-0.24279785156
1726143744087.0227,-0.87121582031,0.42810058593,-0.24279785156
1726143744107.0117,-0.87121582031,0.42810058593,-0.24279785156
1726143744126.8787,-0.92797851562,0.43774414062,-0.26745605468
1726143744146.9895,-0.92797851562,0.43774414062,-0.26745605468
1726143744167.0093,-0.92797851562,0.43774414062,-0.26745605468
1726143744186.9983,-0.92797851562,0.43774414062,-0.26745605468
1726143744206.8955,-0.90649414062,0.42565917968,-0.29772949218
1726143744227.0068,-0.90649414062,0.42565917968,-0.29772949218
1726143744246.9958,-0.90649414062,0.42565917968,-0.29772949218
1726143744267.0151,-0.90649414062,0.42565917968,-0.29772949218
1726143744286.9128,-0.82141113281,0.40124511718,-0.30773925781
1726143744306.9934,-0.82141113281,0.40124511718,-0.30773925781
1726143744327.0435,-0.82141113281,0.40124511718,-0.30773925781
1726143744347.002,-0.82141113281,0.40124511718,-0.30773925781
1726143744366.8994,-0.86926269531,0.37829589843,-0.28942871093
1726143744387.041,-0.86926269531,0.37829589843,-0.28942871093
1726143744406.9995,-0.86926269531,0.37829589843,-0.28942871093
1726143744427.019,-0.86926269531,0.37829589843,-0.28942871093
1726143744446.886,-0.89050292968,0.35620117187,-0.27978515625
1726143744466.997,-0.89050292968,0.35620117187,-0.27978515625
1726143744486.986,-0.89050292968,0.35620117187,-0.27978515625
1726143744507.036,-0.89050292968,0.35620117187,-0.27978515625
1726143744526.8723,-0.85559082031,0.35632324218,-0.28161621093
1726143744547.014,-0.85559082031,0.35632324218,-0.28161621093
1726143744567.0337,-0.85559082031,0.35632324218,-0.28161621093
1726143744586.992,-0.85559082031,0.35632324218,-0.28161621093
1726143744606.8591,-0.87268066406,0.36572265625,-0.30749511718
1726143744627.0007,-0.87268066406,0.36572265625,-0.30749511718
1726143744646.9895,-0.87268066406,0.36572265625,-0.30749511718
1726143744666.9788,-0.87268066406,0.36572265625,-0.30749511718
1726143744686.9067,-0.87866210937,0.35864257812,-0.33203125
1726143744706.9873,-0.87866210937,0.35864257812,-0.33203125
1726143744726.9763,-0.87866210937,0.35864257812,-0.33203125
1726143744746.9958,-0.87866210937,0.35864257812,-0.33203125
1726143744766.8933,-0.88439941406,0.34704589843,-0.31323242187
1726143744786.9739,-0.88439941406,0.34704589843,-0.31323242187
1726143744807.024,-0.88439941406,0.34704589843,-0.31323242187
1726143744826.9824,-0.88439941406,0.34704589843,-0.31323242187
1726143744846.88,-0.95910644531,0.3603515625,-0.28466796875
1726143744866.9907,-0.95910644531,0.3603515625,-0.28466796875
1726143744886.98,-0.95910644531,0.3603515625,-0.28466796875
1726143744906.9995,-0.95910644531,0.3603515625,-0.28466796875
1726143744926.8665,-1.05749511718,0.38220214843,-0.27868652343
1726143744946.9775,-1.05749511718,0.38220214843,-0.27868652343
1726143744966.997,-1.05749511718,0.38220214843,-0.27868652343
1726143744986.986,-1.05749511718,0.38220214843,-0.27868652343
1726143745006.8835,-1.02319335937,0.38403320312,-0.27478027343
1726143745026.9946,-1.02319335937,0.38403320312,-0.27478027343
1726143745046.9836,-1.02319335937,0.38403320312,-0.27478027343
1726143745066.9727,-1.02319335937,0.38403320312,-0.27478027343
1726143745086.87,-0.97692871093,0.35571289062,-0.26672363281
1726143745106.9812,-0.97692871093,0.35571289062,-0.26672363281
1726143745126.9702,-0.97692871093,0.35571289062,-0.26672363281
1726143745146.9895,-0.97692871093,0.35571289062,-0.26672363281
1726143745166.8872,-1.00634765625,0.32690429687,-0.25048828125
1726143745186.9675,-1.00634765625,0.32690429687,-0.25048828125
1726143745206.9873,-1.00634765625,0.32690429687,-0.25048828125
1726143745226.9763,-1.00634765625,0.32690429687,-0.25048828125
1726143745246.8433,-0.96069335937,0.32177734375,-0.23767089843
1726143745266.9849,-0.96069335937,0.32177734375,-0.23767089843
1726143745287.0044,-0.96069335937,0.32177734375,-0.23767089843
1726143745306.9934,-0.96069335937,0.32177734375,-0.23767089843
1726143745326.8604,-0.89147949218,0.33093261718,-0.25256347656
1726143745347.002,-0.89147949218,0.33093261718,-0.25256347656
1726143745366.9604,-0.89147949218,0.33093261718,-0.25256347656
1726143745386.98,-0.89147949218,0.33093261718,-0.25256347656
1726143745406.8467,-0.876953125,0.36120605468,-0.27612304687
1726143745426.958,-0.876953125,0.36120605468,-0.27612304687
1726143745446.9775,-0.876953125,0.36120605468,-0.27612304687
1726143745466.9663,-0.876953125,0.36120605468,-0.27612304687
1726143745486.8335,-0.91186523437,0.39721679687,-0.29760742187
1726143745506.975,-0.91186523437,0.39721679687,-0.29760742187
1726143745526.9946,-0.91186523437,0.39721679687,-0.29760742187
1726143745546.9836,-0.91186523437,0.39721679687,-0.29760742187
1726143745566.8503,-0.95727539062,0.42956542968,-0.31079101562
1726143745586.992,-0.95727539062,0.42956542968,-0.31079101562
1726143745607.0422,-0.95727539062,0.42956542968,-0.31079101562
1726143745626.9702,-0.95727539062,0.42956542968,-0.31079101562
1726143745646.8372,-0.978515625,0.42700195312,-0.30859375
1726143745666.9788,-0.978515625,0.42700195312,-0.30859375
1726143745686.9675,-0.978515625,0.42700195312,-0.30859375
1726143745706.9568,-0.978515625,0.42700195312,-0.30859375
1726143745726.8848,-0.87585449218,0.38415527343,-0.29089355468
1726143745746.9958,-0.87585449218,0.38415527343,-0.29089355468
1726143745766.9543,-0.87585449218,0.38415527343,-0.29089355468
1726143745786.9739,-0.87585449218,0.38415527343,-0.29089355468
1726143745806.871,-0.82482910156,0.34020996093,-0.28576660156
1726143745826.952,-0.82482910156,0.34020996093,-0.28576660156
1726143745847.002,-0.82482910156,0.34020996093,-0.28576660156
1726143745866.9604,-0.82482910156,0.34020996093,-0.28576660156
1726143745886.8271,-0.90112304687,0.32385253906,-0.29956054687
1726143745906.9688,-0.90112304687,0.32385253906,-0.29956054687
1726143745926.9883,-0.90112304687,0.32385253906,-0.29956054687
1726143745946.9775,-0.90112304687,0.32385253906,-0.29956054687
1726143745966.875,-0.84448242187,0.33422851562,-0.31896972656
1726143745986.9556,-0.84448242187,0.33422851562,-0.31896972656
1726143746006.9443,-0.84448242187,0.33422851562,-0.31896972656
1726143746026.964,-0.84448242187,0.33422851562,-0.31896972656
1726143746046.831,-0.84973144531,0.35754394531,-0.33740234375
1726143746066.942,-0.84973144531,0.35754394531,-0.33740234375
1726143746086.992,-0.84973144531,0.35754394531,-0.33740234375
1726143746106.9507,-0.84973144531,0.35754394531,-0.33740234375
1726143746126.8176,-0.89086914062,0.37780761718,-0.34802246093
1726143746146.9592,-0.89086914062,0.37780761718,-0.34802246093
1726143746166.9482,-0.89086914062,0.37780761718,-0.34802246093
1726143746186.9675,-0.89086914062,0.37780761718,-0.34802246093
1726143746206.8652,-0.94226074218,0.39245605468,-0.33325195312
1726143746226.9458,-0.94226074218,0.39245605468,-0.33325195312
1726143746246.9958,-0.94226074218,0.39245605468,-0.33325195312
1726143746266.9543,-0.94226074218,0.39245605468,-0.33325195312
1726143746286.8213,-1.03295898437,0.39929199218,-0.30541992187
1726143746306.9934,-1.03295898437,0.39929199218,-0.30541992187
1726143746326.952,-1.03295898437,0.39929199218,-0.30541992187
1726143746346.941,-1.03295898437,0.39929199218,-0.30541992187
1726143746366.8994,-1.00964355468,0.39831542968,-0.29455566406
1726143746386.9495,-1.00964355468,0.39831542968,-0.29455566406
1726143746406.9688,-1.00964355468,0.39831542968,-0.29455566406
1726143746426.958,-1.00964355468,0.39831542968,-0.29455566406
1726143746446.8247,-0.95190429687,0.39477539062,-0.2978515625
1726143746466.9663,-0.95190429687,0.39477539062,-0.2978515625
1726143746486.9556,-0.95190429687,0.39477539062,-0.2978515625
1726143746506.975,-0.95190429687,0.39477539062,-0.2978515625
1726143746526.8115,-0.99267578125,0.3701171875,-0.29113769531
1726143746546.9836,-0.99267578125,0.3701171875,-0.29113769531
1726143746566.9727,-0.99267578125,0.3701171875,-0.29113769531
1726143746586.9312,-0.99267578125,0.3701171875,-0.29113769531
1726143746606.8286,-0.97412109375,0.33776855468,-0.26293945312
1726143746626.9702,-0.97412109375,0.33776855468,-0.26293945312
1726143746646.9287,-0.97412109375,0.33776855468,-0.26293945312
1726143746666.9482,-0.97412109375,0.33776855468,-0.26293945312
1726143746686.8152,-0.92797851562,0.33618164062,-0.25183105468
1726143746706.9263,-0.92797851562,0.33618164062,-0.25183105468
1726143746726.9458,-0.92797851562,0.33618164062,-0.25183105468
1726143746746.9348,-0.92797851562,0.33618164062,-0.25183105468
1726143746766.8015,-0.89086914062,0.35424804687,-0.25915527343
1726143746786.943,-0.89086914062,0.35424804687,-0.25915527343
1726143746806.9324,-0.89086914062,0.35424804687,-0.25915527343
1726143746826.952,-0.89086914062,0.35424804687,-0.25915527343
1726143746846.849,-0.86206054687,0.38879394531,-0.27514648437
1726143746866.9604,-0.86206054687,0.38879394531,-0.27514648437
1726143746886.98,-0.86206054687,0.38879394531,-0.27514648437
1726143746906.9385,-0.86206054687,0.38879394531,-0.27514648437
1726143746926.8054,-0.87158203125,0.40380859375,-0.30236816406
1726143746946.947,-0.87158203125,0.40380859375,-0.30236816406
1726143746966.936,-0.87158203125,0.40380859375,-0.30236816406
1726143746986.925,-0.87158203125,0.40380859375,-0.30236816406
1726143747006.853,-0.98022460937,0.39721679687,-0.31604003906
1726143747026.964,-0.98022460937,0.39721679687,-0.31604003906
1726143747046.9531,-0.98022460937,0.39721679687,-0.31604003906
1726143747066.9727,-0.98022460937,0.39721679687,-0.31604003906
1726143747086.8396,-1.02978515625,0.38696289062,-0.33081054687
1726143747106.92,-1.02978515625,0.38696289062,-0.33081054687
1726143747126.9397,-1.02978515625,0.38696289062,-0.33081054687
1726143747146.9287,-1.02978515625,0.38696289062,-0.33081054687
1726143747166.826,-0.8798828125,0.36120605468,-0.33251953125
1726143747186.9373,-0.8798828125,0.36120605468,-0.33251953125
1726143747206.9263,-0.8798828125,0.36120605468,-0.33251953125
1726143747226.9153,-0.8798828125,0.36120605468,-0.33251953125
1726143747246.8127,-0.82250976562,0.32836914062,-0.298828125
1726143747266.9238,-0.82250976562,0.32836914062,-0.298828125
1726143747286.9128,-0.82250976562,0.32836914062,-0.298828125
1726143747306.963,-0.82250976562,0.32836914062,-0.298828125
1726143747326.7993,-0.87707519531,0.31726074218,-0.28845214843
1726143747346.9104,-0.87707519531,0.31726074218,-0.28845214843
1726143747366.93,-0.87707519531,0.31726074218,-0.28845214843
1726143747386.9187,-0.87707519531,0.31726074218,-0.28845214843
1726143747406.8164,-0.87121582031,0.3173828125,-0.29089355468
1726143747426.9275,-0.87121582031,0.3173828125,-0.29089355468
1726143747446.9165,-0.87121582031,0.3173828125,-0.29089355468
1726143747466.936,-0.87121582031,0.3173828125,-0.29089355468
1726143747486.8027,-0.8779296875,0.318359375,-0.29614257812
1726143747507.0056,-0.8779296875,0.318359375,-0.29614257812
1726143747526.9336,-0.8779296875,0.318359375,-0.29614257812
1726143747546.9531,-0.8779296875,0.318359375,-0.29614257812
1726143747566.7896,-0.90710449218,0.341796875,-0.32470703125
1726143747586.9312,-0.90710449218,0.341796875,-0.32470703125
1726143747606.9507,-0.90710449218,0.341796875,-0.32470703125
1726143747626.9092,-0.90710449218,0.341796875,-0.32470703125
1726143747646.8066,-0.94360351562,0.36315917968,-0.3369140625
1726143747666.9175,-0.94360351562,0.36315917968,-0.3369140625
1726143747686.9373,-0.94360351562,0.36315917968,-0.3369140625
1726143747706.9263,-0.94360351562,0.36315917968,-0.3369140625
1726143747726.8235,-1.00231933593,0.37414550781,-0.31030273437
1726143747746.9348,-1.00231933593,0.37414550781,-0.31030273437
1726143747766.9543,-1.00231933593,0.37414550781,-0.31030273437
1726143747786.9128,-1.00231933593,0.37414550781,-0.31030273437
1726143747806.8103,-0.99951171875,0.39807128906,-0.30212402343
1726143747826.952,-0.99951171875,0.39807128906,-0.30212402343
1726143747846.9104,-0.99951171875,0.39807128906,-0.30212402343
1726143747866.93,-0.99951171875,0.39807128906,-0.30212402343
1726143747886.8271,-0.9345703125,0.39453125,-0.29406738281
1726143747906.908,-0.9345703125,0.39453125,-0.29406738281
1726143747926.8967,-0.9345703125,0.39453125,-0.29406738281
1726143747946.9165,-0.9345703125,0.39453125,-0.29406738281
1726143747966.814,-0.94079589843,0.35229492187,-0.26013183593
1726143747986.8943,-0.94079589843,0.35229492187,-0.26013183593
1726143748006.914,-0.94079589843,0.35229492187,-0.26013183593
1726143748026.903,-0.94079589843,0.35229492187,-0.26013183593
1726143748046.8003,-0.9541015625,0.32421875,-0.22973632812
1726143748066.942,-0.9541015625,0.32421875,-0.22973632812
1726143748086.9006,-0.9541015625,0.32421875,-0.22973632812
1726143748106.9507,-0.9541015625,0.32421875,-0.22973632812
1726143748126.787,-0.93115234375,0.30285644531,-0.20092773437
1726143748146.898,-0.93115234375,0.30285644531,-0.20092773437
1726143748166.9175,-0.93115234375,0.30285644531,-0.20092773437
1726143748186.9373,-0.93115234375,0.30285644531,-0.20092773437
1726143748206.804,-0.92248535156,0.31481933593,-0.20837402343
1726143748226.9153,-0.92248535156,0.31481933593,-0.20837402343
1726143748246.9043,-0.92248535156,0.31481933593,-0.20837402343
1726143748266.9543,-0.92248535156,0.31481933593,-0.20837402343
1726143748286.7908,-0.90600585937,0.35986328125,-0.2451171875
1726143748306.9019,-0.90600585937,0.35986328125,-0.2451171875
1726143748326.9211,-0.90600585937,0.35986328125,-0.2451171875
1726143748346.941,-0.90600585937,0.35986328125,-0.2451171875
1726143748366.8079,-0.9013671875,0.39660644531,-0.27062988281
1726143748386.8884,-0.9013671875,0.39660644531,-0.27062988281
1726143748406.908,-0.9013671875,0.39660644531,-0.27062988281
1726143748426.8967,-0.9013671875,0.39660644531,-0.27062988281
1726143748446.764,-0.9482421875,0.41784667968,-0.27526855468
1726143748466.936,-0.9482421875,0.41784667968,-0.27526855468
1726143748486.8943,-0.9482421875,0.41784667968,-0.27526855468
1726143748506.8835,-0.9482421875,0.41784667968,-0.27526855468
1726143748526.781,-0.98266601562,0.41735839843,-0.28051757812
1726143748546.892,-0.98266601562,0.41735839843,-0.28051757812
1726143748566.881,-0.98266601562,0.41735839843,-0.28051757812
1726143748586.9006,-0.98266601562,0.41735839843,-0.28051757812
1726143748606.7676,-0.927734375,0.40148925781,-0.29443359375
1726143748626.787,-0.927734375,0.40148925781,-0.29443359375
1726143748646.9287,-0.927734375,0.40148925781,-0.29443359375
1726143748666.8872,-0.927734375,0.40148925781,-0.29443359375
1726143748686.754,-0.86267089843,0.36694335937,-0.29467773437
1726143748706.9263,-0.86267089843,0.36694335937,-0.29467773437
1726143748726.8848,-0.86267089843,0.36694335937,-0.29467773437
1726143748746.9043,-0.86267089843,0.36694335937,-0.29467773437
1726143748766.7712,-0.88330078125,0.33532714843,-0.30261230468
1726143748786.8823,-0.88330078125,0.33532714843,-0.30261230468
1726143748806.9019,-0.88330078125,0.33532714843,-0.30261230468
1726143748826.8909,-0.88330078125,0.33532714843,-0.30261230468
1726143748846.7578,-0.84716796875,0.29016113281,-0.28698730468
1726143748866.8994,-0.84716796875,0.29016113281,-0.28698730468
1726143748886.8884,-0.84716796875,0.29016113281,-0.28698730468
1726143748906.8774,-0.84716796875,0.29016113281,-0.28698730468
1726143748926.775,-0.84899902343,0.31408691406,-0.26831054687
1726143748946.9165,-0.84899902343,0.31408691406,-0.26831054687
1726143748966.875,-0.84899902343,0.31408691406,-0.26831054687
1726143748986.8943,-0.84899902343,0.31408691406,-0.26831054687
1726143749006.792,-0.85925292968,0.34191894531,-0.27624511718
1726143749026.903,-0.85925292968,0.34191894531,-0.27624511718
1726143749046.9226,-0.85925292968,0.34191894531,-0.27624511718
1726143749066.881,-0.85925292968,0.34191894531,-0.27624511718
1726143749086.7783,-0.89733886718,0.36950683593,-0.29870605468
1726143749106.92,-0.89733886718,0.36950683593,-0.29870605468
1726143749126.8787,-0.89733886718,0.36950683593,-0.29870605468
1726143749146.8677,-0.89733886718,0.36950683593,-0.29870605468
1726143749166.7651,-0.99426269531,0.39172363281,-0.30297851562
1726143749186.9067,-0.99426269531,0.39172363281,-0.30297851562
1726143749206.8652,-0.99426269531,0.39172363281,-0.30297851562
1726143749226.9153,-0.99426269531,0.39172363281,-0.30297851562
1726143749246.7517,-1.07702636718,0.40209960937,-0.30285644531
1726143749266.8628,-1.07702636718,0.40209960937,-0.30285644531
1726143749286.8823,-1.07702636718,0.40209960937,-0.30285644531
1726143749306.871,-1.07702636718,0.40209960937,-0.30285644531
1726143749326.7383,-0.99365234375,0.396484375,-0.28930664062
1726143749346.9104,-0.99365234375,0.396484375,-0.28930664062
1726143749366.8994,-0.99365234375,0.396484375,-0.28930664062
1726143749386.8884,-0.99365234375,0.396484375,-0.28930664062
1726143749406.7551,-0.92456054687,0.37097167968,-0.2421875
1726143749426.8665,-0.92456054687,0.37097167968,-0.2421875
1726143749446.886,-0.92456054687,0.37097167968,-0.2421875
1726143749466.9055,-0.92456054687,0.37097167968,-0.2421875
1726143749486.742,-0.99865722656,0.34545898437,-0.19213867187
1726143749506.8835,-0.99865722656,0.34545898437,-0.19213867187
1726143749526.8723,-0.99865722656,0.34545898437,-0.19213867187
1726143749546.8616,-0.99865722656,0.34545898437,-0.19213867187
1726143749566.759,-0.99462890625,0.33361816406,-0.16149902343
1726143749586.87,-0.99462890625,0.33361816406,-0.16149902343
1726143749606.8896,-0.99462890625,0.33361816406,-0.16149902343
1726143749626.8787,-0.99462890625,0.33361816406,-0.16149902343
1726143749646.776,-0.9208984375,0.32080078125,-0.16394042968
1726143749666.8567,-0.9208984375,0.32080078125,-0.16394042968
1726143749686.8762,-0.9208984375,0.32080078125,-0.16394042968
1726143749706.8652,-0.9208984375,0.32080078125,-0.16394042968
1726143749726.732,-0.89172363281,0.34399414062,-0.1806640625
1726143749746.8735,-0.89172363281,0.34399414062,-0.1806640625
1726143749766.8628,-0.89172363281,0.34399414062,-0.1806640625
1726143749786.8518,-0.89172363281,0.34399414062,-0.1806640625
1726143749806.7493,-0.87805175781,0.40795898437,-0.19677734375
1726143749826.8909,-0.87805175781,0.40795898437,-0.19677734375
1726143749846.849,-0.87805175781,0.40795898437,-0.19677734375
1726143749866.869,-0.87805175781,0.40795898437,-0.19677734375
1726143749886.7358,-0.88525390625,0.44812011718,-0.22314453125
1726143749906.8774,-0.88525390625,0.44812011718,-0.22314453125
1726143749926.8665,-0.88525390625,0.44812011718,-0.22314453125
1726143749946.886,-0.88525390625,0.44812011718,-0.22314453125
1726143749966.7527,-0.95007324218,0.45336914062,-0.24584960937
1726143749986.864,-0.95007324218,0.45336914062,-0.24584960937
1726143750006.853,-0.95007324218,0.45336914062,-0.24584960937
1726143750026.8723,-0.95007324218,0.45336914062,-0.24584960937
1726143750046.77,-0.97302246093,0.43920898437,-0.28039550781
1726143750066.8503,-0.97302246093,0.43920898437,-0.28039550781
1726143750086.87,-0.97302246093,0.43920898437,-0.28039550781
1726143750106.8896,-0.97302246093,0.43920898437,-0.28039550781
1726143750126.7563,-0.83984375,0.39392089843,-0.30688476562
1726143750146.8677,-0.83984375,0.39392089843,-0.30688476562
1726143750166.8872,-0.83984375,0.39392089843,-0.30688476562
1726143750186.8762,-0.83984375,0.39392089843,-0.30688476562
1726143750206.7737,-0.80493164062,0.33850097656,-0.27026367187
1726143750226.8848,-0.80493164062,0.33850097656,-0.27026367187
1726143750246.8433,-0.80493164062,0.33850097656,-0.27026367187
1726143750266.8628,-0.80493164062,0.33850097656,-0.27026367187
1726143750286.7603,-0.89282226562,0.32409667968,-0.24072265625
1726143750306.8408,-0.89282226562,0.32409667968,-0.24072265625
1726143750326.8604,-0.89282226562,0.32409667968,-0.24072265625
1726143750346.88,-0.89282226562,0.32409667968,-0.24072265625
1726143750366.7468,-0.87756347656,0.32043457031,-0.23425292968
1726143750386.858,-0.87756347656,0.32043457031,-0.23425292968
1726143750406.8467,-0.87756347656,0.32043457031,-0.23425292968
1726143750426.8665,-0.87756347656,0.32043457031,-0.23425292968
1726143750446.764,-0.84851074218,0.32299804687,-0.23120117187
1726143750466.8445,-0.84851074218,0.32299804687,-0.23120117187
1726143750486.8335,-0.84851074218,0.32299804687,-0.23120117187
1726143750506.853,-0.84851074218,0.32299804687,-0.23120117187
1726143750526.7505,-0.8486328125,0.34912109375,-0.2568359375
1726143750546.8616,-0.8486328125,0.34912109375,-0.2568359375
1726143750566.8503,-0.8486328125,0.34912109375,-0.2568359375
1726143750586.8396,-0.8486328125,0.34912109375,-0.2568359375
1726143750606.7063,-0.88830566406,0.37915039062,-0.27612304687
1726143750626.848,-0.88830566406,0.37915039062,-0.27612304687
1726143750646.8677,-0.88830566406,0.37915039062,-0.27612304687
1726143750666.8567,-0.88830566406,0.37915039062,-0.27612304687
1726143750686.7236,-1.02038574218,0.41186523437,-0.27575683593
1726143750706.8347,-1.02038574218,0.41186523437,-0.27575683593
1726143750726.8542,-1.02038574218,0.41186523437,-0.27575683593
1726143750746.8735,-1.02038574218,0.41186523437,-0.27575683593
1726143750766.7102,-1.11108398437,0.44580078125,-0.27661132812
1726143750786.8823,-1.11108398437,0.44580078125,-0.27661132812
1726143750806.8408,-1.11108398437,0.44580078125,-0.27661132812
1726143750826.8604,-1.11108398437,0.44580078125,-0.27661132812
1726143750846.7578,-0.99194335937,0.42517089843,-0.26025390625
1726143750866.8384,-0.99194335937,0.42517089843,-0.26025390625
1726143750886.8271,-0.99194335937,0.42517089843,-0.26025390625
1726143750906.8774,-0.99194335937,0.42517089843,-0.26025390625
1726143750926.7139,-0.94567871093,0.38427734375,-0.21520996093
1726143750946.8247,-0.94567871093,0.38427734375,-0.21520996093
1726143750966.8445,-0.94567871093,0.38427734375,-0.21520996093
1726143750986.8335,-0.94567871093,0.38427734375,-0.21520996093
1726143751006.7307,-1.02722167968,0.35485839843,-0.15344238281
1726143751026.842,-1.02722167968,0.35485839843,-0.15344238281
1726143751046.831,-1.02722167968,0.35485839843,-0.15344238281
1726143751066.82,-1.02722167968,0.35485839843,-0.15344238281
1726143751086.7175,-1.01843261718,0.33166503906,-0.11743164062
1726143751106.8286,-1.01843261718,0.33166503906,-0.11743164062
1726143751126.8176,-1.01843261718,0.33166503906,-0.11743164062
1726143751146.8372,-1.01843261718,0.33166503906,-0.11743164062
1726143751166.704,-0.9736328125,0.35424804687,-0.13806152343
1726143751186.8457,-0.9736328125,0.35424804687,-0.13806152343
1726143751206.8347,-0.9736328125,0.35424804687,-0.13806152343
1726143751226.8235,-0.9736328125,0.35424804687,-0.13806152343
1726143751246.7212,-0.91943359375,0.36584472656,-0.18115234375
1726143751266.8628,-0.91943359375,0.36584472656,-0.18115234375
1726143751286.8213,-0.91943359375,0.36584472656,-0.18115234375
1726143751306.8408,-0.91943359375,0.36584472656,-0.18115234375
1726143751326.7075,-0.86071777343,0.35766601562,-0.20947265625
1726143751346.849,-0.86071777343,0.35766601562,-0.20947265625
1726143751366.8384,-0.86071777343,0.35766601562,-0.20947265625
1726143751386.8271,-0.86071777343,0.35766601562,-0.20947265625
1726143751406.7249,-0.84692382812,0.37158203125,-0.22900390625
1726143751426.8665,-0.84692382812,0.37158203125,-0.22900390625
1726143751446.8555,-0.84692382812,0.37158203125,-0.22900390625
1726143751466.814,-0.84692382812,0.37158203125,-0.22900390625
1726143751486.742,-0.93334960937,0.40100097656,-0.23706054687
1726143751506.8225,-0.93334960937,0.40100097656,-0.23706054687
1726143751526.8115,-0.93334960937,0.40100097656,-0.23706054687
1726143751546.831,-0.93334960937,0.40100097656,-0.23706054687
1726143751566.698,-0.88916015625,0.419921875,-0.23046875
1726143751586.809,-0.88916015625,0.419921875,-0.23046875
1726143751606.8286,-0.88916015625,0.419921875,-0.23046875
1726143751626.8176,-0.88916015625,0.419921875,-0.23046875
1726143751646.6843,-0.83520507812,0.44750976562,-0.24536132812
1726143751666.826,-0.83520507812,0.44750976562,-0.24536132812
1726143751686.8152,-0.83520507812,0.44750976562,-0.24536132812
1726143751706.804,-0.83520507812,0.44750976562,-0.24536132812
1726143751726.7017,-0.8935546875,0.40942382812,-0.24890136718
1726143751746.8127,-0.8935546875,0.40942382812,-0.24890136718
1726143751766.8015,-0.8935546875,0.40942382812,-0.24890136718
1726143751786.8518,-0.8935546875,0.40942382812,-0.24890136718
1726143751806.6882,-0.85290527343,0.40515136718,-0.25988769531
1726143751826.7993,-0.85290527343,0.40515136718,-0.25988769531
1726143751846.8188,-0.85290527343,0.40515136718,-0.25988769531
1726143751866.8079,-0.85290527343,0.40515136718,-0.25988769531
1726143751886.705,-0.86108398437,0.41040039062,-0.275390625
1726143751906.8467,-0.86108398437,0.41040039062,-0.275390625
1726143751926.8054,-0.86108398437,0.41040039062,-0.275390625
1726143751946.8247,-0.86108398437,0.41040039062,-0.275390625
1726143751966.692,-0.89929199218,0.39831542968,-0.28784179687
1726143751986.8027,-0.89929199218,0.39831542968,-0.28784179687
1726143752006.8225,-0.89929199218,0.39831542968,-0.28784179687
1726143752026.8115,-0.89929199218,0.39831542968,-0.28784179687
1726143752046.7087,-0.95983886718,0.39367675781,-0.27807617187
1726143752066.82,-0.95983886718,0.39367675781,-0.27807617187
1726143752086.809,-0.95983886718,0.39367675781,-0.27807617187
1726143752106.8286,-0.95983886718,0.39367675781,-0.27807617187
1726143752126.6956,-1.0693359375,0.40087890625,-0.25988769531
1726143752146.8372,-1.0693359375,0.40087890625,-0.25988769531
1726143752166.7957,-1.0693359375,0.40087890625,-0.25988769531
1726143752186.8152,-1.0693359375,0.40087890625,-0.25988769531
1726143752206.7126,-1.01306152343,0.40209960937,-0.25036621093
1726143752226.7932,-1.01306152343,0.40209960937,-0.25036621093
1726143752246.8127,-1.01306152343,0.40209960937,-0.25036621093
1726143752266.8323,-1.01306152343,0.40209960937,-0.25036621093
1726143752286.6992,-0.93664550781,0.39233398437,-0.23864746093
1726143752306.8103,-0.93664550781,0.39233398437,-0.23864746093
1726143752326.7993,-0.93664550781,0.39233398437,-0.23864746093
1726143752346.8188,-0.93664550781,0.39233398437,-0.23864746093
1726143752366.7163,-1.00122070312,0.36059570312,-0.21447753906
1726143752386.7969,-1.00122070312,0.36059570312,-0.21447753906
1726143752406.786,-1.00122070312,0.36059570312,-0.21447753906
1726143752426.8054,-1.00122070312,0.36059570312,-0.21447753906
1726143752446.703,-0.96875,0.32080078125,-0.20532226562
1726143752466.7834,-0.96875,0.32080078125,-0.20532226562
1726143752486.8335,-0.96875,0.32080078125,-0.20532226562
1726143752506.792,-0.96875,0.32080078125,-0.20532226562
1726143752526.6587,-0.90466308593,0.32421875,-0.22912597656
1726143752546.831,-0.90466308593,0.32421875,-0.22912597656
1726143752566.82,-0.90466308593,0.32421875,-0.22912597656
1726143752586.8396,-0.90466308593,0.32421875,-0.22912597656
1726143752606.676,-0.87158203125,0.36645507812,-0.25793457031
1726143752626.787,-0.87158203125,0.36645507812,-0.25793457031
1726143752646.8066,-0.87158203125,0.36645507812,-0.25793457031
1726143752666.7957,-0.87158203125,0.36645507812,-0.25793457031
1726143752686.6624,-0.87805175781,0.39855957031,-0.26623535156
1726143752706.8347,-0.87805175781,0.39855957031,-0.26623535156
1726143752726.7932,-0.87805175781,0.39855957031,-0.26623535156
1726143752746.8127,-0.87805175781,0.39855957031,-0.26623535156
1726143752766.6797,-0.90087890625,0.4052734375,-0.25744628906
1726143752786.7908,-0.90087890625,0.4052734375,-0.25744628906
1726143752806.7795,-0.90087890625,0.4052734375,-0.25744628906
1726143752826.8298,-0.90087890625,0.4052734375,-0.25744628906
1726143752846.6968,-0.95434570312,0.40417480468,-0.25549316406
1726143752866.777,-0.95434570312,0.40417480468,-0.25549316406
1726143752886.7969,-0.95434570312,0.40417480468,-0.25549316406
1726143752906.8164,-0.95434570312,0.40417480468,-0.25549316406
1726143752926.683,-0.88647460937,0.396484375,-0.26708984375
1726143752946.8247,-0.88647460937,0.396484375,-0.26708984375
1726143752966.7834,-0.88647460937,0.396484375,-0.26708984375
1726143752986.7725,-0.88647460937,0.396484375,-0.26708984375
1726143753006.67,-0.82250976562,0.39489746093,-0.26318359375
1726143753026.8115,-0.82250976562,0.39489746093,-0.26318359375
1726143753046.77,-0.82250976562,0.39489746093,-0.26318359375
1726143753066.7896,-0.82250976562,0.39489746093,-0.26318359375
1726143753086.6565,-0.91979980468,0.39318847656,-0.25402832031
1726143753106.7676,-0.91979980468,0.39318847656,-0.25402832031
1726143753126.787,-0.91979980468,0.39318847656,-0.25402832031
1726143753146.776,-0.91979980468,0.39318847656,-0.25402832031
1726143753166.6736,-0.92138671875,0.39025878906,-0.26647949218
1726143753186.7847,-0.92138671875,0.39025878906,-0.26647949218
1726143753206.804,-0.92138671875,0.39025878906,-0.26647949218
1726143753226.8235,-0.92138671875,0.39025878906,-0.26647949218
1726143753246.66,-0.87316894531,0.38256835937,-0.28063964843
1726143753266.8015,-0.87316894531,0.38256835937,-0.28063964843
1726143753286.8213,-0.87316894531,0.38256835937,-0.28063964843
1726143753306.7795,-0.87316894531,0.38256835937,-0.28063964843
1726143753326.6467,-0.88098144531,0.38842773437,-0.31530761718
1726143753346.7883,-0.88098144531,0.38842773437,-0.31530761718
1726143753366.777,-0.88098144531,0.38842773437,-0.31530761718
1726143753386.7664,-0.88098144531,0.38842773437,-0.31530761718
1726143753406.6943,-0.86572265625,0.40673828125,-0.32946777343
1726143753426.775,-0.86572265625,0.40673828125,-0.32946777343
1726143753446.7944,-0.86572265625,0.40673828125,-0.32946777343
1726143753466.7834,-0.86572265625,0.40673828125,-0.32946777343
1726143753486.681,-0.87426757812,0.40808105468,-0.30261230468
1726143753506.7615,-0.87426757812,0.40808105468,-0.30261230468
1726143753526.8115,-0.87426757812,0.40808105468,-0.30261230468
1726143753546.8003,-0.87426757812,0.40808105468,-0.30261230468
1726143753566.6675,-0.97937011718,0.41174316406,-0.27661132812
1726143753586.7783,-0.97937011718,0.41174316406,-0.27661132812
1726143753606.7676,-0.97937011718,0.41174316406,-0.27661132812
1726143753626.7563,-0.97937011718,0.41174316406,-0.27661132812
1726143753646.654,-1.0263671875,0.41870117187,-0.267578125
1726143753666.7957,-1.0263671875,0.41870117187,-0.267578125
1726143753686.754,-1.0263671875,0.41870117187,-0.267578125
1726143753706.7737,-1.0263671875,0.41870117187,-0.267578125
1726143753726.6711,-0.99719238281,0.42724609375,-0.25085449218
1726143753746.7517,-0.99719238281,0.42724609375,-0.25085449218
1726143753766.8015,-0.99719238281,0.42724609375,-0.25085449218
1726143753786.7603,-0.99719238281,0.42724609375,-0.25085449218
1726143753806.6272,-1.01904296875,0.392578125,-0.21496582031
1726143753826.7688,-1.01904296875,0.392578125,-0.21496582031
1726143753846.7578,-1.01904296875,0.392578125,-0.21496582031
1726143753866.8079,-1.01904296875,0.392578125,-0.21496582031
1726143753886.6443,-1.02917480468,0.34936523437,-0.21484375
1726143753906.7551,-1.02917480468,0.34936523437,-0.21484375
1726143753926.775,-1.02917480468,0.34936523437,-0.21484375
1726143753946.764,-1.02917480468,0.34936523437,-0.21484375
1726143753966.6309,-0.97448730468,0.35827636718,-0.23681640625
1726143753986.7725,-0.97448730468,0.35827636718,-0.23681640625
1726143754006.792,-0.97448730468,0.35827636718,-0.23681640625
1726143754026.7505,-0.97448730468,0.35827636718,-0.23681640625
1726143754046.648,-0.88745117187,0.39282226562,-0.24694824218
1726143754066.759,-0.88745117187,0.39282226562,-0.24694824218
1726143754086.748,-0.88745117187,0.39282226562,-0.24694824218
1726143754106.7676,-0.88745117187,0.39282226562,-0.24694824218
1726143754126.665,-0.85632324218,0.41613769531,-0.25073242187
1726143754146.7456,-0.85632324218,0.41613769531,-0.25073242187
1726143754166.7651,-0.85632324218,0.41613769531,-0.25073242187
1726143754186.754,-0.85632324218,0.41613769531,-0.25073242187
1726143754206.6516,-0.88562011718,0.42590332031,-0.24719238281
1726143754226.7627,-0.88562011718,0.42590332031,-0.24719238281
1726143754246.7517,-0.88562011718,0.42590332031,-0.24719238281
1726143754266.7407,-0.88562011718,0.42590332031,-0.24719238281
1726143754286.6687,-0.96691894531,0.42321777343,-0.25695800781
1726143754306.7493,-0.96691894531,0.42321777343,-0.25695800781
1726143754326.7688,-0.96691894531,0.42321777343,-0.25695800781
1726143754346.7883,-0.96691894531,0.42321777343,-0.25695800781
1726143754366.6553,-0.93395996093,0.39599609375,-0.27197265625
1726143754386.7664,-0.93395996093,0.39599609375,-0.27197265625
1726143754406.7551,-0.93395996093,0.39599609375,-0.27197265625
1726143754426.775,-0.93395996093,0.39599609375,-0.27197265625
1726143754446.611,-0.87280273437,0.37902832031,-0.26123046875
1726143754466.7834,-0.87280273437,0.37902832031,-0.26123046875
1726143754486.742,-0.87280273437,0.37902832031,-0.26123046875
1726143754506.792,-0.87280273437,0.37902832031,-0.26123046875
1726143754526.6587,-0.89685058593,0.36206054687,-0.27465820312
1726143754546.7395,-0.89685058593,0.36206054687,-0.27465820312
1726143754566.7896,-0.89685058593,0.36206054687,-0.27465820312
1726143754586.748,-0.89685058593,0.36206054687,-0.27465820312
1726143754606.6455,-0.86999511718,0.3642578125,-0.296875
1726143754626.7563,-0.86999511718,0.3642578125,-0.296875
1726143754646.776,-0.86999511718,0.3642578125,-0.296875
1726143754666.7346,-0.86999511718,0.3642578125,-0.296875
1726143754686.632,-0.85339355468,0.37780761718,-0.3134765625
1726143754706.6516,-0.85339355468,0.37780761718,-0.3134765625
1726143754726.7627,-0.85339355468,0.37780761718,-0.3134765625
1726143754746.7822,-0.85339355468,0.37780761718,-0.3134765625
1726143754766.6492,-0.88110351562,0.39245605468,-0.30456542968
1726143754786.7295,-0.88110351562,0.39245605468,-0.30456542968
1726143754806.7493,-0.88110351562,0.39245605468,-0.30456542968
1726143754826.7383,-0.88110351562,0.39245605468,-0.30456542968
1726143754846.6355,-0.98669433593,0.4169921875,-0.28381347656
1726143754866.777,-0.98669433593,0.4169921875,-0.28381347656
1726143754886.7358,-0.98669433593,0.4169921875,-0.28381347656
1726143754906.7249,-0.98669433593,0.4169921875,-0.28381347656
1726143754926.6528,-1.06311035156,0.43884277343,-0.27087402343
1726143754946.7332,-1.06311035156,0.43884277343,-0.27087402343
1726143754966.7527,-1.06311035156,0.43884277343,-0.27087402343
1726143754986.742,-1.06311035156,0.43884277343,-0.27087402343
1726143755006.609,-0.98828125,0.42712402343,-0.25866699218
1726143755026.72,-0.98828125,0.42712402343,-0.25866699218
1726143755046.77,-0.98828125,0.42712402343,-0.25866699218
1726143755066.759,-0.98828125,0.42712402343,-0.25866699218
1726143755086.626,-0.95532226562,0.39465332031,-0.22595214843
1726143755106.737,-0.95532226562,0.39465332031,-0.22595214843
1726143755126.726,-0.95532226562,0.39465332031,-0.22595214843
1726143755146.7456,-0.95532226562,0.39465332031,-0.22595214843
1726143755166.6123,-1.00573730468,0.36486816406,-0.19189453125
1726143755186.7236,-1.00573730468,0.36486816406,-0.19189453125
1726143755206.7737,-1.00573730468,0.36486816406,-0.19189453125
1726143755226.7627,-1.00573730468,0.36486816406,-0.19189453125
1726143755246.6296,-0.96350097656,0.35510253906,-0.18737792968
1726143755266.7712,-0.96350097656,0.35510253906,-0.18737792968
1726143755286.7295,-0.96350097656,0.35510253906,-0.18737792968
1726143755306.7188,-0.96350097656,0.35510253906,-0.18737792968
1726143755326.6162,-0.90222167968,0.38391113281,-0.21032714843
1726143755346.7273,-0.90222167968,0.38391113281,-0.21032714843
1726143755366.7163,-0.90222167968,0.38391113281,-0.21032714843
1726143755386.7358,-0.90222167968,0.38391113281,-0.21032714843
1726143755406.6333,-0.86315917968,0.41088867187,-0.22106933593
1726143755426.7444,-0.86315917968,0.41088867187,-0.22106933593
1726143755446.7332,-0.86315917968,0.41088867187,-0.22106933593
1726143755466.7224,-0.86315917968,0.41088867187,-0.22106933593
1726143755486.6199,-0.8720703125,0.41198730468,-0.21765136718
1726143755506.7307,-0.8720703125,0.41198730468,-0.21765136718
1726143755526.72,-0.8720703125,0.41198730468,-0.21765136718
1726143755546.7087,-0.8720703125,0.41198730468,-0.21765136718
1726143755566.6367,-0.96166992187,0.404296875,-0.22766113281
1726143755586.7175,-0.96166992187,0.404296875,-0.22766113281
1726143755606.7063,-0.96166992187,0.404296875,-0.22766113281
1726143755626.726,-0.96166992187,0.404296875,-0.22766113281
1726143755646.6235,-0.93371582031,0.39538574218,-0.2509765625
1726143755666.7346,-0.93371582031,0.39538574218,-0.2509765625
1726143755686.7236,-0.93371582031,0.39538574218,-0.2509765625
1726143755706.7126,-0.93371582031,0.39538574218,-0.2509765625
1726143755726.61,-0.85180664062,0.38500976562,-0.2578125
1726143755746.7212,-0.85180664062,0.38500976562,-0.2578125
1726143755766.7407,-0.85180664062,0.38500976562,-0.2578125
1726143755786.7295,-0.85180664062,0.38500976562,-0.2578125
1726143755806.5967,-0.89184570312,0.37292480468,-0.2578125
1726143755826.7075,-0.89184570312,0.37292480468,-0.2578125
1726143755846.7578,-0.89184570312,0.37292480468,-0.2578125
1726143755866.7163,-0.89184570312,0.37292480468,-0.2578125
1726143755886.6135,-0.890625,0.3671875,-0.28173828125
1726143755906.7551,-0.890625,0.3671875,-0.28173828125
1726143755926.7139,-0.890625,0.3671875,-0.28173828125
1726143755946.703,-0.890625,0.3671875,-0.28173828125
1726143755966.6003,-0.84948730468,0.37292480468,-0.30126953125
1726143755986.7114,-0.84948730468,0.37292480468,-0.30126953125
1726143756006.7004,-0.84948730468,0.37292480468,-0.30126953125
1726143756026.72,-0.84948730468,0.37292480468,-0.30126953125
1726143756046.587,-0.84899902343,0.38708496093,-0.31872558593
1726143756066.698,-0.84899902343,0.38708496093,-0.31872558593
1726143756086.7175,-0.84899902343,0.38708496093,-0.31872558593
1726143756106.7063,-0.84899902343,0.38708496093,-0.31872558593
1726143756126.604,-0.88842773437,0.40307617187,-0.33410644531
1726143756146.715,-0.88842773437,0.40307617187,-0.33410644531
1726143756166.704,-0.88842773437,0.40307617187,-0.33410644531
1726143756186.7236,-0.88842773437,0.40307617187,-0.33410644531
1726143756206.5903,-0.94848632812,0.40319824218,-0.31945800781
1726143756226.7017,-0.94848632812,0.40319824218,-0.31945800781
1726143756246.7517,-0.94848632812,0.40319824218,-0.31945800781
1726143756266.7102,-0.94848632812,0.40319824218,-0.31945800781
1726143756286.6077,-1.05358886718,0.41577148437,-0.29699707031
1726143756306.6882,-1.05358886718,0.41577148437,-0.29699707031
1726143756326.7075,-1.05358886718,0.41577148437,-0.29699707031
1726143756346.6968,-1.05358886718,0.41577148437,-0.29699707031
1726143756366.5942,-1.02233886718,0.41223144531,-0.27502441406
1726143756386.705,-1.02233886718,0.41223144531,-0.27502441406
1726143756406.6943,-1.02233886718,0.41223144531,-0.27502441406
1726143756426.7444,-1.02233886718,0.41223144531,-0.27502441406
1726143756446.5808,-0.95678710937,0.39807128906,-0.248046875
1726143756466.7224,-0.95678710937,0.39807128906,-0.248046875
1726143756486.7114,-0.95678710937,0.39807128906,-0.248046875
1726143756506.7307,-0.95678710937,0.39807128906,-0.248046875
1726143756526.5671,-1.01379394531,0.38525390625,-0.21154785156
1726143756546.7087,-1.01379394531,0.38525390625,-0.21154785156
1726143756566.7285,-1.01379394531,0.38525390625,-0.21154785156
1726143756586.7175,-1.01379394531,0.38525390625,-0.21154785156
1726143756606.6147,-0.99340820312,0.35632324218,-0.19763183593
1726143756626.6956,-0.99340820312,0.35632324218,-0.19763183593
1726143756646.6843,-0.99340820312,0.35632324218,-0.19763183593
1726143756666.7346,-0.99340820312,0.35632324218,-0.19763183593
1726143756686.6016,-0.9296875,0.35119628906,-0.2109375
1726143756706.682,-0.9296875,0.35119628906,-0.2109375
1726143756726.7017,-0.9296875,0.35119628906,-0.2109375
1726143756746.6907,-0.9296875,0.35119628906,-0.2109375
1726143756766.5576,-0.87280273437,0.37585449218,-0.22546386718
1726143756786.6992,-0.87280273437,0.37585449218,-0.22546386718
1726143756806.6882,-0.87280273437,0.37585449218,-0.22546386718
1726143756826.7075,-0.87280273437,0.37585449218,-0.22546386718
1726143756846.5747,-0.86511230468,0.39880371093,-0.24792480468
1726143756866.6855,-0.86511230468,0.39880371093,-0.24792480468
1726143756886.6748,-0.86511230468,0.39880371093,-0.24792480468
1726143756906.7249,-0.86511230468,0.39880371093,-0.24792480468
1726143756926.5916,-0.93139648437,0.40637207031,-0.26257324218
1726143756946.703,-0.93139648437,0.40637207031,-0.26257324218
1726143756966.692,-0.93139648437,0.40637207031,-0.26257324218
1726143756986.7114,-0.93139648437,0.40637207031,-0.26257324218
1726143757006.5479,-0.93408203125,0.40258789062,-0.26940917968
1726143757026.72,-0.93408203125,0.40258789062,-0.26940917968
1726143757046.6785,-0.93408203125,0.40258789062,-0.26940917968
1726143757066.698,-0.93408203125,0.40258789062,-0.26940917968
1726143757086.5647,-0.8603515625,0.38525390625,-0.25695800781
1726143757106.676,-0.8603515625,0.38525390625,-0.25695800781
1726143757126.6956,-0.8603515625,0.38525390625,-0.25695800781
1726143757146.715,-0.8603515625,0.38525390625,-0.25695800781
1726143757166.5515,-0.8603515625,0.37084960937,-0.24169921875
1726143757186.693,-0.8603515625,0.37084960937,-0.24169921875
1726143757206.682,-0.8603515625,0.37084960937,-0.24169921875
1726143757226.7017,-0.8603515625,0.37084960937,-0.24169921875
1726143757246.599,-0.87182617187,0.36633300781,-0.25659179687
1726143757266.7102,-0.87182617187,0.36633300781,-0.25659179687
1726143757286.6687,-0.87182617187,0.36633300781,-0.25659179687
1726143757306.7188,-0.87182617187,0.36633300781,-0.25659179687
1726143757326.5857,-0.86669921875,0.3662109375,-0.26550292968
1726143757346.6663,-0.86669921875,0.3662109375,-0.26550292968
1726143757366.6855,-0.86669921875,0.3662109375,-0.26550292968
1726143757386.6748,-0.86669921875,0.3662109375,-0.26550292968
1726143757406.5723,-0.88513183593,0.37658691406,-0.30444335937
1726143757426.7139,-0.88513183593,0.37658691406,-0.30444335937
1726143757446.6724,-0.88513183593,0.37658691406,-0.30444335937
1726143757466.6611,-0.88513183593,0.37658691406,-0.30444335937
1726143757486.5588,-0.91125488281,0.41760253906,-0.31811523437
1726143757506.7004,-0.91125488281,0.41760253906,-0.31811523437
1726143757526.6587,-0.91125488281,0.41760253906,-0.31811523437
1726143757546.6785,-0.91125488281,0.41760253906,-0.31811523437
1726143757566.5454,-0.99353027343,0.43713378906,-0.30053710937
1726143757586.6565,-0.99353027343,0.43713378906,-0.30053710937
1726143757606.676,-0.99353027343,0.43713378906,-0.30053710937
1726143757626.665,-0.99353027343,0.43713378906,-0.30053710937
1726143757646.532,-1.07250976562,0.43884277343,-0.27563476562
1726143757666.6736,-1.07250976562,0.43884277343,-0.27563476562
1726143757686.693,-1.07250976562,0.43884277343,-0.27563476562
1726143757706.682,-1.07250976562,0.43884277343,-0.27563476562
1726143757726.549,-1.01342773437,0.4208984375,-0.24426269531
1726143757746.66,-1.01342773437,0.4208984375,-0.24426269531
1726143757766.6797,-1.01342773437,0.4208984375,-0.24426269531
1726143757786.6992,-1.01342773437,0.4208984375,-0.24426269531
1726143757806.5356,-0.9599609375,0.39794921875,-0.22021484375
1726143757826.6772,-0.9599609375,0.39794921875,-0.22021484375
1726143757846.6968,-0.9599609375,0.39794921875,-0.22021484375
1726143757866.6553,-0.9599609375,0.39794921875,-0.22021484375
1726143757886.5833,-1.00891113281,0.37890625,-0.20581054687
1726143757906.6943,-1.00891113281,0.37890625,-0.20581054687
1726143757926.6528,-1.00891113281,0.37890625,-0.20581054687
1726143757946.703,-1.00891113281,0.37890625,-0.20581054687
1726143757966.5393,-0.97546386718,0.37414550781,-0.21276855468
1726143757986.681,-0.97546386718,0.37414550781,-0.21276855468
1726143758006.67,-0.97546386718,0.37414550781,-0.21276855468
1726143758026.6587,-0.97546386718,0.37414550781,-0.21276855468
1726143758046.526,-0.89318847656,0.37927246093,-0.24401855468
1726143758066.698,-0.89318847656,0.37927246093,-0.24401855468
1726143758086.6565,-0.89318847656,0.37927246093,-0.24401855468
1726143758106.6455,-0.89318847656,0.37927246093,-0.24401855468
1726143758126.5427,-0.84228515625,0.38269042968,-0.25134277343
1726143758146.654,-0.84228515625,0.38269042968,-0.25134277343
1726143758166.643,-0.84228515625,0.38269042968,-0.25134277343
1726143758186.6624,-0.84228515625,0.38269042968,-0.25134277343
1726143758206.5295,-0.876953125,0.38745117187,-0.24963378906
1726143758226.6711,-0.876953125,0.38745117187,-0.24963378906
1726143758246.6907,-0.876953125,0.38745117187,-0.24963378906
1726143758266.6797,-0.876953125,0.38745117187,-0.24963378906
1726143758286.5466,-1.02758789062,0.40002441406,-0.24975585937
1726143758306.6577,-1.02758789062,0.40002441406,-0.24975585937
1726143758326.6772,-1.02758789062,0.40002441406,-0.24975585937
1726143758346.6663,-1.02758789062,0.40002441406,-0.24975585937
1726143758366.5637,-1.00708007812,0.38610839843,-0.24890136718
1726143758386.6443,-1.00708007812,0.38610839843,-0.24890136718
1726143758406.6943,-1.00708007812,0.38610839843,-0.24890136718
1726143758426.6528,-1.00708007812,0.38610839843,-0.24890136718
1726143758446.5195,-0.91003417968,0.34631347656,-0.24841308593
1726143758466.6611,-0.91003417968,0.34631347656,-0.24841308593
1726143758486.6504,-0.91003417968,0.34631347656,-0.24841308593
1726143758506.6394,-0.91003417968,0.34631347656,-0.24841308593
1726143758526.598,-0.92102050781,0.33813476562,-0.26281738281
1726143758546.648,-0.92102050781,0.33813476562,-0.26281738281
1726143758566.6675,-0.92102050781,0.33813476562,-0.26281738281
1726143758586.6565,-0.92102050781,0.33813476562,-0.26281738281
1726143758606.554,-0.86682128906,0.33117675781,-0.28820800781
1726143758626.6345,-0.86682128906,0.33117675781,-0.28820800781
1726143758646.6843,-0.86682128906,0.33117675781,-0.28820800781
1726143758666.643,-0.86682128906,0.33117675781,-0.28820800781
1726143758686.51,-0.84033203125,0.33312988281,-0.31994628906
1726143758706.6516,-0.84033203125,0.33312988281,-0.31994628906
1726143758726.6406,-0.84033203125,0.33312988281,-0.31994628906
1726143758746.66,-0.84033203125,0.33312988281,-0.31994628906
1726143758766.527,-0.84680175781,0.36022949218,-0.34924316406
1726143758786.638,-0.84680175781,0.36022949218,-0.34924316406
1726143758806.6577,-0.84680175781,0.36022949218,-0.34924316406
1726143758826.6772,-0.84680175781,0.36022949218,-0.34924316406
1726143758846.544,-0.89782714843,0.38732910156,-0.35046386718
1726143758866.6248,-0.89782714843,0.38732910156,-0.35046386718
1726143758886.6443,-0.89782714843,0.38732910156,-0.35046386718
1726143758906.6638,-0.89782714843,0.38732910156,-0.35046386718
1726143758926.5002,-1.06860351562,0.42602539062,-0.31457519531
1726143758946.6418,-1.06860351562,0.42602539062,-0.31457519531
1726143758966.6611,-1.06860351562,0.42602539062,-0.31457519531
1726143758986.6504,-1.06860351562,0.42602539062,-0.31457519531
1726143759006.517,-1.07629394531,0.42956542968,-0.27697753906
1726143759026.6284,-1.07629394531,0.42956542968,-0.27697753906
1726143759046.648,-1.07629394531,0.42956542968,-0.27697753906
1726143759066.6675,-1.07629394531,0.42956542968,-0.27697753906
1726143759086.504,-0.95690917968,0.41027832031,-0.23132324218
1726143759106.6455,-0.95690917968,0.41027832031,-0.23132324218
1726143759126.6345,-0.95690917968,0.41027832031,-0.23132324218
1726143759146.6235,-0.95690917968,0.41027832031,-0.23132324218
1726143759166.5515,-0.98657226562,0.41174316406,-0.1787109375
1726143759186.6624,-0.98657226562,0.41174316406,-0.1787109375
1726143759206.621,-0.98657226562,0.41174316406,-0.1787109375
1726143759226.6711,-0.98657226562,0.41174316406,-0.1787109375
1726143759246.5076,-1.01928710937,0.38427734375,-0.15112304687
1726143759266.6187,-1.01928710937,0.38427734375,-0.15112304687
1726143759286.638,-1.01928710937,0.38427734375,-0.15112304687
1726143759306.6272,-1.01928710937,0.38427734375,-0.15112304687
1726143759326.494,-0.97094726562,0.32250976562,-0.146484375
1726143759346.6355,-0.97094726562,0.32250976562,-0.146484375
1726143759366.6248,-0.97094726562,0.32250976562,-0.146484375
1726143759386.6443,-0.97094726562,0.32250976562,-0.146484375
1726143759406.5415,-0.89929199218,0.29272460937,-0.16833496093
1726143759426.6223,-0.89929199218,0.29272460937,-0.16833496093
1726143759446.611,-0.89929199218,0.29272460937,-0.16833496093
1726143759466.6309,-0.89929199218,0.29272460937,-0.16833496093
1726143759486.5283,-0.89208984375,0.302734375,-0.18896484375
1726143759506.609,-0.89208984375,0.302734375,-0.18896484375
1726143759526.6284,-0.89208984375,0.302734375,-0.18896484375
1726143759546.6174,-0.89208984375,0.302734375,-0.18896484375
1726143759566.4844,-0.95642089843,0.33251953125,-0.20178222656
1726143759586.6565,-0.95642089843,0.33251953125,-0.20178222656
1726143759606.6147,-0.95642089843,0.33251953125,-0.20178222656
1726143759626.665,-0.95642089843,0.33251953125,-0.20178222656
1726143759646.5015,-1.04797363281,0.36193847656,-0.21496582031
1726143759666.6123,-1.04797363281,0.36193847656,-0.21496582031
1726143759686.632,-1.04797363281,0.36193847656,-0.21496582031
1726143759706.621,-1.04797363281,0.36193847656,-0.21496582031
1726143759726.5183,-0.94372558593,0.36938476562,-0.21484375
1726143759746.66,-0.94372558593,0.36938476562,-0.21484375
1726143759766.6187,-0.94372558593,0.36938476562,-0.21484375
1726143759786.638,-0.94372558593,0.36938476562,-0.21484375
1726143759806.5356,-0.84704589843,0.375,-0.22631835937
1726143759826.6467,-0.84704589843,0.375,-0.22631835937
1726143759846.6052,-0.84704589843,0.375,-0.22631835937
1726143759866.6248,-0.84704589843,0.375,-0.22631835937
1726143759886.4917,-0.91357421875,0.36926269531,-0.25354003906
1726143759906.6028,-0.91357421875,0.36926269531,-0.25354003906
1726143759926.6223,-0.91357421875,0.36926269531,-0.25354003906
1726143759946.6418,-0.91357421875,0.36926269531,-0.25354003906
1726143759966.4783,-0.89343261718,0.361328125,-0.2568359375
1726143759986.6504,-0.89343261718,0.361328125,-0.2568359375
1726143760006.609,-0.89343261718,0.361328125,-0.2568359375
1726143760026.598,-0.89343261718,0.361328125,-0.2568359375
1726143760046.495,-0.85070800781,0.36279296875,-0.26245117187
1726143760066.6367,-0.85070800781,0.36279296875,-0.26245117187
1726143760086.5955,-0.85070800781,0.36279296875,-0.26245117187
1726143760106.6147,-0.85070800781,0.36279296875,-0.26245117187
1726143760126.5125,-0.83703613281,0.35632324218,-0.27978515625
1726143760146.593,-0.83703613281,0.35632324218,-0.27978515625
1726143760166.6123,-0.83703613281,0.35632324218,-0.27978515625
1726143760186.6016,-0.83703613281,0.35632324218,-0.27978515625
1726143760206.4685,-0.87451171875,0.32922363281,-0.29614257812
1726143760226.61,-0.87451171875,0.32922363281,-0.29614257812
1726143760246.599,-0.87451171875,0.32922363281,-0.29614257812
1726143760266.6492,-0.87451171875,0.32922363281,-0.29614257812
1726143760286.4856,-0.93054199218,0.3125,-0.29858398437
1726143760306.6272,-0.93054199218,0.3125,-0.29858398437
1726143760326.6162,-0.93054199218,0.3125,-0.29858398437
1726143760346.6052,-0.93054199218,0.3125,-0.29858398437
1726143760366.472,-1.05151367187,0.37634277343,-0.22839355468
1726143760386.6135,-1.05151367187,0.37634277343,-0.22839355468
1726143760406.6028,-1.05151367187,0.37634277343,-0.22839355468
1726143760426.5916,-1.05151367187,0.37634277343,-0.22839355468
1726143760446.4893,-0.92858886718,0.38549804687,-0.21276855468
1726143760466.6309,-0.92858886718,0.38549804687,-0.21276855468
1726143760486.589,-0.92858886718,0.38549804687,-0.21276855468
1726143760506.609,-0.92858886718,0.38549804687,-0.21276855468
1726143760526.4758,-0.9912109375,0.37512207031,-0.20764160156
1726143760546.587,-0.9912109375,0.37512207031,-0.20764160156
1726143760566.6064,-0.9912109375,0.37512207031,-0.20764160156
1726143760586.626,-0.9912109375,0.37512207031,-0.20764160156
1726143760606.4624,-0.97338867187,0.3359375,-0.20727539062
1726143760626.6345,-0.97338867187,0.3359375,-0.20727539062
1726143760646.593,-0.97338867187,0.3359375,-0.20727539062
1726143760666.582,-0.97338867187,0.3359375,-0.20727539062
1726143760686.51,-0.9140625,0.28857421875,-0.22387695312
1726143760706.5903,-0.9140625,0.28857421875,-0.22387695312
1726143760726.5796,-0.9140625,0.28857421875,-0.22387695312
1726143760746.599,-0.9140625,0.28857421875,-0.22387695312
1726143760766.4963,-0.91137695312,0.26635742187,-0.23461914062
1726143760786.5771,-0.91137695312,0.26635742187,-0.23461914062
1726143760806.5967,-0.91137695312,0.26635742187,-0.23461914062
1726143760826.494,-0.91137695312,0.26635742187,-0.23461914062
1726143760846.4832,-0.93518066406,0.27172851562,-0.23547363281
1726143760866.5942,-0.93518066406,0.27172851562,-0.23547363281
1726143760886.5833,-0.93518066406,0.27172851562,-0.23547363281
1726143760906.6028,-0.93518066406,0.27172851562,-0.23547363281
1726143760926.4695,-1.09020996093,0.31066894531,-0.22546386718
1726143760946.5808,-1.09020996093,0.31066894531,-0.22546386718
1726143760966.6003,-1.09020996093,0.31066894531,-0.22546386718
1726143760986.589,-1.09020996093,0.31066894531,-0.22546386718
1726143761006.4563,-1.09680175781,0.33508300781,-0.20837402343
1726143761026.598,-1.09680175781,0.33508300781,-0.20837402343
1726143761046.587,-1.09680175781,0.33508300781,-0.20837402343
1726143761066.576,-1.09680175781,0.33508300781,-0.20837402343
1726143761086.504,-0.92993164062,0.32666015625,-0.21704101562
1726143761106.5845,-0.92993164062,0.32666015625,-0.21704101562
1726143761126.5735,-0.92993164062,0.32666015625,-0.21704101562
1726143761146.6235,-0.92993164062,0.32666015625,-0.21704101562
1726143761166.4905,-0.87609863281,0.330078125,-0.24194335937
1726143761186.571,-0.87609863281,0.330078125,-0.24194335937
1726143761206.621,-0.87609863281,0.330078125,-0.24194335937
1726143761226.5796,-0.87609863281,0.330078125,-0.24194335937
1726143761246.477,-0.84997558593,0.33581542968,-0.27429199218
1726143761266.588,-0.84997558593,0.33581542968,-0.27429199218
1726143761286.5771,-0.84997558593,0.33581542968,-0.27429199218
1726143761306.566,-0.84997558593,0.33581542968,-0.27429199218
1726143761326.4636,-0.84191894531,0.345703125,-0.31555175781
1726143761346.5747,-0.84191894531,0.345703125,-0.31555175781
1726143761366.5637,-0.84191894531,0.345703125,-0.31555175781
1726143761386.5833,-0.84191894531,0.345703125,-0.31555175781
1726143761406.45,-0.84448242187,0.35034179687,-0.33056640625
1726143761426.5613,-0.84448242187,0.35034179687,-0.33056640625
1726143761446.5808,-0.84448242187,0.35034179687,-0.33056640625
1726143761466.5698,-0.84448242187,0.35034179687,-0.33056640625
1726143761486.4368,-0.87585449218,0.33581542968,-0.32092285156
1726143761506.5784,-0.87585449218,0.33581542968,-0.32092285156
1726143761526.5671,-0.87585449218,0.33581542968,-0.32092285156
1726143761546.6174,-0.87585449218,0.33581542968,-0.32092285156
1726143761566.5454,-0.96240234375,0.33325195312,-0.28198242187
1726143761586.5647,-0.96240234375,0.33325195312,-0.28198242187
1726143761606.5845,-0.96240234375,0.33325195312,-0.28198242187
1726143761626.5735,-0.96240234375,0.33325195312,-0.28198242187
1726143761646.4707,-1.01220703125,0.3466796875,-0.24926757812
1726143761666.582,-1.01220703125,0.3466796875,-0.24926757812
1726143761686.571,-1.01220703125,0.3466796875,-0.24926757812
1726143761706.56,-1.01220703125,0.3466796875,-0.24926757812
1726143761726.4575,-0.98425292968,0.3623046875,-0.24340820312
1726143761746.5686,-0.98425292968,0.3623046875,-0.24340820312
1726143761766.588,-0.98425292968,0.3623046875,-0.24340820312
1726143761786.5771,-0.98425292968,0.3623046875,-0.24340820312
1726143761806.444,-1.01818847656,0.35815429687,-0.24169921875
1726143761826.5857,-1.01818847656,0.35815429687,-0.24169921875
1726143761846.5747,-1.01818847656,0.35815429687,-0.24169921875
1726143761866.5637,-1.01818847656,0.35815429687,-0.24169921875
1726143761886.4307,-1.00695800781,0.30200195312,-0.25549316406
1726143761906.6028,-1.00695800781,0.30200195312,-0.25549316406
1726143761926.5613,-1.00695800781,0.30200195312,-0.25549316406
1726143761946.5503,-1.00695800781,0.30200195312,-0.25549316406
1726143761966.4475,-0.91613769531,0.23815917968,-0.27551269531
1726143761986.5588,-0.91613769531,0.23815917968,-0.27551269531
1726143762006.5479,-0.91613769531,0.23815917968,-0.27551269531
1726143762026.598,-0.91613769531,0.23815917968,-0.27551269531
1726143762046.4648,-0.84777832031,0.22729492187,-0.27856445312
1726143762066.576,-0.84777832031,0.22729492187,-0.27856445312
1726143762086.5647,-0.84777832031,0.22729492187,-0.27856445312
1726143762106.5845,-0.84777832031,0.22729492187,-0.27856445312
1726143762126.421,-0.87841796875,0.2607421875,-0.26220703125
1726143762146.5625,-0.87841796875,0.2607421875,-0.26220703125
1726143762166.582,-0.87841796875,0.2607421875,-0.26220703125
1726143762186.6016,-0.87841796875,0.2607421875,-0.26220703125
1726143762206.438,-0.94482421875,0.29724121093,-0.24633789062
1726143762226.549,-0.94482421875,0.29724121093,-0.24633789062
1726143762246.5686,-0.94482421875,0.29724121093,-0.24633789062
1726143762266.588,-0.94482421875,0.29724121093,-0.24633789062
1726143762286.4243,-0.95385742187,0.31005859375,-0.25451660156
1726143762306.5967,-0.95385742187,0.31005859375,-0.25451660156
1726143762326.6467,-0.95385742187,0.31005859375,-0.25451660156
1726143762346.544,-0.95385742187,0.31005859375,-0.25451660156
1726143762366.472,-0.99047851562,0.33056640625,-0.27819824218
1726143762386.5527,-0.99047851562,0.33056640625,-0.27819824218
1726143762406.5723,-0.99047851562,0.33056640625,-0.27819824218
1726143762426.5613,-0.99047851562,0.33056640625,-0.27819824218
1726143762446.4587,-0.97412109375,0.31005859375,-0.27978515625
1726143762466.5393,-0.97412109375,0.31005859375,-0.27978515625
1726143762486.5588,-0.97412109375,0.31005859375,-0.27978515625
1726143762506.5479,-0.97412109375,0.31005859375,-0.27978515625
1726143762526.4453,-0.876953125,0.26489257812,-0.26379394531
1726143762546.5564,-0.876953125,0.26489257812,-0.26379394531
1726143762566.576,-0.876953125,0.26489257812,-0.26379394531
1726143762586.5344,-0.876953125,0.26489257812,-0.26379394531
1726143762606.4624,-0.8232421875,0.27624511718,-0.28869628906
1726143762626.5427,-0.8232421875,0.27624511718,-0.28869628906
1726143762646.532,-0.8232421875,0.27624511718,-0.28869628906
1726143762666.5515,-0.8232421875,0.27624511718,-0.28869628906
1726143762686.4185,-0.80859375,0.3076171875,-0.35559082031
1726143762706.5295,-0.80859375,0.3076171875,-0.35559082031
1726143762726.5796,-0.80859375,0.3076171875,-0.35559082031
1726143762746.5686,-0.80859375,0.3076171875,-0.35559082031
1726143762766.405,-0.83508300781,0.33154296875,-0.37329101562
1726143762786.5466,-0.83508300781,0.33154296875,-0.37329101562
1726143762806.5356,-0.83508300781,0.33154296875,-0.37329101562
1726143762826.5552,-0.83508300781,0.33154296875,-0.37329101562
1726143762846.4526,-0.97473144531,0.36462402343,-0.33044433593
1726143762866.5637,-0.97473144531,0.36462402343,-0.33044433593
1726143762886.5527,-0.97473144531,0.36462402343,-0.33044433593
1726143762906.5415,-0.97473144531,0.36462402343,-0.33044433593
1726143762926.4087,-1.04077148437,0.41552734375,-0.30004882812
1726143762946.5808,-1.04077148437,0.41552734375,-0.30004882812
1726143762966.5393,-1.04077148437,0.41552734375,-0.30004882812
1726143762986.5283,-1.04077148437,0.41552734375,-0.30004882812
1726143763006.4563,-0.99755859375,0.45275878906,-0.28369140625
1726143763026.5671,-0.99755859375,0.45275878906,-0.28369140625
1726143763046.5564,-0.99755859375,0.45275878906,-0.28369140625
1726143763066.576,-0.99755859375,0.45275878906,-0.28369140625
1726143763086.4124,-1.0087890625,0.44201660156,-0.26574707031
1726143763106.5234,-1.0087890625,0.44201660156,-0.26574707031
1726143763126.5735,-1.0087890625,0.44201660156,-0.26574707031
1726143763146.532,-1.0087890625,0.44201660156,-0.26574707031
1726143763166.4294,-0.98583984375,0.37548828125,-0.25830078125
1726143763186.571,-0.98583984375,0.37548828125,-0.25830078125
1726143763206.5295,-0.98583984375,0.37548828125,-0.25830078125
1726143763226.549,-0.98583984375,0.37548828125,-0.25830078125
1726143763246.416,-0.91052246093,0.32153320312,-0.25073242187
1726143763266.527,-0.91052246093,0.32153320312,-0.25073242187
1726143763286.516,-0.91052246093,0.32153320312,-0.25073242187
1726143763306.5356,-0.91052246093,0.32153320312,-0.25073242187
1726143763326.433,-1.00708007812,0.33410644531,-0.22265625
1726143763346.5137,-1.00708007812,0.33410644531,-0.22265625
1726143763366.5637,-1.00708007812,0.33410644531,-0.22265625
1726143763386.5222,-1.00708007812,0.33410644531,-0.22265625
1726143763406.4197,-1.07470703125,0.35961914062,-0.20812988281
1726143763426.5308,-1.07470703125,0.35961914062,-0.20812988281
1726143763446.5195,-1.07470703125,0.35961914062,-0.20812988281
1726143763466.5393,-1.07470703125,0.35961914062,-0.20812988281
1726143763486.4368,-0.93530273437,0.35473632812,-0.22106933593
1726143763506.517,-0.93530273437,0.35473632812,-0.22106933593
1726143763526.5369,-0.93530273437,0.35473632812,-0.22106933593
1726143763546.526,-0.93530273437,0.35473632812,-0.22106933593
1726143763566.3928,-0.8525390625,0.32751464843,-0.25427246093
1726143763586.5344,-0.8525390625,0.32751464843,-0.25427246093
1726143763606.554,-0.8525390625,0.32751464843,-0.25427246093
1726143763626.5125,-0.8525390625,0.32751464843,-0.25427246093
1726143763646.4404,-0.90979003906,0.32104492187,-0.30102539062
1726143763666.5208,-0.90979003906,0.32104492187,-0.30102539062
1726143763686.51,-0.90979003906,0.32104492187,-0.30102539062
1726143763706.5295,-0.90979003906,0.32104492187,-0.30102539062
1726143763726.427,-0.88757324218,0.32849121093,-0.31030273437
1726143763746.5076,-0.88757324218,0.32849121093,-0.31030273437
1726143763766.5576,-0.88757324218,0.32849121093,-0.31030273437
1726143763786.516,-0.88757324218,0.32849121093,-0.31030273437
1726143763806.383,-0.85119628906,0.33288574218,-0.30419921875
1726143763826.5552,-0.85119628906,0.33288574218,-0.30419921875
1726143763846.5137,-0.85119628906,0.33288574218,-0.30419921875
1726143763866.5027,-0.85119628906,0.33288574218,-0.30419921875
1726143763886.4307,-0.85607910156,0.34655761718,-0.31591796875
1726143763906.5112,-0.85607910156,0.34655761718,-0.31591796875
1726143763926.5002,-0.85607910156,0.34655761718,-0.31591796875
1726143763946.5195,-0.85607910156,0.34655761718,-0.31591796875
1726143763966.3867,-0.91564941406,0.36840820312,-0.3203125
1726143763986.5283,-0.91564941406,0.36840820312,-0.3203125
1726143764006.517,-0.91564941406,0.36840820312,-0.3203125
1726143764026.5063,-0.91564941406,0.36840820312,-0.3203125
1726143764046.3733,-1.08837890625,0.41101074218,-0.30981445312
1726143764066.515,-1.08837890625,0.41101074218,-0.30981445312
1726143764086.5344,-1.08837890625,0.41101074218,-0.30981445312
1726143764106.554,-1.08837890625,0.41101074218,-0.30981445312
1726143764126.421,-1.08447265625,0.4130859375,-0.29248046875
1726143764146.5015,-1.08447265625,0.4130859375,-0.29248046875
1726143764166.5208,-1.08447265625,0.4130859375,-0.29248046875
1726143764186.51,-1.08447265625,0.4130859375,-0.29248046875
1726143764206.4075,-0.99401855468,0.38598632812,-0.25524902343
1726143764226.549,-0.99401855468,0.38598632812,-0.25524902343
1726143764246.538,-0.99401855468,0.38598632812,-0.25524902343
1726143764266.527,-0.99401855468,0.38598632812,-0.25524902343
1726143764286.394,-1.04357910156,0.36706542968,-0.20971679687
1726143764306.5051,-1.04357910156,0.36706542968,-0.20971679687
1726143764326.494,-1.04357910156,0.36706542968,-0.20971679687
1726143764346.5137,-1.04357910156,0.36706542968,-0.20971679687
1726143764366.3806,-1.00207519531,0.32800292968,-0.17700195312
1726143764386.4917,-1.00207519531,0.32800292968,-0.17700195312
1726143764406.5112,-1.00207519531,0.32800292968,-0.17700195312
1726143764426.5308,-1.00207519531,0.32800292968,-0.17700195312
1726143764446.3672,-0.92749023437,0.306640625,-0.18249511718
1726143764466.5088,-0.92749023437,0.306640625,-0.18249511718
1726143764486.4978,-0.92749023437,0.306640625,-0.18249511718
1726143764506.4868,-0.92749023437,0.306640625,-0.18249511718
1726143764526.3843,-0.87084960937,0.32592773437,-0.21960449218
1726143764546.495,-0.87084960937,0.32592773437,-0.21960449218
1726143764566.4844,-0.87084960937,0.32592773437,-0.21960449218
1726143764586.504,-0.87084960937,0.32592773437,-0.21960449218
1726143764606.4011,-0.89123535156,0.35363769531,-0.24829101562
1726143764626.482,-0.89123535156,0.35363769531,-0.24829101562
1726143764646.5015,-0.89123535156,0.35363769531,-0.24829101562
1726143764666.4905,-0.89123535156,0.35363769531,-0.24829101562
1726143764686.3574,-0.970703125,0.36450195312,-0.27319335937
1726143764706.499,-0.970703125,0.36450195312,-0.27319335937
1726143764726.488,-0.970703125,0.36450195312,-0.27319335937
1726143764746.538,-0.970703125,0.36450195312,-0.27319335937
1726143764766.405,-1.0419921875,0.36022949218,-0.27844238281
1726143764786.4856,-1.0419921875,0.36022949218,-0.27844238281
1726143764806.5051,-1.0419921875,0.36022949218,-0.27844238281
1726143764826.494,-1.0419921875,0.36022949218,-0.27844238281
1726143764846.361,-0.94091796875,0.35510253906,-0.26220703125
1726143764866.5027,-0.94091796875,0.35510253906,-0.26220703125
1726143764886.4917,-0.94091796875,0.35510253906,-0.26220703125
1726143764906.5112,-0.94091796875,0.35510253906,-0.26220703125
1726143764926.4087,-0.85729980468,0.34948730468,-0.25146484375
1726143764946.4893,-0.85729980468,0.34948730468,-0.25146484375
1726143764966.4783,-0.85729980468,0.34948730468,-0.25146484375
1726143764986.4978,-0.85729980468,0.34948730468,-0.25146484375
1726143765006.3647,-0.92041015625,0.35217285156,-0.255859375
1726143765026.4758,-0.92041015625,0.35217285156,-0.255859375
1726143765046.495,-0.92041015625,0.35217285156,-0.255859375
1726143765066.4844,-0.92041015625,0.35217285156,-0.255859375
1726143765086.3818,-0.90185546875,0.36071777343,-0.26208496093
1726143765106.5234,-0.90185546875,0.36071777343,-0.26208496093
1726143765126.482,-0.90185546875,0.36071777343,-0.26208496093
1726143765146.4707,-0.90185546875,0.36071777343,-0.26208496093
1726143765166.3987,-0.86511230468,0.36669921875,-0.27331542968
1726143765186.4795,-0.86511230468,0.36669921875,-0.27331542968
1726143765206.4685,-0.86511230468,0.36669921875,-0.27331542968
1726143765226.488,-0.86511230468,0.36669921875,-0.27331542968
1726143765246.3547,-0.83959960937,0.38415527343,-0.30261230468
1726143765266.466,-0.83959960937,0.38415527343,-0.30261230468
1726143765286.516,-0.83959960937,0.38415527343,-0.30261230468
1726143765306.5051,-0.83959960937,0.38415527343,-0.30261230468
1726143765326.3416,-0.8798828125,0.38818359375,-0.32873535156
1726143765346.5137,-0.8798828125,0.38818359375,-0.32873535156
1726143765366.5027,-0.8798828125,0.38818359375,-0.32873535156
1726143765386.5222,-0.8798828125,0.38818359375,-0.32873535156
1726143765406.3586,-0.98510742187,0.39099121093,-0.31481933593
1726143765426.4695,-0.98510742187,0.39099121093,-0.31481933593
1726143765446.4893,-0.98510742187,0.39099121093,-0.31481933593
1726143765466.4783,-0.98510742187,0.39099121093,-0.31481933593
1726143765486.3755,-1.03942871093,0.40893554687,-0.29064941406
1726143765506.4868,-1.03942871093,0.40893554687,-0.29064941406
1726143765526.4758,-1.03942871093,0.40893554687,-0.29064941406
1726143765546.4648,-1.03942871093,0.40893554687,-0.29064941406
1726143765566.3623,-0.9970703125,0.42468261718,-0.26794433593
1726143765586.504,-0.9970703125,0.42468261718,-0.26794433593
1726143765606.493,-0.9970703125,0.42468261718,-0.26794433593
1726143765626.482,-0.9970703125,0.42468261718,-0.26794433593
1726143765646.3489,-1.00646972656,0.39978027343,-0.23852539062
1726143765666.46,-1.00646972656,0.39978027343,-0.23852539062
1726143765686.51,-1.00646972656,0.39978027343,-0.23852539062
1726143765706.499,-1.00646972656,0.39978027343,-0.23852539062
1726143765726.366,-1.0244140625,0.34533691406,-0.2216796875
1726143765746.477,-1.0244140625,0.34533691406,-0.2216796875
1726143765766.466,-1.0244140625,0.34533691406,-0.2216796875
1726143765786.455,-1.0244140625,0.34533691406,-0.2216796875
1726143765806.3523,-0.95251464843,0.31274414062,-0.21276855468
1726143765826.4636,-0.95251464843,0.31274414062,-0.21276855468
1726143765846.4526,-0.95251464843,0.31274414062,-0.21276855468
1726143765866.472,-0.95251464843,0.31274414062,-0.21276855468
1726143765886.339,-0.89697265625,0.28698730468,-0.21496582031
1726143765906.45,-0.89697265625,0.28698730468,-0.21496582031
1726143765926.4695,-0.89697265625,0.28698730468,-0.21496582031
1726143765946.4587,-0.89697265625,0.28698730468,-0.21496582031
1726143765966.3257,-0.92846679687,0.26782226562,-0.22631835937
1726143765986.4673,-0.92846679687,0.26782226562,-0.22631835937
1726143766006.4563,-0.92846679687,0.26782226562,-0.22631835937
1726143766026.5063,-0.92846679687,0.26782226562,-0.22631835937
1726143766046.3428,-1.03076171875,0.2744140625,-0.244140625
1726143766066.4539,-1.03076171875,0.2744140625,-0.244140625
1726143766086.504,-1.03076171875,0.2744140625,-0.244140625
1726143766106.493,-1.03076171875,0.2744140625,-0.244140625
1726143766126.3599,-1.0732421875,0.29626464843,-0.25451660156
1726143766146.4707,-1.0732421875,0.29626464843,-0.25451660156
1726143766166.46,-1.0732421875,0.29626464843,-0.25451660156
1726143766186.4487,-1.0732421875,0.29626464843,-0.25451660156
1726143766206.3464,-0.96276855468,0.32629394531,-0.25524902343
1726143766226.488,-0.96276855468,0.32629394531,-0.25524902343
1726143766246.4463,-0.96276855468,0.32629394531,-0.25524902343
1726143766266.4963,-0.96276855468,0.32629394531,-0.25524902343
1726143766286.333,-0.93017578125,0.33947753906,-0.27490234375
1726143766306.4746,-0.93017578125,0.33947753906,-0.27490234375
1726143766326.4636,-0.93017578125,0.33947753906,-0.27490234375
1726143766346.4526,-0.93017578125,0.33947753906,-0.27490234375
1726143766366.35,-0.89501953125,0.33703613281,-0.30126953125
1726143766386.4612,-0.89501953125,0.33703613281,-0.30126953125
1726143766406.45,-0.89501953125,0.33703613281,-0.30126953125
1726143766426.4392,-0.89501953125,0.33703613281,-0.30126953125
1726143766446.3672,-0.87854003906,0.32653808593,-0.31774902343
1726143766466.4783,-0.87854003906,0.32653808593,-0.31774902343
1726143766486.4368,-0.87854003906,0.32653808593,-0.31774902343
1726143766506.4868,-0.87854003906,0.32653808593,-0.31774902343
1726143766526.3232,-0.90637207031,0.31848144531,-0.32434082031
1726143766546.4343,-0.90637207031,0.31848144531,-0.32434082031
1726143766566.4539,-0.90637207031,0.31848144531,-0.32434082031
1726143766586.4429,-0.90637207031,0.31848144531,-0.32434082031
1726143766606.3403,-0.97766113281,0.31787109375,-0.31481933593
1726143766626.4514,-0.97766113281,0.31787109375,-0.31481933593
1726143766646.4707,-0.97766113281,0.31787109375,-0.31481933593
1726143766666.46,-0.97766113281,0.31787109375,-0.31481933593
1726143766686.327,-1.03173828125,0.33947753906,-0.30517578125
1726143766706.438,-1.03173828125,0.33947753906,-0.30517578125
1726143766726.4575,-1.03173828125,0.33947753906,-0.30517578125
1726143766746.477,-1.03173828125,0.33947753906,-0.30517578125
1726143766766.3135,-0.96948242187,0.36413574218,-0.30810546875
1726143766786.455,-0.96948242187,0.36413574218,-0.30810546875
1726143766806.4746,-0.96948242187,0.36413574218,-0.30810546875
1726143766826.433,-0.96948242187,0.36413574218,-0.30810546875
1726143766846.3303,-0.94873046875,0.3798828125,-0.26977539062
1726143766866.4417,-0.94873046875,0.3798828125,-0.26977539062
1726143766886.339,-0.94873046875,0.3798828125,-0.26977539062
1726143766906.4807,-0.94873046875,0.3798828125,-0.26977539062
1726143766926.3477,-1.00158691406,0.365234375,-0.20715332031
1726143766946.4282,-1.00158691406,0.365234375,-0.20715332031
1726143766966.4475,-1.00158691406,0.365234375,-0.20715332031
1726143766986.4368,-1.00158691406,0.365234375,-0.20715332031
1726143767006.3342,-0.99291992187,0.32299804687,-0.17578125
1726143767026.4758,-0.99291992187,0.32299804687,-0.17578125
1726143767046.4343,-0.99291992187,0.32299804687,-0.17578125
1726143767066.423,-0.99291992187,0.32299804687,-0.17578125
1726143767086.3208,-0.95971679687,0.31274414062,-0.17895507812
1726143767106.432,-0.95971679687,0.31274414062,-0.17895507812
1726143767126.421,-0.95971679687,0.31274414062,-0.17895507812
1726143767146.4404,-0.95971679687,0.31274414062,-0.17895507812
1726143767166.3071,-0.92333984375,0.31726074218,-0.19702148437
1726143767186.4185,-0.92333984375,0.31726074218,-0.19702148437
1726143767206.4685,-0.92333984375,0.31726074218,-0.19702148437
1726143767226.427,-0.92333984375,0.31726074218,-0.19702148437
1726143767246.3245,-0.93249511718,0.33081054687,-0.21594238281
1726143767266.466,-0.93249511718,0.33081054687,-0.21594238281
1726143767286.4243,-0.93249511718,0.33081054687,-0.21594238281
1726143767306.444,-0.93249511718,0.33081054687,-0.21594238281
1726143767326.3416,-1.01171875,0.35070800781,-0.25500488281
1726143767346.422,-1.01171875,0.35070800781,-0.25500488281
1726143767366.472,-1.01171875,0.35070800781,-0.25500488281
1726143767386.4307,-1.01171875,0.35070800781,-0.25500488281
1726143767406.328,-1.09350585937,0.35900878906,-0.28564453125
1726143767426.4392,-1.09350585937,0.35900878906,-0.28564453125
1726143767446.4282,-1.09350585937,0.35900878906,-0.28564453125
1726143767466.4172,-1.09350585937,0.35900878906,-0.28564453125
1726143767486.3452,-1.01489257812,0.33984375,-0.29370117187
1726143767506.4563,-1.01489257812,0.33984375,-0.29370117187
1726143767526.4148,-1.01489257812,0.33984375,-0.29370117187
1726143767546.4343,-1.01489257812,0.33984375,-0.29370117187
1726143767566.3013,-0.88659667968,0.29663085937,-0.30163574218
1726143767586.4124,-0.88659667968,0.29663085937,-0.30163574218
1726143767606.4624,-0.88659667968,0.29663085937,-0.30163574218
1726143767626.421,-0.88659667968,0.29663085937,-0.30163574218
1726143767646.2878,-0.85595703125,0.28259277343,-0.30541992187
1726143767666.4294,-0.85595703125,0.28259277343,-0.30541992187
1726143767686.4487,-0.85595703125,0.28259277343,-0.30541992187
1726143767706.438,-0.85595703125,0.28259277343,-0.30541992187
1726143767726.3354,-0.85095214843,0.28344726562,-0.29772949218
1726143767746.416,-0.85095214843,0.28344726562,-0.29772949218
1726143767766.405,-0.85095214843,0.28344726562,-0.29772949218
1726143767786.4243,-0.85095214843,0.28344726562,-0.29772949218
1726143767806.322,-0.86950683593,0.29943847656,-0.30346679687
1726143767826.4023,-0.86950683593,0.29943847656,-0.30346679687
1726143767846.422,-0.86950683593,0.29943847656,-0.30346679687
1726143767866.4111,-0.86950683593,0.29943847656,-0.30346679687
1726143767886.3083,-0.86987304687,0.32153320312,-0.32702636718
1726143767906.4197,-0.86987304687,0.32153320312,-0.32702636718
1726143767926.4392,-0.86987304687,0.32153320312,-0.32702636718
1726143767946.4282,-0.86987304687,0.32153320312,-0.32702636718
1726143767966.3257,-0.85949707031,0.33178710937,-0.3349609375
1726143767986.4368,-0.85949707031,0.33178710937,-0.3349609375
1726143768006.4255,-0.85949707031,0.33178710937,-0.3349609375
1726143768026.4453,-0.85949707031,0.33178710937,-0.3349609375
1726143768046.2815,-0.88598632812,0.33654785156,-0.32189941406
1726143768066.423,-0.88598632812,0.33654785156,-0.32189941406
1726143768086.4124,-0.88598632812,0.33654785156,-0.32189941406
1726143768106.4011,-0.88598632812,0.33654785156,-0.32189941406
1726143768126.2988,-1.03491210937,0.36279296875,-0.31262207031
1726143768146.41,-1.03491210937,0.36279296875,-0.31262207031
1726143768166.3987,-1.03491210937,0.36279296875,-0.31262207031
1726143768186.4185,-1.03491210937,0.36279296875,-0.31262207031
1726143768206.316,-1.029296875,0.35729980468,-0.29797363281
1726143768226.427,-1.029296875,0.35729980468,-0.29797363281
1726143768246.416,-1.029296875,0.35729980468,-0.29797363281
1726143768266.405,-1.029296875,0.35729980468,-0.29797363281
1726143768286.272,-0.94641113281,0.31616210937,-0.28173828125
1726143768306.4136,-0.94641113281,0.31616210937,-0.28173828125
1726143768326.433,-0.94641113281,0.31616210937,-0.28173828125
1726143768346.3916,-0.94641113281,0.31616210937,-0.28173828125
1726143768366.3196,-1.02136230468,0.30737304687,-0.26989746093
1726143768386.4,-1.02136230468,0.30737304687,-0.26989746093
1726143768406.3892,-1.02136230468,0.30737304687,-0.26989746093
1726143768426.4392,-1.02136230468,0.30737304687,-0.26989746093
1726143768446.306,-1.00524902343,0.29711914062,-0.251953125
1726143768466.3867,-1.00524902343,0.29711914062,-0.251953125
1726143768486.4062,-1.00524902343,0.29711914062,-0.251953125
1726143768506.3953,-1.00524902343,0.29711914062,-0.251953125
1726143768526.2927,-0.92163085937,0.30895996093,-0.251953125
1726143768546.4038,-0.92163085937,0.30895996093,-0.251953125
1726143768566.423,-0.92163085937,0.30895996093,-0.251953125
1726143768586.4124,-0.92163085937,0.30895996093,-0.251953125
1726143768606.3098,-0.87854003906,0.34680175781,-0.26965332031
1726143768626.421,-0.87854003906,0.34680175781,-0.26965332031
1726143768646.41,-0.87854003906,0.34680175781,-0.26965332031
1726143768666.3987,-0.87854003906,0.34680175781,-0.26965332031
1726143768686.2659,-0.86987304687,0.37060546875,-0.28625488281
1726143768706.4075,-0.86987304687,0.37060546875,-0.28625488281
1726143768726.3965,-0.86987304687,0.37060546875,-0.28625488281
1726143768746.3855,-0.86987304687,0.37060546875,-0.28625488281
1726143768766.3135,-0.87829589843,0.37866210937,-0.29711914062
1726143768786.4243,-0.87829589843,0.37866210937,-0.29711914062
1726143768806.4136,-0.87829589843,0.37866210937,-0.29711914062
1726143768826.4023,-0.87829589843,0.37866210937,-0.29711914062
1726143768846.3,-0.99279785156,0.39489746093,-0.29479980468
1726143768866.4111,-0.99279785156,0.39489746093,-0.29479980468
1726143768886.4,-0.99279785156,0.39489746093,-0.29479980468
1726143768906.3892,-0.99279785156,0.39489746093,-0.29479980468
1726143768926.2866,-0.98876953125,0.400390625,-0.2958984375
1726143768946.3977,-0.98876953125,0.400390625,-0.2958984375
1726143768966.4172,-0.98876953125,0.400390625,-0.2958984375
1726143768986.3755,-0.98876953125,0.400390625,-0.2958984375
1726143769006.3037,-0.89099121093,0.38525390625,-0.30053710937
1726143769026.4148,-0.89099121093,0.38525390625,-0.30053710937
1726143769046.3733,-0.89099121093,0.38525390625,-0.30053710937
1726143769066.3928,-0.89099121093,0.38525390625,-0.30053710937
1726143769086.2595,-0.8955078125,0.359375,-0.287109375
1726143769106.3708,-0.8955078125,0.359375,-0.287109375
1726143769126.421,-0.8955078125,0.359375,-0.287109375
1726143769146.3792,-0.8955078125,0.359375,-0.287109375
1726143769166.2463,-0.86218261718,0.32751464843,-0.27880859375
1726143769186.388,-0.86218261718,0.32751464843,-0.27880859375
1726143769206.3767,-0.86218261718,0.32751464843,-0.27880859375
1726143769226.427,-0.86218261718,0.32751464843,-0.27880859375
1726143769246.2634,-0.83911132812,0.35571289062,-0.337890625
1726143769266.3745,-0.83911132812,0.35571289062,-0.337890625
1726143769286.394,-0.83911132812,0.35571289062,-0.337890625
1726143769306.4136,-0.83911132812,0.35571289062,-0.337890625
1726143769326.2805,-0.87231445312,0.36962890625,-0.37329101562
1726143769346.3916,-0.87231445312,0.36962890625,-0.37329101562
1726143769366.4111,-0.87231445312,0.36962890625,-0.37329101562
1726143769386.3696,-0.87231445312,0.36962890625,-0.37329101562
1726143769406.267,-0.93688964843,0.37927246093,-0.36901855468
1726143769426.378,-0.93688964843,0.37927246093,-0.36901855468
1726143769446.3672,-0.93688964843,0.37927246093,-0.36901855468
1726143769466.3867,-0.93688964843,0.37927246093,-0.36901855468
1726143769486.2537,-1.06591796875,0.40771484375,-0.33666992187
1726143769506.3647,-1.06591796875,0.40771484375,-0.33666992187
1726143769526.3843,-1.06591796875,0.40771484375,-0.33666992187
1726143769546.4038,-1.06591796875,0.40771484375,-0.33666992187
1726143769566.2402,-1.02294921875,0.404296875,-0.31127929687
1726143769586.3818,-1.02294921875,0.404296875,-0.31127929687
1726143769606.3708,-1.02294921875,0.404296875,-0.31127929687
1726143769626.3599,-1.02294921875,0.404296875,-0.31127929687
1726143769646.257,-0.94763183593,0.38195800781,-0.28271484375
1726143769666.3684,-0.94763183593,0.38195800781,-0.28271484375
1726143769686.3574,-0.94763183593,0.38195800781,-0.28271484375
1726143769706.3767,-0.94763183593,0.38195800781,-0.28271484375
1726143769726.2744,-1.02294921875,0.36303710937,-0.2568359375
1726143769746.3855,-1.02294921875,0.36303710937,-0.2568359375
1726143769766.3745,-1.02294921875,0.36303710937,-0.2568359375
1726143769786.3635,-1.02294921875,0.36303710937,-0.2568359375
1726143769806.2305,-0.98620605468,0.32092285156,-0.25524902343
1726143769826.4023,-0.98620605468,0.32092285156,-0.25524902343
1726143769846.361,-0.98620605468,0.32092285156,-0.25524902343
1726143769866.3806,-0.98620605468,0.32092285156,-0.25524902343
1726143769886.2476,-0.90234375,0.32116699218,-0.26281738281
1726143769906.3586,-0.90234375,0.32116699218,-0.26281738281
1726143769926.378,-0.90234375,0.32116699218,-0.26281738281
1726143769946.3672,-0.90234375,0.32116699218,-0.26281738281
1726143769966.234,-0.85595703125,0.3681640625,-0.27160644531
1726143769986.3755,-0.85595703125,0.3681640625,-0.27160644531
1726143770006.3647,-0.85595703125,0.3681640625,-0.27160644531
1726143770026.3535,-0.85595703125,0.3681640625,-0.27160644531
1726143770046.2815,-0.84790039062,0.42651367187,-0.28405761718
1726143770066.3623,-0.84790039062,0.42651367187,-0.28405761718
1726143770086.3513,-0.84790039062,0.42651367187,-0.28405761718
1726143770106.4011,-0.84790039062,0.42651367187,-0.28405761718
1726143770126.2375,-0.86499023437,0.46936035156,-0.29614257812
1726143770146.3489,-0.86499023437,0.46936035156,-0.29614257812
1726143770166.3987,-0.86499023437,0.46936035156,-0.29614257812
1726143770186.3574,-0.86499023437,0.46936035156,-0.29614257812
1726143770206.2244,-0.95520019531,0.47790527343,-0.3017578125
1726143770226.366,-0.95520019531,0.47790527343,-0.3017578125
1726143770246.3547,-0.95520019531,0.47790527343,-0.3017578125
1726143770266.344,-0.95520019531,0.47790527343,-0.3017578125
1726143770286.2415,-0.96081542968,0.45471191406,-0.30224609375
1726143770306.3523,-0.96081542968,0.45471191406,-0.30224609375
1726143770326.3416,-0.96081542968,0.45471191406,-0.30224609375
1726143770346.361,-0.96081542968,0.45471191406,-0.30224609375
1726143770366.228,-0.82690429687,0.41784667968,-0.28369140625
1726143770386.3696,-0.82690429687,0.41784667968,-0.28369140625
1726143770406.3892,-0.82690429687,0.41784667968,-0.28369140625
1726143770426.3477,-0.82690429687,0.41784667968,-0.28369140625
1726143770446.245,-0.84375,0.3798828125,-0.25939941406
1726143770466.3562,-0.84375,0.3798828125,-0.25939941406
1726143770486.3452,-0.84375,0.3798828125,-0.25939941406
1726143770506.3953,-0.84375,0.3798828125,-0.25939941406
1726143770526.2317,-0.89013671875,0.35803222656,-0.27307128906
1726143770546.3428,-0.89013671875,0.35803222656,-0.27307128906
1726143770566.3623,-0.89013671875,0.35803222656,-0.27307128906
1726143770586.3513,-0.89013671875,0.35803222656,-0.27307128906
1726143770606.2488,-0.85131835937,0.33935546875,-0.28784179687
1726143770626.3599,-0.85131835937,0.33935546875,-0.28784179687
1726143770646.3489,-0.85131835937,0.33935546875,-0.28784179687
1726143770666.3987,-0.85131835937,0.33935546875,-0.28784179687
1726143770686.2659,-0.8466796875,0.33288574218,-0.29370117187
1726143770706.3464,-0.8466796875,0.33288574218,-0.29370117187
1726143770726.3354,-0.8466796875,0.33288574218,-0.29370117187
1726143770746.3547,-0.8466796875,0.33288574218,-0.29370117187
1726143770766.222,-0.85705566406,0.3505859375,-0.31726074218
1726143770786.333,-0.85705566406,0.3505859375,-0.31726074218
1726143770806.3523,-0.85705566406,0.3505859375,-0.31726074218
1726143770826.3416,-0.85705566406,0.3505859375,-0.31726074218
1726143770846.2085,-0.89221191406,0.36413574218,-0.33972167968
1726143770866.35,-0.89221191406,0.36413574218,-0.33972167968
1726143770886.339,-0.89221191406,0.36413574218,-0.33972167968
1726143770906.3586,-0.89221191406,0.36413574218,-0.33972167968
1726143770926.256,-0.94921875,0.380859375,-0.33557128906
1726143770946.3367,-0.94921875,0.380859375,-0.33557128906
1726143770966.3257,-0.94921875,0.380859375,-0.33557128906
1726143770986.3452,-0.94921875,0.380859375,-0.33557128906
1726143771006.212,-1.06018066406,0.39599609375,-0.31066894531
1726143771026.3232,-1.06018066406,0.39599609375,-0.31066894531
1726143771046.4343,-1.06018066406,0.39599609375,-0.31066894531
1726143771066.3315,-1.06018066406,0.39599609375,-0.31066894531
1726143771086.1987,-1.00561523437,0.38525390625,-0.28662109375
1726143771106.3708,-1.00561523437,0.38525390625,-0.28662109375
1726143771126.329,-1.00561523437,0.38525390625,-0.28662109375
1726143771146.3792,-1.00561523437,0.38525390625,-0.28662109375
1726143771166.2158,-0.9375,0.36572265625,-0.27026367187
1726143771186.327,-0.9375,0.36572265625,-0.27026367187
1726143771206.3464,-0.9375,0.36572265625,-0.27026367187
1726143771226.366,-0.9375,0.36572265625,-0.27026367187
1726143771246.2024,-1.01611328125,0.34826660156,-0.24060058593
1726143771266.344,-1.01611328125,0.34826660156,-0.24060058593
1726143771286.333,-1.01611328125,0.34826660156,-0.24060058593
1726143771306.322,-1.01611328125,0.34826660156,-0.24060058593
1726143771326.25,-0.96838378906,0.31921386718,-0.21020507812
1726143771346.3303,-0.96838378906,0.31921386718,-0.21020507812
1726143771366.3196,-0.96838378906,0.31921386718,-0.21020507812
1726143771386.3696,-0.96838378906,0.31921386718,-0.21020507812
1726143771406.2363,-0.88464355468,0.3203125,-0.21374511718
1726143771426.3477,-0.88464355468,0.3203125,-0.21374511718
1726143771446.3367,-0.88464355468,0.3203125,-0.21374511718
1726143771466.3257,-0.88464355468,0.3203125,-0.21374511718
1726143771486.2231,-0.85705566406,0.35107421875,-0.23510742187
1726143771506.3647,-0.85705566406,0.35107421875,-0.23510742187
1726143771526.3232,-0.85705566406,0.35107421875,-0.23510742187
1726143771546.3123,-0.85705566406,0.35107421875,-0.23510742187
1726143771566.2402,-0.89428710937,0.3935546875,-0.25561523437
1726143771586.3208,-0.89428710937,0.3935546875,-0.25561523437
1726143771606.3098,-0.89428710937,0.3935546875,-0.25561523437
1726143771626.329,-0.89428710937,0.3935546875,-0.25561523437
1726143771646.1963,-0.95532226562,0.41748046875,-0.27453613281
1726143771666.338,-0.95532226562,0.41748046875,-0.27453613281
1726143771686.327,-0.95532226562,0.41748046875,-0.27453613281
1726143771706.316,-0.95532226562,0.41748046875,-0.27453613281
1726143771726.2131,-1.02136230468,0.40686035156,-0.30200195312
1726143771746.3245,-1.02136230468,0.40686035156,-0.30200195312
1726143771766.3135,-1.02136230468,0.40686035156,-0.30200195312
1726143771786.333,-1.02136230468,0.40686035156,-0.30200195312
1726143771806.2607,-0.94580078125,0.38403320312,-0.31909179687
1726143771826.311,-0.94580078125,0.38403320312,-0.31909179687
1726143771846.3303,-0.94580078125,0.38403320312,-0.31909179687
1726143771866.3196,-0.94580078125,0.38403320312,-0.31909179687
1726143771886.1863,-0.82727050781,0.3671875,-0.28942871093
1726143771906.328,-0.82727050781,0.3671875,-0.28942871093
1726143771926.3171,-0.82727050781,0.3671875,-0.28942871093
1726143771946.3367,-0.82727050781,0.3671875,-0.28942871093
1726143771966.2036,-0.85949707031,0.34265136718,-0.24230957031
1726143771986.3147,-0.85949707031,0.34265136718,-0.24230957031
1726143772006.3342,-0.85949707031,0.34265136718,-0.24230957031
1726143772026.3232,-0.85949707031,0.34265136718,-0.24230957031
1726143772046.2207,-0.85681152343,0.31665039062,-0.23388671875
1726143772066.3315,-0.85681152343,0.31665039062,-0.23388671875
1726143772086.3208,-0.85681152343,0.31665039062,-0.23388671875
1726143772106.3403,-0.85681152343,0.31665039062,-0.23388671875
1726143772126.1768,-0.8388671875,0.32507324218,-0.28259277343
1726143772146.3184,-0.8388671875,0.32507324218,-0.28259277343
1726143772166.3071,-0.8388671875,0.32507324218,-0.28259277343
1726143772186.2964,-0.8388671875,0.32507324218,-0.28259277343
1726143772206.1938,-0.87658691406,0.34594726562,-0.3037109375
1726143772226.3047,-0.87658691406,0.34594726562,-0.3037109375
1726143772246.294,-0.87658691406,0.34594726562,-0.3037109375
1726143772266.3135,-0.87658691406,0.34594726562,-0.3037109375
1726143772286.1804,-0.90747070312,0.36511230468,-0.29382324218
1726143772306.322,-0.90747070312,0.36511230468,-0.29382324218
1726143772326.311,-0.90747070312,0.36511230468,-0.29382324218
1726143772346.3,-0.90747070312,0.36511230468,-0.29382324218
1726143772366.1975,-1.01684570312,0.39794921875,-0.26831054687
1726143772386.339,-1.01684570312,0.39794921875,-0.26831054687
1726143772406.328,-1.01684570312,0.39794921875,-0.26831054687
1726143772426.3171,-1.01684570312,0.39794921875,-0.26831054687
1726143772446.184,-1.05212402343,0.43005371093,-0.25952148437
1726143772466.3257,-1.05212402343,0.43005371093,-0.25952148437
1726143772486.3147,-1.05212402343,0.43005371093,-0.25952148437
1726143772506.3037,-1.05212402343,0.43005371093,-0.25952148437
1726143772526.2012,-0.97998046875,0.42932128906,-0.25134277343
1726143772546.3123,-0.97998046875,0.42932128906,-0.25134277343
1726143772566.3315,-0.97998046875,0.42932128906,-0.25134277343
1726143772586.2903,-0.97998046875,0.42932128906,-0.25134277343
1726143772606.1875,-0.9775390625,0.39868164062,-0.22241210937
1726143772626.2988,-0.9775390625,0.39868164062,-0.22241210937
1726143772646.2878,-0.9775390625,0.39868164062,-0.22241210937
1726143772666.3071,-0.9775390625,0.39868164062,-0.22241210937
1726143772686.1743,-0.98693847656,0.36047363281,-0.19128417968
1726143772706.2854,-0.98693847656,0.36047363281,-0.19128417968
1726143772726.3047,-0.98693847656,0.36047363281,-0.19128417968
1726143772746.294,-0.98693847656,0.36047363281,-0.19128417968
1726143772766.1914,-0.94116210937,0.33752441406,-0.18408203125
1726143772786.3025,-0.94116210937,0.33752441406,-0.18408203125
1726143772806.2915,-0.94116210937,0.33752441406,-0.18408203125
1726143772826.2805,-0.94116210937,0.33752441406,-0.18408203125
1726143772846.178,-0.89697265625,0.34240722656,-0.21716308593
1726143772866.3196,-0.89697265625,0.34240722656,-0.21716308593
1726143772886.278,-0.89697265625,0.34240722656,-0.21716308593
1726143772906.2976,-0.89697265625,0.34240722656,-0.21716308593
1726143772926.1643,-0.92224121093,0.38635253906,-0.23571777343
1726143772946.306,-0.92224121093,0.38635253906,-0.23571777343
1726143772966.2952,-0.92224121093,0.38635253906,-0.23571777343
1726143772986.284,-0.92224121093,0.38635253906,-0.23571777343
1726143773008.8672,-1.01953125,0.4130859375,-0.21520996093
1726143773026.2012,-1.01953125,0.4130859375,-0.21520996093
1726143773046.2815,-1.01953125,0.4130859375,-0.21520996093
1726143773066.3013,-1.01953125,0.4130859375,-0.21520996093
1726143773086.1987,-1.06896972656,0.39538574218,-0.20141601562
1726143773106.2793,-1.06896972656,0.39538574218,-0.20141601562
1726143773126.329,-1.06896972656,0.39538574218,-0.20141601562
1726143773146.3184,-1.06896972656,0.39538574218,-0.20141601562
1726143773166.1548,-0.91906738281,0.36828613281,-0.20544433593
1726143773186.327,-0.91906738281,0.36828613281,-0.20544433593
1726143773206.316,-0.91906738281,0.36828613281,-0.20544433593
1726143773226.2744,-0.91906738281,0.36828613281,-0.20544433593
1726143773246.2024,-0.82824707031,0.33276367187,-0.23657226562
1726143773266.3135,-0.82824707031,0.33276367187,-0.23657226562
1726143773286.272,-0.82824707031,0.33276367187,-0.23657226562
1726143773306.2915,-0.82824707031,0.33276367187,-0.23657226562
1726143773326.2195,-0.86413574218,0.31506347656,-0.27917480468
1726143773346.2695,-0.86413574218,0.31506347656,-0.27917480468
1726143773366.289,-0.86413574218,0.31506347656,-0.27917480468
1726143773386.278,-0.86413574218,0.31506347656,-0.27917480468
1726143773406.1755,-0.85900878906,0.31518554687,-0.294921875
1726143773426.2866,-0.85900878906,0.31518554687,-0.294921875
1726143773446.306,-0.85900878906,0.31518554687,-0.294921875
1726143773466.2952,-0.85900878906,0.31518554687,-0.294921875
1726143773486.1926,-0.86596679687,0.32983398437,-0.29797363281
1726143773506.2732,-0.86596679687,0.32983398437,-0.29797363281
1726143773526.2927,-0.86596679687,0.32983398437,-0.29797363281
1726143773546.2815,-0.86596679687,0.32983398437,-0.29797363281
1726143773566.1792,-0.85668945312,0.3544921875,-0.29846191406
1726143773586.2595,-0.85668945312,0.3544921875,-0.29846191406
1726143773606.2793,-0.85668945312,0.3544921875,-0.29846191406
1726143773626.2988,-0.85668945312,0.3544921875,-0.29846191406
1726143773646.1353,-0.90759277343,0.37219238281,-0.29760742187
1726143773666.2769,-0.90759277343,0.37219238281,-0.29760742187
1726143773686.2659,-0.90759277343,0.37219238281,-0.29760742187
1726143773706.2854,-0.90759277343,0.37219238281,-0.29760742187
1726143773726.1523,-1.07836914062,0.41162109375,-0.29516601562
1726143773746.294,-1.07836914062,0.41162109375,-0.29516601562
1726143773766.3135,-1.07836914062,0.41162109375,-0.29516601562
1726143773786.272,-1.07836914062,0.41162109375,-0.29516601562
1726143773806.139,-1.07043457031,0.4384765625,-0.30017089843
1726143773826.311,-1.07043457031,0.4384765625,-0.30017089843
1726143773846.2695,-1.07043457031,0.4384765625,-0.30017089843
1726143773866.2583,-1.07043457031,0.4384765625,-0.30017089843
1726143773886.156,-0.95935058593,0.43005371093,-0.28491210937
1726143773906.267,-0.95935058593,0.43005371093,-0.28491210937
1726143773926.256,-0.95935058593,0.43005371093,-0.28491210937
1726143773946.2756,-0.95935058593,0.43005371093,-0.28491210937
1726143773966.173,-0.99194335937,0.39489746093,-0.23596191406
1726143773986.284,-0.99194335937,0.39489746093,-0.23596191406
1726143774006.2732,-0.99194335937,0.39489746093,-0.23596191406
1726143774026.2622,-0.99194335937,0.39489746093,-0.23596191406
1726143774046.1597,-0.99877929687,0.33996582031,-0.19763183593
1726143774066.2708,-0.99877929687,0.33996582031,-0.19763183593
1726143774086.2595,-0.99877929687,0.33996582031,-0.19763183593
1726143774106.2793,-0.99877929687,0.33996582031,-0.19763183593
1726143774126.1462,-0.95300292968,0.30285644531,-0.1806640625
1726143774146.257,-0.95300292968,0.30285644531,-0.1806640625
1726143774166.2463,-0.95300292968,0.30285644531,-0.1806640625
1726143774186.2964,-0.95300292968,0.30285644531,-0.1806640625
1726143774206.1328,-0.89001464843,0.28454589843,-0.17907714843
1726143774226.244,-0.89001464843,0.28454589843,-0.17907714843
1726143774246.2634,-0.89001464843,0.28454589843,-0.17907714843
1726143774266.2524,-0.89001464843,0.28454589843,-0.17907714843
1726143774286.1191,-0.88977050781,0.27502441406,-0.19299316406
1726143774306.2607,-0.88977050781,0.27502441406,-0.19299316406
1726143774326.2805,-0.88977050781,0.27502441406,-0.19299316406
1726143774346.2695,-0.88977050781,0.27502441406,-0.19299316406
1726143774366.1365,-0.99084472656,0.28723144531,-0.20776367187
1726143774386.2476,-0.99084472656,0.28723144531,-0.20776367187
1726143774406.2976,-0.99084472656,0.28723144531,-0.20776367187
1726143774426.256,-0.99084472656,0.28723144531,-0.20776367187
1726143774446.1536,-1.00146484375,0.30847167968,-0.23645019531
1726143774466.2646,-1.00146484375,0.30847167968,-0.23645019531
1726143774486.2537,-1.00146484375,0.30847167968,-0.23645019531
1726143774506.2427,-1.00146484375,0.30847167968,-0.23645019531
1726143774526.14,-0.95007324218,0.33410644531,-0.26550292968
1726143774546.2512,-0.95007324218,0.33410644531,-0.26550292968
1726143774566.2402,-0.95007324218,0.33410644531,-0.26550292968
1726143774586.2595,-0.95007324218,0.33410644531,-0.26550292968
1726143774606.1572,-0.9521484375,0.33447265625,-0.28015136718
1726143774626.2375,-0.9521484375,0.33447265625,-0.28015136718
1726143774646.2878,-0.9521484375,0.33447265625,-0.28015136718
1726143774666.2769,-0.9521484375,0.33447265625,-0.28015136718
1726143774686.1436,-0.90832519531,0.3076171875,-0.29223632812
1726143774706.2854,-0.90832519531,0.3076171875,-0.29223632812
1726143774726.2744,-0.90832519531,0.3076171875,-0.29223632812
1726143774746.2634,-0.90832519531,0.3076171875,-0.29223632812
1726143774766.161,-0.86291503906,0.30236816406,-0.30090332031
1726143774786.272,-0.86291503906,0.30236816406,-0.30090332031
1726143774806.2305,-0.86291503906,0.30236816406,-0.30090332031
1726143774826.25,-0.86291503906,0.30236816406,-0.30090332031
1726143774846.1475,-0.85424804687,0.31237792968,-0.32690429687
1726143774866.228,-0.85424804687,0.31237792968,-0.32690429687
1726143774886.2476,-0.85424804687,0.31237792968,-0.32690429687
1726143774906.2363,-0.85424804687,0.31237792968,-0.32690429687
1726143774926.134,-0.90124511718,0.33178710937,-0.33483886718
1726143774946.245,-0.90124511718,0.33178710937,-0.33483886718
1726143774966.234,-0.90124511718,0.33178710937,-0.33483886718
1726143774986.2537,-0.90124511718,0.33178710937,-0.33483886718
1726143775006.1511,-0.97424316406,0.39489746093,-0.29150390625
1726143775026.2317,-0.97424316406,0.39489746093,-0.29150390625
1726143775046.2512,-0.97424316406,0.39489746093,-0.29150390625
1726143775066.2402,-0.97424316406,0.39489746093,-0.29150390625
1726143775086.1377,-1.02001953125,0.40148925781,-0.2568359375
1726143775106.2488,-1.02001953125,0.40148925781,-0.2568359375
1726143775126.2375,-1.02001953125,0.40148925781,-0.2568359375
1726143775146.257,-1.02001953125,0.40148925781,-0.2568359375
1726143775166.1243,-0.92431640625,0.3857421875,-0.23547363281
1726143775186.235,-0.92431640625,0.3857421875,-0.23547363281
1726143775206.2244,-0.92431640625,0.3857421875,-0.23547363281
1726143775226.244,-0.92431640625,0.3857421875,-0.23547363281
1726143775246.1108,-0.97985839843,0.37536621093,-0.21716308593
1726143775266.2524,-0.97985839843,0.37536621093,-0.21716308593
1726143775286.2415,-0.97985839843,0.37536621093,-0.21716308593
1726143775306.2305,-0.97985839843,0.37536621093,-0.21716308593
1726143775326.128,-0.98168945312,0.33911132812,-0.20959472656
1726143775346.239,-0.98168945312,0.33911132812,-0.20959472656
1726143775366.2583,-0.98168945312,0.33911132812,-0.20959472656
1726143775386.2476,-0.98168945312,0.33911132812,-0.20959472656
1726143775406.145,-0.94604492187,0.31298828125,-0.20715332031
1726143775426.2256,-0.94604492187,0.31298828125,-0.20715332031
1726143775446.2144,-0.94604492187,0.31298828125,-0.20715332031
1726143775466.2646,-0.94604492187,0.31298828125,-0.20715332031
1726143775486.1316,-0.90759277343,0.31530761718,-0.19873046875
1726143775506.2427,-0.90759277343,0.31530761718,-0.19873046875
1726143775526.2622,-0.90759277343,0.31530761718,-0.19873046875
1726143775546.2207,-0.90759277343,0.31530761718,-0.19873046875
1726143775566.118,-0.919921875,0.31848144531,-0.20947265625
1726143775586.2595,-0.919921875,0.31848144531,-0.20947265625
1726143775606.2488,-0.919921875,0.31848144531,-0.20947265625
1726143775626.2375,-0.919921875,0.31848144531,-0.20947265625
1726143775646.1353,-1.01208496093,0.326171875,-0.2373046875
1726143775666.2158,-1.01208496093,0.326171875,-0.2373046875
1726143775686.2659,-1.01208496093,0.326171875,-0.2373046875
1726143775706.2244,-1.01208496093,0.326171875,-0.2373046875
1726143775726.1218,-1.04260253906,0.34130859375,-0.25866699218
1726143775746.233,-1.04260253906,0.34130859375,-0.25866699218
1726143775766.222,-1.04260253906,0.34130859375,-0.25866699218
1726143775786.2107,-1.04260253906,0.34130859375,-0.25866699218
1726143775806.139,-0.95776367187,0.33056640625,-0.2529296875
1726143775826.2195,-0.95776367187,0.33056640625,-0.2529296875
1726143775846.2085,-0.95776367187,0.33056640625,-0.2529296875
1726143775866.2583,-0.95776367187,0.33056640625,-0.2529296875
1726143775886.0947,-0.92041015625,0.30053710937,-0.23266601562
1726143775906.206,-0.92041015625,0.30053710937,-0.23266601562
1726143775926.256,-0.92041015625,0.30053710937,-0.23266601562
1726143775946.2144,-0.92041015625,0.30053710937,-0.23266601562
1726143775966.112,-0.91540527343,0.2939453125,-0.22619628906
1726143775986.2537,-0.91540527343,0.2939453125,-0.22619628906
1726143776006.2427,-0.91540527343,0.2939453125,-0.22619628906
1726143776026.2012,-0.91540527343,0.2939453125,-0.22619628906
1726143776046.0986,-0.88708496093,0.29809570312,-0.23999023437
1726143776066.2097,-0.88708496093,0.29809570312,-0.23999023437
1726143776086.1987,-0.88708496093,0.29809570312,-0.23999023437
1726143776106.2183,-0.88708496093,0.29809570312,-0.23999023437
1726143776126.0852,-0.87487792968,0.31774902343,-0.27868652343
1726143776146.1963,-0.87487792968,0.31774902343,-0.27868652343
1726143776166.2158,-0.87487792968,0.31774902343,-0.27868652343
1726143776186.2048,-0.87487792968,0.31774902343,-0.27868652343
1726143776206.1023,-0.86499023437,0.3466796875,-0.31652832031
1726143776226.244,-0.86499023437,0.3466796875,-0.31652832031
1726143776246.233,-0.86499023437,0.3466796875,-0.31652832031
1726143776266.222,-0.86499023437,0.3466796875,-0.31652832031
1726143776286.0889,-0.89794921875,0.36853027343,-0.31652832031
1726143776306.2,-0.89794921875,0.36853027343,-0.31652832031
1726143776326.2195,-0.89794921875,0.36853027343,-0.31652832031
1726143776346.2085,-0.89794921875,0.36853027343,-0.31652832031
1726143776366.1365,-1.01867675781,0.39855957031,-0.29040527343
1726143776386.217,-1.01867675781,0.39855957031,-0.29040527343
1726143776406.2363,-1.01867675781,0.39855957031,-0.29040527343
1726143776426.195,-1.01867675781,0.39855957031,-0.29040527343
1726143776446.123,-1.00500488281,0.41882324218,-0.27294921875
1726143776466.2036,-1.00500488281,0.41882324218,-0.27294921875
1726143776486.1926,-1.00500488281,0.41882324218,-0.27294921875
1726143776506.212,-1.00500488281,0.41882324218,-0.27294921875
1726143776526.079,-0.95385742187,0.42102050781,-0.25854492187
1726143776546.2207,-0.95385742187,0.42102050781,-0.25854492187
1726143776566.2402,-0.95385742187,0.42102050781,-0.25854492187
1726143776586.2292,-0.95385742187,0.42102050781,-0.25854492187
1726143776606.0657,-1.01647949218,0.39282226562,-0.2216796875
1726143776626.2375,-1.01647949218,0.39282226562,-0.2216796875
1726143776646.2268,-1.01647949218,0.39282226562,-0.2216796875
1726143776666.1853,-1.01647949218,0.39282226562,-0.2216796875
1726143776686.1133,-0.98522949218,0.33898925781,-0.19091796875
1726143776706.1938,-0.98522949218,0.33898925781,-0.19091796875
1726143776726.1829,-0.98522949218,0.33898925781,-0.19091796875
1726143776746.2024,-0.98522949218,0.33898925781,-0.19091796875
1726143776766.0999,-0.92700195312,0.31811523437,-0.19641113281
1726143776786.2107,-0.92700195312,0.31811523437,-0.19641113281
1726143776806.2305,-0.92700195312,0.31811523437,-0.19641113281
1726143776826.2195,-0.92700195312,0.31811523437,-0.19641113281
1726143776846.056,-0.87780761718,0.33850097656,-0.2353515625
1726143776866.1975,-0.87780761718,0.33850097656,-0.2353515625
1726143776886.217,-0.87780761718,0.33850097656,-0.2353515625
1726143776906.206,-0.87780761718,0.33850097656,-0.2353515625
1726143776926.1035,-0.87780761718,0.36474609375,-0.25988769531
1726143776946.184,-0.87780761718,0.36474609375,-0.25988769531
1726143776966.234,-0.87780761718,0.36474609375,-0.25988769531
1726143776986.1926,-0.87780761718,0.36474609375,-0.25988769531
1726143777006.0596,-0.92895507812,0.3759765625,-0.26391601562
1726143777026.2012,-0.92895507812,0.3759765625,-0.26391601562
1726143777046.19,-0.92895507812,0.3759765625,-0.26391601562
1726143777066.1792,-0.92895507812,0.3759765625,-0.26391601562
1726143777086.0767,-1.02368164062,0.38012695312,-0.25646972656
1726143777106.2183,-1.02368164062,0.38012695312,-0.25646972656
1726143777126.1768,-1.02368164062,0.38012695312,-0.25646972656
1726143777146.1963,-1.02368164062,0.38012695312,-0.25646972656
1726143777166.0632,-0.95629882812,0.38208007812,-0.24157714843
1726143777186.2048,-0.95629882812,0.38208007812,-0.24157714843
1726143777206.2244,-0.95629882812,0.38208007812,-0.24157714843
1726143777226.1829,-0.95629882812,0.38208007812,-0.24157714843
1726143777246.0803,-0.8779296875,0.37670898437,-0.2470703125
1726143777266.222,-0.8779296875,0.37670898437,-0.2470703125
1726143777286.1804,-0.8779296875,0.37670898437,-0.2470703125
1726143777306.2,-0.8779296875,0.37670898437,-0.2470703125
1726143777326.067,-0.92895507812,0.37731933593,-0.26013183593
1726143777346.178,-0.92895507812,0.37731933593,-0.26013183593
1726143777366.1667,-0.92895507812,0.37731933593,-0.26013183593
1726143777386.1863,-0.92895507812,0.37731933593,-0.26013183593
1726143777406.0535,-0.8955078125,0.36926269531,-0.26196289062
1726143777426.1643,-0.8955078125,0.36926269531,-0.26196289062
1726143777446.184,-0.8955078125,0.36926269531,-0.26196289062
1726143777466.173,-0.8955078125,0.36926269531,-0.26196289062
1726143777486.0703,-0.8642578125,0.361328125,-0.28271484375
1726143777506.1816,-0.8642578125,0.361328125,-0.28271484375
1726143777526.1707,-0.8642578125,0.361328125,-0.28271484375
1726143777546.19,-0.8642578125,0.361328125,-0.28271484375
1726143777566.0876,-0.83508300781,0.37646484375,-0.32568359375
1726143777586.1987,-0.83508300781,0.37646484375,-0.32568359375
1726143777606.1875,-0.83508300781,0.37646484375,-0.32568359375
1726143777626.1768,-0.83508300781,0.37646484375,-0.32568359375
1726143777646.0437,-0.87561035156,0.38342285156,-0.33630371093
1726143777666.1853,-0.87561035156,0.38342285156,-0.33630371093
1726143777686.1743,-0.87561035156,0.38342285156,-0.33630371093
1726143777706.163,-0.87561035156,0.38342285156,-0.33630371093
1726143777726.0608,-1.01232910156,0.38354492187,-0.31103515625
1726143777746.1719,-1.01232910156,0.38354492187,-0.31103515625
1726143777766.161,-1.01232910156,0.38354492187,-0.31103515625
1726143777786.1804,-1.01232910156,0.38354492187,-0.31103515625
1726143777806.078,-1.0927734375,0.39099121093,-0.28894042968
1726143777826.1584,-1.0927734375,0.39099121093,-0.28894042968
1726143777846.178,-1.0927734375,0.39099121093,-0.28894042968
1726143777866.1975,-1.0927734375,0.39099121093,-0.28894042968
1726143777886.0645,-1.0,0.38342285156,-0.19738769531
1726143777906.206,-1.0,0.38342285156,-0.19738769531
1726143777926.1643,-1.0,0.38342285156,-0.19738769531
1726143777946.1536,-1.0,0.38342285156,-0.19738769531
1726143777966.0815,-0.98217773437,0.3564453125,-0.18688964843
1726143777986.162,-0.98217773437,0.3564453125,-0.18688964843
1726143778006.1511,-0.98217773437,0.3564453125,-0.18688964843
1726143778026.1707,-0.98217773437,0.3564453125,-0.18688964843
1726143778046.068,-0.95263671875,0.33142089843,-0.16735839843
1726143778066.1792,-0.95263671875,0.33142089843,-0.16735839843
1726143778086.1682,-0.95263671875,0.33142089843,-0.16735839843
1726143778106.1572,-0.95263671875,0.33142089843,-0.16735839843
1726143778126.0547,-0.9169921875,0.2978515625,-0.16455078125
1726143778146.1655,-0.9169921875,0.2978515625,-0.16455078125
1726143778166.1548,-0.9169921875,0.2978515625,-0.16455078125
1726143778186.1743,-0.9169921875,0.2978515625,-0.16455078125
1726143778206.0715,-0.92321777343,0.27905273437,-0.17468261718
1726143778226.1829,-0.92321777343,0.27905273437,-0.17468261718
1726143778246.1719,-0.92321777343,0.27905273437,-0.17468261718
1726143778266.161,-0.92321777343,0.27905273437,-0.17468261718
1726143778286.0583,-0.99279785156,0.28173828125,-0.19409179687
1726143778306.1694,-0.99279785156,0.28173828125,-0.19409179687
1726143778326.1584,-0.99279785156,0.28173828125,-0.19409179687
1726143778346.178,-0.99279785156,0.28173828125,-0.19409179687
1726143778366.045,-1.09411621093,0.31115722656,-0.20617675781
1726143778386.1863,-1.09411621093,0.31115722656,-0.20617675781
1726143778406.145,-1.09411621093,0.31115722656,-0.20617675781
1726143778426.195,-1.09411621093,0.31115722656,-0.20617675781
1726143778446.062,-1.02661132812,0.34155273437,-0.21496582031
1726143778466.1423,-1.02661132812,0.34155273437,-0.21496582031
1726143778486.1926,-1.02661132812,0.34155273437,-0.21496582031
1726143778506.1816,-1.02661132812,0.34155273437,-0.21496582031
1726143778526.018,-0.91809082031,0.33801269531,-0.21801757812
1726143778546.19,-0.91809082031,0.33801269531,-0.21801757812
1726143778566.1487,-0.91809082031,0.33801269531,-0.21801757812
1726143778586.1377,-0.91809082031,0.33801269531,-0.21801757812
1726143778606.0657,-0.89660644531,0.32385253906,-0.22045898437
1726143778626.1462,-0.89660644531,0.32385253906,-0.22045898437
1726143778646.1655,-0.89660644531,0.32385253906,-0.22045898437
1726143778666.1853,-0.89660644531,0.32385253906,-0.22045898437
1726143778686.0215,-0.85327148437,0.30578613281,-0.2373046875
1726143778706.1328,-0.85327148437,0.30578613281,-0.2373046875
1726143778726.1523,-0.85327148437,0.30578613281,-0.2373046875
1726143778746.141,-0.85327148437,0.30578613281,-0.2373046875
1726143778766.0388,-0.8486328125,0.3046875,-0.26489257812
1726143778786.15,-0.8486328125,0.3046875,-0.26489257812
1726143778806.139,-0.8486328125,0.3046875,-0.26489257812
1726143778826.1887,-0.8486328125,0.3046875,-0.26489257812
1726143778846.0251,-0.86120605468,0.328125,-0.30285644531
1726143778866.1365,-0.86120605468,0.328125,-0.30285644531
1726143778886.156,-0.86120605468,0.328125,-0.30285644531
1726143778906.1755,-0.86120605468,0.328125,-0.30285644531
1726143778926.0425,-0.92016601562,0.34423828125,-0.30383300781
1726143778946.1536,-0.92016601562,0.34423828125,-0.30383300781
1726143778966.1423,-0.92016601562,0.34423828125,-0.30383300781
1726143778986.1316,-0.92016601562,0.34423828125,-0.30383300781
1726143779006.0596,-1.0810546875,0.3798828125,-0.28344726562
1726143779026.1707,-1.0810546875,0.3798828125,-0.28344726562
1726143779046.1292,-1.0810546875,0.3798828125,-0.28344726562
1726143779066.1487,-1.0810546875,0.3798828125,-0.28344726562
1726143779086.0156,-1.07373046875,0.40075683593,-0.267578125
1726143779106.0046,-1.07373046875,0.40075683593,-0.267578125
1726143779126.1462,-1.07373046875,0.40075683593,-0.267578125
1726143779146.1353,-1.07373046875,0.40075683593,-0.267578125
1726143779166.002,-0.96398925781,0.37609863281,-0.22802734375
1726143779186.1436,-0.96398925781,0.37609863281,-0.22802734375
1726143779206.1328,-0.96398925781,0.37609863281,-0.22802734375
1726143779226.1218,-0.96398925781,0.37609863281,-0.22802734375
1726143779246.0193,-0.97326660156,0.34680175781,-0.18237304687
1726143779266.161,-0.97326660156,0.34680175781,-0.18237304687
1726143779286.1191,-0.97326660156,0.34680175781,-0.18237304687
1726143779306.1694,-0.97326660156,0.34680175781,-0.18237304687
1726143779326.0059,-0.94323730468,0.31018066406,-0.15698242187
1726143779346.1167,-0.94323730468,0.31018066406,-0.15698242187
1726143779366.1365,-0.94323730468,0.31018066406,-0.15698242187
1726143779386.156,-0.94323730468,0.31018066406,-0.15698242187
1726143779406.0227,-0.9208984375,0.2900390625,-0.15344238281
1726143779426.134,-0.9208984375,0.2900390625,-0.15344238281
1726143779446.123,-0.9208984375,0.2900390625,-0.15344238281
1726143779466.173,-0.9208984375,0.2900390625,-0.15344238281
1726143779486.0095,-0.91455078125,0.30883789062,-0.15808105468
1726143779506.1206,-0.91455078125,0.30883789062,-0.15808105468
1726143779526.14,-0.91455078125,0.30883789062,-0.15808105468
1726143779546.1292,-0.91455078125,0.30883789062,-0.15808105468
1726143779565.996,-0.92626953125,0.32800292968,-0.16540527343
1726143779586.1377,-0.92626953125,0.32800292968,-0.16540527343
1726143779606.1267,-0.92626953125,0.32800292968,-0.16540527343
1726143779626.1155,-0.92626953125,0.32800292968,-0.16540527343
1726143779646.0132,-1.02136230468,0.33374023437,-0.18969726562
1726143779666.1548,-1.02136230468,0.33374023437,-0.18969726562
1726143779686.1133,-1.02136230468,0.33374023437,-0.18969726562
1726143779706.163,-1.02136230468,0.33374023437,-0.18969726562
1726143779725.9995,-1.06884765625,0.34057617187,-0.21875
1726143779746.1108,-1.06884765625,0.34057617187,-0.21875
1726143779766.161,-1.06884765625,0.34057617187,-0.21875
1726143779786.15,-1.06884765625,0.34057617187,-0.21875
1726143779806.0168,-0.98571777343,0.3427734375,-0.23742675781
1726143779826.128,-0.98571777343,0.3427734375,-0.23742675781
1726143779846.1475,-0.98571777343,0.3427734375,-0.23742675781
1726143779866.106,-0.98571777343,0.3427734375,-0.23742675781
1726143779886.034,-0.93334960937,0.31665039062,-0.24829101562
1726143779906.1145,-0.93334960937,0.31665039062,-0.24829101562
1726143779926.1035,-0.93334960937,0.31665039062,-0.24829101562
1726143779946.123,-0.93334960937,0.31665039062,-0.24829101562
1726143779966.0205,-0.90478515625,0.275390625,-0.25231933593
1726143779986.1316,-0.90478515625,0.275390625,-0.25231933593
1726143780006.1206,-0.90478515625,0.275390625,-0.25231933593
1726143780026.14,-0.90478515625,0.275390625,-0.25231933593
1726143780045.9763,-0.8623046875,0.25817871093,-0.25415039062
1726143780066.1487,-0.8623046875,0.25817871093,-0.25415039062
1726143780086.1377,-0.8623046875,0.25817871093,-0.25415039062
1726143780106.1267,-0.8623046875,0.25817871093,-0.25415039062
1726143780126.024,-0.85498046875,0.28552246093,-0.26965332031
1726143780146.1353,-0.85498046875,0.28552246093,-0.26965332031
1726143780166.1243,-0.85498046875,0.28552246093,-0.26965332031
1726143780186.1133,-0.85498046875,0.28552246093,-0.26965332031
1726143780206.0107,-0.84216308593,0.32751464843,-0.29565429687
1726143780226.1218,-0.84216308593,0.32751464843,-0.29565429687
1726143780246.141,-0.84216308593,0.32751464843,-0.29565429687
1726143780266.1304,-0.84216308593,0.32751464843,-0.29565429687
1726143780285.9973,-0.88940429687,0.3564453125,-0.29528808593
1726143780306.1084,-0.88940429687,0.3564453125,-0.29528808593
1726143780326.128,-0.88940429687,0.3564453125,-0.29528808593
1726143780346.1167,-0.88940429687,0.3564453125,-0.29528808593
1726143780365.984,-1.09069824218,0.40759277343,-0.28051757812
1726143780386.0947,-1.09069824218,0.40759277343,-0.28051757812
1726143780406.1145,-1.09069824218,0.40759277343,-0.28051757812
1726143780426.1035,-1.09069824218,0.40759277343,-0.28051757812
1726143780446.0007,-1.11364746093,0.42199707031,-0.26416015625
1726143780466.112,-1.11364746093,0.42199707031,-0.26416015625
1726143780486.1316,-1.11364746093,0.42199707031,-0.26416015625
1726143780506.09,-1.11364746093,0.42199707031,-0.26416015625
1726143780526.018,-0.99621582031,0.39428710937,-0.25341796875
1726143780546.2207,-0.99621582031,0.39428710937,-0.25341796875
1726143780566.118,-0.99621582031,0.39428710937,-0.25341796875
1726143780586.1072,-0.99621582031,0.39428710937,-0.25341796875
1726143780605.974,-0.97790527343,0.357421875,-0.23803710937
1726143780626.1155,-0.97790527343,0.357421875,-0.23803710937
1726143780646.1047,-0.97790527343,0.357421875,-0.23803710937
1726143780666.0935,-0.97790527343,0.357421875,-0.23803710937
1726143780685.9607,-0.94421386718,0.30895996093,-0.20483398437
1726143780706.1023,-0.94421386718,0.30895996093,-0.20483398437
1726143780726.0913,-0.94421386718,0.30895996093,-0.20483398437
1726143780746.1108,-0.94421386718,0.30895996093,-0.20483398437
1726143780765.9775,-0.92346191406,0.30297851562,-0.18200683593
1726143780786.0889,-0.92346191406,0.30297851562,-0.18200683593
1726143780806.1084,-0.92346191406,0.30297851562,-0.18200683593
1726143780826.0974,-0.92346191406,0.30297851562,-0.18200683593
1726143780845.9644,-0.87255859375,0.31579589843,-0.18298339843
1726143780866.106,-0.87255859375,0.31579589843,-0.18298339843
1726143780886.0947,-0.87255859375,0.31579589843,-0.18298339843
1726143780906.084,-0.87255859375,0.31579589843,-0.18298339843
1726143780926.012,-0.98583984375,0.33752441406,-0.20520019531
1726143780946.0923,-0.98583984375,0.33752441406,-0.20520019531
1726143780966.0815,-0.98583984375,0.33752441406,-0.20520019531
1726143780986.101,-0.98583984375,0.33752441406,-0.20520019531
1726143781005.968,-1.02526855468,0.35180664062,-0.24047851562
1726143781026.079,-1.02526855468,0.35180664062,-0.24047851562
1726143781046.0986,-1.02526855468,0.35180664062,-0.24047851562
1726143781066.0876,-1.02526855468,0.35180664062,-0.24047851562
1726143781085.9543,-0.96228027343,0.36669921875,-0.27893066406
1726143781106.096,-0.96228027343,0.36669921875,-0.27893066406
1726143781126.0852,-0.96228027343,0.36669921875,-0.27893066406
1726143781146.1047,-0.96228027343,0.36669921875,-0.27893066406
1726143781165.9717,-0.94750976562,0.33410644531,-0.28332519531
1726143781186.0828,-0.94750976562,0.33410644531,-0.28332519531
1726143781206.0715,-0.94750976562,0.33410644531,-0.28332519531
1726143781226.0913,-0.94750976562,0.33410644531,-0.28332519531
1726143781245.9888,-0.91345214843,0.279296875,-0.26550292968
1726143781266.0999,-0.91345214843,0.279296875,-0.26550292968
1726143781286.0889,-0.91345214843,0.279296875,-0.26550292968
1726143781306.078,-0.91345214843,0.279296875,-0.26550292968
1726143781325.975,-0.86950683593,0.27868652343,-0.25402832031
1726143781346.0864,-0.86950683593,0.27868652343,-0.25402832031
1726143781366.0754,-0.86950683593,0.27868652343,-0.25402832031
1726143781386.0947,-0.86950683593,0.27868652343,-0.25402832031
1726143781405.962,-0.85729980468,0.30249023437,-0.27160644531
1726143781426.0728,-0.85729980468,0.30249023437,-0.27160644531
1726143781446.0923,-0.85729980468,0.30249023437,-0.27160644531
1726143781466.0815,-0.85729980468,0.30249023437,-0.27160644531
1726143781485.9485,-0.84228515625,0.33544921875,-0.30700683593
1726143781506.1206,-0.84228515625,0.33544921875,-0.30700683593
1726143781526.079,-0.84228515625,0.33544921875,-0.30700683593
1726143781546.068,-0.84228515625,0.33544921875,-0.30700683593
1726143781565.996,-0.88427734375,0.35498046875,-0.31201171875
1726143781586.1072,-0.88427734375,0.35498046875,-0.31201171875
1726143781606.0657,-0.88427734375,0.35498046875,-0.31201171875
1726143781626.0852,-0.88427734375,0.35498046875,-0.31201171875
1726143781645.952,-1.08203125,0.38391113281,-0.28515625
1726143781666.0632,-1.08203125,0.38391113281,-0.28515625
1726143781686.0828,-1.08203125,0.38391113281,-0.28515625
1726143781706.1023,-1.08203125,0.38391113281,-0.28515625
1726143781725.9387,-1.10229492187,0.39208984375,-0.25903320312
1726143781746.0803,-1.10229492187,0.39208984375,-0.25903320312
1726143781766.069,-1.10229492187,0.39208984375,-0.25903320312
1726143781786.0583,-1.10229492187,0.39208984375,-0.25903320312
1726143781805.9558,-0.98876953125,0.38342285156,-0.24060058593
1726143781826.067,-0.98876953125,0.38342285156,-0.24060058593
1726143781846.056,-0.98876953125,0.38342285156,-0.24060058593
1726143781866.0754,-0.98876953125,0.38342285156,-0.24060058593
1726143781885.973,-1.00256347656,0.38879394531,-0.23620605468
1726143781906.084,-1.00256347656,0.38879394531,-0.23620605468
1726143781926.0728,-1.00256347656,0.38879394531,-0.23620605468
1726143781946.062,-1.00256347656,0.38879394531,-0.23620605468
1726143781965.9595,-0.95581054687,0.365234375,-0.2529296875
1726143781986.0703,-0.95581054687,0.365234375,-0.2529296875
1726143782006.09,-0.95581054687,0.365234375,-0.2529296875
1726143782026.079,-0.95581054687,0.365234375,-0.2529296875
1726143782045.9763,-0.90075683593,0.35424804687,-0.26696777343
1726143782066.0571,-0.90075683593,0.35424804687,-0.26696777343
1726143782086.1072,-0.90075683593,0.35424804687,-0.26696777343
1726143782106.0657,-0.90075683593,0.35424804687,-0.26696777343
1726143782125.9326,-0.85620117187,0.37841796875,-0.271484375
1726143782146.1047,-0.85620117187,0.37841796875,-0.271484375
1726143782166.0632,-0.85620117187,0.37841796875,-0.271484375
1726143782186.0828,-0.85620117187,0.37841796875,-0.271484375
1726143782205.9497,-0.85009765625,0.39587402343,-0.26306152343
1726143782226.0608,-0.85009765625,0.39587402343,-0.26306152343
1726143782246.0803,-0.85009765625,0.39587402343,-0.26306152343
1726143782266.069,-0.85009765625,0.39587402343,-0.26306152343
1726143782285.9363,-0.90551757812,0.39770507812,-0.2529296875
1726143782306.078,-0.90551757812,0.39770507812,-0.2529296875
1726143782326.067,-0.90551757812,0.39770507812,-0.2529296875
1726143782346.056,-0.90551757812,0.39770507812,-0.2529296875
1726143782365.9229,-0.98559570312,0.38500976562,-0.25549316406
1726143782386.0645,-0.98559570312,0.38500976562,-0.25549316406
1726143782406.0535,-0.98559570312,0.38500976562,-0.25549316406
1726143782426.0425,-0.98559570312,0.38500976562,-0.25549316406
1726143782445.94,-0.9375,0.3759765625,-0.23791503906
1726143782466.0815,-0.9375,0.3759765625,-0.23791503906
1726143782486.04,-0.9375,0.3759765625,-0.23791503906
1726143782506.0596,-0.9375,0.3759765625,-0.23791503906
1726143782525.957,-0.88269042968,0.35827636718,-0.24743652343
1726143782546.0376,-0.88269042968,0.35827636718,-0.24743652343
1726143782566.0571,-0.88269042968,0.35827636718,-0.24743652343
1726143782586.046,-0.88269042968,0.35827636718,-0.24743652343
1726143782605.913,-0.91247558593,0.34265136718,-0.27697753906
1726143782626.0852,-0.91247558593,0.34265136718,-0.27697753906
1726143782646.0742,-0.91247558593,0.34265136718,-0.27697753906
1726143782666.0632,-0.91247558593,0.34265136718,-0.27697753906
1726143782685.9607,-0.87316894531,0.34582519531,-0.27294921875
1726143782706.0715,-0.87316894531,0.34582519531,-0.27294921875
1726143782726.0608,-0.87316894531,0.34582519531,-0.27294921875
1726143782746.0498,-0.87316894531,0.34582519531,-0.27294921875
1726143782765.9473,-0.84436035156,0.34729003906,-0.2763671875
1726143782786.0583,-0.84436035156,0.34729003906,-0.2763671875
1726143782806.047,-0.84436035156,0.34729003906,-0.2763671875
1726143782826.0364,-0.84436035156,0.34729003906,-0.2763671875
1726143782845.9338,-0.83410644531,0.35949707031,-0.2998046875
1726143782866.045,-0.83410644531,0.35949707031,-0.2998046875
1726143782886.034,-0.83410644531,0.35949707031,-0.2998046875
1726143782906.0535,-0.83410644531,0.35949707031,-0.2998046875
1726143782925.9507,-0.88452148437,0.37976074218,-0.31909179687
1726143782946.0315,-0.88452148437,0.37976074218,-0.31909179687
1726143782966.051,-0.88452148437,0.37976074218,-0.31909179687
1726143782986.04,-0.88452148437,0.37976074218,-0.31909179687
1726143783005.9067,-1.01550292968,0.4111328125,-0.30615234375
1726143783026.079,-1.01550292968,0.4111328125,-0.30615234375
1726143783046.0376,-1.01550292968,0.4111328125,-0.30615234375
1726143783066.0266,-1.01550292968,0.4111328125,-0.30615234375
1726143783085.924,-1.06396484375,0.43615722656,-0.27404785156
1726143783106.0657,-1.06396484375,0.43615722656,-0.27404785156
1726143783126.024,-1.06396484375,0.43615722656,-0.27404785156
1726143783146.0742,-1.06396484375,0.43615722656,-0.27404785156
1726143783165.9106,-1.02722167968,0.423828125,-0.24145507812
1726143783186.0522,-1.02722167968,0.423828125,-0.24145507812
1726143783206.0413,-1.02722167968,0.423828125,-0.24145507812
1726143783226.0303,-1.02722167968,0.423828125,-0.24145507812
1726143783245.9275,-1.02783203125,0.38989257812,-0.20422363281
1726143783266.0388,-1.02783203125,0.38989257812,-0.20422363281
1726143783286.0278,-1.02783203125,0.38989257812,-0.20422363281
1726143783306.047,-1.02783203125,0.38989257812,-0.20422363281
1726143783325.9143,-1.0166015625,0.35009765625,-0.17138671875
1726143783346.0251,-1.0166015625,0.35009765625,-0.17138671875
1726143783366.045,-1.0166015625,0.35009765625,-0.17138671875
1726143783386.034,-1.0166015625,0.35009765625,-0.17138671875
1726143783405.901,-0.95617675781,0.32531738281,-0.17578125
1726143783426.0425,-0.95617675781,0.32531738281,-0.17578125
1726143783446.062,-0.95617675781,0.32531738281,-0.17578125
1726143783466.0205,-0.95617675781,0.32531738281,-0.17578125
1726143783485.918,-0.88830566406,0.32006835937,-0.1923828125
1726143783506.029,-0.88830566406,0.32006835937,-0.1923828125
1726143783526.018,-0.88830566406,0.32006835937,-0.1923828125
1726143783546.0376,-0.88830566406,0.32006835937,-0.1923828125
1726143783565.9043,-0.84313964843,0.33325195312,-0.17626953125
1726143783586.0156,-0.84313964843,0.33325195312,-0.17626953125
1726143783606.0657,-0.84313964843,0.33325195312,-0.17626953125
1726143783626.024,-0.84313964843,0.33325195312,-0.17626953125
1726143783645.9216,-0.86999511718,0.34350585937,-0.18322753906
1726143783666.0327,-0.86999511718,0.34350585937,-0.18322753906
1726143783686.0215,-0.86999511718,0.34350585937,-0.18322753906
1726143783706.0413,-0.86999511718,0.34350585937,-0.18322753906
1726143783725.9082,-1.00036621093,0.35461425781,-0.21716308593
1726143783746.0193,-1.00036621093,0.35461425781,-0.21716308593
1726143783766.0388,-1.00036621093,0.35461425781,-0.21716308593
1726143783786.0278,-1.00036621093,0.35461425781,-0.21716308593
1726143783805.8948,-0.90051269531,0.39001464843,-0.24816894531
1726143783826.0364,-0.90051269531,0.39001464843,-0.24816894531
1726143783846.056,-0.90051269531,0.39001464843,-0.24816894531
1726143783866.0144,-0.90051269531,0.39001464843,-0.24816894531
1726143783885.881,-0.92919921875,0.36059570312,-0.26477050781
1726143783906.0227,-0.92919921875,0.36059570312,-0.26477050781
1726143783926.012,-0.92919921875,0.36059570312,-0.26477050781
1726143783946.0315,-0.92919921875,0.36059570312,-0.26477050781
1726143783965.9287,-0.88830566406,0.31665039062,-0.24963378906
1726143783986.04,-0.88830566406,0.31665039062,-0.24963378906
1726143784006.0596,-0.88830566406,0.31665039062,-0.24963378906
1726143784026.0483,-0.88830566406,0.31665039062,-0.24963378906
1726143784045.885,-0.86926269531,0.31701660156,-0.2529296875
1726143784066.0266,-0.86926269531,0.31701660156,-0.2529296875
1726143784086.0156,-0.86926269531,0.31701660156,-0.2529296875
1726143784106.0046,-0.86926269531,0.31701660156,-0.2529296875
1726143784125.902,-0.85717773437,0.34118652343,-0.28674316406
1726143784146.0132,-0.85717773437,0.34118652343,-0.28674316406
1726143784166.002,-0.85717773437,0.34118652343,-0.28674316406
1726143784186.0522,-0.85717773437,0.34118652343,-0.28674316406
1726143784205.8887,-0.87756347656,0.34826660156,-0.29736328125
1726143784225.9995,-0.87756347656,0.34826660156,-0.29736328125
1726143784246.0193,-0.87756347656,0.34826660156,-0.29736328125
1726143784266.0083,-0.87756347656,0.34826660156,-0.29736328125
1726143784285.9055,-1.02465820312,0.36828613281,-0.26477050781
1726143784306.047,-1.02465820312,0.36828613281,-0.26477050781
1726143784326.0059,-1.02465820312,0.36828613281,-0.26477050781
1726143784346.0251,-1.02465820312,0.36828613281,-0.26477050781
1726143784365.8923,-1.068359375,0.39416503906,-0.24328613281
1726143784386.034,-1.068359375,0.39416503906,-0.24328613281
1726143784405.9924,-1.068359375,0.39416503906,-0.24328613281
1726143784426.012,-1.068359375,0.39416503906,-0.24328613281
1726143784445.9094,-1.00317382812,0.39904785156,-0.23022460937
1726143784465.99,-1.00317382812,0.39904785156,-0.23022460937
1726143784486.04,-1.00317382812,0.39904785156,-0.23022460937
1726143784506.029,-1.00317382812,0.39904785156,-0.23022460937
1726143784525.8655,-1.00817871093,0.37634277343,-0.203125
1726143784546.007,-1.00817871093,0.37634277343,-0.203125
1726143784566.0266,-1.00817871093,0.37634277343,-0.203125
1726143784586.0156,-1.00817871093,0.37634277343,-0.203125
1726143784605.913,-0.97827148437,0.32397460937,-0.19262695312
1726143784625.9937,-0.97827148437,0.32397460937,-0.19262695312
1726143784646.0132,-0.97827148437,0.32397460937,-0.19262695312
1726143784666.0327,-0.97827148437,0.32397460937,-0.19262695312
1726143784685.8691,-0.92163085937,0.28186035156,-0.1826171875
1726143784706.0413,-0.92163085937,0.28186035156,-0.1826171875
1726143784726.0303,-0.92163085937,0.28186035156,-0.1826171875
1726143784745.9888,-0.92163085937,0.28186035156,-0.1826171875
1726143784765.8862,-0.88269042968,0.27368164062,-0.16955566406
1726143784786.0278,-0.88269042968,0.27368164062,-0.16955566406
1726143784805.9863,-0.88269042968,0.27368164062,-0.16955566406
1726143784826.0059,-0.88269042968,0.27368164062,-0.16955566406
1726143784845.8728,-0.91040039062,0.27404785156,-0.16442871093
1726143784865.984,-0.91040039062,0.27404785156,-0.16442871093
1726143784886.0034,-0.91040039062,0.27404785156,-0.16442871093
1726143784905.9924,-0.91040039062,0.27404785156,-0.16442871093
1726143784925.8591,-0.99829101562,0.29711914062,-0.16943359375
1726143784946.0007,-0.99829101562,0.29711914062,-0.16943359375
1726143784965.99,-0.99829101562,0.29711914062,-0.16943359375
1726143784985.979,-0.99829101562,0.29711914062,-0.16943359375
1726143785005.9067,-1.02783203125,0.32983398437,-0.19995117187
1726143785025.9875,-1.02783203125,0.32983398437,-0.19995117187
1726143785045.9763,-1.02783203125,0.32983398437,-0.19995117187
1726143785065.996,-1.02783203125,0.32983398437,-0.19995117187
1726143785085.8936,-0.98217773437,0.33984375,-0.2412109375
1726143785106.0046,-0.98217773437,0.33984375,-0.2412109375
1726143785125.9937,-0.98217773437,0.33984375,-0.2412109375
1726143785145.9827,-0.98217773437,0.33984375,-0.2412109375
1726143785165.88,-0.96618652343,0.33203125,-0.2490234375
1726143785185.8691,-0.96618652343,0.33203125,-0.2490234375
1726143785205.9802,-0.96618652343,0.33203125,-0.2490234375
1726143785225.9995,-0.96618652343,0.33203125,-0.2490234375
1726143785245.8972,-0.94091796875,0.31274414062,-0.24743652343
1726143785265.9775,-0.94091796875,0.31274414062,-0.24743652343
1726143785285.9973,-0.94091796875,0.31274414062,-0.24743652343
1726143785305.9863,-0.94091796875,0.31274414062,-0.24743652343
1726143785325.8835,-0.88647460937,0.30261230468,-0.25500488281
1726143785345.9949,-0.88647460937,0.30261230468,-0.25500488281
1726143785366.0144,-0.88647460937,0.30261230468,-0.25500488281
1726143785385.973,-0.88647460937,0.30261230468,-0.25500488281
1726143785405.901,-0.8662109375,0.31677246093,-0.27001953125
1726143785425.9814,-0.8662109375,0.31677246093,-0.27001953125
1726143785445.9705,-0.8662109375,0.31677246093,-0.27001953125
1726143785465.99,-0.8662109375,0.31677246093,-0.27001953125
1726143785485.8875,-0.86413574218,0.32849121093,-0.29895019531
1726143785505.9983,-0.86413574218,0.32849121093,-0.29895019531
1726143785525.9875,-0.86413574218,0.32849121093,-0.29895019531
1726143785546.007,-0.86413574218,0.32849121093,-0.29895019531
1726143785565.874,-0.90795898437,0.33190917968,-0.30712890625
1726143785585.985,-0.90795898437,0.33190917968,-0.30712890625
1726143785605.974,-0.90795898437,0.33190917968,-0.30712890625
1726143785625.9631,-0.90795898437,0.33190917968,-0.30712890625
1726143785645.8604,-1.056640625,0.3564453125,-0.28393554687
1726143785665.9717,-1.056640625,0.3564453125,-0.28393554687
1726143785685.9607,-1.056640625,0.3564453125,-0.28393554687
1726143785705.9802,-1.056640625,0.3564453125,-0.28393554687
1726143785725.8472,-1.04565429687,0.36157226562,-0.25427246093
1726143785745.9583,-1.04565429687,0.36157226562,-0.25427246093
1726143785765.9775,-1.04565429687,0.36157226562,-0.25427246093
1726143785785.9668,-1.04565429687,0.36157226562,-0.25427246093
1726143785805.8643,-0.97387695312,0.3515625,-0.22180175781
1726143785825.975,-0.97387695312,0.3515625,-0.22180175781
1726143785845.9949,-0.97387695312,0.3515625,-0.22180175781
1726143785865.984,-0.97387695312,0.3515625,-0.22180175781
1726143785885.881,-1.01440429687,0.33642578125,-0.18994140625
1726143785905.9924,-1.01440429687,0.33642578125,-0.18994140625
1726143785926.012,-1.01440429687,0.33642578125,-0.18994140625
1726143785945.9705,-1.01440429687,0.33642578125,-0.18994140625
1726143785965.8374,-0.96545410156,0.30017089843,-0.19165039062
1726143785985.979,-0.96545410156,0.30017089843,-0.19165039062
1726143786005.9983,-0.96545410156,0.30017089843,-0.19165039062
1726143786025.957,-0.96545410156,0.30017089843,-0.19165039062
1726143786045.885,-0.92712402343,0.31140136718,-0.2509765625
1726143786065.9656,-0.92712402343,0.31140136718,-0.2509765625
1726143786085.985,-0.92712402343,0.31140136718,-0.2509765625
1726143786105.974,-0.92712402343,0.31140136718,-0.2509765625
1726143786125.8716,-0.89978027343,0.35107421875,-0.29626464843
1726143786145.952,-0.89978027343,0.35107421875,-0.29626464843
1726143786165.9717,-0.89978027343,0.35107421875,-0.29626464843
1726143786185.9607,-0.89978027343,0.35107421875,-0.29626464843
1726143786205.8276,-0.87878417968,0.38098144531,-0.29455566406
1726143786225.9692,-0.87878417968,0.38098144531,-0.29455566406
1726143786245.9888,-0.87878417968,0.38098144531,-0.29455566406
1726143786265.9473,-0.87878417968,0.38098144531,-0.29455566406
1726143786285.8447,-0.88146972656,0.39392089843,-0.28845214843
1726143786305.9558,-0.88146972656,0.39392089843,-0.28845214843
1726143786325.975,-0.88146972656,0.39392089843,-0.28845214843
1726143786345.9644,-0.88146972656,0.39392089843,-0.28845214843
1726143786365.8618,-0.97644042968,0.3916015625,-0.29187011718
1726143786385.9424,-0.97644042968,0.3916015625,-0.29187011718
1726143786405.962,-0.97644042968,0.3916015625,-0.29187011718
1726143786425.9507,-0.97644042968,0.3916015625,-0.29187011718
1726143786445.8484,-0.97387695312,0.38220214843,-0.28930664062
1726143786465.9595,-0.97387695312,0.38220214843,-0.28930664062
1726143786485.9485,-0.97387695312,0.38220214843,-0.28930664062
1726143786505.968,-0.97387695312,0.38220214843,-0.28930664062
1726143786525.8347,-0.90600585937,0.37683105468,-0.26831054687
1726143786545.946,-0.90600585937,0.37683105468,-0.26831054687
1726143786565.996,-0.90600585937,0.37683105468,-0.26831054687
1726143786585.985,-0.90600585937,0.37683105468,-0.26831054687
1726143786605.8215,-0.900390625,0.36486816406,-0.25744628906
1726143786625.9631,-0.900390625,0.36486816406,-0.25744628906
1726143786645.952,-0.900390625,0.36486816406,-0.25744628906
1726143786665.9412,-0.900390625,0.36486816406,-0.25744628906
1726143786685.8386,-0.83703613281,0.32800292968,-0.25842285156
1726143786705.9497,-0.83703613281,0.32800292968,-0.25842285156
1726143786725.9387,-0.83703613281,0.32800292968,-0.25842285156
1726143786745.9583,-0.83703613281,0.32800292968,-0.25842285156
1726143786765.8557,-0.85778808593,0.35461425781,-0.28930664062
1726143786785.9363,-0.85778808593,0.35461425781,-0.28930664062
1726143786805.9558,-0.85778808593,0.35461425781,-0.28930664062
1726143786825.9448,-0.85778808593,0.35461425781,-0.28930664062
1726143786845.8115,-0.91650390625,0.384765625,-0.30688476562
1726143786865.9531,-0.91650390625,0.384765625,-0.30688476562
1726143786885.9424,-0.91650390625,0.384765625,-0.30688476562
1726143786905.962,-0.91650390625,0.384765625,-0.30688476562
1726143786925.8289,-1.03869628906,0.42077636718,-0.28698730468
1726143786945.94,-1.03869628906,0.42077636718,-0.28698730468
1726143786965.9287,-1.03869628906,0.42077636718,-0.28698730468
1726143786985.9485,-1.03869628906,0.42077636718,-0.28698730468
1726143787005.8154,-1.08947753906,0.44787597656,-0.25671386718
1726143787025.9265,-1.08947753906,0.44787597656,-0.25671386718
1726143787045.946,-1.08947753906,0.44787597656,-0.25671386718
1726143787065.935,-1.08947753906,0.44787597656,-0.25671386718
1726143787085.802,-1.0234375,0.45642089843,-0.24060058593
1726143787105.9436,-1.0234375,0.45642089843,-0.24060058593
1726143787125.9326,-1.0234375,0.45642089843,-0.24060058593
1726143787145.9827,-1.0234375,0.45642089843,-0.24060058593
1726143787165.819,-0.98120117187,0.43322753906,-0.22265625
1726143787185.93,-0.98120117187,0.43322753906,-0.22265625
1726143787205.9497,-0.98120117187,0.43322753906,-0.22265625
1726143787225.9692,-0.98120117187,0.43322753906,-0.22265625
1726143787245.836,-0.98864746093,0.3818359375,-0.1923828125
1726143787265.9473,-0.98864746093,0.3818359375,-0.1923828125
1726143787285.9668,-0.98864746093,0.3818359375,-0.1923828125
1726143787305.9253,-0.98864746093,0.3818359375,-0.1923828125
1726143787325.8533,-0.98583984375,0.3212890625,-0.15747070312
1726143787345.9338,-0.98583984375,0.3212890625,-0.15747070312
1726143787365.9531,-0.98583984375,0.3212890625,-0.15747070312
1726143787385.9424,-0.98583984375,0.3212890625,-0.15747070312
1726143787405.809,-0.96057128906,0.29211425781,-0.14331054687
1726143787425.9507,-0.96057128906,0.29211425781,-0.14331054687
1726143787445.9705,-0.96057128906,0.29211425781,-0.14331054687
1726143787465.9595,-0.96057128906,0.29211425781,-0.14331054687
1726143787485.796,-0.91223144531,0.29931640625,-0.15222167968
1726143787505.9375,-0.91223144531,0.29931640625,-0.15222167968
1726143787525.9265,-0.91223144531,0.29931640625,-0.15222167968
1726143787545.9155,-0.91223144531,0.29931640625,-0.15222167968
1726143787565.8127,-0.91162109375,0.30786132812,-0.17626953125
1726143787585.924,-0.91162109375,0.30786132812,-0.17626953125
1726143787605.9436,-0.91162109375,0.30786132812,-0.17626953125
1726143787625.9326,-0.91162109375,0.30786132812,-0.17626953125
1726143787645.83,-1.01354980468,0.31713867187,-0.2041015625
1726143787665.9106,-1.01354980468,0.31713867187,-0.2041015625
1726143787685.93,-1.01354980468,0.31713867187,-0.2041015625
1726143787705.9192,-1.01354980468,0.31713867187,-0.2041015625
1726143787725.8167,-0.9912109375,0.32873535156,-0.23376464843
1726143787745.9275,-0.9912109375,0.32873535156,-0.23376464843
1726143787765.9167,-0.9912109375,0.32873535156,-0.23376464843
1726143787785.9668,-0.9912109375,0.32873535156,-0.23376464843
1726143787805.8335,-0.92443847656,0.34143066406,-0.27783203125
1726143787825.9143,-0.92443847656,0.34143066406,-0.27783203125
1726143787845.9338,-0.92443847656,0.34143066406,-0.27783203125
1726143787865.9229,-0.92443847656,0.34143066406,-0.27783203125
1726143787885.8203,-0.92260742187,0.32543945312,-0.28796386718
1726143787905.962,-0.92260742187,0.32543945312,-0.28796386718
1726143787925.9507,-0.92260742187,0.32543945312,-0.28796386718
1726143787945.9094,-0.92260742187,0.32543945312,-0.28796386718
1726143787965.807,-0.86010742187,0.28356933593,-0.26245117187
1726143787985.918,-0.86010742187,0.28356933593,-0.26245117187
1726143788005.9067,-0.86010742187,0.28356933593,-0.26245117187
1726143788025.9265,-0.86010742187,0.28356933593,-0.26245117187
1726143788045.824,-0.84777832031,0.28283691406,-0.2578125
1726143788065.9043,-0.84777832031,0.28283691406,-0.2578125
1726143788085.9543,-0.84777832031,0.28283691406,-0.2578125
1726143788105.913,-0.84777832031,0.28283691406,-0.2578125
1726143788125.78,-0.85546875,0.3095703125,-0.27966308593
1726143788145.9216,-0.85546875,0.3095703125,-0.27966308593
1726143788165.9106,-0.85546875,0.3095703125,-0.27966308593
1726143788185.8997,-0.85546875,0.3095703125,-0.27966308593
1726143788205.797,-0.89660644531,0.34289550781,-0.29614257812
1726143788225.9082,-0.89660644531,0.34289550781,-0.29614257812
1726143788245.8972,-0.89660644531,0.34289550781,-0.29614257812
1726143788265.9473,-0.89660644531,0.34289550781,-0.29614257812
1726143788285.7837,-1.03051757812,0.38562011718,-0.27880859375
1726143788305.8948,-1.03051757812,0.38562011718,-0.27880859375
1726143788325.9143,-1.03051757812,0.38562011718,-0.27880859375
1726143788345.9033,-1.03051757812,0.38562011718,-0.27880859375
1726143788365.7703,-1.09704589843,0.41271972656,-0.25085449218
1726143788385.9119,-1.09704589843,0.41271972656,-0.25085449218
1726143788405.901,-1.09704589843,0.41271972656,-0.25085449218
1726143788425.9204,-1.09704589843,0.41271972656,-0.25085449218
1726143788445.8179,-1.00622558593,0.41076660156,-0.23583984375
1726143788465.8984,-1.00622558593,0.41076660156,-0.23583984375
1726143788485.918,-1.00622558593,0.41076660156,-0.23583984375
1726143788505.9375,-1.00622558593,0.41076660156,-0.23583984375
1726143788525.8044,-0.96374511718,0.3974609375,-0.208984375
1726143788545.9155,-0.96374511718,0.3974609375,-0.208984375
1726143788565.9043,-0.96374511718,0.3974609375,-0.208984375
1726143788585.8936,-0.96374511718,0.3974609375,-0.208984375
1726143788605.8215,-0.98571777343,0.36303710937,-0.16931152343
1726143788625.9326,-0.98571777343,0.36303710937,-0.16931152343
1726143788645.891,-0.98571777343,0.36303710937,-0.16931152343
1726143788665.9106,-0.98571777343,0.36303710937,-0.16931152343
1726143788685.7776,-0.96044921875,0.31469726562,-0.13940429687
1726143788705.8887,-0.96044921875,0.31469726562,-0.13940429687
1726143788725.9082,-0.96044921875,0.31469726562,-0.13940429687
1726143788745.8972,-0.96044921875,0.31469726562,-0.13940429687
1726143788765.7947,-0.91845703125,0.28588867187,-0.12231445312
1726143788785.9363,-0.91845703125,0.28588867187,-0.12231445312
1726143788805.8948,-0.91845703125,0.28588867187,-0.12231445312
1726143788825.8835,-0.91845703125,0.28588867187,-0.12231445312
1726143788845.8115,-0.91979980468,0.27770996093,-0.11950683593
1726143788865.8923,-0.91979980468,0.27770996093,-0.11950683593
1726143788885.9119,-0.91979980468,0.27770996093,-0.11950683593
1726143788905.9312,-0.91979980468,0.27770996093,-0.11950683593
1726143788925.7983,-0.99536132812,0.28942871093,-0.14538574218
1726143788945.879,-0.99536132812,0.28942871093,-0.14538574218
1726143788965.8984,-0.99536132812,0.28942871093,-0.14538574218
1726143788985.8875,-0.99536132812,0.28942871093,-0.14538574218
1726143789005.7544,-1.06091308593,0.32006835937,-0.19287109375
1726143789025.896,-1.06091308593,0.32006835937,-0.19287109375
1726143789045.885,-1.06091308593,0.32006835937,-0.19287109375
1726143789065.9043,-1.06091308593,0.32006835937,-0.19287109375
1726143789085.802,-1.01843261718,0.34045410156,-0.24523925781
1726143789105.913,-1.01843261718,0.34045410156,-0.24523925781
1726143789125.902,-1.01843261718,0.34045410156,-0.24523925781
1726143789145.891,-1.01843261718,0.34045410156,-0.24523925781
1726143789165.758,-0.97155761718,0.33227539062,-0.28015136718
1726143789185.93,-0.97155761718,0.33227539062,-0.28015136718
1726143789205.8887,-0.97155761718,0.33227539062,-0.28015136718
1726143789225.8777,-0.97155761718,0.33227539062,-0.28015136718
1726143789245.8057,-0.93505859375,0.31591796875,-0.2890625
1726143789265.8862,-0.93505859375,0.31591796875,-0.2890625
1726143789285.8752,-0.93505859375,0.31591796875,-0.2890625
1726143789305.8948,-0.93505859375,0.31591796875,-0.2890625
1726143789325.7922,-0.85144042968,0.30004882812,-0.2890625
1726143789345.8728,-0.85144042968,0.30004882812,-0.2890625
1726143789365.8923,-0.85144042968,0.30004882812,-0.2890625
1726143789385.9119,-0.85144042968,0.30004882812,-0.2890625
1726143789405.7788,-0.80615234375,0.298828125,-0.30053710937
1726143789425.89,-0.80615234375,0.298828125,-0.30053710937
1726143789445.879,-0.80615234375,0.298828125,-0.30053710937
1726143789465.8984,-0.80615234375,0.298828125,-0.30053710937
1726143789485.796,-0.83190917968,0.3056640625,-0.31518554687
1726143789505.8765,-0.83190917968,0.3056640625,-0.31518554687
1726143789525.8655,-0.83190917968,0.3056640625,-0.31518554687
1726143789545.885,-0.83190917968,0.3056640625,-0.31518554687
1726143789565.752,-0.90954589843,0.32751464843,-0.28625488281
1726143789585.863,-0.90954589843,0.32751464843,-0.28625488281
1726143789605.8823,-0.90954589843,0.32751464843,-0.28625488281
1726143789625.8716,-0.90954589843,0.32751464843,-0.28625488281
1726143789645.7383,-1.06677246093,0.39538574218,-0.25329589843
1726143789665.88,-1.06677246093,0.39538574218,-0.25329589843
1726143789685.8997,-1.06677246093,0.39538574218,-0.25329589843
1726143789705.9192,-1.06677246093,0.39538574218,-0.25329589843
1726143789725.7556,-0.97436523437,0.40588378906,-0.23071289062
1726143789745.8667,-0.97436523437,0.40588378906,-0.23071289062
1726143789765.8862,-0.97436523437,0.40588378906,-0.23071289062
1726143789785.9055,-0.97436523437,0.40588378906,-0.23071289062
1726143789805.742,-0.9384765625,0.40661621093,-0.23571777343
1726143789825.9143,-0.9384765625,0.40661621093,-0.23571777343
1726143789845.8728,-0.9384765625,0.40661621093,-0.23571777343
1726143789865.8618,-0.9384765625,0.40661621093,-0.23571777343
1726143789885.7593,-0.89782714843,0.37145996093,-0.23400878906
1726143789905.8704,-0.89782714843,0.37145996093,-0.23400878906
1726143789925.8591,-0.89782714843,0.37145996093,-0.23400878906
1726143789945.879,-0.89782714843,0.37145996093,-0.23400878906
1726143789965.7458,-0.89135742187,0.33325195312,-0.22998046875
1726143789985.8567,-0.89135742187,0.33325195312,-0.22998046875
1726143790005.8765,-0.89135742187,0.33325195312,-0.22998046875
1726143790025.8655,-0.89135742187,0.33325195312,-0.22998046875
1726143790045.7324,-0.88623046875,0.31225585937,-0.234375
1726143790065.874,-0.88623046875,0.31225585937,-0.234375
1726143790085.863,-0.88623046875,0.31225585937,-0.234375
1726143790105.852,-0.88623046875,0.31225585937,-0.234375
1726143790125.78,-0.92456054687,0.30554199218,-0.24682617187
1726143790145.891,-0.92456054687,0.30554199218,-0.24682617187
1726143790165.8496,-0.92456054687,0.30554199218,-0.24682617187
1726143790185.8691,-0.92456054687,0.30554199218,-0.24682617187
1726143790205.7666,-1.05603027343,0.32019042968,-0.25061035156
1726143790225.8472,-1.05603027343,0.32019042968,-0.25061035156
1726143790245.8972,-1.05603027343,0.32019042968,-0.25061035156
1726143790265.8557,-1.05603027343,0.32019042968,-0.25061035156
1726143790285.7227,-1.01306152343,0.31860351562,-0.23767089843
1726143790305.8643,-1.01306152343,0.31860351562,-0.23767089843
1726143790325.8533,-1.01306152343,0.31860351562,-0.23767089843
1726143790345.8728,-1.01306152343,0.31860351562,-0.23767089843
1726143790365.7395,-0.91174316406,0.2939453125,-0.2265625
1726143790385.9119,-0.91174316406,0.2939453125,-0.2265625
1726143790405.901,-0.91174316406,0.2939453125,-0.2265625
1726143790425.89,-0.91174316406,0.2939453125,-0.2265625
1726143790445.7263,-0.92077636718,0.28247070312,-0.23901367187
1726143790465.868,-0.92077636718,0.28247070312,-0.23901367187
1726143790485.8567,-0.92077636718,0.28247070312,-0.23901367187
1726143790505.846,-0.92077636718,0.28247070312,-0.23901367187
1726143790525.7434,-0.88745117187,0.27294921875,-0.25744628906
1726143790545.8545,-0.88745117187,0.27294921875,-0.25744628906
1726143790565.8435,-0.88745117187,0.27294921875,-0.25744628906
1726143790585.863,-0.88745117187,0.27294921875,-0.25744628906
1726143790605.7605,-0.88024902343,0.30297851562,-0.27954101562
1726143790625.8716,-0.88024902343,0.30297851562,-0.27954101562
1726143790645.8604,-0.88024902343,0.30297851562,-0.27954101562
1726143790665.8496,-0.88024902343,0.30297851562,-0.27954101562
1726143790685.7163,-0.86120605468,0.34289550781,-0.31799316406
1726143790705.858,-0.86120605468,0.34289550781,-0.31799316406
1726143790725.8472,-0.86120605468,0.34289550781,-0.31799316406
1726143790745.836,-0.86120605468,0.34289550781,-0.31799316406
1726143790765.7336,-0.89514160156,0.3583984375,-0.33581542968
1726143790785.8447,-0.89514160156,0.3583984375,-0.33581542968
1726143790805.8335,-0.89514160156,0.3583984375,-0.33581542968
1726143790825.8533,-0.89514160156,0.3583984375,-0.33581542968
1726143790845.7202,-1.07153320312,0.39172363281,-0.31604003906
1726143790865.8313,-1.07153320312,0.39172363281,-0.31604003906
1726143790885.8508,-1.07153320312,0.39172363281,-0.31604003906
1726143790905.8398,-1.07153320312,0.39172363281,-0.31604003906
1726143790925.7068,-1.09326171875,0.40625,-0.28076171875
1726143790945.8484,-1.09326171875,0.40625,-0.28076171875
1726143790965.8374,-1.09326171875,0.40625,-0.28076171875
1726143790985.8875,-1.09326171875,0.40625,-0.28076171875
1726143791005.7544,-1.01062011718,0.38696289062,-0.24865722656
1726143791025.8347,-1.01062011718,0.38696289062,-0.24865722656
1726143791045.8545,-1.01062011718,0.38696289062,-0.24865722656
1726143791065.874,-1.01062011718,0.38696289062,-0.24865722656
1726143791085.7407,-1.01171875,0.37060546875,-0.21911621093
1726143791105.852,-1.01171875,0.37060546875,-0.21911621093
1726143791125.841,-1.01171875,0.37060546875,-0.21911621093
1726143791145.8604,-1.01171875,0.37060546875,-0.21911621093
1726143791165.7275,-0.97155761718,0.34948730468,-0.18969726562
1726143791185.8386,-0.97155761718,0.34948730468,-0.18969726562
1726143791205.858,-0.97155761718,0.34948730468,-0.18969726562
1726143791225.8472,-0.97155761718,0.34948730468,-0.18969726562
1726143791245.714,-0.93310546875,0.3271484375,-0.17700195312
1726143791265.8252,-0.93310546875,0.3271484375,-0.17700195312
1726143791285.7532,-0.93310546875,0.3271484375,-0.17700195312
1726143791305.8335,-0.93310546875,0.3271484375,-0.17700195312
1726143791325.7312,-0.88696289062,0.30627441406,-0.19091796875
1726143791345.8728,-0.88696289062,0.30627441406,-0.19091796875
1726143791365.8618,-0.88696289062,0.30627441406,-0.19091796875
1726143791385.8203,-0.88696289062,0.30627441406,-0.19091796875
1726143791405.7483,-0.89672851562,0.30383300781,-0.20788574218
1726143791425.8289,-0.89672851562,0.30383300781,-0.20788574218
1726143791445.8179,-0.89672851562,0.30383300781,-0.20788574218
1726143791465.8374,-0.89672851562,0.30383300781,-0.20788574218
1726143791485.7043,-0.96801757812,0.30798339843,-0.22827148437
1726143791505.846,-0.96801757812,0.30798339843,-0.22827148437
1726143791525.8655,-0.96801757812,0.30798339843,-0.22827148437
1726143791545.824,-0.96801757812,0.30798339843,-0.22827148437
1726143791565.7214,-1.01574707031,0.31921386718,-0.25439453125
1726143791585.8325,-1.01574707031,0.31921386718,-0.25439453125
1726143791605.852,-1.01574707031,0.31921386718,-0.25439453125
1726143791625.8716,-1.01574707031,0.31921386718,-0.25439453125
1726143791645.7383,-1.01416015625,0.34631347656,-0.26037597656
1726143791665.8496,-1.01416015625,0.34631347656,-0.26037597656
1726143791685.8386,-1.01416015625,0.34631347656,-0.26037597656
1726143791705.858,-1.01416015625,0.34631347656,-0.26037597656
1726143791725.6943,-0.99353027343,0.35803222656,-0.23706054687
1726143791745.836,-0.99353027343,0.35803222656,-0.23706054687
1726143791765.8252,-0.99353027343,0.35803222656,-0.23706054687
1726143791785.8142,-0.99353027343,0.35803222656,-0.23706054687
1726143791805.7117,-0.94958496093,0.3603515625,-0.22827148437
1726143791825.8228,-0.94958496093,0.3603515625,-0.22827148437
1726143791845.8115,-0.94958496093,0.3603515625,-0.22827148437
1726143791865.8313,-0.94958496093,0.3603515625,-0.22827148437
1726143791885.7288,-0.86340332031,0.35510253906,-0.25231933593
1726143791905.809,-0.86340332031,0.35510253906,-0.25231933593
1726143791925.8591,-0.86340332031,0.35510253906,-0.25231933593
1726143791945.8179,-0.86340332031,0.35510253906,-0.25231933593
1726143791965.6848,-0.81689453125,0.36938476562,-0.2958984375
1726143791985.8264,-0.81689453125,0.36938476562,-0.2958984375
1726143792005.8154,-0.81689453125,0.36938476562,-0.2958984375
1726143792025.8044,-0.81689453125,0.36938476562,-0.2958984375
1726143792045.702,-0.84729003906,0.38952636718,-0.32971191406
1726143792065.8435,-0.84729003906,0.38952636718,-0.32971191406
1726143792085.802,-0.84729003906,0.38952636718,-0.32971191406
1726143792105.8215,-0.84729003906,0.38952636718,-0.32971191406
1726143792125.7188,-0.90844726562,0.39270019531,-0.30908203125
1726143792145.7996,-0.90844726562,0.39270019531,-0.30908203125
1726143792165.8496,-0.90844726562,0.39270019531,-0.30908203125
1726143792185.8386,-0.90844726562,0.39270019531,-0.30908203125
1726143792205.675,-1.04016113281,0.42028808593,-0.27331542968
1726143792225.8167,-1.04016113281,0.42028808593,-0.27331542968
1726143792245.8057,-1.04016113281,0.42028808593,-0.27331542968
1726143792265.8252,-1.04016113281,0.42028808593,-0.27331542968
1726143792285.7227,-1.09851074218,0.44030761718,-0.244140625
1726143792305.8032,-1.09851074218,0.44030761718,-0.244140625
1726143792325.8228,-1.09851074218,0.44030761718,-0.244140625
1726143792345.8115,-1.09851074218,0.44030761718,-0.244140625
1726143792365.7092,-1.03491210937,0.40185546875,-0.21911621093
1726143792385.8203,-1.03491210937,0.40185546875,-0.21911621093
1726143792405.809,-1.03491210937,0.40185546875,-0.21911621093
1726143792425.7983,-1.03491210937,0.40185546875,-0.21911621093
1726143792445.6958,-0.982421875,0.33801269531,-0.20849609375
1726143792465.8374,-0.982421875,0.33801269531,-0.20849609375
1726143792485.8264,-0.982421875,0.33801269531,-0.20849609375
1726143792505.8154,-0.982421875,0.33801269531,-0.20849609375
1726143792525.6824,-0.88952636718,0.27758789062,-0.20227050781
1726143792545.7935,-0.88952636718,0.27758789062,-0.20227050781
1726143792565.8127,-0.88952636718,0.27758789062,-0.20227050781
1726143792585.8325,-0.88952636718,0.27758789062,-0.20227050781
1726143792605.6687,-0.86462402343,0.27282714843,-0.19958496093
1726143792625.8103,-0.86462402343,0.27282714843,-0.19958496093
1726143792645.83,-0.86462402343,0.27282714843,-0.19958496093
1726143792665.7883,-0.86462402343,0.27282714843,-0.19958496093
1726143792685.686,-0.8623046875,0.27990722656,-0.20458984375
1726143792705.797,-0.8623046875,0.27990722656,-0.20458984375
1726143792725.786,-0.8623046875,0.27990722656,-0.20458984375
1726143792745.8057,-0.8623046875,0.27990722656,-0.20458984375
1726143792765.6726,-0.99255371093,0.31970214843,-0.21105957031
1726143792785.7837,-0.99255371093,0.31970214843,-0.21105957031
1726143792805.8335,-0.99255371093,0.31970214843,-0.21105957031
1726143792825.7922,-0.99255371093,0.31970214843,-0.21105957031
1726143792845.6897,-1.02416992187,0.34338378906,-0.21411132812
1726143792865.8008,-1.02416992187,0.34338378906,-0.21411132812
1726143792885.7896,-1.02416992187,0.34338378906,-0.21411132812
1726143792905.8398,-1.02416992187,0.34729003906,-0.236328125
1726143792925.6763,-0.97326660156,0.34729003906,-0.236328125
1726143792945.787,-0.97326660156,0.34729003906,-0.236328125
1726143792965.807,-0.97326660156,0.34729003906,-0.236328125
1726143792985.8264,-0.97326660156,0.36047363281,-0.26440429687
1726143793005.6628,-0.9921875,0.36047363281,-0.26440429687
1726143793025.8044,-0.9921875,0.36047363281,-0.26440429687
1726143793045.824,-0.9921875,0.36047363281,-0.26440429687
1726143793065.7825,-0.9921875,0.36047363281,-0.26440429687
1726143793085.68,-0.91345214843,0.36767578125,-0.27551269531
1726143793105.791,-0.91345214843,0.36767578125,-0.27551269531
1726143793125.78,-0.91345214843,0.36767578125,-0.27551269531
1726143793145.7996,-0.91345214843,0.39086914062,-0.29931640625
1726143793165.697,-0.84338378906,0.39086914062,-0.29931640625
1726143793185.808,-0.84338378906,0.39086914062,-0.29931640625
1726143793205.8276,-0.84338378906,0.39086914062,-0.29931640625
1726143793225.786,-0.84338378906,0.39233398437,-0.33239746093
1726143793245.653,-0.80969238281,0.39233398437,-0.33239746093
1726143793265.8252,-0.80969238281,0.39233398437,-0.33239746093
1726143793285.7837,-0.80969238281,0.39233398437,-0.33239746093
1726143793305.7727,-0.80969238281,0.37731933593,-0.32275390625
1726143793325.67,-0.84716796875,0.37731933593,-0.32275390625
1726143793345.8115,-0.84716796875,0.37731933593,-0.32275390625
1726143793365.7703,-0.84716796875,0.37731933593,-0.32275390625
1726143793385.7896,-0.99487304687,0.39013671875,-0.26928710937
1726143793405.6567,-0.99487304687,0.39013671875,-0.26928710937
1726143793425.7678,-0.99487304687,0.39013671875,-0.26928710937
1726143793445.787,-0.99487304687,0.39013671875,-0.26928710937
1726143793465.7764,-1.03039550781,0.41271972656,-0.21838378906
1726143793485.6433,-1.03039550781,0.41271972656,-0.21838378906
1726143793505.785,-1.03039550781,0.41271972656,-0.21838378906
1726143793525.774,-1.03039550781,0.41271972656,-0.21838378906
1726143793545.7935,-1.02722167968,0.43786621093,-0.20910644531
1726143793565.691,-1.02722167968,0.43786621093,-0.20910644531
1726143793585.7715,-1.02722167968,0.43786621093,-0.20910644531
1726143793605.791,-1.02722167968,0.43786621093,-0.20910644531
1726143793625.78,-1.04235839843,0.39025878906,-0.21630859375
1726143793645.6467,-1.04235839843,0.39025878906,-0.21630859375
1726143793665.7883,-1.04235839843,0.39025878906,-0.21630859375
1726143793685.808,-1.04235839843,0.39025878906,-0.21630859375
1726143793705.797,-0.95153808593,0.32214355468,-0.22802734375
1726143793725.664,-0.95153808593,0.32214355468,-0.22802734375
1726143793745.7751,-0.95153808593,0.32214355468,-0.22802734375
1726143793765.764,-0.95153808593,0.32214355468,-0.22802734375
1726143793785.8142,-0.90185546875,0.29345703125,-0.23559570312
1726143793805.6506,-0.90185546875,0.29345703125,-0.23559570312
1726143793825.7617,-0.90185546875,0.29345703125,-0.23559570312
1726143793845.7812,-0.90185546875,0.29345703125,-0.23559570312
1726143793865.7703,-0.90881347656,0.26977539062,-0.22241210937
1726143793885.6675,-0.90881347656,0.26977539062,-0.22241210937
1726143793905.7788,-0.90881347656,0.26977539062,-0.22241210937
1726143793925.7678,-0.90881347656,0.26977539062,-0.22241210937
1726143793945.7568,-0.90795898437,0.26904296875,-0.21630859375
1726143793965.6848,-0.90795898437,0.26904296875,-0.21630859375
1726143793985.7651,-0.90795898437,0.26904296875,-0.21630859375
1726143794005.7544,-0.90795898437,0.26904296875,-0.21630859375
1726143794025.774,-0.98986816406,0.30419921875,-0.22375488281
1726143794045.6711,-0.98986816406,0.30419921875,-0.22375488281
1726143794065.752,-0.98986816406,0.30419921875,-0.22375488281
1726143794085.7715,-0.98986816406,0.30419921875,-0.22375488281
1726143794105.7605,-1.06872558593,0.34350585937,-0.24084472656
1726143794125.658,-1.06872558593,0.34350585937,-0.24084472656
1726143794145.769,-1.06872558593,0.34350585937,-0.24084472656
1726143794165.758,-1.06872558593,0.34350585937,-0.24084472656
1726143794185.8997,-1.04711914062,0.35876464843,-0.25720214843
1726143794205.675,-1.04711914062,0.35876464843,-0.25720214843
1726143794225.7556,-1.04711914062,0.35876464843,-0.25720214843
1726143794245.8057,-1.04711914062,0.35876464843,-0.25720214843
1726143794265.764,-0.97351074218,0.35021972656,-0.26171875
1726143794285.631,-0.97351074218,0.35021972656,-0.26171875
1726143794305.8032,-0.97351074218,0.35021972656,-0.26171875
1726143794325.7617,-0.97351074218,0.35021972656,-0.26171875
1726143794345.7507,-0.8662109375,0.33581542968,-0.27624511718
1726143794365.648,-0.8662109375,0.33581542968,-0.27624511718
1726143794385.7593,-0.8662109375,0.33581542968,-0.27624511718
1726143794405.7483,-0.8662109375,0.33581542968,-0.27624511718
1726143794425.7983,-0.81201171875,0.35717773437,-0.31640625
1726143794445.6653,-0.81201171875,0.35717773437,-0.31640625
1726143794465.7458,-0.81201171875,0.35717773437,-0.31640625
1726143794485.796,-0.81201171875,0.35717773437,-0.31640625
1726143794505.7544,-0.86901855468,0.37451171875,-0.35290527343
1726143794525.621,-0.86901855468,0.37451171875,-0.35290527343
1726143794545.7627,-0.86901855468,0.37451171875,-0.35290527343
1726143794565.752,-0.86901855468,0.37451171875,-0.35290527343
1726143794585.7407,-1.033203125,0.39819335937,-0.32824707031
1726143794605.6384,-1.033203125,0.39819335937,-0.32824707031
1726143794625.7495,-1.033203125,0.39819335937,-0.32824707031
1726143794645.769,-1.033203125,0.39819335937,-0.32824707031
1726143794665.758,-1.0576171875,0.41650390625,-0.27807617187
1726143794685.6555,-1.0576171875,0.41650390625,-0.27807617187
1726143794705.736,-1.0576171875,0.41650390625,-0.27807617187
1726143794725.7556,-1.0576171875,0.41650390625,-0.27807617187
1726143794745.7751,-1.00549316406,0.419921875,-0.23803710937
1726143794765.642,-1.00549316406,0.419921875,-0.23803710937
1726143794785.7837,-1.00549316406,0.419921875,-0.23803710937
1726143794805.742,-1.00549316406,0.419921875,-0.23803710937
1726143794825.7922,-1.02392578125,0.38916015625,-0.20275878906
1726143794845.6592,-1.02392578125,0.38916015625,-0.20275878906
1726143794865.7395,-1.02392578125,0.38916015625,-0.20275878906
1726143794885.7593,-1.02392578125,0.38916015625,-0.20275878906
1726143794905.7788,-0.98449707031,0.33312988281,-0.19763183593
1726143794925.6763,-0.98449707031,0.33312988281,-0.19763183593
1726143794945.7568,-0.98449707031,0.33312988281,-0.19763183593
1726143794965.7458,-0.98449707031,0.33312988281,-0.19763183593
1726143794985.7349,-0.92028808593,0.30480957031,-0.21618652343
1726143795005.6323,-0.92028808593,0.30480957031,-0.21618652343
1726143795025.7434,-0.92028808593,0.30480957031,-0.21618652343
1726143795045.7324,-0.92028808593,0.30480957031,-0.21618652343
1726143795065.752,-0.87573242187,0.2958984375,-0.23315429687
1726143795085.619,-0.87573242187,0.2958984375,-0.23315429687
1726143795105.73,-0.87573242187,0.2958984375,-0.23315429687
1726143795125.7495,-0.87573242187,0.2958984375,-0.23315429687
1726143795145.7383,-0.89465332031,0.30834960937,-0.24108886718
1726143795165.636,-0.89465332031,0.30834960937,-0.24108886718
1726143795185.747,-0.89465332031,0.30834960937,-0.24108886718
1726143795205.736,-0.89465332031,0.30834960937,-0.24108886718
1726143795225.7556,-1.00036621093,0.33813476562,-0.23645019531
1726143795245.6223,-1.00036621093,0.33813476562,-0.23645019531
1726143795265.764,-1.00036621093,0.33813476562,-0.23645019531
1726143795285.7227,-1.00036621093,0.33813476562,-0.23645019531
1726143795305.7727,-0.95275878906,0.36462402343,-0.23217773437
1726143795325.6091,-0.95275878906,0.36462402343,-0.23217773437
1726143795345.7507,-0.95275878906,0.36462402343,-0.23217773437
1726143795365.7395,-0.95275878906,0.36462402343,-0.23217773437
1726143795385.7288,-0.91381835937,0.36645507812,-0.24377441406
1726143795405.5957,-0.91381835937,0.36645507812,-0.24377441406
1726143795425.7373,-0.91381835937,0.36645507812,-0.24377441406
1726143795445.7568,-0.91381835937,0.36645507812,-0.24377441406
1726143795465.7458,-0.89831542968,0.30847167968,-0.28015136718
1726143795485.6433,-0.89831542968,0.30847167968,-0.28015136718
1726143795505.7239,-0.89831542968,0.30847167968,-0.28015136718
1726143795525.7434,-0.89831542968,0.30847167968,-0.28015136718
1726143795545.7324,-0.84265136718,0.32470703125,-0.29113769531
1726143795565.63,-0.84265136718,0.32470703125,-0.29113769531
1726143795585.7407,-0.84265136718,0.32470703125,-0.29113769531
1726143795605.73,-0.84265136718,0.32470703125,-0.29113769531
1726143795625.7188,-0.82702636718,0.34680175781,-0.32446289062
1726143795645.6467,-0.82702636718,0.34680175781,-0.32446289062
1726143795665.7275,-0.82702636718,0.34680175781,-0.32446289062
1726143795685.7163,-0.82702636718,0.34680175781,-0.32446289062
1726143795705.736,-0.86767578125,0.35607910156,-0.35144042968
1726143795725.603,-0.86767578125,0.35607910156,-0.35144042968
1726143795745.714,-0.86767578125,0.35607910156,-0.35144042968
1726143795765.7336,-0.86767578125,0.35607910156,-0.35144042968
1726143795785.7227,-1.02331542968,0.38024902343,-0.33264160156
1726143795805.5896,-1.02331542968,0.38024902343,-0.33264160156
1726143795825.7312,-1.02331542968,0.38024902343,-0.33264160156
1726143795845.7507,-1.02331542968,0.38024902343,-0.33264160156
1726143795865.7395,-1.05200195312,0.39782714843,-0.29479980468
1726143795885.6067,-1.05200195312,0.39782714843,-0.29479980468
1726143795905.7175,-1.05200195312,0.39782714843,-0.29479980468
1726143795925.7373,-1.05200195312,0.39782714843,-0.29479980468
1726143795945.7263,-0.99035644531,0.40283203125,-0.25415039062
1726143795965.5933,-0.99035644531,0.40283203125,-0.25415039062
1726143795985.7043,-0.99035644531,0.40283203125,-0.25415039062
1726143796005.7239,-0.99035644531,0.40283203125,-0.25415039062
1726143796025.713,-1.00329589843,0.40612792968,-0.21545410156
1726143796045.6104,-1.00329589843,0.40612792968,-0.21545410156
1726143796065.9043,-1.00329589843,0.40612792968,-0.21545410156
1726143796085.7104,-1.00329589843,0.40612792968,-0.21545410156
1726143796111.04,-0.96337890625,0.37231445312,-0.20678710937
1726143796125.6274,-0.96337890625,0.37231445312,-0.20678710937
1726143796145.708,-0.96337890625,0.37231445312,-0.20678710937
1726143796165.758,-0.96337890625,0.37231445312,-0.20678710937
1726143796191.0266,-0.90734863281,0.33984375,-0.21411132812
1726143796205.5835,-0.90734863281,0.33984375,-0.21411132812
1726143796225.7556,-0.90734863281,0.33984375,-0.21411132812
1726143796245.714,-0.90734863281,0.33984375,-0.21411132812
1726143796271.0132,-0.86547851562,0.34240722656,-0.21862792968
1726143796285.6003,-0.86547851562,0.34240722656,-0.21862792968
1726143796305.742,-0.86547851562,0.34240722656,-0.21862792968
1726143796325.7312,-0.86547851562,0.34240722656,-0.21862792968
1726143796351.0608,-0.86279296875,0.34985351562,-0.22705078125
1726143796365.5872,-0.86279296875,0.34985351562,-0.22705078125
1726143796385.6982,-0.86279296875,0.34985351562,-0.22705078125
1726143796405.7175,-0.86279296875,0.34985351562,-0.22705078125
1726143796431.0168,-0.93017578125,0.35754394531,-0.24865722656
1726143796445.5735,-0.93017578125,0.35754394531,-0.24865722656
1726143796465.715,-0.93017578125,0.35754394531,-0.24865722656
1726143796485.7043,-0.93017578125,0.35754394531,-0.24865722656
1726143796511.034,-1.06384277343,0.38720703125,-0.24523925781
1726143796525.5908,-1.06384277343,0.38720703125,-0.24523925781
1726143796545.702,-1.06384277343,0.38720703125,-0.24523925781
1726143796565.691,-1.06384277343,0.38720703125,-0.24523925781
1726143796591.0205,-1.02917480468,0.39892578125,-0.23315429687
1726143796605.5771,-1.02917480468,0.39892578125,-0.23315429687
1726143796625.6885,-1.02917480468,0.39892578125,-0.23315429687
1726143796645.708,-1.02917480468,0.39892578125,-0.23315429687
1726143796671.007,-0.95153808593,0.36474609375,-0.24108886718
1726143796685.564,-0.95153808593,0.36474609375,-0.24108886718
1726143796705.736,-0.95153808593,0.36474609375,-0.24108886718
1726143796725.725,-0.95153808593,0.36474609375,-0.24108886718
1726143796751.024,-0.94250488281,0.34362792968,-0.24475097656
1726143796765.581,-0.94250488281,0.34362792968,-0.24475097656
1726143796785.692,-0.94250488281,0.34362792968,-0.24475097656
1726143796805.7117,-0.94250488281,0.34362792968,-0.24475097656
1726143796831.0107,-0.86950683593,0.34313964843,-0.25073242187
1726143796845.5676,-0.86950683593,0.34313964843,-0.25073242187
1726143796865.7092,-0.86950683593,0.34313964843,-0.25073242187
1726143796885.6982,-0.86950683593,0.34313964843,-0.25073242187
1726143796910.9973,-0.86145019531,0.35961914062,-0.28051757812
1726143796925.5847,-0.86145019531,0.35961914062,-0.28051757812
1726143796945.6958,-0.86145019531,0.35961914062,-0.28051757812
1726143796965.6848,-0.86145019531,0.35961914062,-0.28051757812
1726143796991.0144,-0.85876464843,0.39538574218,-0.31433105468
1726143797005.5713,-0.85876464843,0.39538574218,-0.31433105468
1726143797025.6824,-0.85876464843,0.39538574218,-0.31433105468
1726143797045.702,-0.85876464843,0.39538574218,-0.31433105468
1726143797071.0315,-0.89294433593,0.40478515625,-0.31958007812
1726143797085.5884,-0.89294433593,0.40478515625,-0.31958007812
1726143797105.6995,-0.89294433593,0.40478515625,-0.31958007812
1726143797125.7188,-0.89294433593,0.40478515625,-0.31958007812
1726143797150.9875,-1.07885742187,0.423828125,-0.29077148437
1726143797165.6055,-1.07885742187,0.423828125,-0.29077148437
1726143797185.686,-1.07885742187,0.423828125,-0.29077148437
1726143797205.7056,-1.07885742187,0.423828125,-0.29077148437
1726143797231.0046,-1.07067871093,0.4326171875,-0.25024414062
1726143797245.592,-1.07067871093,0.4326171875,-0.25024414062
1726143797265.6726,-1.07067871093,0.4326171875,-0.25024414062
1726143797285.7227,-1.07067871093,0.4326171875,-0.25024414062
1726143797310.9912,-0.96984863281,0.40869140625,-0.22924804687
1726143797328.5388,-0.96984863281,0.40869140625,-0.22924804687
1726143797345.598,-0.96984863281,0.40869140625,-0.22924804687
1726143797365.6787,-0.96984863281,0.40869140625,-0.22924804687
1726143797391.0388,-1.00524902343,0.3662109375,-0.20178222656
1726143797405.5652,-1.00524902343,0.3662109375,-0.20178222656
1726143797425.6763,-1.00524902343,0.3662109375,-0.20178222656
1726143797445.7263,-1.00524902343,0.3662109375,-0.20178222656
1726143797470.9949,-0.97375488281,0.3056640625,-0.17114257812
1726143797485.5823,-0.97375488281,0.3056640625,-0.17114257812
1726143797505.693,-0.97375488281,0.3056640625,-0.17114257812
1726143797525.6824,-0.97375488281,0.3056640625,-0.17114257812
1726143797550.9814,-0.9267578125,0.27648925781,-0.16735839843
1726143797565.5688,-0.9267578125,0.27648925781,-0.16735839843
1726143797585.68,-0.9267578125,0.27648925781,-0.16735839843
1726143797605.6995,-0.9267578125,0.27648925781,-0.16735839843
1726143797630.9983,-0.8798828125,0.29833984375,-0.17712402343
1726143797645.5554,-0.8798828125,0.29833984375,-0.17712402343
1726143797665.6665,-0.8798828125,0.29833984375,-0.17712402343
1726143797685.686,-0.8798828125,0.29833984375,-0.17712402343
1726143797710.985,-0.90380859375,0.32092285156,-0.19934082031
1726143797725.542,-0.90380859375,0.32092285156,-0.19934082031
1726143797745.6836,-0.90380859375,0.32092285156,-0.19934082031
1726143797765.6726,-0.90380859375,0.32092285156,-0.19934082031
1726143797790.9717,-0.99633789062,0.32006835937,-0.23046875
1726143797805.5896,-0.99633789062,0.32006835937,-0.23046875
1726143797825.7007,-0.99633789062,0.32006835937,-0.23046875
1726143797845.6592,-0.99633789062,0.32006835937,-0.23046875
1726143797871.0193,-1.01965332031,0.31970214843,-0.24719238281
1726143797885.5457,-1.01965332031,0.31970214843,-0.24719238281
1726143797905.6567,-1.01965332031,0.31970214843,-0.24719238281
1726143797925.6763,-1.01965332031,0.31970214843,-0.24719238281
1726143797951.0059,-0.96691894531,0.3486328125,-0.25598144531
1726143797965.5322,-0.96691894531,0.3486328125,-0.25598144531
1726143797985.6738,-0.96691894531,0.3486328125,-0.25598144531
1726143798005.693,-0.96691894531,0.3486328125,-0.25598144531
1726143798030.9924,-0.94445800781,0.37255859375,-0.25695800781
1726143798045.5798,-0.94445800781,0.37255859375,-0.25695800781
1726143798065.6604,-0.94445800781,0.37255859375,-0.25695800781
1726143798085.68,-0.94445800781,0.37255859375,-0.25695800781
1726143798110.979,-0.92138671875,0.36706542968,-0.24279785156
1726143798125.536,-0.92138671875,0.36706542968,-0.24279785156
1726143798145.708,-0.92138671875,0.36706542968,-0.24279785156
1726143798165.6665,-0.92138671875,0.36706542968,-0.24279785156
1726143798190.9656,-0.87316894531,0.36340332031,-0.24243164062
1726143798205.5835,-0.87316894531,0.36340332031,-0.24243164062
1726143798225.664,-0.87316894531,0.36340332031,-0.24243164062
1726143798245.653,-0.87316894531,0.36340332031,-0.24243164062
1726143798270.9827,-0.84436035156,0.35974121093,-0.27673339843
1726143798285.5396,-0.84436035156,0.35974121093,-0.27673339843
1726143798305.6506,-0.84436035156,0.35974121093,-0.27673339843
1726143798325.67,-0.84436035156,0.35974121093,-0.27673339843
1726143798350.9692,-0.97045898437,0.36853027343,-0.33386230468
1726143798365.526,-0.97045898437,0.36853027343,-0.33386230468
1726143798385.6982,-0.97045898437,0.36853027343,-0.33386230468
1726143798405.6567,-0.97045898437,0.36853027343,-0.33386230468
1726143798430.9558,-1.10656738281,0.40270996093,-0.30883789062
1726143798445.5432,-1.10656738281,0.40270996093,-0.30883789062
1726143798465.6848,-1.10656738281,0.40270996093,-0.30883789062
1726143798485.6433,-1.10656738281,0.40270996093,-0.30883789062
1726143798510.973,-1.07312011718,0.41442871093,-0.28466796875
1726143798525.5295,-1.07312011718,0.41442871093,-0.28466796875
1726143798545.6409,-1.07312011718,0.41442871093,-0.28466796875
1726143798565.6604,-1.07312011718,0.41442871093,-0.28466796875
1726143798590.9595,-0.98669433593,0.3720703125,-0.25256347656
1726143798605.5469,-0.98669433593,0.3720703125,-0.25256347656
1726143798625.6885,-0.98669433593,0.3720703125,-0.25256347656
1726143798645.6467,-0.98669433593,0.3720703125,-0.25256347656
1726143798670.9763,-0.96618652343,0.33557128906,-0.20849609375
1726143798685.564,-0.96618652343,0.33557128906,-0.20849609375
1726143798705.6443,-0.96618652343,0.33557128906,-0.20849609375
1726143798725.6943,-0.96618652343,0.33557128906,-0.20849609375
1726143798750.9937,-0.90759277343,0.31237792968,-0.18579101562
1726143798765.5503,-0.90759277343,0.31237792968,-0.18579101562
1726143798785.6616,-0.90759277343,0.31237792968,-0.18579101562
1726143798805.6812,-0.90759277343,0.31237792968,-0.18579101562
1726143798830.9497,-0.91784667968,0.29833984375,-0.20654296875
1726143798845.537,-0.91784667968,0.29833984375,-0.20654296875
1726143798865.648,-0.91784667968,0.29833984375,-0.20654296875
1726143798885.6372,-0.91784667968,0.29833984375,-0.20654296875
1726143798910.9668,-0.93298339843,0.33239746093,-0.22863769531
1726143798925.554,-0.93298339843,0.33239746093,-0.22863769531
1726143798945.6348,-0.93298339843,0.33239746093,-0.22863769531
1726143798965.6543,-0.93298339843,0.33239746093,-0.22863769531
1726143798990.9531,-0.95361328125,0.37548828125,-0.23791503906
1726143799005.5103,-0.95361328125,0.37548828125,-0.23791503906
1726143799025.6519,-0.95361328125,0.37548828125,-0.23791503906
1726143799045.6409,-0.95361328125,0.37548828125,-0.23791503906
1726143799070.9705,-1.00598144531,0.37670898437,-0.24853515625
1726143799085.527,-1.00598144531,0.37670898437,-0.24853515625
1726143799105.6995,-1.00598144531,0.37670898437,-0.24853515625
1726143799125.6274,-1.00598144531,0.37670898437,-0.24853515625
1726143799150.957,-0.94592285156,0.36486816406,-0.25341796875
1726143799165.514,-0.94592285156,0.36486816406,-0.25341796875
1726143799185.6555,-0.94592285156,0.36486816406,-0.25341796875
1726143799205.675,-0.94592285156,0.36486816406,-0.25341796875
1726143799230.9436,-0.88879394531,0.3603515625,-0.2568359375
1726143799245.5005,-0.88879394531,0.3603515625,-0.2568359375
1726143799265.642,-0.88879394531,0.3603515625,-0.2568359375
1726143799285.631,-0.88879394531,0.3603515625,-0.2568359375
1726143799310.9607,-0.89758300781,0.34777832031,-0.2646484375
1726143799325.5176,-0.89758300781,0.34777832031,-0.2646484375
1726143799345.6592,-0.89758300781,0.34777832031,-0.2646484375
1726143799365.6787,-0.89758300781,0.34777832031,-0.2646484375
1726143799390.9473,-0.86828613281,0.32116699218,-0.2734375
1726143799405.504,-0.86828613281,0.32116699218,-0.2734375
1726143799425.6455,-0.86828613281,0.32116699218,-0.2734375
1726143799445.6348,-0.86828613281,0.32116699218,-0.2734375
1726143799470.9338,-0.8515625,0.306640625,-0.28491210937
1726143799485.5515,-0.8515625,0.306640625,-0.28491210937
1726143799505.6628,-0.8515625,0.306640625,-0.28491210937
1726143799525.621,-0.8515625,0.306640625,-0.28491210937
1726143799550.9814,-0.85412597656,0.330078125,-0.31530761718
1726143799565.5078,-0.85412597656,0.330078125,-0.31530761718
1726143799585.619,-0.85412597656,0.330078125,-0.31530761718
1726143799605.6687,-0.85412597656,0.330078125,-0.31530761718
1726143799630.9375,-0.888671875,0.35974121093,-0.34509277343
1726143799645.4944,-0.888671875,0.35974121093,-0.34509277343
1726143799665.636,-0.888671875,0.35974121093,-0.34509277343
1726143799685.625,-0.888671875,0.35974121093,-0.34509277343
1726143799710.9543,-0.95483398437,0.37463378906,-0.33178710937
1726143799725.5115,-0.95483398437,0.37463378906,-0.33178710937
1726143799745.6223,-0.95483398437,0.37463378906,-0.33178710937
1726143799765.6116,-0.95483398437,0.37463378906,-0.33178710937
1726143799790.9412,-1.09301757812,0.40869140625,-0.29223632812
1726143799805.498,-1.09301757812,0.40869140625,-0.29223632812
1726143799825.6091,-1.09301757812,0.40869140625,-0.29223632812
1726143799845.6592,-1.09301757812,0.40869140625,-0.29223632812
1726143799870.9275,-1.06994628906,0.42663574218,-0.26550292968
1726143799885.5151,-1.06994628906,0.42663574218,-0.26550292968
1726143799905.6262,-1.06994628906,0.42663574218,-0.26550292968
1726143799925.6455,-1.06994628906,0.42663574218,-0.26550292968
1726143799950.9448,-0.96850585937,0.39855957031,-0.24475097656
1726143799965.5322,-0.96850585937,0.39855957031,-0.24475097656
1726143799985.6128,-0.96850585937,0.39855957031,-0.24475097656
1726143800005.6628,-0.96850585937,0.39855957031,-0.24475097656
1726143800030.9312,-0.98059082031,0.36767578125,-0.2099609375
1726143800045.4883,-0.98059082031,0.36767578125,-0.2099609375
1726143800065.63,-0.98059082031,0.36767578125,-0.2099609375
1726143800085.619,-0.98059082031,0.36767578125,-0.2099609375
1726143800110.918,-0.96643066406,0.34191894531,-0.18444824218
1726143800125.5051,-0.96643066406,0.34191894531,-0.18444824218
1726143800145.6165,-0.96643066406,0.34191894531,-0.18444824218
1726143800165.636,-0.96643066406,0.34191894531,-0.18444824218
1726143800190.935,-0.95983886718,0.32666015625,-0.19018554687
1726143800205.492,-0.95983886718,0.32666015625,-0.19018554687
1726143800225.603,-0.95983886718,0.32666015625,-0.19018554687
1726143800245.653,-0.95983886718,0.32666015625,-0.19018554687
1726143800270.9216,-0.90979003906,0.34155273437,-0.21472167968
1726143800285.509,-0.90979003906,0.34155273437,-0.21472167968
1726143800305.6506,-0.90979003906,0.34155273437,-0.21472167968
1726143800325.6091,-0.90979003906,0.34155273437,-0.21472167968
1726143800350.9082,-0.88757324218,0.35888671875,-0.23461914062
1726143800365.4956,-0.88757324218,0.35888671875,-0.23461914062
1726143800385.6067,-0.88757324218,0.35888671875,-0.23461914062
1726143800405.5957,-0.88757324218,0.35888671875,-0.23461914062
1726143800430.8948,-0.92211914062,0.36486816406,-0.25317382812
1726143800445.482,-0.92211914062,0.36486816406,-0.25317382812
1726143800465.6235,-0.92211914062,0.36486816406,-0.25317382812
1726143800485.6128,-0.92211914062,0.36486816406,-0.25317382812
1726143800510.881,-0.98083496093,0.37390136718,-0.25988769531
1726143800525.4993,-0.98083496093,0.37390136718,-0.25988769531
1726143800545.6104,-0.98083496093,0.37390136718,-0.25988769531
1726143800565.599,-0.98083496093,0.37390136718,-0.25988769531
1726143800590.868,-0.95922851562,0.37707519531,-0.24829101562
1726143800605.5164,-0.95922851562,0.37707519531,-0.24829101562
1726143800625.6274,-0.95922851562,0.37707519531,-0.24829101562
1726143800645.6165,-0.95922851562,0.37707519531,-0.24829101562
1726143800670.8545,-0.9189453125,0.35876464843,-0.22521972656
1726143800685.5027,-0.9189453125,0.35876464843,-0.22521972656
1726143800705.614,-0.9189453125,0.35876464843,-0.22521972656
1726143800725.603,-0.9189453125,0.35876464843,-0.22521972656
1726143800750.841,-0.92517089843,0.35021972656,-0.21655273437
1726143800765.52,-0.92517089843,0.35021972656,-0.21655273437
1726143800785.6003,-0.92517089843,0.35021972656,-0.21655273437
1726143800805.62,-0.92517089843,0.35021972656,-0.21655273437
1726143800830.8276,-0.88427734375,0.36291503906,-0.234375
1726143800845.5063,-0.88427734375,0.36291503906,-0.234375
1726143800865.5872,-0.88427734375,0.36291503906,-0.234375
1726143800885.6372,-0.88427734375,0.36291503906,-0.234375
1726143800910.8142,-0.85998535156,0.37097167968,-0.27087402343
1726143800925.4932,-0.85998535156,0.37097167968,-0.27087402343
1726143800945.6042,-0.85998535156,0.37097167968,-0.27087402343
1726143800965.5933,-0.85998535156,0.37097167968,-0.27087402343
1726143800990.8008,-0.85290527343,0.37890625,-0.306640625
1726143801005.5103,-0.85290527343,0.37890625,-0.306640625
1726143801025.5908,-0.85290527343,0.37890625,-0.306640625
1726143801045.5798,-0.85290527343,0.37890625,-0.306640625
1726143801070.787,-0.88500976562,0.39916992187,-0.31494140625
1726143801085.4968,-0.88500976562,0.39916992187,-0.31494140625
1726143801105.5771,-0.88500976562,0.39916992187,-0.31494140625
1726143801125.5967,-0.88500976562,0.39916992187,-0.31494140625
1726143801150.774,-1.06359863281,0.44519042968,-0.30212402343
1726143801165.4832,-1.06359863281,0.44519042968,-0.30212402343
1726143801185.5945,-1.06359863281,0.44519042968,-0.30212402343
1726143801205.5835,-1.06359863281,0.44519042968,-0.30212402343
1726143801230.7605,-1.09167480468,0.43432617187,-0.23657226562
1726143801245.47,-1.09167480468,0.43432617187,-0.23657226562
1726143801265.581,-1.09167480468,0.43432617187,-0.23657226562
1726143801285.6003,-1.09167480468,0.43432617187,-0.23657226562
1726143801310.747,-1.01501464843,0.36987304687,-0.20935058593
1726143801325.487,-1.01501464843,0.36987304687,-0.20935058593
1726143801345.6287,-1.01501464843,0.36987304687,-0.20935058593
1726143801365.5872,-1.01501464843,0.36987304687,-0.20935058593
1726143801390.7336,-0.96374511718,0.30737304687,-0.18823242187
1726143801405.504,-0.96374511718,0.30737304687,-0.18823242187
1726143801425.5847,-0.96374511718,0.30737304687,-0.18823242187
1726143801445.6042,-0.96374511718,0.30737304687,-0.18823242187
1726143801470.7202,-0.92211914062,0.28771972656,-0.18786621093
1726143801485.4602,-0.92211914062,0.28771972656,-0.18786621093
1726143801505.5713,-0.92211914062,0.28771972656,-0.18786621093
1726143801525.5908,-0.92211914062,0.28771972656,-0.18786621093
1726143801550.7068,-0.896484375,0.29418945312,-0.19909667968
1726143801565.4773,-0.896484375,0.29418945312,-0.19909667968
1726143801585.5884,-0.896484375,0.29418945312,-0.19909667968
1726143801605.608,-0.896484375,0.29418945312,-0.19909667968
1726143801630.693,-0.919921875,0.29187011718,-0.22827148437
1726143801645.4639,-0.919921875,0.29187011718,-0.22827148437
1726143801665.5747,-0.919921875,0.29187011718,-0.22827148437
1726143801685.564,-0.919921875,0.29187011718,-0.22827148437
1726143801710.68,-1.0361328125,0.30126953125,-0.24829101562
1726143801725.4807,-1.0361328125,0.30126953125,-0.24829101562
1726143801745.5615,-1.0361328125,0.30126953125,-0.24829101562
1726143801765.6116,-1.0361328125,0.30126953125,-0.24829101562
1726143801790.6665,-1.00378417968,0.31823730468,-0.24609375
1726143801805.4675,-1.00378417968,0.31823730468,-0.24609375
1726143801825.5786,-1.00378417968,0.31823730468,-0.24609375
1726143801845.5676,-1.00378417968,0.31823730468,-0.24609375
1726143801870.653,-0.91467285156,0.31567382812,-0.25134277343
1726143801885.454,-0.91467285156,0.31567382812,-0.25134277343
1726143801905.5652,-0.91467285156,0.31567382812,-0.25134277343
1726143801925.6152,-0.91467285156,0.31567382812,-0.25134277343
1726143801950.6396,-0.9169921875,0.31140136718,-0.25891113281
1726143801965.4712,-0.9169921875,0.31140136718,-0.25891113281
1726143801985.5823,-0.9169921875,0.31140136718,-0.25891113281
1726143802005.5713,-0.9169921875,0.31140136718,-0.25891113281
1726143802030.6262,-0.85229492187,0.30932617187,-0.25207519531
1726143802045.4575,-0.85229492187,0.30932617187,-0.25207519531
1726143802065.5688,-0.85229492187,0.30932617187,-0.25207519531
1726143802085.5579,-0.85229492187,0.30932617187,-0.25207519531
1726143802110.6128,-0.8232421875,0.32409667968,-0.2666015625
1726143802125.4443,-0.8232421875,0.32409667968,-0.2666015625
1726143802145.5554,-0.8232421875,0.32409667968,-0.2666015625
1726143802165.6055,-0.8232421875,0.32409667968,-0.2666015625
1726143802190.599,-0.85864257812,0.35180664062,-0.29528808593
1726143802205.4614,-0.85864257812,0.35180664062,-0.29528808593
1726143802225.5725,-0.85864257812,0.35180664062,-0.29528808593
1726143802245.5615,-0.85864257812,0.35180664062,-0.29528808593
1726143802270.586,-0.94287109375,0.373046875,-0.30334472656
1726143802285.4785,-0.94287109375,0.373046875,-0.30334472656
1726143802305.559,-0.94287109375,0.373046875,-0.30334472656
1726143802325.548,-0.94287109375,0.373046875,-0.30334472656
1726143802350.5725,-1.10620117187,0.41101074218,-0.30407714843
1726143802365.465,-1.10620117187,0.41101074218,-0.30407714843
1726143802385.5457,-1.10620117187,0.41101074218,-0.30407714843
1726143802405.5957,-1.10620117187,0.41101074218,-0.30407714843
1726143802430.559,-1.10217285156,0.42041015625,-0.27416992187
1726143802445.4517,-1.10217285156,0.42041015625,-0.27416992187
1726143802465.5627,-1.10217285156,0.42041015625,-0.27416992187
1726143802485.5823,-1.10217285156,0.42041015625,-0.27416992187
1726143802510.5457,-1.00122070312,0.38940429687,-0.22265625
1726143802525.4688,-1.00122070312,0.38940429687,-0.22265625
1726143802545.5493,-1.00122070312,0.38940429687,-0.22265625
1726143802565.5688,-1.00122070312,0.38940429687,-0.22265625
1726143802590.5322,-0.99169921875,0.36657714843,-0.1767578125
1726143802605.455,-0.99169921875,0.36657714843,-0.1767578125
1726143802625.5967,-0.99169921875,0.36657714843,-0.1767578125
1726143802645.5554,-0.99169921875,0.36657714843,-0.1767578125
1726143802670.5188,-0.95703125,0.32360839843,-0.138671875
1726143802685.4724,-0.95703125,0.32360839843,-0.138671875
1726143802705.5835,-0.95703125,0.32360839843,-0.138671875
1726143802725.542,-0.95703125,0.32360839843,-0.138671875
1726143802750.5051,-0.92944335937,0.291015625,-0.12829589843
1726143802765.4587,-0.92944335937,0.291015625,-0.12829589843
1726143802785.5396,-0.92944335937,0.291015625,-0.12829589843
1726143802805.5896,-0.92944335937,0.291015625,-0.12829589843
1726143802830.492,-0.90710449218,0.2841796875,-0.15258789062
1726143802845.415,-0.90710449218,0.2841796875,-0.15258789062
1726143802865.5566,-0.90710449218,0.2841796875,-0.15258789062
1726143802885.576,-0.90710449218,0.2841796875,-0.15258789062
1726143802910.4785,-0.93627929687,0.27893066406,-0.18579101562
1726143802925.4626,-0.93627929687,0.27893066406,-0.18579101562
1726143802945.5432,-0.93627929687,0.27893066406,-0.18579101562
1726143802965.5322,-0.93627929687,0.27893066406,-0.18579101562
1726143802990.465,-1.07092285156,0.30053710937,-0.19079589843
1726143803005.4187,-1.07092285156,0.30053710937,-0.19079589843
1726143803025.5603,-1.07092285156,0.30053710937,-0.19079589843
1726143803045.5798,-1.07092285156,0.30053710937,-0.19079589843
1726143803070.4517,-1.01379394531,0.31787109375,-0.20471191406
1726143803085.4355,-1.01379394531,0.31787109375,-0.20471191406
1726143803105.5771,-1.01379394531,0.31787109375,-0.20471191406
1726143803125.536,-1.01379394531,0.31787109375,-0.20471191406
1726143803150.4382,-0.91418457031,0.30615234375,-0.26428222656
1726143803165.4224,-0.91418457031,0.30615234375,-0.26428222656
1726143803185.5334,-0.91418457031,0.30615234375,-0.26428222656
1726143803205.5835,-0.91418457031,0.30615234375,-0.26428222656
1726143803230.4248,-0.92810058593,0.30798339843,-0.29931640625
1726143803245.4087,-0.92810058593,0.30798339843,-0.29931640625
1726143803265.581,-0.92810058593,0.30798339843,-0.29931640625
1726143803285.5396,-0.92810058593,0.30798339843,-0.29931640625
1726143803310.4111,-0.86376953125,0.32238769531,-0.28234863281
1726143803325.4563,-0.86376953125,0.32238769531,-0.28234863281
1726143803345.537,-0.86376953125,0.32238769531,-0.28234863281
1726143803365.5566,-0.86376953125,0.32238769531,-0.28234863281
1726143803390.398,-0.84008789062,0.33740234375,-0.28076171875
1726143803408.1287,-0.84008789062,0.33740234375,-0.28076171875
1726143803425.4016,-0.84008789062,0.33740234375,-0.28076171875
1726143803445.5432,-0.84008789062,0.33740234375,-0.28076171875
1726143803470.3845,-0.84362792968,0.35070800781,-0.30712890625
1726143803485.4297,-0.84362792968,0.35070800781,-0.30712890625
1726143803505.5408,-0.84362792968,0.35070800781,-0.30712890625
1726143803525.5603,-0.84362792968,0.35070800781,-0.30712890625
1726143803550.371,-0.90466308593,0.36206054687,-0.31518554687
1726143803565.4163,-0.90466308593,0.36206054687,-0.31518554687
1726143803585.527,-0.90466308593,0.36206054687,-0.31518554687
1726143803605.5164,-0.90466308593,0.36206054687,-0.31518554687
1726143803630.3577,-1.09680175781,0.39562988281,-0.29602050781
1726143803645.433,-1.09680175781,0.39562988281,-0.29602050781
1726143803665.5444,-1.09680175781,0.39562988281,-0.29602050781
1726143803685.5334,-1.09680175781,0.39562988281,-0.29602050781
1726143803710.3442,-1.10083007812,0.40393066406,-0.26000976562
1726143803725.3894,-1.10083007812,0.40393066406,-0.26000976562
1726143803745.531,-1.10083007812,0.40393066406,-0.26000976562
1726143803765.52,-1.10083007812,0.40393066406,-0.26000976562
1726143803790.3308,-0.98913574218,0.37023925781,-0.23278808593
1726143803805.4065,-0.98913574218,0.37023925781,-0.23278808593
1726143803825.5176,-0.98913574218,0.37023925781,-0.23278808593
1726143803845.5676,-0.98913574218,0.37023925781,-0.23278808593
1726143803870.3171,-0.98291015625,0.33569335937,-0.21801757812
1726143803885.4236,-0.98291015625,0.33569335937,-0.21801757812
1726143803905.5347,-0.98291015625,0.33569335937,-0.21801757812
1726143803925.554,-0.98291015625,0.33569335937,-0.21801757812
1726143803950.304,-0.93725585937,0.29260253906,-0.19445800781
1726143803965.4407,-0.93725585937,0.29260253906,-0.19445800781
1726143803985.5212,-0.93725585937,0.29260253906,-0.19445800781
1726143804005.5103,-0.93725585937,0.29260253906,-0.19445800781
1726143804030.2903,-0.89514160156,0.26721191406,-0.18444824218
1726143804045.4272,-0.89514160156,0.26721191406,-0.18444824218
1726143804065.5383,-0.89514160156,0.26721191406,-0.18444824218
1726143804085.527,-0.89514160156,0.26721191406,-0.18444824218
1726143804110.277,-0.88171386718,0.263671875,-0.19653320312
1726143804125.3833,-0.88171386718,0.263671875,-0.19653320312
1726143804145.525,-0.88171386718,0.263671875,-0.19653320312
1726143804165.5444,-0.88171386718,0.263671875,-0.19653320312
1726143804190.2637,-1.0146484375,0.29284667968,-0.26293945312
1726143804205.4004,-1.0146484375,0.29284667968,-0.26293945312
1726143804225.542,-1.0146484375,0.29284667968,-0.26293945312
1726143804245.5005,-1.0146484375,0.29284667968,-0.26293945312
1726143804270.2502,-1.04174804687,0.33508300781,-0.24975585937
1726143804285.4175,-1.04174804687,0.33508300781,-0.24975585937
1726143804305.498,-1.04174804687,0.33508300781,-0.24975585937
1726143804325.5176,-1.04174804687,0.33508300781,-0.24975585937
1726143804350.2368,-1.00952148437,0.35693359375,-0.23315429687
1726143804365.404,-1.00952148437,0.35693359375,-0.23315429687
1726143804385.5457,-1.00952148437,0.35693359375,-0.23315429687
1726143804405.504,-1.00952148437,0.35693359375,-0.23315429687
1726143804430.2231,-0.95178222656,0.34313964843,-0.24841308593
1726143804445.3906,-0.95178222656,0.34313964843,-0.24841308593
1726143804465.5017,-0.95178222656,0.34313964843,-0.24841308593
1726143804485.5515,-0.95178222656,0.34313964843,-0.24841308593
1726143804510.21,-0.82800292968,0.33044433593,-0.27734375
1726143804525.4077,-0.82800292968,0.33044433593,-0.27734375
1726143804545.5188,-0.82800292968,0.33044433593,-0.27734375
1726143804565.5078,-0.82800292968,0.33044433593,-0.27734375
1726143804590.1963,-0.77331542968,0.33276367187,-0.28674316406
1726143804605.3943,-0.77331542968,0.33276367187,-0.28674316406
1726143804625.5051,-0.77331542968,0.33276367187,-0.28674316406
1726143804645.525,-0.77331542968,0.33276367187,-0.28674316406
1726143804670.183,-0.85620117187,0.36315917968,-0.29528808593
1726143804685.3809,-0.85620117187,0.36315917968,-0.29528808593
1726143804705.492,-0.85620117187,0.36315917968,-0.29528808593
1726143804725.5115,-0.85620117187,0.36315917968,-0.29528808593
1726143804750.1697,-1.04504394531,0.41162109375,-0.28356933593
1726143804765.3674,-1.04504394531,0.41162109375,-0.28356933593
1726143804785.5396,-1.04504394531,0.41162109375,-0.28356933593
1726143804805.498,-1.04504394531,0.41162109375,-0.28356933593
1726143804830.1562,-1.08190917968,0.43005371093,-0.26770019531
1726143804845.415,-1.08190917968,0.43005371093,-0.26770019531
1726143804865.4956,-1.08190917968,0.43005371093,-0.26770019531
1726143804885.5151,-1.08190917968,0.43005371093,-0.26770019531
1726143804910.1428,-1.01684570312,0.41784667968,-0.2509765625
1726143804925.371,-1.01684570312,0.41784667968,-0.2509765625
1726143804945.482,-1.01684570312,0.41784667968,-0.2509765625
1726143804965.5017,-1.01684570312,0.41784667968,-0.2509765625
1726143804990.1292,-1.02294921875,0.39025878906,-0.20666503906
1726143805005.388,-1.02294921875,0.39025878906,-0.20666503906
1726143805025.5295,-1.02294921875,0.39025878906,-0.20666503906
1726143805045.4883,-1.02294921875,0.39025878906,-0.20666503906
1726143805070.0854,-0.99975585937,0.34924316406,-0.17456054687
1726143805085.4053,-0.99975585937,0.34924316406,-0.17456054687
1726143805105.5164,-0.99975585937,0.34924316406,-0.17456054687
1726143805125.536,-0.99975585937,0.34924316406,-0.17456054687
1726143805150.072,-0.96276855468,0.32495117187,-0.17724609375
1726143805165.3918,-0.96276855468,0.32495117187,-0.17724609375
1726143805185.5027,-0.96276855468,0.32495117187,-0.17724609375
1726143805205.492,-0.96276855468,0.32495117187,-0.17724609375
1726143805230.089,-0.90087890625,0.31567382812,-0.19213867187
1726143805245.3784,-0.90087890625,0.31567382812,-0.19213867187
1726143805265.4895,-0.90087890625,0.31567382812,-0.19213867187
1726143805285.4785,-0.90087890625,0.31567382812,-0.19213867187
1726143805310.0452,-0.85522460937,0.31555175781,-0.2021484375
1726143805325.3647,-0.85522460937,0.31555175781,-0.2021484375
1726143805345.5063,-0.85522460937,0.31555175781,-0.2021484375
1726143805365.4956,-0.85522460937,0.31555175781,-0.2021484375
1726143805390.0623,-0.95385742187,0.34252929687,-0.20263671875
1726143805405.382,-0.95385742187,0.34252929687,-0.20263671875
1726143805425.4932,-0.95385742187,0.34252929687,-0.20263671875
1726143805445.5127,-0.95385742187,0.34252929687,-0.20263671875
1726143805470.0488,-0.93725585937,0.37915039062,-0.21960449218
1726143805485.3687,-0.93725585937,0.37915039062,-0.21960449218
1726143805505.4795,-0.93725585937,0.37915039062,-0.21960449218
1726143805525.4688,-0.93725585937,0.37915039062,-0.21960449218
1726143805550.0354,-0.88269042968,0.38684082031,-0.24731445312
1726143805565.4163,-0.88269042968,0.38684082031,-0.24731445312
1726143805585.4663,-0.88269042968,0.38684082031,-0.24731445312
1726143805605.5164,-0.88269042968,0.38684082031,-0.24731445312
1726143805629.9915,-0.92590332031,0.37890625,-0.25073242187
1726143805645.3723,-0.92590332031,0.37890625,-0.25073242187
1726143805665.4832,-0.92590332031,0.37890625,-0.25073242187
1726143805685.5027,-0.92590332031,0.37890625,-0.25073242187
1726143805710.0083,-0.89611816406,0.3720703125,-0.24096679687
1726143805725.359,-0.89611816406,0.3720703125,-0.24096679687
1726143805745.47,-0.89611816406,0.3720703125,-0.24096679687
1726143805765.4895,-0.89611816406,0.3720703125,-0.24096679687
1726143805789.995,-0.876953125,0.3876953125,-0.25622558593
1726143805805.3455,-0.876953125,0.3876953125,-0.25622558593
1726143805825.487,-0.876953125,0.3876953125,-0.25622558593
1726143805845.476,-0.876953125,0.3876953125,-0.25622558593
1726143805869.9817,-0.8544921875,0.40234375,-0.28930664062
1726143805885.393,-0.8544921875,0.40234375,-0.28930664062
1726143805905.4736,-0.8544921875,0.40234375,-0.28930664062
1726143805925.4932,-0.8544921875,0.40234375,-0.28930664062
1726143805949.9683,-0.88781738281,0.41320800781,-0.302734375
1726143805965.349,-0.88781738281,0.41320800781,-0.302734375
1726143805985.4602,-0.88781738281,0.41320800781,-0.302734375
1726143806005.5103,-0.88781738281,0.41320800781,-0.302734375
1726143806029.9548,-1.0107421875,0.44018554687,-0.27673339843
1726143806045.3357,-1.0107421875,0.44018554687,-0.27673339843
1726143806065.4773,-1.0107421875,0.44018554687,-0.27673339843
1726143806085.4663,-1.0107421875,0.44018554687,-0.27673339843
1726143806109.9414,-1.04724121093,0.45593261718,-0.24987792968
1726143806125.3833,-1.04724121093,0.45593261718,-0.24987792968
1726143806145.4639,-1.04724121093,0.45593261718,-0.24987792968
1726143806165.4832,-1.04724121093,0.45593261718,-0.24987792968
1726143806189.928,-1.02880859375,0.45703125,-0.22692871093
1726143806205.339,-1.02880859375,0.45703125,-0.22692871093
1726143806225.4504,-1.02880859375,0.45703125,-0.22692871093
1726143806245.47,-1.02880859375,0.45703125,-0.22692871093
1726143806269.9143,-1.03784179687,0.41577148437,-0.18811035156
1726143806285.3564,-1.03784179687,0.41577148437,-0.18811035156
1726143806305.4675,-1.03784179687,0.41577148437,-0.18811035156
1726143806325.4563,-1.03784179687,0.41577148437,-0.18811035156
1726143806349.9011,-1.00354003906,0.34448242187,-0.16284179687
1726143806365.3735,-1.00354003906,0.34448242187,-0.16284179687
1726143806385.454,-1.00354003906,0.34448242187,-0.16284179687
1726143806405.504,-1.00354003906,0.34448242187,-0.16284179687
1726143806429.8877,-0.95629882812,0.29345703125,-0.15930175781
1726143806445.36,-0.95629882812,0.29345703125,-0.15930175781
1726143806465.5017,-0.95629882812,0.29345703125,-0.15930175781
1726143806485.4602,-0.95629882812,0.29345703125,-0.15930175781
1726143806509.8743,-0.90405273437,0.29467773437,-0.18481445312
1726143806525.3467,-0.90405273437,0.29467773437,-0.18481445312
1726143806545.4575,-0.90405273437,0.29467773437,-0.18481445312
1726143806565.4468,-0.90405273437,0.29467773437,-0.18481445312
1726143806589.8608,-0.89111328125,0.31408691406,-0.21533203125
1726143806605.3635,-0.89111328125,0.31408691406,-0.21533203125
1726143806625.4749,-0.89111328125,0.31408691406,-0.21533203125
1726143806645.4639,-0.89111328125,0.31408691406,-0.21533203125
1726143806669.8474,-0.94665527343,0.3251953125,-0.23181152343
1726143806685.3503,-0.94665527343,0.3251953125,-0.23181152343
1726143806705.4614,-0.94665527343,0.3251953125,-0.23181152343
1726143806725.4504,-0.94665527343,0.3251953125,-0.23181152343
1726143806749.834,-0.99963378906,0.34924316406,-0.22998046875
1726143806765.3674,-0.99963378906,0.34924316406,-0.22998046875
1726143806785.448,-0.99963378906,0.34924316406,-0.22998046875
1726143806805.4675,-0.99963378906,0.34924316406,-0.22998046875
1726143806829.79,-0.98571777343,0.33117675781,-0.2021484375
1726143806845.354,-0.98571777343,0.33117675781,-0.2021484375
1726143806865.465,-0.98571777343,0.33117675781,-0.2021484375
1726143806885.4846,-0.98571777343,0.33117675781,-0.2021484375
1726143806909.7766,-0.97094726562,0.30810546875,-0.18908691406
1726143806925.3403,-0.97094726562,0.30810546875,-0.18908691406
1726143806945.4517,-0.97094726562,0.30810546875,-0.18908691406
1726143806965.4407,-0.97094726562,0.30810546875,-0.18908691406
1726143806989.7937,-0.94519042968,0.32666015625,-0.21533203125
1726143807005.3577,-0.94519042968,0.32666015625,-0.21533203125
1726143807025.4382,-0.94519042968,0.32666015625,-0.21533203125
1726143807045.4883,-0.94519042968,0.32666015625,-0.21533203125
1726143807069.7495,-0.87915039062,0.36218261718,-0.30493164062
1726143807085.3137,-0.87915039062,0.36218261718,-0.30493164062
1726143807105.455,-0.87915039062,0.36218261718,-0.30493164062
1726143807125.4443,-0.87915039062,0.36218261718,-0.30493164062
1726143807149.7363,-0.90417480468,0.37683105468,-0.34753417968
1726143807165.3308,-0.90417480468,0.37683105468,-0.34753417968
1726143807185.442,-0.90417480468,0.37683105468,-0.34753417968
1726143807205.4614,-0.90417480468,0.37683105468,-0.34753417968
1726143807229.723,-1.01733398437,0.41186523437,-0.32678222656
1726143807245.348,-1.01733398437,0.41186523437,-0.32678222656
1726143807265.4285,-1.01733398437,0.41186523437,-0.32678222656
1726143807285.4785,-1.01733398437,0.41186523437,-0.32678222656
1726143807309.74,-1.09094238281,0.43127441406,-0.28466796875
1726143807325.3345,-1.09094238281,0.43127441406,-0.28466796875
1726143807345.4456,-1.09094238281,0.43127441406,-0.28466796875
1726143807365.4343,-1.09094238281,0.43127441406,-0.28466796875
1726143807389.696,-1.08044433593,0.42980957031,-0.23486328125
1726143807405.321,-1.08044433593,0.42980957031,-0.23486328125
1726143807425.432,-1.08044433593,0.42980957031,-0.23486328125
1726143807445.4517,-1.08044433593,0.42980957031,-0.23486328125
1726143807469.7131,-1.03173828125,0.39904785156,-0.18664550781
1726143807485.338,-1.03173828125,0.39904785156,-0.18664550781
1726143807505.4187,-1.03173828125,0.39904785156,-0.18664550781
1726143807525.4382,-1.03173828125,0.39904785156,-0.18664550781
1726143807549.6997,-0.98718261718,0.34704589843,-0.1630859375
1726143807565.294,-0.98718261718,0.34704589843,-0.1630859375
1726143807585.4355,-0.98718261718,0.34704589843,-0.1630859375
1726143807605.455,-0.98718261718,0.34704589843,-0.1630859375
1726143807629.6555,-0.94763183593,0.32177734375,-0.16357421875
1726143807645.3113,-0.94763183593,0.32177734375,-0.16357421875
1726143807665.4224,-0.94763183593,0.32177734375,-0.16357421875
1726143807685.442,-0.94763183593,0.32177734375,-0.16357421875
1726143807709.6729,-0.89270019531,0.3330078125,-0.19091796875
1726143807725.2979,-0.89270019531,0.3330078125,-0.19091796875
1726143807745.4395,-0.89270019531,0.3330078125,-0.19091796875
1726143807765.4285,-0.89270019531,0.3330078125,-0.19091796875
1726143807789.629,-0.87329101562,0.34655761718,-0.21313476562
1726143807805.3455,-0.87329101562,0.34655761718,-0.21313476562
1726143807825.426,-0.87329101562,0.34655761718,-0.21313476562
1726143807845.4456,-0.87329101562,0.34655761718,-0.21313476562
1726143807869.6155,-0.9248046875,0.34655761718,-0.22229003906
1726143807885.3015,-0.9248046875,0.34655761718,-0.22229003906
1726143807905.4124,-0.9248046875,0.34655761718,-0.22229003906
1726143807925.4626,-0.9248046875,0.34655761718,-0.22229003906
1726143807949.6323,-1.01342773437,0.36022949218,-0.22766113281
1726143807965.3186,-1.01342773437,0.36022949218,-0.22766113281
1726143807985.4602,-1.01342773437,0.36022949218,-0.22766113281
1726143808005.4187,-1.01342773437,0.36022949218,-0.22766113281
1726143808029.6191,-1.02026367187,0.37280273437,-0.20104980468
1726143808045.3052,-1.02026367187,0.37280273437,-0.20104980468
1726143808065.4163,-1.02026367187,0.37280273437,-0.20104980468
1726143808085.4355,-1.02026367187,0.37280273437,-0.20104980468
1726143808109.6057,-0.96618652343,0.37548828125,-0.1875
1726143808125.2915,-0.96618652343,0.37548828125,-0.1875
1726143808145.4028,-0.96618652343,0.37548828125,-0.1875
1726143808165.453,-0.96618652343,0.37548828125,-0.1875
1726143808189.5923,-0.91491699218,0.37365722656,-0.21875
1726143808205.2783,-0.91491699218,0.37365722656,-0.21875
1726143808225.42,-0.91491699218,0.37365722656,-0.21875
1726143808245.4087,-0.91491699218,0.37365722656,-0.21875
1726143808269.5483,-0.83679199218,0.37280273437,-0.25415039062
1726143808285.2954,-0.83679199218,0.37280273437,-0.25415039062
1726143808305.4065,-0.83679199218,0.37280273437,-0.25415039062
1726143808325.426,-0.83679199218,0.37280273437,-0.25415039062
1726143808349.5654,-0.82958984375,0.3818359375,-0.28845214843
1726143808365.282,-0.82958984375,0.3818359375,-0.28845214843
1726143808385.4236,-0.82958984375,0.3818359375,-0.28845214843
1726143808405.4124,-0.82958984375,0.3818359375,-0.28845214843
1726143808429.5215,-0.90124511718,0.3984375,-0.31274414062
1726143808445.299,-0.90124511718,0.3984375,-0.31274414062
1726143808465.41,-0.90124511718,0.3984375,-0.31274414062
1726143808485.3992,-0.90124511718,0.3984375,-0.31274414062
1726143808509.5383,-0.99816894531,0.41455078125,-0.2958984375
1726143808525.2856,-0.99816894531,0.41455078125,-0.2958984375
1726143808545.4272,-0.99816894531,0.41455078125,-0.2958984375
1726143808565.4468,-0.99816894531,0.41455078125,-0.2958984375
1726143808589.5251,-1.04760742187,0.42944335937,-0.26928710937
1726143808605.3027,-1.04760742187,0.42944335937,-0.26928710937
1726143808625.4138,-1.04760742187,0.42944335937,-0.26928710937
1726143808645.4028,-1.04760742187,0.42944335937,-0.26928710937
1726143808669.5117,-1.05285644531,0.43737792968,-0.23913574218
1726143808685.2893,-1.05285644531,0.43737792968,-0.23913574218
1726143808705.4004,-1.05285644531,0.43737792968,-0.23913574218
1726143808725.42,-1.05285644531,0.43737792968,-0.23913574218
1726143808749.4675,-1.04187011718,0.40881347656,-0.19494628906
1726143808765.3064,-1.04187011718,0.40881347656,-0.19494628906
1726143808785.3867,-1.04187011718,0.40881347656,-0.19494628906
1726143808805.4065,-1.04187011718,0.40881347656,-0.19494628906
1726143808829.4849,-0.99499511718,0.35375976562,-0.17016601562
1726143808845.2927,-0.99499511718,0.35375976562,-0.17016601562
1726143808865.404,-0.99499511718,0.35375976562,-0.17016601562
1726143808885.393,-0.99499511718,0.35375976562,-0.17016601562
1726143808909.441,-0.93774414062,0.30712890625,-0.16271972656
1726143808925.31,-0.93774414062,0.30712890625,-0.16271972656
1726143808945.3906,-0.93774414062,0.30712890625,-0.16271972656
1726143808965.41,-0.93774414062,0.30712890625,-0.16271972656
1726143808989.4275,-0.89428710937,0.27087402343,-0.16235351562
1726143809005.2966,-0.89428710937,0.27087402343,-0.16235351562
1726143809025.4077,-0.89428710937,0.27087402343,-0.16235351562
1726143809045.3967,-0.89428710937,0.27087402343,-0.16235351562
1726143809069.414,-0.90637207031,0.25500488281,-0.16845703125
1726143809085.3137,-0.90637207031,0.25500488281,-0.16845703125
1726143809105.3943,-0.90637207031,0.25500488281,-0.16845703125
1726143809125.4138,-0.90637207031,0.25500488281,-0.16845703125
1726143809149.4006,-0.974609375,0.27368164062,-0.18383789062
1726143809165.3003,-0.974609375,0.27368164062,-0.18383789062
1726143809185.3809,-0.974609375,0.27368164062,-0.18383789062
1726143809205.431,-0.974609375,0.27368164062,-0.18383789062
1726143809229.3872,-0.99279785156,0.30749511718,-0.20764160156
1726143809245.2563,-0.99279785156,0.30749511718,-0.20764160156
1726143809265.398,-0.99279785156,0.30749511718,-0.20764160156
1726143809285.4175,-0.99279785156,0.30749511718,-0.20764160156
1726143809309.3735,-0.97937011718,0.3095703125,-0.23754882812
1726143809325.2734,-0.97937011718,0.3095703125,-0.23754882812
1726143809345.3845,-0.97937011718,0.3095703125,-0.23754882812
1726143809365.3735,-0.97937011718,0.3095703125,-0.23754882812
1726143809389.3604,-0.96691894531,0.31481933593,-0.25659179687
1726143809405.26,-0.96691894531,0.31481933593,-0.25659179687
1726143809425.371,-0.96691894531,0.31481933593,-0.25659179687
1726143809445.3906,-0.96691894531,0.31481933593,-0.25659179687
1726143809469.3467,-0.90905761718,0.33178710937,-0.26452636718
1726143809485.2463,-0.90905761718,0.33178710937,-0.26452636718
1726143809505.266,-0.90905761718,0.33178710937,-0.26452636718
1726143809525.3772,-0.90905761718,0.33178710937,-0.26452636718
1726143809549.3335,-0.85803222656,0.33129882812,-0.27966308593
1726143809565.294,-0.85803222656,0.33129882812,-0.27966308593
1726143809585.3748,-0.85803222656,0.33129882812,-0.27966308593
1726143809605.3943,-0.85803222656,0.33129882812,-0.27966308593
1726143809629.32,-0.84252929687,0.33435058593,-0.30859375
1726143809645.2808,-0.84252929687,0.33435058593,-0.30859375
1726143809665.3918,-0.84252929687,0.33435058593,-0.30859375
1726143809685.3809,-0.84252929687,0.33435058593,-0.30859375
1726143809709.3066,-0.86767578125,0.34924316406,-0.33361816406
1726143809725.267,-0.86767578125,0.34924316406,-0.33361816406
1726143809745.3784,-0.86767578125,0.34924316406,-0.33361816406
1726143809765.3674,-0.86767578125,0.34924316406,-0.33361816406
1726143809789.2932,-0.98669433593,0.37805175781,-0.31604003906
1726143809805.254,-0.98669433593,0.37805175781,-0.31604003906
1726143809825.3955,-0.98669433593,0.37805175781,-0.31604003906
1726143809845.415,-0.98669433593,0.37805175781,-0.31604003906
1726143809869.2795,-1.05786132812,0.392578125,-0.2880859375
1726143809885.2708,-1.05786132812,0.392578125,-0.2880859375
1726143809905.382,-1.05786132812,0.392578125,-0.2880859375
1726143809925.371,-1.05786132812,0.392578125,-0.2880859375
1726143809949.2969,-1.06396484375,0.39099121093,-0.26574707031
1726143809965.288,-1.06396484375,0.39099121093,-0.26574707031
1726143809985.3992,-1.06396484375,0.39099121093,-0.26574707031
1726143810005.3577,-1.06396484375,0.39099121093,-0.26574707031
1726143810029.2834,-1.04809570312,0.32470703125,-0.21813964843
1726143810045.2747,-1.04809570312,0.32470703125,-0.21813964843
1726143810065.3855,-1.04809570312,0.32470703125,-0.21813964843
1726143810085.3748,-1.04809570312,0.32470703125,-0.21813964843
1726143810109.27,-0.8857421875,0.29577636718,-0.19445800781
1726143810125.2307,-0.8857421875,0.29577636718,-0.19445800781
1726143810145.4028,-0.8857421875,0.29577636718,-0.19445800781
1726143810165.361,-0.8857421875,0.29577636718,-0.19445800781
1726143810189.226,-0.85339355468,0.27917480468,-0.18139648437
1726143810205.2783,-0.85339355468,0.27917480468,-0.18139648437
1726143810225.359,-0.85339355468,0.27917480468,-0.18139648437
1726143810245.3784,-0.85339355468,0.27917480468,-0.18139648437
1726143810269.2432,-0.87902832031,0.30578613281,-0.19921875
1726143810285.265,-0.87902832031,0.30578613281,-0.19921875
1726143810305.376,-0.87902832031,0.30578613281,-0.19921875
1726143810325.3647,-0.87902832031,0.30578613281,-0.19921875
1726143810349.1992,-0.95666503906,0.36303710937,-0.23876953125
1726143810365.2515,-0.95666503906,0.36303710937,-0.23876953125
1726143810385.393,-0.95666503906,0.36303710937,-0.23876953125
1726143810405.382,-0.95666503906,0.36303710937,-0.23876953125
1726143810429.1855,-1.05432128906,0.42199707031,-0.2509765625
1726143810445.2683,-1.05432128906,0.42199707031,-0.2509765625
1726143810465.349,-1.05432128906,0.42199707031,-0.2509765625
1726143810485.3687,-1.05432128906,0.42199707031,-0.2509765625
1726143810509.1724,-1.04772949218,0.38488769531,-0.23278808593
1726143810525.2551,-1.04772949218,0.38488769531,-0.23278808593
1726143810545.3967,-1.04772949218,0.38488769531,-0.23278808593
1726143810565.3552,-1.04772949218,0.38488769531,-0.23278808593
1726143810589.1587,-0.96752929687,0.29772949218,-0.23254394531
1726143810605.2417,-0.96752929687,0.29772949218,-0.23254394531
1726143810625.3528,-0.96752929687,0.29772949218,-0.23254394531
1726143810645.3416,-0.96752929687,0.29772949218,-0.23254394531
1726143810669.1455,-0.91870117187,0.27062988281,-0.24194335937
1726143810685.2283,-0.91870117187,0.27062988281,-0.24194335937
1726143810705.339,-0.91870117187,0.27062988281,-0.24194335937
1726143810725.3894,-0.91870117187,0.27062988281,-0.24194335937
1726143810749.132,-0.87707519531,0.27062988281,-0.24731445312
1726143810765.2148,-0.87707519531,0.27062988281,-0.24731445312
1726143810785.3564,-0.87707519531,0.27062988281,-0.24731445312
1726143810805.3455,-0.87707519531,0.27062988281,-0.24731445312
1726143810829.1187,-0.869140625,0.29028320312,-0.26440429687
1726143810845.2625,-0.869140625,0.29028320312,-0.26440429687
1726143810865.343,-0.869140625,0.29028320312,-0.26440429687
1726143810885.393,-0.869140625,0.29028320312,-0.26440429687
1726143810909.1052,-0.88635253906,0.32348632812,-0.2890625
1726143810925.2185,-0.88635253906,0.32348632812,-0.2890625
1726143810945.3906,-0.88635253906,0.32348632812,-0.2890625
1726143810965.349,-0.88635253906,0.32348632812,-0.2890625
1726143810989.0916,-0.94128417968,0.34423828125,-0.29321289062
1726143811005.2356,-0.94128417968,0.34423828125,-0.29321289062
1726143811025.3467,-0.94128417968,0.34423828125,-0.29321289062
1726143811045.3662,-0.94128417968,0.34423828125,-0.29321289062
1726143811069.0784,-1.0751953125,0.38098144531,-0.28686523437
1726143811085.2527,-1.0751953125,0.38098144531,-0.28686523437
1726143811105.3333,-1.0751953125,0.38098144531,-0.28686523437
1726143811125.3528,-1.0751953125,0.38098144531,-0.28686523437
1726143811149.0647,-1.13146972656,0.41687011718,-0.25671386718
1726143811165.2393,-1.13146972656,0.41687011718,-0.25671386718
1726143811185.3503,-1.13146972656,0.41687011718,-0.25671386718
1726143811205.3699,-1.13146972656,0.41687011718,-0.25671386718
1726143811229.0515,-1.056640625,0.39294433593,-0.23022460937
1726143811245.2563,-1.056640625,0.39294433593,-0.23022460937
1726143811265.4285,-1.056640625,0.39294433593,-0.23022460937
1726143811285.326,-1.056640625,0.39294433593,-0.23022460937
1726143811309.038,-0.98315429687,0.33801269531,-0.21887207031
1726143811325.2124,-0.98315429687,0.33801269531,-0.21887207031
1726143811345.3235,-0.98315429687,0.33801269531,-0.21887207031
1726143811365.3735,-0.98315429687,0.33801269531,-0.21887207031
1726143811389.0247,-0.91760253906,0.30090332031,-0.18444824218
1726143811405.1987,-0.91760253906,0.30090332031,-0.18444824218
1726143811425.3403,-0.91760253906,0.30090332031,-0.18444824218
1726143811445.3296,-0.91760253906,0.30090332031,-0.18444824218
1726143811469.0415,-0.87451171875,0.27209472656,-0.15576171875
1726143811485.216,-0.87451171875,0.27209472656,-0.15576171875
1726143811505.3271,-0.87451171875,0.27209472656,-0.15576171875
1726143811525.3772,-0.87451171875,0.27209472656,-0.15576171875
1726143811548.9978,-0.90661621093,0.26184082031,-0.15075683593
1726143811565.2332,-0.90661621093,0.26184082031,-0.15075683593
1726143811585.3748,-0.90661621093,0.26184082031,-0.15075683593
1726143811605.3333,-0.90661621093,0.26184082031,-0.15075683593
1726143811628.9844,-0.99340820312,0.28002929687,-0.15991210937
1726143811645.2502,-0.99340820312,0.28002929687,-0.15991210937
1726143811665.3308,-0.99340820312,0.28002929687,-0.15991210937
1726143811685.3198,-0.99340820312,0.28002929687,-0.15991210937
1726143811708.9707,-1.00476074218,0.31457519531,-0.20385742187
1726143811725.2063,-1.00476074218,0.31457519531,-0.20385742187
1726143811745.3171,-1.00476074218,0.31457519531,-0.20385742187
1726143811765.337,-1.00476074218,0.31457519531,-0.20385742187
1726143811788.9575,-1.01098632812,0.34216308593,-0.26708984375
1726143811805.2231,-1.01098632812,0.34216308593,-0.26708984375
1726143811825.3345,-1.01098632812,0.34216308593,-0.26708984375
1726143811845.3235,-1.01098632812,0.34216308593,-0.26708984375
1726143811868.9746,-1.02551269531,0.33825683593,-0.29235839843
1726143811885.2405,-1.02551269531,0.33825683593,-0.29235839843
1726143811905.321,-1.02551269531,0.33825683593,-0.29235839843
1726143811925.31,-1.02551269531,0.33825683593,-0.29235839843
1726143811948.9612,-0.9404296875,0.32507324218,-0.296875
1726143811965.227,-0.9404296875,0.32507324218,-0.296875
1726143811985.338,-0.9404296875,0.32507324218,-0.296875
1726143812005.3271,-0.9404296875,0.32507324218,-0.296875
1726143812028.9475,-0.83410644531,0.33862304687,-0.30200195312
1726143812045.183,-0.83410644531,0.33862304687,-0.30200195312
1726143812065.3247,-0.83410644531,0.33862304687,-0.30200195312
1726143812085.3137,-0.83410644531,0.33862304687,-0.30200195312
1726143812108.9038,-0.78662109375,0.34814453125,-0.30346679687
1726143812125.2,-0.78662109375,0.34814453125,-0.30346679687
1726143812145.3416,-0.78662109375,0.34814453125,-0.30346679687
1726143812165.3308,-0.78662109375,0.34814453125,-0.30346679687
1726143812188.8904,-0.86865234375,0.35571289062,-0.31140136718
1726143812205.1868,-0.86865234375,0.35571289062,-0.31140136718
1726143812225.3284,-0.86865234375,0.35571289062,-0.31140136718
1726143812245.3171,-0.86865234375,0.35571289062,-0.31140136718
1726143812268.8767,-1.06323242187,0.38317871093,-0.30261230468
1726143812285.2344,-1.06323242187,0.38317871093,-0.30261230468
1726143812305.3147,-1.06323242187,0.38317871093,-0.30261230468
1726143812325.3345,-1.06323242187,0.38317871093,-0.30261230468
1726143812348.8635,-1.08728027343,0.40222167968,-0.2724609375
1726143812365.1904,-1.08728027343,0.40222167968,-0.2724609375
1726143812385.3015,-1.08728027343,0.40222167968,-0.2724609375
1726143812405.321,-1.08728027343,0.40222167968,-0.2724609375
1726143812428.85,-1.01513671875,0.40173339843,-0.24060058593
1726143812445.177,-1.01513671875,0.40173339843,-0.24060058593
1726143812465.3186,-1.01513671875,0.40173339843,-0.24060058593
1726143812485.3076,-1.01513671875,0.40173339843,-0.24060058593
1726143812508.8367,-0.99926757812,0.37023925781,-0.20495605468
1726143812525.194,-0.99926757812,0.37023925781,-0.20495605468
1726143812545.3052,-0.99926757812,0.37023925781,-0.20495605468
1726143812565.294,-0.99926757812,0.37023925781,-0.20495605468
1726143812588.8232,-0.95007324218,0.33581542968,-0.18310546875
1726143812605.2112,-0.95007324218,0.33581542968,-0.18310546875
1726143812625.2915,-0.95007324218,0.33581542968,-0.18310546875
1726143812645.3113,-0.95007324218,0.33581542968,-0.18310546875
1726143812668.8098,-0.90844726562,0.3291015625,-0.18334960937
1726143812685.1975,-0.90844726562,0.3291015625,-0.18334960937
1726143812705.339,-0.90844726562,0.3291015625,-0.18334960937
1726143812725.2979,-0.90844726562,0.3291015625,-0.18334960937
1726143812748.827,-0.87231445312,0.33325195312,-0.19702148437
1726143812765.1843,-0.87231445312,0.33325195312,-0.19702148437
1726143812785.2954,-0.87231445312,0.33325195312,-0.19702148437
1726143812805.3455,-0.87231445312,0.33325195312,-0.19702148437
1726143812828.7827,-0.89611816406,0.33935546875,-0.22314453125
1726143812845.2014,-0.89611816406,0.33935546875,-0.22314453125
1726143812865.3125,-0.89611816406,0.33935546875,-0.22314453125
1726143812885.332,-0.89611816406,0.33935546875,-0.22314453125
1726143812908.7695,-1.01770019531,0.35266113281,-0.23742675781
1726143812925.2185,-1.01770019531,0.35266113281,-0.23742675781
1726143812945.3296,-1.01770019531,0.35266113281,-0.23742675781
1726143812965.288,-1.01770019531,0.35266113281,-0.23742675781
1726143812988.756,-0.93200683593,0.34509277343,-0.25512695312
1726143813005.1743,-0.93200683593,0.34509277343,-0.25512695312
1726143813025.2856,-0.93200683593,0.34509277343,-0.25512695312
1726143813045.3052,-0.93200683593,0.34509277343,-0.25512695312
1726143813068.7732,-0.9375,0.32824707031,-0.25659179687
1726143813085.1917,-0.9375,0.32824707031,-0.25659179687
1726143813105.3027,-0.9375,0.32824707031,-0.25659179687
1726143813125.2915,-0.9375,0.32824707031,-0.25659179687
1726143813148.7595,-0.8837890625,0.30993652343,-0.25402832031
1726143813165.2087,-0.8837890625,0.30993652343,-0.25402832031
1726143813185.3198,-0.8837890625,0.30993652343,-0.25402832031
1726143813205.3088,-0.8837890625,0.30993652343,-0.25402832031
1726143813228.7463,-0.86193847656,0.31701660156,-0.26745605468
1726143813245.1648,-0.86193847656,0.31701660156,-0.26745605468
1726143813265.276,-0.86193847656,0.31701660156,-0.26745605468
1726143813285.2954,-0.86193847656,0.31701660156,-0.26745605468
1726143813308.733,-0.849609375,0.33178710937,-0.29248046875
1726143813325.182,-0.849609375,0.33178710937,-0.29248046875
1726143813345.2927,-0.849609375,0.33178710937,-0.29248046875
1726143813365.3125,-0.849609375,0.33178710937,-0.29248046875
1726143813388.6887,-0.86364746093,0.34704589843,-0.29797363281
1726143813405.1685,-0.86364746093,0.34704589843,-0.29797363281
1726143813425.2795,-0.86364746093,0.34704589843,-0.29797363281
1726143813445.299,-0.86364746093,0.34704589843,-0.29797363281
1726143813468.6755,-0.96923828125,0.375,-0.26721191406
1726143813485.155,-0.96923828125,0.375,-0.26721191406
1726143813505.2966,-0.96923828125,0.375,-0.26721191406
1726143813525.2856,-0.96923828125,0.375,-0.26721191406
1726143813548.662,-1.04345703125,0.40673828125,-0.240234375
1726143813565.172,-1.04345703125,0.40673828125,-0.240234375
1726143813585.2832,-1.04345703125,0.40673828125,-0.240234375
1726143813605.2722,-1.04345703125,0.40673828125,-0.240234375
1726143813628.6487,-1.04895019531,0.42883300781,-0.23291015625
1726143813645.1892,-1.04895019531,0.42883300781,-0.23291015625
1726143813665.2695,-1.04895019531,0.42883300781,-0.23291015625
1726143813685.2893,-1.04895019531,0.42883300781,-0.23291015625
1726143813708.6353,-1.03588867187,0.39025878906,-0.21813964843
1726143813725.1755,-1.03588867187,0.39025878906,-0.21813964843
1726143813745.2869,-1.03588867187,0.39025878906,-0.21813964843
1726143813765.3064,-1.03588867187,0.39025878906,-0.21813964843
1726143813788.6218,-0.97973632812,0.31384277343,-0.21118164062
1726143813805.1929,-0.97973632812,0.31384277343,-0.21118164062
1726143813825.304,-0.97973632812,0.31384277343,-0.21118164062
1726143813845.2625,-0.97973632812,0.31384277343,-0.21118164062
1726143813868.6084,-0.92749023437,0.27612304687,-0.208984375
1726143813885.1794,-0.92749023437,0.27612304687,-0.208984375
1726143813905.26,-0.92749023437,0.27612304687,-0.208984375
1726143813925.2795,-0.92749023437,0.27612304687,-0.208984375
1726143813948.5947,-0.88427734375,0.26477050781,-0.20263671875
1726143813965.166,-0.88427734375,0.26477050781,-0.20263671875
1726143813985.3076,-0.88427734375,0.26477050781,-0.20263671875
1726143814005.266,-0.88427734375,0.26477050781,-0.20263671875
1726143814028.5815,-0.88195800781,0.26574707031,-0.20288085937
1726143814045.1523,-0.88195800781,0.26574707031,-0.20288085937
1726143814065.2637,-0.88195800781,0.26574707031,-0.20288085937
1726143814085.2832,-0.88195800781,0.26574707031,-0.20288085937
1726143814108.568,-0.96740722656,0.2890625,-0.20922851562
1726143814125.1392,-0.96740722656,0.2890625,-0.20922851562
1726143814145.3113,-0.96740722656,0.2890625,-0.20922851562
1726143814165.2695,-0.96740722656,0.2890625,-0.20922851562
1726143814188.5547,-0.98742675781,0.3271484375,-0.2392578125
1726143814205.1562,-0.98742675781,0.3271484375,-0.2392578125
1726143814225.267,-0.98742675781,0.3271484375,-0.2392578125
1726143814245.2563,-0.98742675781,0.3271484375,-0.2392578125
1726143814268.5413,-0.96850585937,0.36669921875,-0.27514648437
1726143814285.173,-0.96850585937,0.36669921875,-0.27514648437
1726143814305.2844,-0.96850585937,0.36669921875,-0.27514648437
1726143814325.304,-0.96850585937,0.36669921875,-0.27514648437
1726143814348.5278,-0.97229003906,0.36743164062,-0.27941894531
1726143814365.1292,-0.97229003906,0.36743164062,-0.27941894531
1726143814385.2708,-0.97229003906,0.36743164062,-0.27941894531
1726143814405.26,-0.97229003906,0.36743164062,-0.27941894531
1726143814428.5144,-0.90734863281,0.35009765625,-0.26574707031
1726143814445.177,-0.90734863281,0.35009765625,-0.26574707031
1726143814465.288,-0.90734863281,0.35009765625,-0.26574707031
1726143814485.2463,-0.90734863281,0.35009765625,-0.26574707031
1726143814508.5007,-0.84997558593,0.35131835937,-0.26879882812
1726143814525.1636,-0.84997558593,0.35131835937,-0.26879882812
1726143814545.244,-0.84997558593,0.35131835937,-0.26879882812
1726143814565.2637,-0.84997558593,0.35131835937,-0.26879882812
1726143814588.4875,-0.82727050781,0.35302734375,-0.2900390625
1726143814605.1196,-0.82727050781,0.35302734375,-0.2900390625
1726143814625.2612,-0.82727050781,0.35302734375,-0.2900390625
1726143814645.2502,-0.82727050781,0.35302734375,-0.2900390625
1726143814668.474,-0.85632324218,0.36315917968,-0.30615234375
1726143814685.1672,-0.85632324218,0.36315917968,-0.30615234375
1726143814705.2478,-0.85632324218,0.36315917968,-0.30615234375
1726143814725.267,-0.85632324218,0.36315917968,-0.30615234375
1726143814748.4607,-0.9970703125,0.38562011718,-0.29077148437
1726143814765.1538,-0.9970703125,0.38562011718,-0.29077148437
1726143814785.265,-0.9970703125,0.38562011718,-0.29077148437
1726143814805.254,-0.9970703125,0.38562011718,-0.29077148437
1726143814828.4473,-1.06689453125,0.39611816406,-0.25024414062
1726143814845.1404,-1.06689453125,0.39611816406,-0.25024414062
1726143814865.2515,-1.06689453125,0.39611816406,-0.25024414062
1726143814885.2405,-1.06689453125,0.39611816406,-0.25024414062
1726143814908.4338,-1.05456542968,0.39685058593,-0.20629882812
1726143814925.1575,-1.05456542968,0.39685058593,-0.20629882812
1726143814945.238,-1.05456542968,0.39685058593,-0.20629882812
1726143814965.2576,-1.05456542968,0.39685058593,-0.20629882812
1726143814988.4204,-1.04577636718,0.36584472656,-0.1796875
1726143815005.144,-1.04577636718,0.36584472656,-0.1796875
1726143815025.2551,-1.04577636718,0.36584472656,-0.1796875
1726143815045.244,-1.04577636718,0.36584472656,-0.1796875
1726143815068.59,-0.96862792968,0.30346679687,-0.20153808593
1726143815085.1306,-0.96862792968,0.30346679687,-0.20153808593
1726143815105.2417,-0.96862792968,0.30346679687,-0.20153808593
1726143815125.2307,-0.96862792968,0.30346679687,-0.20153808593
1726143815148.3936,-0.90661621093,0.26916503906,-0.22741699218
1726143815165.1172,-0.90661621093,0.26916503906,-0.22741699218
1726143815185.2283,-0.90661621093,0.26916503906,-0.22741699218
1726143815205.2478,-0.90661621093,0.26916503906,-0.22741699218
1726143815228.38,-0.88293457031,0.26354980468,-0.21752929687
1726143815245.1343,-0.88293457031,0.26354980468,-0.21752929687
1726143815265.245,-0.88293457031,0.26354980468,-0.21752929687
1726143815285.265,-0.88293457031,0.26354980468,-0.21752929687
1726143815308.3667,-0.91259765625,0.271484375,-0.19421386718
1726143815325.1511,-0.91259765625,0.271484375,-0.19421386718
1726143815345.232,-0.91259765625,0.271484375,-0.19421386718
1726143815365.2515,-0.91259765625,0.271484375,-0.19421386718
1726143815388.3533,-1.00671386718,0.29382324218,-0.19165039062
1726143815405.1074,-1.00671386718,0.29382324218,-0.19165039062
1726143815425.249,-1.00671386718,0.29382324218,-0.19165039062
1726143815445.299,-1.00671386718,0.29382324218,-0.19165039062
1726143815468.3398,-1.03796386718,0.32727050781,-0.21862792968
1726143815485.1245,-1.03796386718,0.32727050781,-0.21862792968
1726143815505.2356,-1.03796386718,0.32727050781,-0.21862792968
1726143815525.2246,-1.03796386718,0.32727050781,-0.21862792968
1726143815548.3264,-0.98278808593,0.36572265625,-0.24157714843
1726143815565.111,-0.98278808593,0.36572265625,-0.24157714843
1726143815585.1,-0.98278808593,0.36572265625,-0.24157714843
1726143815605.2417,-0.98278808593,0.36572265625,-0.24157714843
1726143815628.3127,-0.9423828125,0.35241699218,-0.24084472656
1726143815645.0977,-0.9423828125,0.35241699218,-0.24084472656
1726143815665.2695,-0.9423828125,0.35241699218,-0.24084472656
1726143815685.2588,-0.9423828125,0.35241699218,-0.24084472656
1726143815708.2996,-0.90063476562,0.31176757812,-0.23742675781
1726143815725.1147,-0.90063476562,0.31176757812,-0.23742675781
1726143815745.2258,-0.90063476562,0.31176757812,-0.23742675781
1726143815765.2148,-0.90063476562,0.31176757812,-0.23742675781
1726143815788.286,-0.85620117187,0.310546875,-0.25659179687
1726143815805.1013,-0.85620117187,0.310546875,-0.25659179687
1726143815825.2734,-0.85620117187,0.310546875,-0.25659179687
1726143815845.232,-0.85620117187,0.310546875,-0.25659179687
1726143815868.2727,-0.84802246093,0.32775878906,-0.296875
1726143815885.088,-0.84802246093,0.32775878906,-0.296875
1726143815905.26,-0.84802246093,0.32775878906,-0.296875
1726143815925.249,-0.84802246093,0.32775878906,-0.296875
1726143815948.2593,-0.87329101562,0.28869628906,-0.27600097656
1726143815965.1047,-0.87329101562,0.28869628906,-0.27600097656
1726143815985.216,-0.87329101562,0.28869628906,-0.27600097656
1726143816005.2356,-0.87329101562,0.28869628906,-0.27600097656
1726143816028.2458,-1.04479980468,0.29150390625,-0.23706054687
1726143816045.0916,-1.04479980468,0.29150390625,-0.23706054687
1726143816065.2332,-1.04479980468,0.29150390625,-0.23706054687
1726143816085.222,-1.04479980468,0.29150390625,-0.23706054687
1726143816108.2324,-1.07556152343,0.33544921875,-0.20642089843
1726143816125.1086,-1.07556152343,0.33544921875,-0.20642089843
1726143816145.2195,-1.07556152343,0.33544921875,-0.20642089843
1726143816165.2087,-1.07556152343,0.33544921875,-0.20642089843
1726143816188.2188,-0.98046875,0.35192871093,-0.19836425781
1726143816205.0952,-0.98046875,0.35192871093,-0.19836425781
1726143816225.2063,-0.98046875,0.35192871093,-0.19836425781
1726143816245.2258,-0.98046875,0.35192871093,-0.19836425781
1726143816268.2056,-0.95385742187,0.35009765625,-0.2060546875
1726143816285.0815,-0.95385742187,0.35009765625,-0.2060546875
1726143816305.254,-0.95385742187,0.35009765625,-0.2060546875
1726143816325.2124,-0.95385742187,0.35009765625,-0.2060546875
1726143816348.2227,-0.92785644531,0.3388671875,-0.22009277343
1726143816365.0989,-0.92785644531,0.3388671875,-0.22009277343
1726143816385.21,-0.92785644531,0.3388671875,-0.22009277343
1726143816405.1987,-0.92785644531,0.3388671875,-0.22009277343
1726143816428.1787,-0.91271972656,0.33459472656,-0.240234375
1726143816445.0854,-0.91271972656,0.33459472656,-0.240234375
1726143816465.227,-0.91271972656,0.33459472656,-0.240234375
1726143816485.216,-0.91271972656,0.33459472656,-0.240234375
1726143816508.1958,-0.89306640625,0.34619140625,-0.23193359375
1726143816525.072,-0.89306640625,0.34619140625,-0.23193359375
1726143816545.2136,-0.89306640625,0.34619140625,-0.23193359375
1726143816565.2332,-0.89306640625,0.34619140625,-0.23193359375
1726143816588.5483,-0.88916015625,0.34228515625,-0.20617675781
1726143816605.1196,-0.88916015625,0.34228515625,-0.20617675781
1726143816625.2307,-0.88916015625,0.34228515625,-0.20617675781
1726143816645.2502,-0.88916015625,0.34228515625,-0.20617675781
1726143816668.1384,-1.017578125,0.33422851562,-0.18371582031
1726143816685.1062,-1.017578125,0.33422851562,-0.18371582031
1726143816705.2173,-1.017578125,0.33422851562,-0.18371582031
1726143816725.2063,-1.017578125,0.33422851562,-0.18371582031
1726143816748.125,-1.0400390625,0.33251953125,-0.19189453125
1726143816765.0928,-1.0400390625,0.33251953125,-0.19189453125
1726143816785.2039,-1.0400390625,0.33251953125,-0.19189453125
1726143816805.1929,-1.0400390625,0.33251953125,-0.19189453125
1726143816828.1116,-0.97119140625,0.31811523437,-0.23327636718
1726143816845.079,-0.97119140625,0.31811523437,-0.23327636718
1726143816865.1904,-0.97119140625,0.31811523437,-0.23327636718
1726143816885.21,-0.97119140625,0.31811523437,-0.23327636718
1726143816908.098,-0.93078613281,0.29797363281,-0.26403808593
1726143816925.066,-0.93078613281,0.29797363281,-0.26403808593
1726143816945.238,-0.93078613281,0.29797363281,-0.26403808593
1726143816965.1963,-0.93078613281,0.29797363281,-0.26403808593
1726143816988.0847,-0.85766601562,0.27807617187,-0.2763671875
1726143817005.083,-0.85766601562,0.27807617187,-0.2763671875
1726143817025.194,-0.85766601562,0.27807617187,-0.2763671875
1726143817045.2136,-0.85766601562,0.27807617187,-0.2763671875
1726143817068.0713,-0.85595703125,0.28234863281,-0.29870605468
1726143817085.0696,-0.85595703125,0.28234863281,-0.29870605468
1726143817105.2112,-0.85595703125,0.28234863281,-0.29870605468
1726143817125.2,-0.85595703125,0.28234863281,-0.29870605468
1726143817148.0579,-0.85620117187,0.29260253906,-0.32067871093
1726143817165.0867,-0.85620117187,0.29260253906,-0.32067871093
1726143817185.1975,-0.85620117187,0.29260253906,-0.32067871093
1726143817205.2173,-0.85620117187,0.29260253906,-0.32067871093
1726143817228.0444,-0.89282226562,0.28698730468,-0.31311035156
1726143817245.0732,-0.89282226562,0.28698730468,-0.31311035156
1726143817265.1843,-0.89282226562,0.28698730468,-0.31311035156
1726143817285.2039,-0.89282226562,0.28698730468,-0.31311035156
1726143817308.031,-1.0224609375,0.34497070312,-0.28149414062
1726143817325.0598,-1.0224609375,0.34497070312,-0.28149414062
1726143817345.2014,-1.0224609375,0.34497070312,-0.28149414062
1726143817365.2207,-1.0224609375,0.34497070312,-0.28149414062
1726143817388.0176,-1.05895996093,0.42407226562,-0.24694824218
1726143817405.1074,-1.05895996093,0.42407226562,-0.24694824218
1726143817425.188,-1.05895996093,0.42407226562,-0.24694824218
1726143817445.177,-1.05895996093,0.42407226562,-0.24694824218
1726143817468.004,-1.03845214843,0.4453125,-0.21728515625
1726143817485.094,-1.03845214843,0.4453125,-0.21728515625
1726143817505.205,-1.03845214843,0.4453125,-0.21728515625
1726143817525.194,-1.03845214843,0.4453125,-0.21728515625
1726143817547.9907,-1.03503417968,0.40930175781,-0.18469238281
1726143817565.05,-1.03503417968,0.40930175781,-0.18469238281
1726143817585.1917,-1.03503417968,0.40930175781,-0.18469238281
1726143817605.1807,-1.03503417968,0.40930175781,-0.18469238281
1726143817627.9773,-0.97827148437,0.34460449218,-0.17163085937
1726143817645.0977,-0.97827148437,0.34460449218,-0.17163085937
1726143817665.1782,-0.97827148437,0.34460449218,-0.17163085937
1726143817685.1975,-0.97827148437,0.34460449218,-0.17163085937
1726143817707.9639,-0.93103027343,0.32275390625,-0.189453125
1726143817725.0537,-0.93103027343,0.32275390625,-0.189453125
1726143817745.1648,-0.93103027343,0.32275390625,-0.189453125
1726143817765.2148,-0.93103027343,0.32275390625,-0.189453125
1726143817787.9504,-0.88598632812,0.36254882812,-0.2216796875
1726143817805.0403,-0.88598632812,0.36254882812,-0.2216796875
1726143817825.182,-0.88598632812,0.36254882812,-0.2216796875
1726143817845.171,-0.88598632812,0.36254882812,-0.2216796875
1726143817867.937,-0.84411621093,0.40832519531,-0.27124023437
1726143817885.088,-0.84411621093,0.40832519531,-0.27124023437
1726143817905.1685,-0.84411621093,0.40832519531,-0.27124023437
1726143817925.188,-0.84411621093,0.40832519531,-0.27124023437
1726143817947.9236,-0.86633300781,0.43896484375,-0.30578613281
1726143817965.044,-0.86633300781,0.43896484375,-0.30578613281
1726143817985.1855,-0.86633300781,0.43896484375,-0.30578613281
1726143818005.1743,-0.86633300781,0.43896484375,-0.30578613281
1726143818027.9407,-0.98510742187,0.45849609375,-0.27917480468
1726143818045.0916,-0.98510742187,0.45849609375,-0.27917480468
1726143818065.172,-0.98510742187,0.45849609375,-0.27917480468
1726143818085.1611,-0.98510742187,0.45849609375,-0.27917480468
1726143818107.9272,-0.93103027343,0.42797851562,-0.24060058593
1726143818125.0476,-0.93103027343,0.42797851562,-0.24060058593
1726143818145.1892,-0.93103027343,0.42797851562,-0.24060058593
1726143818165.1782,-0.93103027343,0.42797851562,-0.24060058593
1726143818187.8833,-0.83276367187,0.38146972656,-0.23828125
1726143818205.034,-0.83276367187,0.38146972656,-0.23828125
1726143818225.1755,-0.83276367187,0.38146972656,-0.23828125
1726143818245.1648,-0.83276367187,0.38146972656,-0.23828125
1726143818267.8699,-0.87048339843,0.3544921875,-0.24670410156
1726143818285.0513,-0.87048339843,0.3544921875,-0.24670410156
1726143818305.1624,-0.87048339843,0.3544921875,-0.24670410156
1726143818325.182,-0.87048339843,0.3544921875,-0.24670410156
1726143818347.8564,-0.84106445312,0.33471679687,-0.24536132812
1726143818365.0378,-0.84106445312,0.33471679687,-0.24536132812
1726143818385.1794,-0.84106445312,0.33471679687,-0.24536132812
1726143818405.1685,-0.84106445312,0.33471679687,-0.24536132812
1726143818427.843,-0.81384277343,0.33801269531,-0.25402832031
1726143818445.0547,-0.81384277343,0.33801269531,-0.25402832031
1726143818465.166,-0.81384277343,0.33801269531,-0.25402832031
1726143818485.155,-0.81384277343,0.33801269531,-0.25402832031
1726143818507.86,-0.8115234375,0.34680175781,-0.2841796875
1726143818525.072,-0.8115234375,0.34680175781,-0.2841796875
1726143818545.183,-0.8115234375,0.34680175781,-0.2841796875
1726143818565.2026,-0.8115234375,0.34680175781,-0.2841796875
1726143818587.8467,-0.88134765625,0.36437988281,-0.31286621093
1726143818605.028,-0.88134765625,0.36437988281,-0.31286621093
1726143818625.2,-0.88134765625,0.36437988281,-0.31286621093
1726143818645.1587,-0.88134765625,0.36437988281,-0.31286621093
1726143818667.8027,-1.06616210937,0.41125488281,-0.31469726562
1726143818685.0452,-1.06616210937,0.41125488281,-0.31469726562
1726143818705.1562,-1.06616210937,0.41125488281,-0.31469726562
1726143818725.1755,-1.06616210937,0.41125488281,-0.31469726562
1726143818747.8198,-1.08972167968,0.44763183593,-0.29162597656
1726143818765.0315,-1.08972167968,0.44763183593,-0.29162597656
1726143818785.1428,-1.08972167968,0.44763183593,-0.29162597656
1726143818805.1624,-1.08972167968,0.44763183593,-0.29162597656
1726143818827.8064,-1.03405761718,0.42712402343,-0.25061035156
1726143818845.0488,-1.03405761718,0.42712402343,-0.25061035156
1726143818865.16,-1.03405761718,0.42712402343,-0.25061035156
1726143818885.1794,-1.03405761718,0.42712402343,-0.25061035156
1726143818907.7625,-1.01428222656,0.36950683593,-0.22314453125
1726143818925.066,-1.01428222656,0.36950683593,-0.22314453125
1726143818945.1465,-1.01428222656,0.36950683593,-0.22314453125
1726143818965.1355,-1.01428222656,0.36950683593,-0.22314453125
1726143818987.749,-0.93627929687,0.33544921875,-0.17956542968
1726143819005.022,-0.93627929687,0.33544921875,-0.17956542968
1726143819025.1636,-0.93627929687,0.33544921875,-0.17956542968
1726143819045.1523,-0.93627929687,0.33544921875,-0.17956542968
1726143819067.7356,-0.91772460937,0.29553222656,-0.166015625
1726143819085.0083,-0.91772460937,0.29553222656,-0.166015625
1726143819105.15,-0.91772460937,0.29553222656,-0.166015625
1726143819125.1392,-0.91772460937,0.29553222656,-0.166015625
1726143819147.722,-0.89538574218,0.30407714843,-0.17858886718
1726143819165.056,-0.89538574218,0.30407714843,-0.17858886718
1726143819185.1367,-0.89538574218,0.30407714843,-0.17858886718
1726143819205.1868,-0.89538574218,0.30407714843,-0.17858886718
1726143819228.0444,-0.9130859375,0.35083007812,-0.2177734375
1726143819245.0122,-0.9130859375,0.35083007812,-0.2177734375
1726143819265.1538,-0.9130859375,0.35083007812,-0.2177734375
1726143819285.1428,-0.9130859375,0.35083007812,-0.2177734375
1726143819307.6953,-1.03503417968,0.396484375,-0.25366210937
1726143819325.0598,-1.03503417968,0.396484375,-0.25366210937
1726143819345.1404,-1.03503417968,0.396484375,-0.25366210937
1726143819365.1292,-1.03503417968,0.396484375,-0.25366210937
1726143819387.7124,-1.00842285156,0.419921875,-0.24865722656
1726143819405.0159,-1.00842285156,0.419921875,-0.24865722656
1726143819425.1267,-1.00842285156,0.419921875,-0.24865722656
1726143819445.1465,-1.00842285156,0.419921875,-0.24865722656
1726143819467.6685,-0.92211914062,0.40063476562,-0.23376464843
1726143819485.0327,-0.92211914062,0.40063476562,-0.23376464843
1726143819505.144,-0.92211914062,0.40063476562,-0.23376464843
1726143819525.1636,-0.92211914062,0.40063476562,-0.23376464843
1726143819547.6855,-0.92456054687,0.37084960937,-0.23718261718
1726143819565.05,-0.92456054687,0.37084960937,-0.23718261718
1726143819585.1306,-0.92456054687,0.37084960937,-0.23718261718
1726143819605.2722,-0.92456054687,0.37084960937,-0.23718261718
1726143819627.6416,-0.86315917968,0.35485839843,-0.24084472656
1726143819645.006,-0.86315917968,0.35485839843,-0.24084472656
1726143819665.1172,-0.86315917968,0.35485839843,-0.24084472656
1726143819685.1367,-0.86315917968,0.35485839843,-0.24084472656
1726143819707.628,-0.84594726562,0.31506347656,-0.24255371093
1726143819724.9927,-0.84594726562,0.31506347656,-0.24255371093
1726143819745.1343,-0.84594726562,0.31506347656,-0.24255371093
1726143819765.1538,-0.84594726562,0.31506347656,-0.24255371093
1726143819787.6147,-0.84948730468,0.29858398437,-0.26318359375
1726143819805.0403,-0.84948730468,0.29858398437,-0.26318359375
1726143819825.1208,-0.84948730468,0.29858398437,-0.26318359375
1726143819845.171,-0.84948730468,0.29858398437,-0.26318359375
1726143819867.6013,-0.89794921875,0.30236816406,-0.2822265625
1726143819884.9963,-0.89794921875,0.30236816406,-0.2822265625
1726143819905.1685,-0.89794921875,0.30236816406,-0.2822265625
1726143819925.1575,-0.89794921875,0.30236816406,-0.2822265625
1726143819947.588,-1.0498046875,0.31555175781,-0.2587890625
1726143819965.044,-1.0498046875,0.31555175781,-0.2587890625
1726143819985.1855,-1.0498046875,0.31555175781,-0.2587890625
1726143820005.144,-1.0498046875,0.31555175781,-0.2587890625
1726143820027.5745,-1.08422851562,0.34143066406,-0.23327636718
1726143820045.0,-1.08422851562,0.34143066406,-0.23327636718
1726143820065.111,-1.08422851562,0.34143066406,-0.23327636718
1726143820085.1306,-1.08422851562,0.34143066406,-0.23327636718
1726143820107.561,-1.04602050781,0.35571289062,-0.21508789062
1726143820124.9863,-1.04602050781,0.35571289062,-0.21508789062
1726143820145.128,-1.04602050781,0.35571289062,-0.21508789062
1726143820165.1172,-1.04602050781,0.35571289062,-0.21508789062
1726143820187.5476,-1.03344726562,0.34558105468,-0.19409179687
1726143820205.034,-1.03344726562,0.34558105468,-0.19409179687
1726143820225.1453,-1.03344726562,0.34558105468,-0.19409179687
1726143820245.1035,-1.03344726562,0.34558105468,-0.19409179687
1726143820267.534,-0.97644042968,0.29919433593,-0.18322753906
1726143820285.0208,-0.97644042968,0.29919433593,-0.18322753906
1726143820305.1013,-0.97644042968,0.29919433593,-0.18322753906
1726143820325.1208,-0.97644042968,0.29919433593,-0.18322753906
1726143820347.5208,-0.92590332031,0.28173828125,-0.18872070312
1726143820364.9768,-0.92590332031,0.28173828125,-0.18872070312
1726143820385.1184,-0.92590332031,0.28173828125,-0.18872070312
1726143820405.1074,-0.92590332031,0.28173828125,-0.18872070312
1726143820427.507,-0.87731933593,0.32165527343,-0.20153808593
1726143820444.994,-0.87731933593,0.32165527343,-0.20153808593
1726143820465.1047,-0.87731933593,0.32165527343,-0.20153808593
1726143820485.1245,-0.87731933593,0.32165527343,-0.20153808593
1726143820507.494,-0.87561035156,0.35791015625,-0.20031738281
1726143820524.9805,-0.87561035156,0.35791015625,-0.20031738281
1726143820545.122,-0.87561035156,0.35791015625,-0.20031738281
1726143820565.111,-0.87561035156,0.35791015625,-0.20031738281
1726143820587.4805,-0.94458007812,0.37902832031,-0.19970703125
1726143820604.9976,-0.94458007812,0.37902832031,-0.19970703125
1726143820625.1086,-0.94458007812,0.37902832031,-0.19970703125
1726143820645.0977,-0.94458007812,0.37902832031,-0.19970703125
1726143820667.467,-1.06115722656,0.36584472656,-0.18688964843
1726143820684.984,-1.06115722656,0.36584472656,-0.18688964843
1726143820705.0952,-1.06115722656,0.36584472656,-0.18688964843
1726143820725.1453,-1.06115722656,0.36584472656,-0.18688964843
1726143820747.4536,-1.05187988281,0.31811523437,-0.16320800781
1726143820764.9707,-1.05187988281,0.31811523437,-0.16320800781
1726143820785.1428,-1.05187988281,0.31811523437,-0.16320800781
1726143820805.1013,-1.05187988281,0.31811523437,-0.16320800781
1726143820827.44,-0.9736328125,0.296875,-0.17517089843
1726143820844.9875,-0.9736328125,0.296875,-0.17517089843
1726143820865.0989,-0.9736328125,0.296875,-0.17517089843
1726143820885.088,-0.9736328125,0.296875,-0.17517089843
1726143820907.4268,-0.94543457031,0.30676269531,-0.21508789062
1726143820924.9744,-0.94543457031,0.30676269531,-0.21508789062
1726143820945.0854,-0.94543457031,0.30676269531,-0.21508789062
1726143820965.1355,-0.94543457031,0.30676269531,-0.21508789062
1726143820987.413,-0.86669921875,0.31872558593,-0.24304199218
1726143821004.9607,-0.86669921875,0.31872558593,-0.24304199218
1726143821025.1023,-0.86669921875,0.31872558593,-0.24304199218
1726143821045.122,-0.86669921875,0.31872558593,-0.24304199218
1726143821067.4,-0.83093261718,0.33044433593,-0.2509765625
1726143821084.978,-0.83093261718,0.33044433593,-0.2509765625
1726143821105.089,-0.83093261718,0.33044433593,-0.2509765625
1726143821125.1697,-0.83093261718,0.33044433593,-0.2509765625
1726143821147.3865,-0.86022949218,0.34533691406,-0.25256347656
1726143821164.9644,-0.86022949218,0.34533691406,-0.25256347656
1726143821185.1062,-0.86022949218,0.34533691406,-0.25256347656
1726143821205.0952,-0.86022949218,0.34533691406,-0.25256347656
1726143821227.4036,-0.90930175781,0.35119628906,-0.24072265625
1726143821245.0122,-0.90930175781,0.35119628906,-0.24072265625
1726143821265.0928,-0.90930175781,0.35119628906,-0.24072265625
1726143821285.1123,-0.90930175781,0.35119628906,-0.24072265625
1726143821307.39,-1.03942871093,0.38525390625,-0.21850585937
1726143821324.9683,-1.03942871093,0.38525390625,-0.21850585937
1726143821345.079,-1.03942871093,0.38525390625,-0.21850585937
1726143821365.1292,-1.03942871093,0.38525390625,-0.21850585937
1726143821387.346,-1.06579589843,0.43237304687,-0.20092773437
1726143821404.9548,-1.06579589843,0.43237304687,-0.20092773437
1726143821425.1267,-1.06579589843,0.43237304687,-0.20092773437
1726143821445.0854,-1.06579589843,0.43237304687,-0.20092773437
1726143821467.3633,-1.00512695312,0.42834472656,-0.19055175781
1726143821484.972,-1.00512695312,0.42834472656,-0.19055175781
1726143821505.083,-1.00512695312,0.42834472656,-0.19055175781
1726143821525.072,-1.00512695312,0.42834472656,-0.19055175781
1726143821547.3499,-0.99145507812,0.37426757812,-0.18994140625
1726143821564.9585,-0.99145507812,0.37426757812,-0.18994140625
1726143821585.0696,-0.99145507812,0.37426757812,-0.18994140625
1726143821605.089,-0.99145507812,0.37426757812,-0.18994140625
1726143821627.3364,-0.95690917968,0.31469726562,-0.17822265625
1726143821644.9756,-0.95690917968,0.31469726562,-0.17822265625
1726143821664.9644,-0.95690917968,0.31469726562,-0.17822265625
1726143821685.0757,-0.95690917968,0.31469726562,-0.17822265625
1726143821707.2925,-0.91674804687,0.28588867187,-0.15502929687
1726143821724.962,-0.91674804687,0.28588867187,-0.15502929687
1726143821745.0732,-0.91674804687,0.28588867187,-0.15502929687
1726143821765.1233,-0.91674804687,0.28588867187,-0.15502929687
1726143821787.279,-0.87622070312,0.28186035156,-0.13684082031
1726143821804.9487,-0.87622070312,0.28186035156,-0.13684082031
1726143821825.0903,-0.87622070312,0.28186035156,-0.13684082031
1726143821845.079,-0.87622070312,0.28186035156,-0.13684082031
1726143821867.2656,-0.89794921875,0.28930664062,-0.14404296875
1726143821884.9658,-0.89794921875,0.28930664062,-0.14404296875
1726143821905.1074,-0.89794921875,0.28930664062,-0.14404296875
1726143821925.066,-0.89794921875,0.28930664062,-0.14404296875
1726143821947.2827,-1.02478027343,0.31372070312,-0.16931152343
1726143821964.9524,-1.02478027343,0.31372070312,-0.16931152343
1726143821985.0635,-1.02478027343,0.31372070312,-0.16931152343
1726143822005.083,-1.02478027343,0.31372070312,-0.16931152343
1726143822027.2388,-0.92126464843,0.30383300781,-0.21411132812
1726143822044.9695,-0.92126464843,0.30383300781,-0.21411132812
1726143822065.0803,-0.92126464843,0.30383300781,-0.21411132812
1726143822085.1,-0.92126464843,0.30383300781,-0.21411132812
1726143822107.2559,-0.91369628906,0.27978515625,-0.24780273437
1726143822124.956,-0.91369628906,0.27978515625,-0.24780273437
1726143822145.0671,-0.91369628906,0.27978515625,-0.24780273437
1726143822165.0867,-0.91369628906,0.27978515625,-0.24780273437
1726143822187.212,-0.892578125,0.27380371093,-0.25207519531
1726143822204.9426,-0.892578125,0.27380371093,-0.25207519531
1726143822225.0842,-0.892578125,0.27380371093,-0.25207519531
1726143822245.0732,-0.892578125,0.27380371093,-0.25207519531
1726143822267.1985,-0.87744140625,0.30639648437,-0.26867675781
1726143822284.9292,-0.87744140625,0.30639648437,-0.26867675781
1726143822305.0708,-0.87744140625,0.30639648437,-0.26867675781
1726143822325.0598,-0.87744140625,0.30639648437,-0.26867675781
1726143822347.185,-0.84948730468,0.32263183593,-0.291015625
1726143822364.9768,-0.84948730468,0.32263183593,-0.291015625
1726143822385.0571,-0.84948730468,0.32263183593,-0.291015625
1726143822405.077,-0.84948730468,0.32263183593,-0.291015625
1726143822427.1716,-0.87609863281,0.32397460937,-0.275390625
1726143822444.9329,-0.87609863281,0.32397460937,-0.275390625
1726143822465.1047,-0.87609863281,0.32397460937,-0.275390625
1726143822485.0635,-0.87609863281,0.32397460937,-0.275390625
1726143822507.1582,-1.06677246093,0.35900878906,-0.244140625
1726143822524.9805,-1.06677246093,0.35900878906,-0.244140625
1726143822545.0916,-1.06677246093,0.35900878906,-0.244140625
1726143822565.0803,-1.06677246093,0.35900878906,-0.244140625
1726143822587.1448,-1.11083984375,0.38256835937,-0.22534179687
1726143822604.9363,-1.11083984375,0.38256835937,-0.22534179687
1726143822625.078,-1.11083984375,0.38256835937,-0.22534179687
1726143822645.0977,-1.11083984375,0.38256835937,-0.22534179687
1726143822667.131,-1.00744628906,0.36755371093,-0.2197265625
1726143822684.9536,-1.00744628906,0.36755371093,-0.2197265625
1726143822705.0647,-1.00744628906,0.36755371093,-0.2197265625
1726143822725.0842,-1.00744628906,0.36755371093,-0.2197265625
1726143822747.118,-0.99975585937,0.3271484375,-0.20349121093
1726143822764.94,-0.99975585937,0.3271484375,-0.20349121093
1726143822785.0513,-0.99975585937,0.3271484375,-0.20349121093
1726143822805.0708,-0.99975585937,0.3271484375,-0.20349121093
1726143822827.1045,-0.95446777343,0.27819824218,-0.19812011718
1726143822844.9268,-0.95446777343,0.27819824218,-0.19812011718
1726143822865.0378,-0.95446777343,0.27819824218,-0.19812011718
1726143822885.0571,-0.95446777343,0.27819824218,-0.19812011718
1726143822907.091,-0.90637207031,0.28344726562,-0.21325683593
1726143822924.9438,-0.90637207031,0.28344726562,-0.21325683593
1726143822945.0547,-0.90637207031,0.28344726562,-0.21325683593
1726143822965.044,-0.90637207031,0.28344726562,-0.21325683593
1726143822987.0776,-0.87036132812,0.29943847656,-0.22863769531
1726143823004.9915,-0.87036132812,0.29943847656,-0.22863769531
1726143823025.072,-0.87036132812,0.29943847656,-0.22863769531
1726143823045.0916,-0.87036132812,0.29943847656,-0.22863769531
1726143823067.0642,-0.8837890625,0.30480957031,-0.2275390625
1726143823084.9475,-0.8837890625,0.30480957031,-0.2275390625
1726143823105.0583,-0.8837890625,0.30480957031,-0.2275390625
1726143823125.0476,-0.8837890625,0.30480957031,-0.2275390625
1726143823147.0508,-0.95361328125,0.33544921875,-0.2197265625
1726143823164.934,-0.95361328125,0.33544921875,-0.2197265625
1726143823185.0452,-0.95361328125,0.33544921875,-0.2197265625
1726143823205.034,-0.95361328125,0.33544921875,-0.2197265625
1726143823227.037,-0.98718261718,0.36755371093,-0.23059082031
1726143823244.9207,-0.98718261718,0.36755371093,-0.23059082031
1726143823265.0623,-0.98718261718,0.36755371093,-0.23059082031
1726143823285.0513,-0.98718261718,0.36755371093,-0.23059082031
1726143823307.024,-0.98510742187,0.38134765625,-0.23681640625
1726143823324.9072,-0.98510742187,0.38134765625,-0.23681640625
1726143823345.0488,-0.98510742187,0.38134765625,-0.23681640625
1726143823365.0378,-0.98510742187,0.38134765625,-0.23681640625
1726143823387.346,-0.96643066406,0.35131835937,-0.23547363281
1726143823404.9243,-0.96643066406,0.35131835937,-0.23547363281
1726143823425.066,-0.96643066406,0.35131835937,-0.23547363281
1726143823445.0244,-0.96643066406,0.35131835937,-0.23547363281
1726143823466.997,-0.92236328125,0.30822753906,-0.23583984375
1726143823484.911,-0.92236328125,0.30822753906,-0.23583984375
1726143823505.022,-0.92236328125,0.30822753906,-0.23583984375
1726143823525.0415,-0.92236328125,0.30822753906,-0.23583984375
1726143823547.014,-0.89758300781,0.30578613281,-0.24645996093
1726143823564.8975,-0.89758300781,0.30578613281,-0.24645996093
1726143823585.0696,-0.89758300781,0.30578613281,-0.24645996093
1726143823605.028,-0.89758300781,0.30578613281,-0.24645996093
1726143823627.0007,-0.87243652343,0.33068847656,-0.28381347656
1726143823644.945,-0.87243652343,0.33068847656,-0.28381347656
1726143823665.0256,-0.87243652343,0.33068847656,-0.28381347656
1726143823685.0452,-0.87243652343,0.33068847656,-0.28381347656
1726143823706.9568,-0.884765625,0.35070800781,-0.31677246093
1726143823724.9011,-0.884765625,0.35070800781,-0.31677246093
1726143823745.0427,-0.884765625,0.35070800781,-0.31677246093
1726143823765.0928,-0.884765625,0.35070800781,-0.31677246093
1726143823786.943,-0.97387695312,0.36206054687,-0.30615234375
1726143823804.9182,-0.97387695312,0.36206054687,-0.30615234375
1726143823825.0293,-0.97387695312,0.36206054687,-0.30615234375
1726143823845.0183,-0.97387695312,0.36206054687,-0.30615234375
1726143823866.93,-1.06018066406,0.37780761718,-0.26574707031
1726143823884.9048,-1.06018066406,0.37780761718,-0.26574707031
1726143823905.0159,-1.06018066406,0.37780761718,-0.26574707031
1726143823925.0354,-1.06018066406,0.37780761718,-0.26574707031
1726143823946.9165,-1.03698730468,0.38830566406,-0.21252441406
1726143823964.891,-1.03698730468,0.38830566406,-0.21252441406
1726143823985.0635,-1.03698730468,0.38830566406,-0.21252441406
1726143824005.022,-1.03698730468,0.38830566406,-0.21252441406
1726143824026.903,-0.98962402343,0.36499023437,-0.17419433593
1726143824044.9387,-0.98962402343,0.36499023437,-0.17419433593
1726143824065.0195,-0.98962402343,0.36499023437,-0.17419433593
1726143824085.0083,-0.98962402343,0.36499023437,-0.17419433593
1726143824106.8896,-0.9716796875,0.33544921875,-0.1865234375
1726143824124.895,-0.9716796875,0.33544921875,-0.1865234375
1726143824145.006,-0.9716796875,0.33544921875,-0.1865234375
1726143824165.056,-0.9716796875,0.33544921875,-0.1865234375
1726143824186.9067,-0.92785644531,0.30908203125,-0.19946289062
1726143824204.8816,-0.92785644531,0.30908203125,-0.19946289062
1726143824225.0537,-0.92785644531,0.30908203125,-0.19946289062
1726143824245.0427,-0.92785644531,0.30908203125,-0.19946289062
1726143824266.8933,-0.89807128906,0.29577636718,-0.17016601562
1726143824284.8987,-0.89807128906,0.29577636718,-0.17016601562
1726143824305.0095,-0.89807128906,0.29577636718,-0.17016601562
1726143824325.0598,-0.89807128906,0.29577636718,-0.17016601562
1726143824346.88,-0.86120605468,0.30419921875,-0.15747070312
1726143824364.8853,-0.86120605468,0.30419921875,-0.15747070312
1726143824385.0269,-0.86120605468,0.30419921875,-0.15747070312
1726143824405.0464,-0.86120605468,0.30419921875,-0.15747070312
1726143824426.836,-0.89721679687,0.30908203125,-0.19323730468
1726143824444.9023,-0.89721679687,0.30908203125,-0.19323730468
1726143824465.0134,-0.89721679687,0.30908203125,-0.19323730468
1726143824485.0327,-0.89721679687,0.30908203125,-0.19323730468
1726143824506.8225,-1.07446289062,0.33337402343,-0.24328613281
1726143824524.889,-1.07446289062,0.33337402343,-0.24328613281
1726143824545.0,-1.07446289062,0.33337402343,-0.24328613281
1726143824565.0195,-1.07446289062,0.33337402343,-0.24328613281
1726143824586.8396,-1.02893066406,0.34252929687,-0.27294921875
1726143824604.8755,-1.02893066406,0.34252929687,-0.27294921875
1726143824625.017,-1.02893066406,0.34252929687,-0.27294921875
1726143824645.0366,-1.02893066406,0.34252929687,-0.27294921875
1726143824666.7957,-0.92224121093,0.33947753906,-0.25549316406
1726143824684.923,-0.92224121093,0.33947753906,-0.25549316406
1726143824705.0037,-0.92224121093,0.33947753906,-0.25549316406
1726143824724.9927,-0.92224121093,0.33947753906,-0.25549316406
1726143824746.8127,-0.92993164062,0.34643554687,-0.22021484375
1726143824764.8792,-0.92993164062,0.34643554687,-0.22021484375
1726143824784.9902,-0.92993164062,0.34643554687,-0.22021484375
1726143824805.0095,-0.92993164062,0.34643554687,-0.22021484375
1726143824826.7993,-0.84265136718,0.32250976562,-0.19750976562
1726143824844.8655,-0.84265136718,0.32250976562,-0.19750976562
1726143824865.007,-0.84265136718,0.32250976562,-0.19750976562
1726143824884.9963,-0.84265136718,0.32250976562,-0.19750976562
1726143824907.03,-0.81665039062,0.32397460937,-0.19006347656
1726143824924.8828,-0.81665039062,0.32397460937,-0.19006347656
1726143824944.994,-0.81665039062,0.32397460937,-0.19006347656
1726143824965.0134,-0.81665039062,0.32397460937,-0.19006347656
1726143824986.742,-0.822265625,0.36840820312,-0.20947265625
1726143825004.8691,-0.822265625,0.36840820312,-0.20947265625
1726143825025.0415,-0.822265625,0.36840820312,-0.20947265625
1726143825045.0305,-0.822265625,0.36840820312,-0.20947265625
1726143825066.759,-0.88000488281,0.44653320312,-0.26684570312
1726143825084.8865,-0.88000488281,0.44653320312,-0.26684570312
1726143825104.9976,-0.88000488281,0.44653320312,-0.26684570312
1726143825124.9863,-0.88000488281,0.44653320312,-0.26684570312
1726143825146.715,-1.07702636718,0.45678710937,-0.27758789062
1726143825164.9036,-1.07702636718,0.45678710937,-0.27758789062
1726143825184.984,-1.07702636718,0.45678710937,-0.27758789062
1726143825205.034,-1.07702636718,0.45678710937,-0.27758789062
1726143825226.7017,-1.01135253906,0.43029785156,-0.259765625
1726143825244.8596,-1.01135253906,0.43029785156,-0.259765625
1726143825265.0012,-1.01135253906,0.43029785156,-0.259765625
1726143825285.0208,-1.01135253906,0.43029785156,-0.259765625
1726143825306.7188,-1.01416015625,0.37939453125,-0.22644042968
1726143825324.8767,-1.01416015625,0.37939453125,-0.22644042968
1726143825344.9875,-1.01416015625,0.37939453125,-0.22644042968
1726143825365.007,-1.01416015625,0.37939453125,-0.22644042968
1726143825386.705,-0.97680664062,0.29931640625,-0.19311523437
1726143825404.8633,-0.97680664062,0.29931640625,-0.19311523437
1726143825424.9744,-0.97680664062,0.29931640625,-0.19311523437
1726143825444.994,-0.97680664062,0.29931640625,-0.19311523437
1726143825466.6611,-0.9208984375,0.26525878906,-0.16821289062
1726143825484.8499,-0.9208984375,0.26525878906,-0.16821289062
1726143825504.9915,-0.9208984375,0.26525878906,-0.16821289062
1726143825524.9805,-0.9208984375,0.26525878906,-0.16821289062
1726143825546.6785,-0.88232421875,0.28686523437,-0.15966796875
1726143825564.8667,-0.88232421875,0.28686523437,-0.15966796875
1726143825585.0083,-0.88232421875,0.28686523437,-0.15966796875
1726143825604.9976,-0.88232421875,0.28686523437,-0.15966796875
1726143825626.665,-0.87780761718,0.29577636718,-0.16821289062
1726143825644.8535,-0.87780761718,0.29577636718,-0.16821289062
1726143825664.995,-0.87780761718,0.29577636718,-0.16821289062
1726143825684.984,-0.87780761718,0.29577636718,-0.16821289062
1726143825706.6516,-0.93212890625,0.31567382812,-0.21398925781
1726143825724.8706,-0.93212890625,0.31567382812,-0.21398925781
1726143825744.9817,-0.93212890625,0.31567382812,-0.21398925781
1726143825764.9707,-0.93212890625,0.31567382812,-0.21398925781
1726143825786.638,-1.01257324218,0.35717773437,-0.25085449218
1726143825804.8572,-1.01257324218,0.35717773437,-0.25085449218
1726143825824.9683,-1.01257324218,0.35717773437,-0.25085449218
1726143825844.9875,-1.01257324218,0.35717773437,-0.25085449218
1726143825866.6248,-1.00219726562,0.39111328125,-0.26391601562
1726143825884.8743,-1.00219726562,0.39111328125,-0.26391601562
1726143825904.985,-1.00219726562,0.39111328125,-0.26391601562
1726143825924.9744,-1.00219726562,0.39111328125,-0.26391601562
1726143825946.5808,-0.96606445312,0.35375976562,-0.25964355468
1726143825964.8608,-0.96606445312,0.35375976562,-0.25964355468
1726143825984.972,-0.96606445312,0.35375976562,-0.25964355468
1726143826004.9607,-0.96606445312,0.35375976562,-0.25964355468
1726143826026.598,-0.93774414062,0.30517578125,-0.24926757812
1726143826044.8474,-0.93774414062,0.30517578125,-0.24926757812
1726143826064.9585,-0.93774414062,0.30517578125,-0.24926757812
1726143826085.0083,-0.93774414062,0.30517578125,-0.24926757812
1726143826106.5845,-0.87658691406,0.29809570312,-0.25073242187
1726143826124.834,-0.87658691406,0.29809570312,-0.25073242187
1726143826145.006,-0.87658691406,0.29809570312,-0.25073242187
1726143826164.9644,-0.87658691406,0.29809570312,-0.25073242187
1726143826186.5403,-0.85961914062,0.32922363281,-0.26599121093
1726143826204.851,-0.85961914062,0.32922363281,-0.26599121093
1726143826224.962,-0.85961914062,0.32922363281,-0.26599121093
1726143826244.9817,-0.85961914062,0.32922363281,-0.26599121093
1726143826266.527,-0.86303710937,0.37084960937,-0.30639648437
1726143826284.868,-0.86303710937,0.37084960937,-0.30639648437
1726143826304.9792,-0.86303710937,0.37084960937,-0.30639648437
1726143826324.9683,-0.86303710937,0.37084960937,-0.30639648437
1726143826346.5137,-0.9189453125,0.38195800781,-0.30859375
1726143826364.8547,-0.9189453125,0.38195800781,-0.30859375
1726143826384.9658,-0.9189453125,0.38195800781,-0.30859375
1726143826404.985,-0.9189453125,0.38195800781,-0.30859375
1726143826426.5002,-1.10034179687,0.37353515625,-0.27941894531
1726143826444.8413,-1.10034179687,0.37353515625,-0.27941894531
1726143826464.9524,-1.10034179687,0.37353515625,-0.27941894531
1726143826484.972,-1.10034179687,0.37353515625,-0.27941894531
1726143826506.4868,-1.12646484375,0.33618164062,-0.24182128906
1726143826524.828,-1.12646484375,0.33618164062,-0.24182128906
1726143826544.9695,-1.12646484375,0.33618164062,-0.24182128906
1726143826564.9585,-1.12646484375,0.33618164062,-0.24182128906
1726143826586.4731,-1.02197265625,0.30639648437,-0.18884277343
1726143826604.8447,-1.02197265625,0.30639648437,-0.18884277343
1726143826624.9863,-1.02197265625,0.30639648437,-0.18884277343
1726143826644.945,-1.02197265625,0.30639648437,-0.18884277343
1726143826666.4905,-1.00134277343,0.29553222656,-0.14331054687
1726143826684.862,-1.00134277343,0.29553222656,-0.14331054687
1726143826704.9426,-1.00134277343,0.29553222656,-0.14331054687
1726143826724.962,-1.00134277343,0.29553222656,-0.14331054687
1726143826746.477,-0.96362304687,0.26342773437,-0.11682128906
1726143826764.818,-0.96362304687,0.26342773437,-0.11682128906
1726143826784.9597,-0.96362304687,0.26342773437,-0.11682128906
1726143826804.9487,-0.96362304687,0.26342773437,-0.11682128906
1726143826826.4636,-0.91882324218,0.2421875,-0.12219238281
1726143826844.8352,-0.91882324218,0.2421875,-0.12219238281
1726143826864.9768,-0.91882324218,0.2421875,-0.12219238281
1726143826884.9658,-0.91882324218,0.2421875,-0.12219238281
1726143826906.45,-0.89282226562,0.26037597656,-0.14245605468
1726143826924.8215,-0.89282226562,0.26037597656,-0.14245605468
1726143826944.9631,-0.89282226562,0.26037597656,-0.14245605468
1726143826964.9524,-0.89282226562,0.26037597656,-0.14245605468
1726143826986.4062,-0.93591308593,0.27624511718,-0.17370605468
1726143827004.8691,-0.93591308593,0.27624511718,-0.17370605468
1726143827024.9805,-0.93591308593,0.27624511718,-0.17370605468
1726143827044.9387,-0.93591308593,0.27624511718,-0.17370605468
1726143827066.423,-1.06970214843,0.30334472656,-0.19458007812
1726143827084.8254,-1.06970214843,0.30334472656,-0.19458007812
1726143827104.9363,-1.06970214843,0.30334472656,-0.19458007812
1726143827124.956,-1.06970214843,0.30334472656,-0.19458007812
1726143827146.41,-1.00903320312,0.31286621093,-0.21691894531
1726143827164.812,-1.00903320312,0.31286621093,-0.21691894531
1726143827184.9536,-1.00903320312,0.31286621093,-0.21691894531
1726143827204.9426,-1.00903320312,0.31286621093,-0.21691894531
1726143827226.366,-0.91088867187,0.31213378906,-0.24597167968
1726143827244.829,-0.91088867187,0.31213378906,-0.24597167968
1726143827264.94,-0.91088867187,0.31213378906,-0.24597167968
1726143827284.9292,-0.91088867187,0.31213378906,-0.24597167968
1726143827306.3523,-0.95483398437,0.29406738281,-0.2470703125
1726143827324.8157,-0.95483398437,0.29406738281,-0.2470703125
1726143827344.9268,-0.95483398437,0.29406738281,-0.2470703125
1726143827364.9768,-0.95483398437,0.29406738281,-0.2470703125
1726143827386.339,-0.92419433593,0.25964355468,-0.240234375
1726143827404.8022,-0.92419433593,0.25964355468,-0.240234375
1726143827424.9438,-0.92419433593,0.25964355468,-0.240234375
1726143827444.9329,-0.92419433593,0.25964355468,-0.240234375
1726143827466.3562,-0.89221191406,0.27478027343,-0.24853515625
1726143827484.819,-0.89221191406,0.27478027343,-0.24853515625
1726143827504.9304,-0.89221191406,0.27478027343,-0.24853515625
1726143827524.95,-0.89221191406,0.27478027343,-0.24853515625
1726143827546.3123,-0.88549804687,0.29650878906,-0.26708984375
1726143827564.806,-0.88549804687,0.29650878906,-0.26708984375
1726143827584.9475,-0.88549804687,0.29650878906,-0.26708984375
1726143827604.9363,-0.88549804687,0.29650878906,-0.26708984375
1726143827626.329,-0.89392089843,0.29406738281,-0.28088378906
1726143827644.8228,-0.89392089843,0.29406738281,-0.28088378906
1726143827664.9644,-0.89392089843,0.29406738281,-0.28088378906
1726143827684.923,-0.89392089843,0.29406738281,-0.28088378906
1726143827706.2854,-0.92810058593,0.29711914062,-0.28112792968
1726143827724.84,-0.92810058593,0.29711914062,-0.28112792968
1726143827744.829,-0.92810058593,0.29711914062,-0.28112792968
1726143827764.9707,-0.92810058593,0.29711914062,-0.28112792968
1726143827786.272,-1.06494140625,0.32043457031,-0.25512695312
1726143827804.796,-1.06494140625,0.32043457031,-0.25512695312
1726143827824.9375,-1.06494140625,0.32043457031,-0.25512695312
1726143827844.9573,-1.06494140625,0.32043457031,-0.25512695312
1726143827866.2583,-1.11315917968,0.33959960937,-0.22314453125
1726143827884.8132,-1.11315917968,0.33959960937,-0.22314453125
1726143827904.9243,-1.11315917968,0.33959960937,-0.22314453125
1726143827924.913,-1.11315917968,0.33959960937,-0.22314453125
1726143827946.245,-1.03552246093,0.32141113281,-0.21667480468
1726143827964.7998,-1.03552246093,0.32141113281,-0.21667480468
1726143827984.911,-1.03552246093,0.32141113281,-0.21667480468
1726143828004.9304,-1.03552246093,0.32141113281,-0.21667480468
1726143828026.2317,-0.98999023437,0.29113769531,-0.21875
1726143828044.7864,-0.98999023437,0.29113769531,-0.21875
1726143828064.9585,-0.98999023437,0.29113769531,-0.21875
1726143828084.9167,-0.98999023437,0.29113769531,-0.21875
1726143828106.2488,-0.90881347656,0.26965332031,-0.20190429687
1726143828124.8035,-0.90881347656,0.26965332031,-0.20190429687
1726143828144.9143,-0.90881347656,0.26965332031,-0.20190429687
1726143828164.934,-0.90881347656,0.26965332031,-0.20190429687
1726143828186.235,-0.87036132812,0.3232421875,-0.20874023437
1726143828204.79,-0.87036132812,0.3232421875,-0.20874023437
1726143828224.9316,-0.87036132812,0.3232421875,-0.20874023437
1726143828244.9512,-0.87036132812,0.3232421875,-0.20874023437
1726143828266.222,-0.85778808593,0.36596679687,-0.22863769531
1726143828284.8071,-0.85778808593,0.36596679687,-0.22863769531
1726143828304.9182,-0.85778808593,0.36596679687,-0.22863769531
1726143828324.9375,-0.85778808593,0.36596679687,-0.22863769531
1726143828346.178,-0.92065429687,0.39526367187,-0.25671386718
1726143828364.8242,-0.92065429687,0.39526367187,-0.25671386718
1726143828384.9353,-0.92065429687,0.39526367187,-0.25671386718
1726143828404.9243,-0.92065429687,0.39526367187,-0.25671386718
1726143828426.1643,-0.99475097656,0.42248535156,-0.27600097656
1726143828444.7803,-0.99475097656,0.42248535156,-0.27600097656
1726143828464.9219,-0.99475097656,0.42248535156,-0.27600097656
1726143828484.911,-0.99475097656,0.42248535156,-0.27600097656
1726143828506.1816,-0.94177246093,0.41540527343,-0.27880859375
1726143828524.797,-0.94177246093,0.41540527343,-0.27880859375
1726143828544.9084,-0.94177246093,0.41540527343,-0.27880859375
1726143828564.928,-0.94177246093,0.41540527343,-0.27880859375
1726143828586.1377,-0.87854003906,0.37036132812,-0.283203125
1726143828604.784,-0.87854003906,0.37036132812,-0.283203125
1726143828624.895,-0.87854003906,0.37036132812,-0.283203125
1726143828644.9143,-0.87854003906,0.37036132812,-0.283203125
1726143828666.1243,-0.88549804687,0.30871582031,-0.2978515625
1726143828684.7705,-0.88549804687,0.30871582031,-0.2978515625
1726143828704.9426,-0.88549804687,0.30871582031,-0.2978515625
1726143828724.9316,-0.88549804687,0.30871582031,-0.2978515625
1726143828746.141,-0.85424804687,0.27160644531,-0.30151367187
1726143828764.7876,-0.85424804687,0.27160644531,-0.30151367187
1726143828784.8987,-0.85424804687,0.27160644531,-0.30151367187
1726143828804.9182,-0.85424804687,0.27160644531,-0.30151367187
1726143828826.128,-0.8408203125,0.28454589843,-0.30627441406
1726143828844.8047,-0.8408203125,0.28454589843,-0.30627441406
1726143828864.9155,-0.8408203125,0.28454589843,-0.30627441406
1726143828884.9048,-0.8408203125,0.28454589843,-0.30627441406
1726143828906.084,-0.8564453125,0.32287597656,-0.30334472656
1726143828924.7913,-0.8564453125,0.32287597656,-0.30334472656
1726143828944.9329,-0.8564453125,0.32287597656,-0.30334472656
1726143828964.9219,-0.8564453125,0.32287597656,-0.30334472656
1726143828986.101,-0.89294433593,0.35119628906,-0.29467773437
1726143829004.7778,-0.89294433593,0.35119628906,-0.29467773437
1726143829024.9194,-0.89294433593,0.35119628906,-0.29467773437
1726143829044.9084,-0.89294433593,0.35119628906,-0.29467773437
1726143829066.0571,-0.94946289062,0.36865234375,-0.28332519531
1726143829084.7644,-0.94946289062,0.36865234375,-0.28332519531
1726143829104.906,-0.94946289062,0.36865234375,-0.28332519531
1726143829124.9255,-0.94946289062,0.36865234375,-0.28332519531
1726143829146.0437,-1.05725097656,0.39965820312,-0.265625
1726143829164.812,-1.05725097656,0.39965820312,-0.265625
1726143829184.8923,-1.05725097656,0.39965820312,-0.265625
1726143829204.8816,-1.05725097656,0.39965820312,-0.265625
1726143829226.0608,-1.06567382812,0.42138671875,-0.25732421875
1726143829244.768,-1.06567382812,0.42138671875,-0.25732421875
1726143829264.8792,-1.06567382812,0.42138671875,-0.25732421875
1726143829284.9292,-1.06567382812,0.42138671875,-0.25732421875
1726143829306.047,-0.98010253906,0.39611816406,-0.24401855468
1726143829324.7546,-0.98010253906,0.39611816406,-0.24401855468
1726143829344.8962,-0.98010253906,0.39611816406,-0.24401855468
1726143829364.9155,-0.98010253906,0.39611816406,-0.24401855468
1726143829386.034,-0.95581054687,0.36340332031,-0.21594238281
1726143829404.7715,-0.95581054687,0.36340332031,-0.21594238281
1726143829424.913,-0.95581054687,0.36340332031,-0.21594238281
1726143829444.9023,-0.95581054687,0.36340332031,-0.21594238281
1726143829466.0205,-0.93920898437,0.33264160156,-0.17993164062
1726143829484.7583,-0.93920898437,0.33264160156,-0.17993164062
1726143829504.9,-0.93920898437,0.33264160156,-0.17993164062
1726143829524.889,-0.93920898437,0.33264160156,-0.17993164062
1726143829545.9763,-0.92944335937,0.30993652343,-0.17248535156
1726143829564.7751,-0.92944335937,0.30993652343,-0.17248535156
1726143829584.8865,-0.92944335937,0.30993652343,-0.17248535156
1726143829604.8755,-0.92944335937,0.30993652343,-0.17248535156
1726143829625.9631,-0.89990234375,0.34106445312,-0.20654296875
1726143829644.762,-0.89990234375,0.34106445312,-0.20654296875
1726143829664.873,-0.89990234375,0.34106445312,-0.20654296875
1726143829684.8923,-0.89990234375,0.34106445312,-0.20654296875
1726143829705.9497,-0.90173339843,0.400390625,-0.25268554687
1726143829724.779,-0.90173339843,0.400390625,-0.25268554687
1726143829744.89,-0.90173339843,0.400390625,-0.25268554687
1726143829764.9097,-0.90173339843,0.400390625,-0.25268554687
1726143829785.9363,-0.95886230468,0.44677734375,-0.26794433593
1726143829804.7656,-0.95886230468,0.44677734375,-0.26794433593
1726143829824.8767,-0.95886230468,0.44677734375,-0.26794433593
1726143829844.8655,-0.95886230468,0.44677734375,-0.26794433593
1726143829865.9229,-0.99694824218,0.46728515625,-0.24792480468
1726143829884.752,-0.99694824218,0.46728515625,-0.24792480468
1726143829904.8633,-0.99694824218,0.46728515625,-0.24792480468
1726143829924.8828,-0.99694824218,0.46728515625,-0.24792480468
1726143829945.94,-0.93444824218,0.44360351562,-0.23229980468
1726143829964.7388,-0.93444824218,0.44360351562,-0.23229980468
1726143829984.911,-0.93444824218,0.44360351562,-0.23229980468
1726143830004.8691,-0.93444824218,0.44360351562,-0.23229980468
1726143830025.9265,-0.87292480468,0.38452148437,-0.24377441406
1726143830044.7559,-0.87292480468,0.38452148437,-0.24377441406
1726143830064.8667,-0.87292480468,0.38452148437,-0.24377441406
1726143830084.8865,-0.87292480468,0.38452148437,-0.24377441406
1726143830105.913,-0.85473632812,0.35595703125,-0.26684570312
1726143830124.7424,-0.85473632812,0.35595703125,-0.26684570312
1726143830144.884,-0.85473632812,0.35595703125,-0.26684570312
1726143830164.9036,-0.85473632812,0.35595703125,-0.26684570312
1726143830185.8997,-0.83276367187,0.36560058593,-0.27038574218
1726143830204.7595,-0.83276367187,0.36560058593,-0.27038574218
1726143830224.9011,-0.83276367187,0.36560058593,-0.27038574218
1726143830244.8596,-0.83276367187,0.36560058593,-0.27038574218
1726143830265.8862,-0.84436035156,0.37426757812,-0.27404785156
1726143830284.746,-0.84436035156,0.37426757812,-0.27404785156
1726143830304.8877,-0.84436035156,0.37426757812,-0.27404785156
1726143830324.8767,-0.84436035156,0.37426757812,-0.27404785156
1726143830345.8728,-0.85595703125,0.38037109375,-0.30493164062
1726143830364.7327,-0.85595703125,0.38037109375,-0.30493164062
1726143830384.9048,-0.85595703125,0.38037109375,-0.30493164062
1726143830404.8633,-0.85595703125,0.38037109375,-0.30493164062
1726143830425.8289,-0.91357421875,0.39465332031,-0.32250976562
1726143830444.7495,-0.91357421875,0.39465332031,-0.32250976562
1726143830464.891,-0.91357421875,0.39465332031,-0.32250976562
1726143830484.8499,-0.91357421875,0.39465332031,-0.32250976562
1726143830505.846,-1.00598144531,0.40661621093,-0.306640625
1726143830524.7363,-1.00598144531,0.40661621093,-0.306640625
1726143830544.8474,-1.00598144531,0.40661621093,-0.306640625
1726143830564.8667,-1.00598144531,0.40661621093,-0.306640625
1726143830585.8325,-1.11376953125,0.43298339843,-0.29516601562
1726143830604.7534,-1.11376953125,0.43298339843,-0.29516601562
1726143830624.8645,-1.11376953125,0.43298339843,-0.29516601562
1726143830644.8535,-1.11376953125,0.43298339843,-0.29516601562
1726143830665.7883,-1.07751464843,0.46508789062,-0.27526855468
1726143830684.74,-1.07751464843,0.46508789062,-0.27526855468
1726143830704.8816,-1.07751464843,0.46508789062,-0.27526855468
1726143830724.8706,-1.07751464843,0.46508789062,-0.27526855468
1726143830745.8057,-0.982421875,0.43212890625,-0.25549316406
1726143830764.8486,-0.982421875,0.43212890625,-0.25549316406
1726143830784.8987,-0.982421875,0.43212890625,-0.25549316406
1726143830804.8572,-0.982421875,0.43212890625,-0.25549316406
1726143830825.7617,-0.974609375,0.37707519531,-0.23583984375
1726143830844.8962,-0.974609375,0.37707519531,-0.23583984375
1726143830864.8547,-0.974609375,0.37707519531,-0.23583984375
1726143830884.8435,-0.974609375,0.37707519531,-0.23583984375
1726143830905.7788,-0.94909667968,0.34521484375,-0.20690917968
1726143830924.7607,-0.94909667968,0.34521484375,-0.20690917968
1726143830944.8413,-0.94909667968,0.34521484375,-0.20690917968
1726143830964.8608,-0.94909667968,0.34521484375,-0.20690917968
1726143830985.7651,-0.92456054687,0.33654785156,-0.21520996093
1726143831004.7168,-0.92456054687,0.33654785156,-0.21520996093
1726143831024.8584,-0.92456054687,0.33654785156,-0.21520996093
1726143831044.8474,-0.92456054687,0.33654785156,-0.21520996093
1726143831065.7214,-0.89135742187,0.35339355468,-0.2421875
1726143831084.856,-0.89135742187,0.35339355468,-0.2421875
1726143831104.8447,-0.89135742187,0.35339355468,-0.2421875
1726143831124.834,-0.89135742187,0.35339355468,-0.2421875
1726143831145.708,-0.95263671875,0.38000488281,-0.24987792968
1726143831164.873,-0.95263671875,0.38000488281,-0.24987792968
1726143831184.8315,-0.95263671875,0.38000488281,-0.24987792968
1726143831204.851,-0.95263671875,0.38000488281,-0.24987792968
1726143831225.6943,-0.96179199218,0.37365722656,-0.27075195312
1726143831244.707,-0.96179199218,0.37365722656,-0.27075195312
1726143831264.8486,-0.96179199218,0.37365722656,-0.27075195312
1726143831284.8376,-0.96179199218,0.37365722656,-0.27075195312
1726143831305.6812,-0.90454101562,0.38317871093,-0.27221679687
1726143831324.724,-0.90454101562,0.38317871093,-0.27221679687
1726143831344.8655,-0.90454101562,0.38317871093,-0.27221679687
1726143831364.8853,-0.90454101562,0.38317871093,-0.27221679687
1726143831385.6675,-0.89233398437,0.37414550781,-0.27807617187
1726143831404.7107,-0.89233398437,0.37414550781,-0.27807617187
1726143831424.8523,-0.89233398437,0.37414550781,-0.27807617187
1726143831444.8718,-0.89233398437,0.37414550781,-0.27807617187
1726143831465.6543,-0.89404296875,0.35009765625,-0.29956054687
1726143831484.8499,-0.89404296875,0.35009765625,-0.29956054687
1726143831504.8389,-0.89404296875,0.35009765625,-0.29956054687
1726143831524.828,-0.89404296875,0.35009765625,-0.29956054687
1726143831545.6711,-0.85827636718,0.34204101562,-0.30017089843
1726143831564.8667,-0.85827636718,0.34204101562,-0.30017089843
1726143831584.8254,-0.85827636718,0.34204101562,-0.30017089843
1726143831604.8755,-0.85827636718,0.34204101562,-0.30017089843
1726143831625.6274,-0.859375,0.34765625,-0.29943847656
1726143831644.8228,-0.859375,0.34765625,-0.29943847656
1726143831664.873,-0.859375,0.34765625,-0.29943847656
1726143831684.8315,-0.859375,0.34765625,-0.29943847656
1726143831705.614,-0.8359375,0.33984375,-0.31787109375
1726143831724.84,-0.8359375,0.33984375,-0.31787109375
1726143831744.829,-0.8359375,0.33984375,-0.31787109375
1726143831764.8486,-0.8359375,0.33984375,-0.31787109375
1726143831785.6003,-0.859375,0.35595703125,-0.322265625
1726143831804.8572,-0.859375,0.35595703125,-0.322265625
1726143831824.846,-0.859375,0.35595703125,-0.322265625
1726143831844.8352,-0.859375,0.35595703125,-0.322265625
1726143831865.5872,-1.03186035156,0.40209960937,-0.28894042968
1726143831884.8132,-1.03186035156,0.40209960937,-0.28894042968
1726143831904.8633,-1.03186035156,0.40209960937,-0.28894042968
1726143831924.8215,-1.03186035156,0.40209960937,-0.28894042968
1726143831945.6042,-1.10913085937,0.42138671875,-0.26293945312
1726143831964.8303,-1.10913085937,0.42138671875,-0.26293945312
1726143831984.819,-1.10913085937,0.42138671875,-0.26293945312
1726143832004.8389,-1.10913085937,0.42138671875,-0.26293945312
1726143832025.5603,-1.03674316406,0.40856933593,-0.25183105468
1726143832044.8474,-1.03674316406,0.40856933593,-0.25183105468
1726143832064.8364,-1.03674316406,0.40856933593,-0.25183105468
1726143832084.8254,-1.03674316406,0.40856933593,-0.25183105468
1726143832105.5771,-1.001953125,0.37341308593,-0.23937988281
1726143832124.834,-1.001953125,0.37341308593,-0.23937988281
1726143832144.8228,-1.001953125,0.37341308593,-0.23937988281
1726143832164.812,-1.001953125,0.37341308593,-0.23937988281
1726143832185.564,-0.978515625,0.33312988281,-0.23876953125
1726143832204.8203,-0.978515625,0.33312988281,-0.23876953125
1726143832224.8096,-0.978515625,0.33312988281,-0.23876953125
1726143832244.829,-0.978515625,0.33312988281,-0.23876953125
1726143832265.5503,-0.95300292968,0.32775878906,-0.23742675781
1726143832284.8071,-0.95300292968,0.32775878906,-0.23742675781
1726143832304.8267,-0.95300292968,0.32775878906,-0.23742675781
1726143832324.8157,-0.95300292968,0.32775878906,-0.23742675781
1726143832345.5063,-0.92224121093,0.34411621093,-0.228515625
1726143832364.8547,-0.92224121093,0.34411621093,-0.228515625
1726143832384.8132,-0.92224121093,0.34411621093,-0.228515625
1726143832404.8022,-0.92224121093,0.34411621093,-0.228515625
1726143832425.4932,-0.865234375,0.39025878906,-0.22021484375
1726143832444.8108,-0.865234375,0.39025878906,-0.22021484375
1726143832464.7998,-0.865234375,0.39025878906,-0.22021484375
1726143832484.8499,-0.865234375,0.39025878906,-0.22021484375
1726143832505.4795,-0.83337402343,0.43579101562,-0.22985839843
1726143832524.6753,-0.83337402343,0.43579101562,-0.22985839843
1726143832544.817,-0.83337402343,0.43579101562,-0.22985839843
1726143832564.806,-0.83337402343,0.43579101562,-0.22985839843
1726143832585.4968,-0.96667480468,0.46020507812,-0.23742675781
1726143832604.8145,-0.96667480468,0.46020507812,-0.23742675781
1726143832624.834,-0.96667480468,0.46020507812,-0.23742675781
1726143832644.8228,-0.96667480468,0.46020507812,-0.23742675781
1726143832665.453,-0.96716308593,0.46105957031,-0.23681640625
1726143832684.801,-0.96716308593,0.46105957031,-0.23681640625
1726143832704.8203,-0.96716308593,0.46105957031,-0.23681640625
1726143832724.84,-0.96716308593,0.46105957031,-0.23681640625
1726143832745.4395,-0.88928222656,0.42712402343,-0.24792480468
1726143832764.8486,-0.88928222656,0.42712402343,-0.24792480468
1726143832784.8071,-0.88928222656,0.42712402343,-0.24792480468
1726143832804.796,-0.88928222656,0.42712402343,-0.24792480468
1726143832825.426,-0.91967773437,0.40295410156,-0.263671875
1726143832844.8047,-0.91967773437,0.40295410156,-0.263671875
1726143832864.7937,-0.91967773437,0.40295410156,-0.263671875
1726143832884.8435,-0.91967773437,0.40295410156,-0.263671875
1726143832905.4124,-0.86499023437,0.3603515625,-0.26147460937
1726143832924.7913,-0.86499023437,0.3603515625,-0.26147460937
1726143832944.8108,-0.86499023437,0.3603515625,-0.26147460937
1726143832964.7998,-0.86499023437,0.3603515625,-0.26147460937
1726143832985.3992,-0.83642578125,0.3447265625,-0.2646484375
1726143833004.8083,-0.83642578125,0.3447265625,-0.2646484375
1726143833024.828,-0.83642578125,0.3447265625,-0.2646484375
1726143833044.7864,-0.83642578125,0.3447265625,-0.2646484375
1726143833065.3855,-0.82104492187,0.35620117187,-0.27978515625
1726143833084.8254,-0.82104492187,0.35620117187,-0.27978515625
1726143833104.784,-0.82104492187,0.35620117187,-0.27978515625
1726143833124.8035,-0.82104492187,0.35620117187,-0.27978515625
1726143833145.3723,-0.853515625,0.37927246093,-0.2919921875
1726143833164.7815,-0.853515625,0.37927246093,-0.2919921875
1726143833184.801,-0.853515625,0.37927246093,-0.2919921875
1726143833204.79,-0.853515625,0.37927246093,-0.2919921875
1726143833225.359,-1.03637695312,0.42956542968,-0.27685546875
1726143833244.7983,-1.03637695312,0.42956542968,-0.27685546875
1726143833264.7876,-1.03637695312,0.42956542968,-0.27685546875
1726143833284.8376,-1.03637695312,0.42956542968,-0.27685546875
1726143833305.376,-1.13110351562,0.45104980468,-0.25207519531
1726143833324.7852,-1.13110351562,0.45104980468,-0.25207519531
1726143833344.8352,-1.13110351562,0.45104980468,-0.25207519531
1726143833364.7937,-1.13110351562,0.45104980468,-0.25207519531
1726143833385.332,-1.06579589843,0.4296875,-0.24462890625
1726143833404.8022,-1.06579589843,0.4296875,-0.24462890625
1726143833424.7913,-1.06579589843,0.4296875,-0.24462890625
1726143833444.7803,-1.06579589843,0.4296875,-0.24462890625
1726143833465.3186,-1.00610351562,0.38842773437,-0.21411132812
1726143833484.819,-1.00610351562,0.38842773437,-0.21411132812
1726143833504.7778,-1.00610351562,0.38842773437,-0.21411132812
1726143833524.797,-1.00610351562,0.38842773437,-0.21411132812
1726143833545.3357,-0.95849609375,0.35986328125,-0.19567871093
1726143833564.7751,-0.95849609375,0.35986328125,-0.19567871093
1726143833584.795,-0.95849609375,0.35986328125,-0.19567871093
1726143833604.784,-0.95849609375,0.35986328125,-0.19567871093
1726143833625.2915,-0.939453125,0.33410644531,-0.19653320312
1726143833644.7925,-0.939453125,0.33410644531,-0.19653320312
1726143833664.7815,-0.939453125,0.33410644531,-0.19653320312
1726143833684.7705,-0.939453125,0.33410644531,-0.19653320312
1726143833705.2783,-0.9169921875,0.33032226562,-0.18640136718
1726143833724.8096,-0.9169921875,0.33032226562,-0.18640136718
1726143833744.7983,-0.9169921875,0.33032226562,-0.18640136718
1726143833764.818,-0.9169921875,0.33032226562,-0.18640136718
1726143833785.265,-0.88256835937,0.33483886718,-0.17553710937
1726143833804.674,-0.88256835937,0.33483886718,-0.17553710937
1726143833824.7852,-0.88256835937,0.33483886718,-0.17553710937
1726143833844.774,-0.88256835937,0.33483886718,-0.17553710937
1726143833865.282,-0.89880371093,0.32556152343,-0.18920898437
1726143833884.7827,-0.89880371093,0.32556152343,-0.18920898437
1726143833904.7715,-0.89880371093,0.32556152343,-0.18920898437
1726143833924.8215,-0.89880371093,0.32556152343,-0.18920898437
1726143833945.238,-1.01281738281,0.33264160156,-0.24560546875
1726143833964.7693,-1.01281738281,0.33264160156,-0.24560546875
1726143833984.7888,-1.01281738281,0.33264160156,-0.24560546875
1726143834004.7778,-1.01281738281,0.33264160156,-0.24560546875
1726143834025.2246,-0.9970703125,0.33068847656,-0.28540039062
1726143834044.7864,-0.9970703125,0.33068847656,-0.28540039062
1726143834064.7751,-0.9970703125,0.33068847656,-0.28540039062
1726143834084.7644,-0.9970703125,0.33068847656,-0.28540039062
1726143834105.2112,-0.91369628906,0.31518554687,-0.29675292968
1726143834124.7727,-0.91369628906,0.31518554687,-0.29675292968
1726143834144.762,-0.91369628906,0.31518554687,-0.29675292968
1726143834164.812,-0.91369628906,0.31518554687,-0.29675292968
1726143834185.1975,-0.87573242187,0.29626464843,-0.26538085937
1726143834204.7595,-0.87573242187,0.29626464843,-0.26538085937
1726143834224.779,-0.87573242187,0.29626464843,-0.26538085937
1726143834244.768,-0.87573242187,0.29626464843,-0.26538085937
1726143834265.1843,-0.86437988281,0.32629394531,-0.27490234375
1726143834284.7766,-0.86437988281,0.32629394531,-0.27490234375
1726143834304.7656,-0.86437988281,0.32629394531,-0.27490234375
1726143834324.7546,-0.86437988281,0.32629394531,-0.27490234375
1726143834345.2014,-0.8330078125,0.33190917968,-0.31579589843
1726143834364.7937,-0.8330078125,0.33190917968,-0.31579589843
1726143834384.752,-0.8330078125,0.33190917968,-0.31579589843
1726143834404.7715,-0.8330078125,0.33190917968,-0.31579589843
1726143834425.1575,-0.849609375,0.33666992187,-0.3525390625
1726143834444.7495,-0.849609375,0.33666992187,-0.3525390625
1726143834464.7693,-0.849609375,0.33666992187,-0.3525390625
1726143834484.7583,-0.849609375,0.33666992187,-0.3525390625
1726143834505.144,-1.02526855468,0.37426757812,-0.33532714843
1726143834524.7668,-1.02526855468,0.37426757812,-0.33532714843
1726143834544.7559,-1.02526855468,0.37426757812,-0.33532714843
1726143834564.7751,-1.02526855468,0.37426757812,-0.33532714843
1726143834585.1306,-1.09460449218,0.40637207031,-0.29504394531
1726143834604.7534,-1.09460449218,0.40637207031,-0.29504394531
1726143834624.8035,-1.09460449218,0.40637207031,-0.29504394531
1726143834644.762,-1.09460449218,0.40637207031,-0.29504394531
1726143834665.1172,-1.04248046875,0.40368652343,-0.26586914062
1726143834684.801,-1.04248046875,0.40368652343,-0.26586914062
1726143834704.7595,-1.04248046875,0.40368652343,-0.26586914062
1726143834724.7483,-1.04248046875,0.40368652343,-0.26586914062
1726143834745.1035,-1.01098632812,0.35974121093,-0.25219726562
1726143834764.757,-1.01098632812,0.35974121093,-0.25219726562
1726143834784.746,-1.01098632812,0.35974121093,-0.25219726562
1726143834804.7656,-1.01098632812,0.35974121093,-0.25219726562
1726143834825.0903,-0.93994140625,0.30688476562,-0.23852539062
1726143834844.774,-0.93994140625,0.30688476562,-0.23852539062
1726143834864.7632,-0.93994140625,0.30688476562,-0.23852539062
1726143834884.752,-0.93994140625,0.30688476562,-0.23852539062
1726143834905.077,-0.89953613281,0.29370117187,-0.21752929687
1726143834924.7913,-0.89953613281,0.29370117187,-0.21752929687
1726143834944.7495,-0.89953613281,0.29370117187,-0.21752929687
1726143834964.7388,-0.89953613281,0.29370117187,-0.21752929687
1726143834985.0635,-0.87438964843,0.3427734375,-0.21716308593
1726143835004.7778,-0.87438964843,0.3427734375,-0.21716308593
1726143835024.7668,-0.87438964843,0.3427734375,-0.21716308593
1726143835044.7559,-0.87438964843,0.3427734375,-0.21716308593
1726143835065.05,-0.85754394531,0.39074707031,-0.23046875
1726143835084.734,-0.85754394531,0.39074707031,-0.23046875
1726143835104.7534,-0.85754394531,0.39074707031,-0.23046875
1726143835124.7727,-0.85754394531,0.39074707031,-0.23046875
1726143835145.0366,-0.89343261718,0.39331054687,-0.25964355468
1726143835164.7815,-0.89343261718,0.39331054687,-0.25964355468
1726143835184.7705,-0.89343261718,0.39331054687,-0.25964355468
1726143835204.7595,-0.89343261718,0.39331054687,-0.25964355468
1726143835225.0232,-1.02062988281,0.39025878906,-0.29309082031
1726143835244.7375,-1.02062988281,0.39025878906,-0.29309082031
1726143835264.757,-1.02062988281,0.39025878906,-0.29309082031
1726143835284.746,-1.02062988281,0.39025878906,-0.29309082031
1726143835305.0095,-1.01635742187,0.38159179687,-0.28674316406
1726143835324.7546,-1.01635742187,0.38159179687,-0.28674316406
1726143835344.7437,-1.01635742187,0.38159179687,-0.28674316406
1726143835364.7327,-1.01635742187,0.38159179687,-0.28674316406
1726143835384.9963,-0.93408203125,0.37231445312,-0.26391601562
1726143835404.7412,-0.93408203125,0.37231445312,-0.26391601562
1726143835424.7302,-0.93408203125,0.37231445312,-0.26391601562
1726143835444.7803,-0.93408203125,0.37231445312,-0.26391601562
1726143835464.983,-0.91040039062,0.369140625,-0.25122070312
1726143835484.7583,-0.91040039062,0.369140625,-0.25122070312
1726143835504.7473,-0.91040039062,0.369140625,-0.25122070312
1726143835524.7668,-0.91040039062,0.369140625,-0.25122070312
1726143835544.9695,-0.85241699218,0.35290527343,-0.24951171875
1726143835564.7751,-0.85241699218,0.35290527343,-0.24951171875
1726143835584.734,-0.85241699218,0.35290527343,-0.24951171875
1726143835604.723,-0.85241699218,0.35290527343,-0.24951171875
1726143835624.956,-0.83264160156,0.349609375,-0.26123046875
1726143835644.7314,-0.83264160156,0.349609375,-0.26123046875
1726143835664.7205,-0.83264160156,0.349609375,-0.26123046875
1726143835684.74,-0.83264160156,0.349609375,-0.26123046875
1726143835704.9426,-0.82861328125,0.36987304687,-0.26977539062
1726143835724.718,-0.82861328125,0.36987304687,-0.26977539062
1726143835744.7375,-0.82861328125,0.36987304687,-0.26977539062
1726143835764.7263,-0.82861328125,0.36987304687,-0.26977539062
1726143835784.9292,-0.88098144531,0.39501953125,-0.26647949218
1726143835804.7656,-0.88098144531,0.39501953125,-0.26647949218
1726143835824.724,-0.88098144531,0.39501953125,-0.26647949218
1726143835844.7437,-0.88098144531,0.39501953125,-0.26647949218
1726143835864.9155,-1.07214355468,0.42858886718,-0.259765625
1726143835884.752,-1.07214355468,0.42858886718,-0.259765625
1726143835904.7412,-1.07214355468,0.42858886718,-0.259765625
1726143835924.7302,-1.07214355468,0.42858886718,-0.259765625
1726143835945.0854,-1.12902832031,0.43701171875,-0.23889160156
1726143835964.7388,-1.12902832031,0.43701171875,-0.23889160156
1726143835984.7583,-1.12902832031,0.43701171875,-0.23889160156
1726143836004.7168,-1.12902832031,0.43701171875,-0.23889160156
1726143836024.889,-1.03881835937,0.39392089843,-0.2177734375
1726143836044.725,-1.03881835937,0.39392089843,-0.2177734375
1726143836064.7144,-1.03881835937,0.39392089843,-0.2177734375
1726143836084.734,-1.03881835937,0.39392089843,-0.2177734375
1726143836104.8755,-1.00402832031,0.34155273437,-0.20153808593
1726143836124.712,-1.00402832031,0.34155273437,-0.20153808593
1726143836144.7314,-1.00402832031,0.34155273437,-0.20153808593
1726143836164.7205,-1.00402832031,0.34155273437,-0.20153808593
1726143836184.8923,-0.97106933593,0.2890625,-0.17211914062
1726143836204.729,-0.97106933593,0.2890625,-0.17211914062
1726143836224.718,-0.97106933593,0.2890625,-0.17211914062
1726143836244.7375,-0.97106933593,0.2890625,-0.17211914062
1726143836264.8486,-0.95056152343,0.27392578125,-0.154296875
1726143836284.7156,-0.95056152343,0.27392578125,-0.154296875
1726143836304.7043,-0.95056152343,0.27392578125,-0.154296875
1726143836324.724,-0.95056152343,0.27392578125,-0.154296875
1726143836344.8352,-0.90026855468,0.29089355468,-0.15222167968
1726143836364.7327,-0.90026855468,0.29089355468,-0.15222167968
1726143836384.7217,-0.90026855468,0.29089355468,-0.15222167968
1726143836404.7107,-0.90026855468,0.29089355468,-0.15222167968
1726143836424.8215,-0.88623046875,0.29248046875,-0.16479492187
1726143836444.7495,-0.88623046875,0.29248046875,-0.16479492187
1726143836464.7083,-0.88623046875,0.29248046875,-0.16479492187
1726143836484.7583,-0.88623046875,0.29248046875,-0.16479492187
1726143836504.8083,-0.97241210937,0.31518554687,-0.20397949218
1726143836524.7058,-0.97241210937,0.31518554687,-0.20397949218
1726143836544.725,-0.97241210937,0.31518554687,-0.20397949218
1726143836564.7449,-0.97241210937,0.31518554687,-0.20397949218
1726143836584.795,-0.98657226562,0.34765625,-0.24523925781
1726143836604.723,-0.98657226562,0.34765625,-0.24523925781
1726143836624.712,-0.98657226562,0.34765625,-0.24523925781
1726143836644.7007,-0.98657226562,0.34765625,-0.24523925781
1726143836664.812,-0.9619140625,0.36999511718,-0.27172851562
1726143836684.7095,-0.9619140625,0.36999511718,-0.27172851562
1726143836704.6985,-0.9619140625,0.36999511718,-0.27172851562
1726143836724.718,-0.9619140625,0.36999511718,-0.27172851562
1726143836744.7983,-0.95349121093,0.37731933593,-0.27990722656
1726143836764.7263,-0.95349121093,0.37731933593,-0.27990722656
1726143836784.746,-0.95349121093,0.37731933593,-0.27990722656
1726143836804.735,-0.95349121093,0.37731933593,-0.27990722656
1726143836824.7546,-0.8662109375,0.36096191406,-0.26281738281
1726143836844.7131,-0.8662109375,0.36096191406,-0.26281738281
1726143836864.7327,-0.8662109375,0.36096191406,-0.26281738281
1726143836884.6912,-0.8662109375,0.36096191406,-0.26281738281
1726143836904.7715,-0.81823730468,0.3564453125,-0.24865722656
1726143836924.7302,-0.81823730468,0.3564453125,-0.24865722656
1726143836944.6887,-0.81823730468,0.3564453125,-0.24865722656
1726143836964.7083,-0.81823730468,0.3564453125,-0.24865722656
1726143836984.7583,-0.82092285156,0.36901855468,-0.25561523437
1726143837004.6863,-0.82092285156,0.36901855468,-0.25561523437
1726143837024.7058,-0.82092285156,0.36901855468,-0.25561523437
1726143837044.6948,-0.82092285156,0.36901855468,-0.25561523437
1726143837064.7144,-0.86169433593,0.38000488281,-0.26416015625
1726143837084.7031,-0.86169433593,0.38000488281,-0.26416015625
1726143837104.6924,-0.86169433593,0.38000488281,-0.26416015625
1726143837124.712,-0.86169433593,0.38000488281,-0.26416015625
1726143837144.7007,-0.98498535156,0.40393066406,-0.25756835937
1726143837164.69,-0.98498535156,0.40393066406,-0.25756835937
1726143837184.7095,-0.98498535156,0.40393066406,-0.25756835937
1726143837204.6985,-0.98498535156,0.40393066406,-0.25756835937
1726143837224.718,-1.08312988281,0.45690917968,-0.23815917968
1726143837244.707,-1.08312988281,0.45690917968,-0.23815917968
1726143837264.696,-1.08312988281,0.45690917968,-0.23815917968
1726143837284.685,-1.08312988281,0.45690917968,-0.23815917968
1726143837304.7043,-1.04040527343,0.41052246093,-0.20910644531
1726143837324.6936,-1.04040527343,0.41052246093,-0.20910644531
1726143837344.6826,-1.04040527343,0.41052246093,-0.20910644531
1726143837364.702,-1.04040527343,0.41052246093,-0.20910644531
1726143837384.6912,-0.99438476562,0.34204101562,-0.17041015625
1726143837404.68,-0.99438476562,0.34204101562,-0.17041015625
1726143837424.6997,-0.99438476562,0.34204101562,-0.17041015625
1726143837444.6887,-0.99438476562,0.34204101562,-0.17041015625
1726143837464.6775,-0.94262695312,0.30383300781,-0.13879394531
1726143837484.6973,-0.94262695312,0.30383300781,-0.13879394531
1726143837504.7168,-0.94262695312,0.30383300781,-0.13879394531
1726143837524.6753,-0.94262695312,0.30383300781,-0.13879394531
1726143837544.6643,-0.90283203125,0.28393554687,-0.12829589843
1726143837564.6838,-0.90283203125,0.28393554687,-0.12829589843
1726143837584.7031,-0.90283203125,0.28393554687,-0.12829589843
1726143837604.6924,-0.90283203125,0.28393554687,-0.12829589843
1726143837624.6204,-0.88745117187,0.28930664062,-0.13488769531
1726143837644.6704,-0.88745117187,0.28930664062,-0.13488769531
1726143837664.69,-0.88745117187,0.28930664062,-0.13488769531
1726143837684.7095,-0.88745117187,0.28930664062,-0.13488769531
1726143837704.6067,-0.92919921875,0.310546875,-0.17224121093
1726143837724.6875,-0.92919921875,0.310546875,-0.17224121093
1726143837744.6765,-0.92919921875,0.310546875,-0.17224121093
1726143837764.696,-0.92919921875,0.310546875,-0.17224121093
1726143837784.5935,-1.08532714843,0.34436035156,-0.21899414062
1726143837804.674,-1.08532714843,0.34436035156,-0.21899414062
1726143837824.6936,-1.08532714843,0.34436035156,-0.21899414062
1726143837844.7131,-1.08532714843,0.34436035156,-0.21899414062
1726143837864.6104,-1.08190917968,0.36437988281,-0.24389648437
1726143837884.7217,-1.08190917968,0.36437988281,-0.24389648437
1726143837904.68,-1.08190917968,0.36437988281,-0.24389648437
1726143837924.6997,-1.08190917968,0.36437988281,-0.24389648437
1726143837944.5667,-0.95739746093,0.3486328125,-0.25646972656
1726143837964.6775,-0.95739746093,0.3486328125,-0.25646972656
1726143837984.6973,-0.95739746093,0.3486328125,-0.25646972656
1726143838004.6863,-0.95739746093,0.3486328125,-0.25646972656
1726143838024.5532,-0.91186523437,0.3173828125,-0.26025390625
1726143838044.6643,-0.91186523437,0.3173828125,-0.26025390625
1726143838064.7144,-0.91186523437,0.3173828125,-0.26025390625
1726143838084.6729,-0.91186523437,0.3173828125,-0.26025390625
1726143838104.5396,-0.861328125,0.30700683593,-0.26000976562
1726143838124.6812,-0.861328125,0.30700683593,-0.26000976562
1726143838144.6704,-0.861328125,0.30700683593,-0.26000976562
1726143838164.6594,-0.861328125,0.30700683593,-0.26000976562
1726143838184.557,-0.84106445312,0.33544921875,-0.25988769531
1726143838204.668,-0.84106445312,0.33544921875,-0.25988769531
1726143838224.6875,-0.84106445312,0.33544921875,-0.25988769531
1726143838244.707,-0.84106445312,0.33544921875,-0.25988769531
1726143838264.5127,-0.80859375,0.35290527343,-0.26806640625
1726143838284.6543,-0.80859375,0.35290527343,-0.26806640625
1726143838304.674,-0.80859375,0.35290527343,-0.26806640625
1726143838324.663,-0.80859375,0.35290527343,-0.26806640625
1726143838344.53,-0.84973144531,0.36315917968,-0.27722167968
1726143838364.6716,-0.84973144531,0.36315917968,-0.27722167968
1726143838384.6606,-0.84973144531,0.36315917968,-0.27722167968
1726143838404.68,-0.84973144531,0.36315917968,-0.27722167968
1726143838424.486,-1.00659179687,0.38354492187,-0.27307128906
1726143838444.6582,-1.00659179687,0.38354492187,-0.27307128906
1726143838464.6775,-1.00659179687,0.38354492187,-0.27307128906
1726143838484.6667,-1.00659179687,0.38354492187,-0.27307128906
1726143838504.4727,-1.09741210937,0.40026855468,-0.2607421875
1726143838524.6753,-1.09741210937,0.40026855468,-0.2607421875
1726143838544.6948,-1.09741210937,0.40026855468,-0.2607421875
1726143838564.6533,-1.09741210937,0.40026855468,-0.2607421875
1726143838584.4592,-1.06262207031,0.39978027343,-0.2529296875
1726143838604.6924,-1.06262207031,0.39978027343,-0.2529296875
1726143838624.651,-1.06262207031,0.39978027343,-0.2529296875
1726143838644.6704,-1.06262207031,0.39978027343,-0.2529296875
1726143838664.4763,-1.00988769531,0.36413574218,-0.22937011718
1726143838684.6484,-1.00988769531,0.36413574218,-0.22937011718
1726143838704.668,-1.00988769531,0.36413574218,-0.22937011718
1726143838724.6567,-1.00988769531,0.36413574218,-0.22937011718
1726143838744.4324,-0.96032714843,0.32141113281,-0.18200683593
1726143838764.696,-0.96032714843,0.32141113281,-0.18200683593
1726143838784.685,-0.96032714843,0.32141113281,-0.18200683593
1726143838804.6436,-0.96032714843,0.32141113281,-0.18200683593
1726143838824.4495,-0.91320800781,0.2890625,-0.16296386718
1726143838844.652,-0.91320800781,0.2890625,-0.16296386718
1726143838864.6716,-0.91320800781,0.2890625,-0.16296386718
1726143838884.6606,-0.91320800781,0.2890625,-0.16296386718
1726143838904.4055,-0.89331054687,0.29895019531,-0.17395019531
1726143838924.6387,-0.89331054687,0.29895019531,-0.17395019531
1726143838944.6887,-0.89331054687,0.29895019531,-0.17395019531
1726143838964.6775,-0.89331054687,0.29895019531,-0.17395019531
1726143838984.4531,-0.865234375,0.337890625,-0.20202636718
1726143839004.6555,-0.865234375,0.337890625,-0.20202636718
1726143839024.6448,-0.865234375,0.337890625,-0.20202636718
1726143839044.6643,-0.865234375,0.337890625,-0.20202636718
1726143839064.4092,-0.86682128906,0.36450195312,-0.23706054687
1726143839084.6729,-0.86682128906,0.36450195312,-0.23706054687
1726143839104.6619,-0.86682128906,0.36450195312,-0.23706054687
1726143839124.6812,-0.86682128906,0.36450195312,-0.23706054687
1726143839144.3652,-0.99365234375,0.40393066406,-0.263671875
1726143839164.69,-0.99365234375,0.40393066406,-0.263671875
1726143839184.6484,-0.99365234375,0.40393066406,-0.263671875
1726143839204.6375,-0.99365234375,0.40393066406,-0.263671875
1726143839224.3518,-1.01635742187,0.43273925781,-0.28662109375
1726143839244.646,-1.01635742187,0.43273925781,-0.28662109375
1726143839264.6655,-1.01635742187,0.43273925781,-0.28662109375
1726143839284.6543,-1.01635742187,0.43273925781,-0.28662109375
1726143839304.3384,-0.93933105468,0.40356445312,-0.29943847656
1726143839324.6323,-0.93933105468,0.40356445312,-0.29943847656
1726143839344.652,-0.93933105468,0.40356445312,-0.29943847656
1726143839364.641,-0.93933105468,0.40356445312,-0.29943847656
1726143839384.508,-0.90856933593,0.33666992187,-0.28662109375
1726143839404.6497,-0.90856933593,0.33666992187,-0.28662109375
1726143839424.6387,-0.90856933593,0.33666992187,-0.28662109375
1726143839444.6277,-0.90856933593,0.33666992187,-0.28662109375
1726143839464.464,-0.83276367187,0.30236816406,-0.25354003906
1726143839484.6362,-0.83276367187,0.30236816406,-0.25354003906
1726143839504.6555,-0.83276367187,0.30236816406,-0.25354003906
1726143839524.6753,-0.83276367187,0.30236816406,-0.25354003906
1726143839544.4507,-0.79748535156,0.31970214843,-0.23278808593
1726143839564.6533,-0.79748535156,0.31970214843,-0.23278808593
1726143839584.6423,-0.79748535156,0.31970214843,-0.23278808593
1726143839604.631,-0.79748535156,0.31970214843,-0.23278808593
1726143839624.4373,-0.81640625,0.34765625,-0.24304199218
1726143839644.64,-0.81640625,0.34765625,-0.24304199218
1726143839664.629,-0.81640625,0.34765625,-0.24304199218
1726143839684.6484,-0.81640625,0.34765625,-0.24304199218
1726143839704.4238,-0.86804199218,0.36791992187,-0.283203125
1726143839724.6567,-0.86804199218,0.36791992187,-0.283203125
1726143839744.6765,-0.86804199218,0.36791992187,-0.283203125
1726143839764.635,-0.86804199218,0.36791992187,-0.283203125
1726143839784.4104,-1.01403808593,0.40551757812,-0.30090332031
1726143839804.6436,-1.01403808593,0.40551757812,-0.30090332031
1726143839824.6323,-1.01403808593,0.40551757812,-0.30090332031
1726143839844.652,-1.01403808593,0.40551757812,-0.30090332031
1726143839864.3967,-1.11340332031,0.43664550781,-0.29357910156
1726143839884.508,-1.11340332031,0.43664550781,-0.29357910156
1726143839904.6191,-1.11340332031,0.43664550781,-0.29357910156
1726143839924.6387,-1.11340332031,0.43664550781,-0.29357910156
1726143839944.3835,-1.09606933593,0.42504882812,-0.27136230468
1726143839964.6167,-1.09606933593,0.42504882812,-0.27136230468
1726143839984.6362,-1.09606933593,0.42504882812,-0.27136230468
1726143840004.6252,-1.09606933593,0.42504882812,-0.27136230468
1726143840024.37,-1.0400390625,0.37487792968,-0.23388671875
1726143840044.6335,-1.0400390625,0.37487792968,-0.23388671875
1726143840064.6228,-1.0400390625,0.37487792968,-0.23388671875
1726143840084.6118,-1.0400390625,0.37487792968,-0.23388671875
1726143840104.3567,-0.962890625,0.32849121093,-0.19140625
1726143840124.6204,-0.962890625,0.32849121093,-0.19140625
1726143840144.6091,-0.962890625,0.32849121093,-0.19140625
