timestamp,accel.x,accel.y,accel.z
1725973030434.3433,-0.87866210937,0.34985351562,-0.25549316406
1725973030452.7148,-0.87866210937,0.34985351562,-0.25549316406
1725973030472.826,-0.87866210937,0.34985351562,-0.25549316406
1725973030492.8147,-0.87866210937,0.34985351562,-0.25549316406
1725973030514.3298,-0.95959472656,0.33044433593,-0.2744140625
1725973030532.7014,-0.95959472656,0.33044433593,-0.2744140625
1725973030552.8125,-0.95959472656,0.33044433593,-0.2744140625
1725973030572.832,-0.95959472656,0.33044433593,-0.2744140625
1725973030594.3164,-0.9794921875,0.31616210937,-0.28112792968
1725973030612.7185,-0.9794921875,0.31616210937,-0.28112792968
1725973030632.86,-0.9794921875,0.31616210937,-0.28112792968
1725973030652.8186,-0.9794921875,0.31616210937,-0.28112792968
1725973030674.3027,-0.9482421875,0.34387207031,-0.2666015625
1725973030692.705,-0.9482421875,0.34387207031,-0.2666015625
1725973030712.816,-0.9482421875,0.34387207031,-0.2666015625
1725973030732.8052,-0.9482421875,0.34387207031,-0.2666015625
1725973030754.2896,-1.00866699218,0.34741210937,-0.26293945312
1725973030772.6917,-1.00866699218,0.34741210937,-0.26293945312
1725973030792.8027,-1.00866699218,0.34741210937,-0.26293945312
1725973030812.8223,-1.00866699218,0.34741210937,-0.26293945312
1725973030834.276,-1.025390625,0.30529785156,-0.26635742187
1725973030852.7087,-1.025390625,0.30529785156,-0.26635742187
1725973030872.8198,-1.025390625,0.30529785156,-0.26635742187
1725973030892.8088,-1.025390625,0.30529785156,-0.26635742187
1725973030914.2627,-1.04150390625,0.27416992187,-0.26696777343
1725973030932.6953,-1.04150390625,0.27416992187,-0.26696777343
1725973030952.8064,-1.04150390625,0.27416992187,-0.26696777343
1725973030972.826,-1.04150390625,0.27416992187,-0.26696777343
1725973030994.2493,-1.02404785156,0.28991699218,-0.30480957031
1725973031012.682,-1.02404785156,0.28991699218,-0.30480957031
1725973031032.854,-1.02404785156,0.28991699218,-0.30480957031
1725973031052.8125,-1.02404785156,0.28991699218,-0.30480957031
1725973031074.2358,-0.93359375,0.34936523437,-0.35168457031
1725973031092.6987,-0.93359375,0.34936523437,-0.35168457031
1725973031112.8403,-0.93359375,0.34936523437,-0.35168457031
1725973031132.799,-0.93359375,0.34936523437,-0.35168457031
1725973031154.2224,-0.87255859375,0.41662597656,-0.37036132812
1725973031172.6855,-0.87255859375,0.41662597656,-0.37036132812
1725973031192.7966,-0.87255859375,0.41662597656,-0.37036132812
1725973031212.816,-0.87255859375,0.41662597656,-0.37036132812
1725973031234.2087,-0.83166503906,0.46057128906,-0.34362792968
1725973031252.672,-0.83166503906,0.46057128906,-0.34362792968
1725973031272.8137,-0.83166503906,0.46057128906,-0.34362792968
1725973031292.8333,-0.83166503906,0.46057128906,-0.34362792968
1725973031314.1956,-0.83020019531,0.46545410156,-0.29260253906
1725973031332.6892,-0.83020019531,0.46545410156,-0.29260253906
1725973031352.8003,-0.83020019531,0.46545410156,-0.29260253906
1725973031372.7893,-0.83020019531,0.46545410156,-0.29260253906
1725973031394.182,-0.91918945312,0.43432617187,-0.26147460937
1725973031412.6755,-0.91918945312,0.43432617187,-0.26147460937
1725973031432.7869,-0.91918945312,0.43432617187,-0.26147460937
1725973031452.8064,-0.91918945312,0.43432617187,-0.26147460937
1725973031474.1687,-0.97009277343,0.35620117187,-0.23547363281
1725973031492.6624,-0.97009277343,0.35620117187,-0.23547363281
1725973031512.804,-0.97009277343,0.35620117187,-0.23547363281
1725973031532.8235,-0.97009277343,0.35620117187,-0.23547363281
1725973031554.1553,-0.95739746093,0.27197265625,-0.18688964843
1725973031572.6794,-0.95739746093,0.27197265625,-0.18688964843
1725973031592.821,-0.95739746093,0.27197265625,-0.18688964843
1725973031612.81,-0.95739746093,0.27197265625,-0.18688964843
1725973031634.1418,-1.0244140625,0.2451171875,-0.13195800781
1725973031652.6963,-1.0244140625,0.2451171875,-0.13195800781
1725973031672.8076,-1.0244140625,0.2451171875,-0.13195800781
1725973031692.7966,-1.0244140625,0.2451171875,-0.13195800781
1725973031714.1284,-1.0400390625,0.25244140625,-0.10107421875
1725973031732.683,-1.0400390625,0.25244140625,-0.10107421875
1725973031752.794,-1.0400390625,0.25244140625,-0.10107421875
1725973031772.7832,-1.0400390625,0.25244140625,-0.10107421875
1725973031794.1147,-0.9794921875,0.28186035156,-0.07946777343
1725973031812.6697,-0.9794921875,0.28186035156,-0.07946777343
1725973031832.7808,-0.9794921875,0.28186035156,-0.07946777343
1725973031852.8308,-0.9794921875,0.28186035156,-0.07946777343
1725973031872.6062,-0.9794921875,0.28186035156,-0.07946777343
1725973031892.8088,-0.9794921875,0.28186035156,-0.07946777343
1725973031912.8284,-0.9794921875,0.28186035156,-0.07946777343
1725973031932.7869,-0.9794921875,0.28186035156,-0.07946777343
1725973031954.088,-0.97570800781,0.34692382812,-0.24853515625
1725973031972.7039,-0.97570800781,0.34692382812,-0.24853515625
1725973031992.7844,-0.97570800781,0.34692382812,-0.24853515625
1725973032012.7734,-0.97570800781,0.34692382812,-0.24853515625
1725973032034.0747,-1.01831054687,0.32495117187,-0.31604003906
1725973032052.66,-1.01831054687,0.32495117187,-0.31604003906
1725973032072.7708,-1.01831054687,0.32495117187,-0.31604003906
1725973032092.821,-1.01831054687,0.32495117187,-0.31604003906
1725973032114.0613,-1.09973144531,0.33544921875,-0.32666015625
1725973032132.6465,-1.09973144531,0.33544921875,-0.32666015625
1725973032152.8186,-1.09973144531,0.33544921875,-0.32666015625
1725973032172.777,-1.09973144531,0.33544921875,-0.32666015625
1725973032194.0479,-1.10437011718,0.36120605468,-0.27526855468
1725973032212.6636,-1.10437011718,0.36120605468,-0.27526855468
1725973032232.7747,-1.10437011718,0.36120605468,-0.27526855468
1725973032252.794,-1.10437011718,0.36120605468,-0.27526855468
1725973032274.0344,-1.09814453125,0.37951660156,-0.19506835937
1725973032292.65,-1.09814453125,0.37951660156,-0.19506835937
1725973032312.8223,-1.09814453125,0.37951660156,-0.19506835937
1725973032332.8113,-1.09814453125,0.37951660156,-0.19506835937
1725973032354.0208,-1.18078613281,0.34118652343,-0.12634277343
1725973032372.6672,-1.18078613281,0.34118652343,-0.12634277343
1725973032392.8088,-1.18078613281,0.34118652343,-0.12634277343
1725973032412.767,-1.18078613281,0.34118652343,-0.12634277343
1725973032434.0076,-1.16821289062,0.26379394531,-0.11206054687
1725973032452.6843,-1.16821289062,0.26379394531,-0.11206054687
1725973032472.765,-1.16821289062,0.26379394531,-0.11206054687
1725973032494.2188,-1.16821289062,0.26379394531,-0.11206054687
1725973032513.994,-1.04138183593,0.24133300781,-0.16589355468
1725973032532.671,-1.04138183593,0.24133300781,-0.16589355468
1725973032552.782,-1.04138183593,0.24133300781,-0.16589355468
1725973032572.7708,-1.04138183593,0.24133300781,-0.16589355468
1725973032594.2249,-0.91137695312,0.21728515625,-0.22216796875
1725973032612.688,-0.91137695312,0.21728515625,-0.22216796875
1725973032632.799,-0.91137695312,0.21728515625,-0.22216796875
1725973032652.7576,-0.91137695312,0.21728515625,-0.22216796875
1725973032673.9673,-0.88940429687,0.18103027343,-0.2568359375
1725973032692.644,-0.88940429687,0.18103027343,-0.2568359375
1725973032712.7551,-0.88940429687,0.18103027343,-0.2568359375
1725973032732.8052,-0.88940429687,0.18103027343,-0.2568359375
1725973032753.9539,-0.97290039062,0.18298339843,-0.27502441406
1725973032772.6611,-0.97290039062,0.18298339843,-0.27502441406
1725973032792.8027,-0.97290039062,0.18298339843,-0.27502441406
1725973032812.7612,-0.97290039062,0.18298339843,-0.27502441406
1725973032833.9404,-0.97631835937,0.20361328125,-0.26892089843
1725973032852.6477,-0.97631835937,0.20361328125,-0.26892089843
1725973032872.7893,-0.97631835937,0.20361328125,-0.26892089843
1725973032892.7783,-0.97631835937,0.20361328125,-0.26892089843
1725973032913.927,-0.93737792968,0.22680664062,-0.23583984375
1725973032932.6343,-0.93737792968,0.22680664062,-0.23583984375
1725973032952.8064,-0.93737792968,0.22680664062,-0.23583984375
1725973032972.765,-0.93737792968,0.22680664062,-0.23583984375
1725973032993.9136,-0.97021484375,0.24389648437,-0.20166015625
1725973033012.6511,-0.97021484375,0.24389648437,-0.20166015625
1725973033032.7625,-0.97021484375,0.24389648437,-0.20166015625
1725973033052.7515,-0.97021484375,0.24389648437,-0.20166015625
1725973033073.9,-0.97521972656,0.26953125,-0.1669921875
1725973033092.638,-0.97521972656,0.26953125,-0.1669921875
1725973033112.749,-0.97521972656,0.26953125,-0.1669921875
1725973033132.7683,-0.97521972656,0.26953125,-0.1669921875
1725973033153.8867,-0.97021484375,0.32006835937,-0.14868164062
1725973033172.655,-0.97021484375,0.32006835937,-0.14868164062
1725973033192.766,-0.97021484375,0.32006835937,-0.14868164062
1725973033212.7551,-0.97021484375,0.32006835937,-0.14868164062
1725973033233.8733,-0.95324707031,0.361328125,-0.19860839843
1725973033252.6416,-0.95324707031,0.361328125,-0.19860839843
1725973033272.7527,-0.95324707031,0.361328125,-0.19860839843
1725973033292.7417,-0.95324707031,0.361328125,-0.19860839843
1725973033313.8599,-0.96618652343,0.37121582031,-0.27600097656
1725973033332.628,-0.96618652343,0.37121582031,-0.27600097656
1725973033352.7393,-0.96618652343,0.37121582031,-0.27600097656
1725973033372.7588,-0.96618652343,0.37121582031,-0.27600097656
1725973033393.8464,-1.09313964843,0.37585449218,-0.31530761718
1725973033412.6147,-1.09313964843,0.37585449218,-0.31530761718
1725973033432.7563,-1.09313964843,0.37585449218,-0.31530761718
1725973033452.745,-1.09313964843,0.37585449218,-0.31530761718
1725973033473.833,-1.15856933593,0.376953125,-0.31909179687
1725973033492.6318,-1.15856933593,0.376953125,-0.31909179687
1725973033512.743,-1.15856933593,0.376953125,-0.31909179687
1725973033532.7927,-1.15856933593,0.376953125,-0.31909179687
1725973033553.8196,-1.10461425781,0.37854003906,-0.28430175781
1725973033572.6184,-1.10461425781,0.37854003906,-0.28430175781
1725973033592.76,-1.10461425781,0.37854003906,-0.28430175781
1725973033612.749,-1.10461425781,0.37854003906,-0.28430175781
1725973033633.806,-1.10974121093,0.36572265625,-0.20446777343
1725973033652.6355,-1.10974121093,0.36572265625,-0.20446777343
1725973033672.7463,-1.10974121093,0.36572265625,-0.20446777343
1725973033692.7356,-1.10974121093,0.36572265625,-0.20446777343
1725973033713.7927,-1.12145996093,0.30651855468,-0.12548828125
1725973033732.622,-1.12145996093,0.30651855468,-0.12548828125
1725973033752.7332,-1.12145996093,0.30651855468,-0.12548828125
1725973033772.7527,-1.12145996093,0.30651855468,-0.12548828125
1725973033793.7793,-1.08325195312,0.2529296875,-0.09606933593
1725973033812.6086,-1.08325195312,0.2529296875,-0.09606933593
1725973033832.7502,-1.08325195312,0.2529296875,-0.09606933593
1725973033852.7393,-1.08325195312,0.2529296875,-0.09606933593
1725973033873.7659,-0.97570800781,0.24560546875,-0.13122558593
1725973033892.6255,-0.97570800781,0.24560546875,-0.13122558593
1725973033912.7368,-0.97570800781,0.24560546875,-0.13122558593
1725973033932.7563,-0.97570800781,0.24560546875,-0.13122558593
1725973033953.7524,-0.8671875,0.25158691406,-0.18103027343
1725973033972.6123,-0.8671875,0.25158691406,-0.18103027343
1725973033992.754,-0.8671875,0.25158691406,-0.18103027343
1725973034012.7734,-0.8671875,0.25158691406,-0.18103027343
1725973034033.739,-0.89794921875,0.24499511718,-0.22302246093
1725973034052.5989,-0.89794921875,0.24499511718,-0.22302246093
1725973034072.7405,-0.89794921875,0.24499511718,-0.22302246093
1725973034092.7295,-0.89794921875,0.24499511718,-0.22302246093
1725973034113.7256,-1.00500488281,0.21691894531,-0.28637695312
1725973034132.6465,-1.00500488281,0.21691894531,-0.28637695312
1725973034152.727,-1.00500488281,0.21691894531,-0.28637695312
1725973034172.777,-1.00500488281,0.21691894531,-0.28637695312
1725973034193.712,-1.01428222656,0.21008300781,-0.31286621093
1725973034212.6023,-1.01428222656,0.21008300781,-0.31286621093
1725973034232.7747,-1.01428222656,0.21008300781,-0.31286621093
1725973034252.7332,-1.01428222656,0.21008300781,-0.31286621093
1725973034273.6987,-1.0009765625,0.22766113281,-0.27197265625
1725973034292.65,-1.0009765625,0.22766113281,-0.27197265625
1725973034312.7307,-1.0009765625,0.22766113281,-0.27197265625
1725973034332.7195,-1.0009765625,0.22766113281,-0.27197265625
1725973034353.6853,-1.00830078125,0.23596191406,-0.220703125
1725973034372.6062,-1.00830078125,0.23596191406,-0.220703125
1725973034392.7478,-1.00830078125,0.23596191406,-0.220703125
1725973034412.7368,-1.00830078125,0.23596191406,-0.220703125
1725973034433.6719,-0.9814453125,0.27624511718,-0.19152832031
1725973034452.7148,-0.9814453125,0.27624511718,-0.19152832031
1725973034472.7344,-0.9814453125,0.27624511718,-0.19152832031
1725973034492.7231,-0.9814453125,0.27624511718,-0.19152832031
1725973034513.6584,-0.97827148437,0.31274414062,-0.23840332031
1725973034532.6404,-0.97827148437,0.31274414062,-0.23840332031
1725973034552.7207,-0.97827148437,0.31274414062,-0.23840332031
1725973034572.71,-0.97827148437,0.31274414062,-0.23840332031
1725973034593.645,-0.9580078125,0.32043457031,-0.32067871093
1725973034612.5964,-0.9580078125,0.32043457031,-0.32067871093
1725973034632.7075,-0.9580078125,0.32043457031,-0.32067871093
1725973034652.7576,-0.9580078125,0.32043457031,-0.32067871093
1725973034673.6316,-0.94445800781,0.34167480468,-0.33093261718
1725973034692.583,-0.94445800781,0.34167480468,-0.33093261718
1725973034712.7246,-0.94445800781,0.34167480468,-0.33093261718
1725973034732.7136,-0.94445800781,0.34167480468,-0.33093261718
1725973034753.618,-1.05493164062,0.380859375,-0.26794433593
1725973034772.7527,-1.05493164062,0.380859375,-0.26794433593
1725973034792.7112,-1.05493164062,0.380859375,-0.26794433593
1725973034812.7307,-1.05493164062,0.380859375,-0.26794433593
1725973034833.6047,-1.11157226562,0.39904785156,-0.19372558593
1725973034852.5867,-1.11157226562,0.39904785156,-0.19372558593
1725973034872.7283,-1.11157226562,0.39904785156,-0.19372558593
1725973034892.7478,-1.11157226562,0.39904785156,-0.19372558593
1725973034913.5913,-1.09838867187,0.41589355468,-0.15393066406
1725973034932.7258,-1.09838867187,0.41589355468,-0.15393066406
1725973034952.7148,-1.09838867187,0.41589355468,-0.15393066406
1725973034972.7039,-1.09838867187,0.41589355468,-0.15393066406
1725973034993.578,-1.14428710937,0.38940429687,-0.11547851562
1725973035012.7124,-1.14428710937,0.38940429687,-0.11547851562
1725973035032.7014,-1.14428710937,0.38940429687,-0.11547851562
1725973035052.7207,-1.14428710937,0.38940429687,-0.11547851562
1725973035073.5645,-1.15319824218,0.27893066406,-0.09448242187
1725973035092.6987,-1.15319824218,0.27893066406,-0.09448242187
1725973035112.749,-1.15319824218,0.27893066406,-0.09448242187
1725973035132.7075,-1.15319824218,0.27893066406,-0.09448242187
1725973035153.551,-1.09912109375,0.21704101562,-0.10034179687
1725973035172.716,-1.09912109375,0.21704101562,-0.10034179687
1725973035192.705,-1.09912109375,0.21704101562,-0.10034179687
1725973035212.694,-1.09912109375,0.21704101562,-0.10034179687
1725973035233.5376,-0.99768066406,0.22790527343,-0.09997558593
1725973035252.7332,-0.99768066406,0.22790527343,-0.09997558593
1725973035272.722,-0.99768066406,0.22790527343,-0.09997558593
1725973035292.7112,-0.99768066406,0.22790527343,-0.09997558593
1725973035313.524,-0.95251464843,0.2412109375,-0.13732910156
1725973035332.6892,-0.95251464843,0.2412109375,-0.13732910156
1725973035352.7393,-0.95251464843,0.2412109375,-0.13732910156
1725973035372.6975,-0.95251464843,0.2412109375,-0.13732910156
1725973035393.5107,-0.99499511718,0.22033691406,-0.19738769531
1725973035412.7063,-0.99499511718,0.22033691406,-0.19738769531
1725973035432.6953,-0.99499511718,0.22033691406,-0.19738769531
1725973035452.745,-0.99499511718,0.22033691406,-0.19738769531
1725973035473.4973,-0.98779296875,0.19287109375,-0.25463867187
1725973035492.7231,-0.98779296875,0.19287109375,-0.25463867187
1725973035512.7124,-0.98779296875,0.19287109375,-0.25463867187
1725973035532.7014,-0.98779296875,0.19287109375,-0.25463867187
1725973035553.484,-0.96667480468,0.18322753906,-0.28137207031
1725973035572.71,-0.96667480468,0.18322753906,-0.28137207031
1725973035592.6987,-0.96667480468,0.18322753906,-0.28137207031
1725973035612.688,-0.96667480468,0.18322753906,-0.28137207031
1725973035633.4705,-0.93334960937,0.23779296875,-0.22265625
1725973035652.5745,-0.93334960937,0.23779296875,-0.22265625
1725973035672.6855,-0.93334960937,0.23779296875,-0.22265625
1725973035692.705,-0.93334960937,0.23779296875,-0.22265625
1725973035713.457,-0.97143554687,0.30834960937,-0.23718261718
1725973035732.683,-0.97143554687,0.30834960937,-0.23718261718
1725973035752.7332,-0.97143554687,0.30834960937,-0.23718261718
1725973035772.6917,-0.97143554687,0.30834960937,-0.23718261718
1725973035793.4436,-1.02270507812,0.37573242187,-0.28784179687
1725973035812.7,-1.02270507812,0.37573242187,-0.28784179687
1725973035832.6892,-1.02270507812,0.37573242187,-0.28784179687
1725973035852.6782,-1.02270507812,0.37573242187,-0.28784179687
1725973035873.43,-1.13610839843,0.42272949218,-0.28540039062
1725973035892.7173,-1.13610839843,0.42272949218,-0.28540039062
1725973035912.6755,-1.13610839843,0.42272949218,-0.28540039062
1725973035932.6953,-1.13610839843,0.42272949218,-0.28540039062
1725973035953.4167,-1.12756347656,0.41870117187,-0.25500488281
1725973035972.7039,-1.12756347656,0.41870117187,-0.25500488281
1725973035992.6929,-1.12756347656,0.41870117187,-0.25500488281
1725973036012.682,-1.12756347656,0.41870117187,-0.25500488281
1725973036033.4033,-1.07458496093,0.41784667968,-0.18762207031
1725973036052.7207,-1.07458496093,0.41784667968,-0.18762207031
1725973036072.6794,-1.07458496093,0.41784667968,-0.18762207031
1725973036092.6987,-1.07458496093,0.41784667968,-0.18762207031
1725973036113.39,-1.08947753906,0.39965820312,-0.12292480468
1725973036132.677,-1.08947753906,0.39965820312,-0.12292480468
1725973036152.6963,-1.08947753906,0.39965820312,-0.12292480468
1725973036172.716,-1.08947753906,0.39965820312,-0.12292480468
1725973036193.3765,-1.10375976562,0.31823730468,-0.09582519531
1725973036212.7246,-1.10375976562,0.31823730468,-0.09582519531
1725973036232.683,-1.10375976562,0.31823730468,-0.09582519531
1725973036252.672,-1.10375976562,0.31823730468,-0.09582519531
1725973036273.363,-1.11340332031,0.234375,-0.09167480468
1725973036292.6807,-1.11340332031,0.234375,-0.09167480468
1725973036312.7,-1.11340332031,0.234375,-0.09167480468
1725973036332.6892,-1.11340332031,0.234375,-0.09167480468
1725973036353.3496,-1.03356933593,0.21398925781,-0.12084960937
1725973036372.6672,-1.03356933593,0.21398925781,-0.12084960937
1725973036392.7173,-1.03356933593,0.21398925781,-0.12084960937
1725973036412.6755,-1.03356933593,0.21398925781,-0.12084960937
1725973036433.336,-0.97448730468,0.23376464843,-0.15441894531
1725973036452.6843,-0.97448730468,0.23376464843,-0.15441894531
1725973036472.673,-0.97448730468,0.23376464843,-0.15441894531
1725973036492.6929,-0.97448730468,0.23376464843,-0.15441894531
1725973036513.3228,-0.98754882812,0.22204589843,-0.19189453125
1725973036532.5488,-0.98754882812,0.22204589843,-0.19189453125
1725973036552.66,-0.98754882812,0.22204589843,-0.19189453125
1725973036572.6794,-0.98754882812,0.22204589843,-0.19189453125
1725973036593.3398,-0.93225097656,0.23645019531,-0.22705078125
1725973036612.6575,-0.93225097656,0.23645019531,-0.22705078125
1725973036632.7075,-0.93225097656,0.23645019531,-0.22705078125
1725973036652.666,-0.93225097656,0.23645019531,-0.22705078125
1725973036673.296,-0.9814453125,0.27648925781,-0.22058105468
1725973036692.705,-0.9814453125,0.27648925781,-0.22058105468
1725973036712.6636,-0.9814453125,0.27648925781,-0.22058105468
1725973036732.7136,-0.9814453125,0.27648925781,-0.22058105468
1725973036753.2825,-1.06372070312,0.27111816406,-0.20703125
1725973036772.6611,-1.06372070312,0.27111816406,-0.20703125
1725973036792.6807,-1.06372070312,0.27111816406,-0.20703125
1725973036812.6697,-1.06372070312,0.27111816406,-0.20703125
1725973036833.269,-1.00830078125,0.27709960937,-0.20495605468
1725973036852.6782,-1.00830078125,0.27709960937,-0.20495605468
1725973036872.6672,-1.00830078125,0.27709960937,-0.20495605468
1725973036892.6562,-1.00830078125,0.27709960937,-0.20495605468
1725973036913.2556,-0.95642089843,0.31628417968,-0.23413085937
1725973036932.6648,-0.95642089843,0.31628417968,-0.23413085937
1725973036952.6538,-0.95642089843,0.31628417968,-0.23413085937
1725973036972.673,-0.95642089843,0.31628417968,-0.23413085937
1725973036993.242,-0.92492675781,0.32409667968,-0.30932617187
1725973037012.682,-0.92492675781,0.32409667968,-0.30932617187
1725973037032.671,-0.92492675781,0.32409667968,-0.30932617187
1725973037052.66,-0.92492675781,0.32409667968,-0.30932617187
1725973037073.2288,-0.95935058593,0.28088378906,-0.33911132812
1725973037092.6685,-0.95935058593,0.28088378906,-0.33911132812
1725973037112.6575,-0.95935058593,0.28088378906,-0.33911132812
1725973037132.6465,-0.95935058593,0.28088378906,-0.33911132812
1725973037153.215,-1.13159179687,0.25134277343,-0.298828125
1725973037172.5327,-1.13159179687,0.25134277343,-0.298828125
1725973037192.6743,-1.13159179687,0.25134277343,-0.298828125
1725973037212.694,-1.13159179687,0.25134277343,-0.298828125
1725973037233.202,-1.14733886718,0.27819824218,-0.22692871093
1725973037252.6416,-1.14733886718,0.27819824218,-0.22692871093
1725973037272.6917,-1.14733886718,0.27819824218,-0.22692871093
1725973037292.65,-1.14733886718,0.27819824218,-0.22692871093
1725973037313.1885,-1.03588867187,0.31262207031,-0.16418457031
1725973037332.6587,-1.03588867187,0.31262207031,-0.16418457031
1725973037352.6477,-1.03588867187,0.31262207031,-0.16418457031
1725973037372.6975,-1.03588867187,0.31262207031,-0.16418457031
1725973037393.175,-1.03698730468,0.3193359375,-0.11511230468
1725973037412.6453,-1.03698730468,0.3193359375,-0.11511230468
1725973037432.6953,-1.03698730468,0.3193359375,-0.11511230468
1725973037452.6843,-1.03698730468,0.3193359375,-0.11511230468
1725973037473.1616,-1.00732421875,0.28698730468,-0.1005859375
1725973037492.6624,-1.00732421875,0.28698730468,-0.1005859375
1725973037512.682,-1.00732421875,0.28698730468,-0.1005859375
1725973037532.6404,-1.00732421875,0.28698730468,-0.1005859375
1725973037553.148,-0.96850585937,0.234375,-0.1083984375
1725973037572.6487,-0.96850585937,0.234375,-0.1083984375
1725973037592.638,-0.96850585937,0.234375,-0.1083984375
1725973037612.688,-0.96850585937,0.234375,-0.1083984375
1725973037633.1348,-0.92321777343,0.22021484375,-0.12658691406
1725973037652.6355,-0.92321777343,0.22021484375,-0.12658691406
1725973037672.655,-0.92321777343,0.22021484375,-0.12658691406
1725973037692.644,-0.92321777343,0.22021484375,-0.12658691406
1725973037713.121,-0.88757324218,0.22619628906,-0.20397949218
1725973037732.683,-0.88757324218,0.22619628906,-0.20397949218
1725973037752.6416,-0.88757324218,0.22619628906,-0.20397949218
1725973037772.6306,-0.88757324218,0.22619628906,-0.20397949218
1725973037793.108,-1.0439453125,0.23217773437,-0.25451660156
1725973037812.6392,-1.0439453125,0.23217773437,-0.25451660156
1725973037832.628,-1.0439453125,0.23217773437,-0.25451660156
1725973037852.6782,-1.0439453125,0.23217773437,-0.25451660156
1725973037873.0945,-1.08032226562,0.25463867187,-0.26049804687
1725973037892.6255,-1.08032226562,0.25463867187,-0.26049804687
1725973037912.6755,-1.08032226562,0.25463867187,-0.26049804687
1725973037932.6343,-1.08032226562,0.25463867187,-0.26049804687
1725973037953.081,-0.92541503906,0.26416015625,-0.23083496093
1725973037972.6428,-0.92541503906,0.26416015625,-0.23083496093
1725973037992.6624,-0.92541503906,0.26416015625,-0.23083496093
1725973038012.6511,-0.92541503906,0.26416015625,-0.23083496093
1725973038033.0676,-0.95947265625,0.22058105468,-0.14831542968
1725973038052.6292,-0.95947265625,0.22058105468,-0.14831542968
1725973038072.6794,-0.95947265625,0.22058105468,-0.14831542968
1725973038092.638,-0.95947265625,0.22058105468,-0.14831542968
1725973038113.054,-0.98266601562,0.20764160156,-0.13891601562
1725973038132.6465,-0.98266601562,0.20764160156,-0.13891601562
1725973038152.6355,-0.98266601562,0.20764160156,-0.13891601562
1725973038172.6245,-0.98266601562,0.20764160156,-0.13891601562
1725973038193.0408,-0.912109375,0.24841308593,-0.17114257812
1725973038212.633,-0.912109375,0.24841308593,-0.17114257812
1725973038232.622,-0.912109375,0.24841308593,-0.17114257812
1725973038252.6416,-0.912109375,0.24841308593,-0.17114257812
1725973038273.027,-0.90844726562,0.24462890625,-0.20483398437
1725973038292.6196,-0.90844726562,0.24462890625,-0.20483398437
1725973038312.6697,-0.90844726562,0.24462890625,-0.20483398437
1725973038332.6587,-0.90844726562,0.24462890625,-0.20483398437
1725973038353.014,-0.95056152343,0.22814941406,-0.26123046875
1725973038372.6672,-0.95056152343,0.22814941406,-0.26123046875
1725973038392.6255,-0.95056152343,0.22814941406,-0.26123046875
1725973038412.6147,-0.95056152343,0.22814941406,-0.26123046875
1725973038433.0005,-1.01806640625,0.24133300781,-0.26672363281
1725973038452.6233,-1.01806640625,0.24133300781,-0.26672363281
1725973038472.6123,-1.01806640625,0.24133300781,-0.26672363281
1725973038492.6318,-1.01806640625,0.24133300781,-0.26672363281
1725973038512.987,-1.11938476562,0.27673339843,-0.2421875
1725973038532.6099,-1.11938476562,0.27673339843,-0.2421875
1725973038552.66,-1.11938476562,0.27673339843,-0.2421875
1725973038573.9612,-1.11938476562,0.27673339843,-0.2421875
1725973038592.9736,-1.08325195312,0.3212890625,-0.19946289062
1725973038612.6267,-1.08325195312,0.3212890625,-0.19946289062
1725973038632.616,-1.08325195312,0.3212890625,-0.19946289062
1725973038652.666,-1.08325195312,0.3212890625,-0.19946289062
1725973038672.9602,-1.02685546875,0.33801269531,-0.14514160156
1725973038692.6135,-1.02685546875,0.33801269531,-0.14514160156
1725973038712.6636,-1.02685546875,0.33801269531,-0.14514160156
1725973038732.622,-1.02685546875,0.33801269531,-0.14514160156
1725973038752.9468,-1.0390625,0.30297851562,-0.12182617187
1725973038772.6306,-1.0390625,0.30297851562,-0.12182617187
1725973038792.6196,-1.0390625,0.30297851562,-0.12182617187
1725973038812.6086,-1.0390625,0.30297851562,-0.12182617187
1725973038832.933,-0.99584960937,0.25024414062,-0.10791015625
1725973038852.6477,-0.99584960937,0.25024414062,-0.10791015625
1725973038872.6367,-0.99584960937,0.25024414062,-0.10791015625
1725973038892.6562,-0.99584960937,0.25024414062,-0.10791015625
1725973038912.92,-0.94750976562,0.22448730468,-0.09301757812
1725973038932.6035,-0.94750976562,0.22448730468,-0.09301757812
1725973038952.6538,-0.94750976562,0.22448730468,-0.09301757812
1725973038972.6123,-0.94750976562,0.22448730468,-0.09301757812
1725973038992.9065,-0.89367675781,0.23547363281,-0.10583496093
1725973039012.6208,-0.89367675781,0.23547363281,-0.10583496093
1725973039032.6099,-0.89367675781,0.23547363281,-0.10583496093
1725973039052.5989,-0.89367675781,0.23547363281,-0.10583496093
1725973039072.893,-0.90502929687,0.25317382812,-0.15466308593
1725973039092.638,-0.90502929687,0.25317382812,-0.15466308593
1725973039112.6267,-0.90502929687,0.25317382812,-0.15466308593
1725973039132.616,-0.90502929687,0.25317382812,-0.15466308593
1725973039152.8796,-1.02392578125,0.26965332031,-0.19616699218
1725973039172.6245,-1.02392578125,0.26965332031,-0.19616699218
1725973039192.6135,-1.02392578125,0.26965332031,-0.19616699218
1725973039212.6023,-1.02392578125,0.26965332031,-0.19616699218
1725973039232.8662,-1.0283203125,0.29821777343,-0.22485351562
1725973039252.6416,-1.0283203125,0.29821777343,-0.22485351562
1725973039272.6,-1.0283203125,0.29821777343,-0.22485351562
1725973039292.65,-1.0283203125,0.29821777343,-0.22485351562
1725973039312.8528,-1.00646972656,0.28759765625,-0.21008300781
1725973039332.628,-1.00646972656,0.28759765625,-0.21008300781
1725973039352.6172,-1.00646972656,0.28759765625,-0.21008300781
1725973039372.6367,-1.00646972656,0.28759765625,-0.21008300781
1725973039392.839,-0.99096679687,0.27697753906,-0.22241210937
1725973039412.6147,-0.99096679687,0.27697753906,-0.22241210937
1725973039432.6035,-0.99096679687,0.27697753906,-0.22241210937
1725973039452.6233,-0.99096679687,0.27697753906,-0.22241210937
1725973039472.826,-0.90979003906,0.31311035156,-0.24548339843
1725973039492.6013,-0.90979003906,0.31311035156,-0.24548339843
1725973039512.5903,-0.90979003906,0.31311035156,-0.24548339843
1725973039532.6099,-0.90979003906,0.31311035156,-0.24548339843
1725973039552.8125,-0.919921875,0.31848144531,-0.28332519531
1725973039572.588,-0.919921875,0.31848144531,-0.28332519531
1725973039592.6074,-0.919921875,0.31848144531,-0.28332519531
1725973039612.6267,-0.919921875,0.31848144531,-0.28332519531
1725973039632.799,-0.97875976562,0.29077148437,-0.25512695312
1725973039652.6047,-0.97875976562,0.29077148437,-0.25512695312
1725973039672.594,-0.97875976562,0.29077148437,-0.25512695312
1725973039692.583,-0.97875976562,0.29077148437,-0.25512695312
1725973039712.7856,-1.12927246093,0.28723144531,-0.20129394531
1725973039732.5916,-1.12927246093,0.28723144531,-0.20129394531
1725973039752.5803,-1.12927246093,0.28723144531,-0.20129394531
1725973039772.6,-1.12927246093,0.28723144531,-0.20129394531
1725973039792.7722,-1.12438964843,0.31896972656,-0.15747070312
1725973039812.578,-1.12438964843,0.31896972656,-0.15747070312
1725973039832.6892,-1.12438964843,0.31896972656,-0.15747070312
1725973039852.5867,-1.12438964843,0.31896972656,-0.15747070312
1725973039872.7588,-1.01574707031,0.32849121093,-0.10571289062
1725973039892.5952,-1.01574707031,0.32849121093,-0.10571289062
1725973039912.5842,-1.01574707031,0.32849121093,-0.10571289062
1725973039932.6035,-1.01574707031,0.32849121093,-0.10571289062
1725973039952.745,-0.99536132812,0.30798339843,-0.06799316406
1725973039972.6123,-0.99536132812,0.30798339843,-0.06799316406
1725973039992.6013,-0.99536132812,0.30798339843,-0.06799316406
1725973040012.6208,-0.99536132812,0.30798339843,-0.06799316406
1725973040032.732,-0.96704101562,0.26916503906,-0.04943847656
1725973040052.5989,-0.96704101562,0.26916503906,-0.04943847656
1725973040072.6184,-0.96704101562,0.26916503906,-0.04943847656
1725973040092.577,-0.96704101562,0.26916503906,-0.04943847656
1725973040112.7185,-0.94970703125,0.22814941406,-0.03979492187
1725973040132.616,-0.94970703125,0.22814941406,-0.03979492187
1725973040152.5745,-0.94970703125,0.22814941406,-0.03979492187
1725973040172.594,-0.94970703125,0.22814941406,-0.03979492187
1725973040192.705,-0.92395019531,0.23510742187,-0.05395507812
1725973040212.572,-0.92395019531,0.23510742187,-0.05395507812
1725973040232.5916,-0.92395019531,0.23510742187,-0.05395507812
1725973040252.5803,-0.92395019531,0.23510742187,-0.05395507812
1725973040272.6917,-0.93273925781,0.28112792968,-0.08447265625
1725973040292.589,-0.93273925781,0.28112792968,-0.08447265625
1725973040312.578,-0.93273925781,0.28112792968,-0.08447265625
1725973040332.5671,-0.93273925781,0.28112792968,-0.08447265625
1725973040352.6782,-1.06811523437,0.30358886718,-0.12170410156
1725973040372.5757,-1.06811523437,0.30358886718,-0.12170410156
1725973040392.5647,-1.06811523437,0.30358886718,-0.12170410156
1725973040412.5842,-1.06811523437,0.30358886718,-0.12170410156
1725973040432.6648,-1.02392578125,0.29418945312,-0.20166015625
1725973040452.5623,-1.02392578125,0.29418945312,-0.20166015625
1725973040472.5815,-1.02392578125,0.29418945312,-0.20166015625
1725973040492.5708,-1.02392578125,0.29418945312,-0.20166015625
1725973040512.6511,-0.90222167968,0.27221679687,-0.22424316406
1725973040532.579,-0.90222167968,0.27221679687,-0.22424316406
1725973040552.5989,-0.90222167968,0.27221679687,-0.22424316406
1725973040572.588,-0.90222167968,0.27221679687,-0.22424316406
1725973040592.638,-0.99450683593,0.26086425781,-0.22546386718
1725973040612.566,-0.99450683593,0.26086425781,-0.22546386718
1725973040632.616,-0.99450683593,0.26086425781,-0.22546386718
1725973040652.5745,-0.99450683593,0.26086425781,-0.22546386718
1725973040672.6245,-0.98754882812,0.26904296875,-0.26672363281
1725973040692.6135,-0.98754882812,0.26904296875,-0.26672363281
1725973040712.572,-0.98754882812,0.26904296875,-0.26672363281
1725973040732.5916,-0.98754882812,0.26904296875,-0.26672363281
1725973040752.611,-0.90405273437,0.28332519531,-0.25048828125
1725973040772.6,-0.90405273437,0.28332519531,-0.25048828125
1725973040792.5583,-0.90405273437,0.28332519531,-0.25048828125
1725973040812.6086,-0.90405273437,0.28332519531,-0.25048828125
1725973040832.5977,-0.91711425781,0.29833984375,-0.23034667968
1725973040852.556,-0.91711425781,0.29833984375,-0.23034667968
1725973040872.5757,-0.91711425781,0.29833984375,-0.23034667968
1725973040892.5952,-0.91711425781,0.29833984375,-0.23034667968
1725973040912.5842,-0.947265625,0.28771972656,-0.21789550781
1725973040932.5732,-0.947265625,0.28771972656,-0.21789550781
1725973040952.5623,-0.947265625,0.28771972656,-0.21789550781
1725973040972.5815,-0.947265625,0.28771972656,-0.21789550781
1725973040992.5708,-0.98010253906,0.25866699218,-0.18298339843
1725973041012.5598,-0.98010253906,0.25866699218,-0.18298339843
1725973041032.5488,-0.98010253906,0.25866699218,-0.18298339843
1725973041052.5684,-0.98010253906,0.25866699218,-0.18298339843
1725973041072.5571,-1.07666015625,0.26708984375,-0.14892578125
1725973041092.5464,-1.07666015625,0.26708984375,-0.14892578125
1725973041112.566,-1.07666015625,0.26708984375,-0.14892578125
1725973041132.5547,-1.07666015625,0.26708984375,-0.14892578125
1725973041152.544,-1.05712890625,0.29919433593,-0.12878417968
1725973041172.594,-1.05712890625,0.29919433593,-0.12878417968
1725973041192.583,-1.05712890625,0.29919433593,-0.12878417968
1725973041212.572,-1.05712890625,0.29919433593,-0.12878417968
1725973041232.5305,-0.94165039062,0.3056640625,-0.099609375
1725973041252.55,-0.94165039062,0.3056640625,-0.099609375
1725973041272.5696,-0.94165039062,0.3056640625,-0.099609375
1725973041292.589,-0.94165039062,0.3056640625,-0.099609375
1725973041312.517,-0.95458984375,0.30249023437,-0.07250976562
1725973041332.5977,-0.95458984375,0.30249023437,-0.07250976562
1725973041352.556,-0.95458984375,0.30249023437,-0.07250976562
1725973041372.5452,-0.95458984375,0.30249023437,-0.07250976562
1725973041392.5037,-0.98559570312,0.29272460937,-0.06091308593
1725973041412.5537,-0.98559570312,0.29272460937,-0.06091308593
1725973041432.5732,-0.98559570312,0.29272460937,-0.06091308593
1725973041452.5623,-0.98559570312,0.29272460937,-0.06091308593
1725973041472.4902,-0.94482421875,0.26635742187,-0.05334472656
1725973041492.5403,-0.94482421875,0.26635742187,-0.05334472656
1725973041512.5598,-0.94482421875,0.26635742187,-0.05334472656
1725973041532.5488,-0.94482421875,0.26635742187,-0.05334472656
1725973041552.4768,-0.93090820312,0.25708007812,-0.06970214843
1725973041572.588,-0.93090820312,0.25708007812,-0.06970214843
1725973041592.5464,-0.93090820312,0.25708007812,-0.06970214843
1725973041612.566,-0.93090820312,0.25708007812,-0.06970214843
1725973041632.4631,-0.97143554687,0.26525878906,-0.10852050781
1725973041652.544,-0.97143554687,0.26525878906,-0.10852050781
1725973041672.5635,-0.97143554687,0.26525878906,-0.10852050781
1725973041692.5525,-0.97143554687,0.26525878906,-0.10852050781
1725973041712.45,-1.05078125,0.27221679687,-0.146484375
1725973041732.5305,-1.05078125,0.27221679687,-0.146484375
1725973041752.5803,-1.05078125,0.27221679687,-0.146484375
1725973041772.539,-1.05078125,0.27221679687,-0.146484375
1725973041792.4363,-1.11071777343,0.26916503906,-0.21533203125
1725973041812.5476,-1.11071777343,0.26916503906,-0.21533203125
1725973041832.5366,-1.11071777343,0.26916503906,-0.21533203125
1725973041852.556,-1.11071777343,0.26916503906,-0.21533203125
1725973041872.423,-0.96667480468,0.25219726562,-0.26708984375
1725973041892.534,-0.96667480468,0.25219726562,-0.26708984375
1725973041912.5842,-0.96667480468,0.25219726562,-0.26708984375
1725973041932.5427,-0.96667480468,0.25219726562,-0.26708984375
1725973041952.4097,-0.90466308593,0.23486328125,-0.20690917968
1725973041972.5513,-0.90466308593,0.23486328125,-0.20690917968
1725973041992.5403,-0.90466308593,0.23486328125,-0.20690917968
1725973042012.5293,-0.90466308593,0.23486328125,-0.20690917968
1725973042032.3962,-1.0029296875,0.25183105468,-0.1767578125
1725973042052.5378,-1.0029296875,0.25183105468,-0.1767578125
1725973042072.5269,-1.0029296875,0.25183105468,-0.1767578125
1725973042092.5464,-1.0029296875,0.25183105468,-0.1767578125
1725973042112.3828,-0.94458007812,0.28576660156,-0.19494628906
1725973042132.5244,-0.94458007812,0.28576660156,-0.19494628906
1725973042152.544,-0.94458007812,0.28576660156,-0.19494628906
1725973042172.5327,-0.94458007812,0.28576660156,-0.19494628906
1725973042192.3691,-0.86206054687,0.28601074218,-0.17846679687
1725973042212.5415,-0.86206054687,0.28601074218,-0.17846679687
1725973042232.5305,-0.86206054687,0.28601074218,-0.17846679687
1725973042252.5195,-0.86206054687,0.28601074218,-0.17846679687
1725973042272.356,-0.88513183593,0.29223632812,-0.21252441406
1725973042292.528,-0.88513183593,0.29223632812,-0.21252441406
1725973042312.5476,-0.88513183593,0.29223632812,-0.21252441406
1725973042332.5366,-0.88513183593,0.29223632812,-0.21252441406
1725973042352.3423,-0.92407226562,0.29309082031,-0.25537109375
1725973042372.5146,-0.92407226562,0.29309082031,-0.25537109375
1725973042392.534,-0.92407226562,0.29309082031,-0.25537109375
1725973042412.5232,-0.92407226562,0.29309082031,-0.25537109375
1725973042432.329,-0.94738769531,0.26220703125,-0.25769042968
1725973042452.5315,-0.94738769531,0.26220703125,-0.25769042968
1725973042472.5208,-0.94738769531,0.26220703125,-0.25769042968
1725973042492.5403,-0.94738769531,0.26220703125,-0.25769042968
1725973042512.3157,-1.06555175781,0.26867675781,-0.2431640625
1725973042532.5488,-1.06555175781,0.26867675781,-0.2431640625
1725973042552.5378,-1.06555175781,0.26867675781,-0.2431640625
1725973042572.5269,-1.06555175781,0.26867675781,-0.2431640625
1725973042592.3022,-1.12182617187,0.28112792968,-0.21765136718
1725973042612.5354,-1.12182617187,0.28112792968,-0.21765136718
1725973042632.5244,-1.12182617187,0.28112792968,-0.21765136718
1725973042652.5134,-1.12182617187,0.28112792968,-0.21765136718
1725973042672.2888,-1.03747558593,0.26599121093,-0.18908691406
1725973042692.522,-1.03747558593,0.26599121093,-0.18908691406
1725973042712.5107,-1.03747558593,0.26599121093,-0.18908691406
1725973042732.5305,-1.03747558593,0.26599121093,-0.18908691406
1725973042752.2751,-1.02111816406,0.25903320312,-0.162109375
1725973042772.5083,-1.02111816406,0.25903320312,-0.162109375
1725973042792.528,-1.02111816406,0.25903320312,-0.162109375
1725973042812.517,-1.02111816406,0.25903320312,-0.162109375
1725973042832.262,-1.05419921875,0.25573730468,-0.12670898437
1725973042852.5256,-1.05419921875,0.25573730468,-0.12670898437
1725973042872.5146,-1.05419921875,0.25573730468,-0.12670898437
1725973042892.5037,-1.05419921875,0.25573730468,-0.12670898437
1725973042912.2483,-1.00695800781,0.2490234375,-0.10290527343
1725973042932.5122,-1.00695800781,0.2490234375,-0.10290527343
1725973042952.5012,-1.00695800781,0.2490234375,-0.10290527343
1725973042972.5208,-1.00695800781,0.2490234375,-0.10290527343
1725973042992.235,-0.92761230468,0.24060058593,-0.11157226562
1725973043012.4988,-0.92761230468,0.24060058593,-0.11157226562
1725973043032.5488,-0.92761230468,0.24060058593,-0.11157226562
1725973043052.507,-0.92761230468,0.24060058593,-0.11157226562
1725973043072.2217,-0.92407226562,0.2294921875,-0.12707519531
1725973043092.5464,-0.92407226562,0.2294921875,-0.12707519531
1725973043112.505,-0.92407226562,0.2294921875,-0.12707519531
1725973043132.5244,-0.92407226562,0.2294921875,-0.12707519531
1725973043152.2083,-0.96606445312,0.22741699218,-0.142578125
1725973043172.5327,-0.96606445312,0.22741699218,-0.142578125
1725973043192.5525,-0.96606445312,0.22741699218,-0.142578125
1725973043212.5107,-0.96606445312,0.22741699218,-0.142578125
1725973043232.3474,-1.03161621093,0.2607421875,-0.158203125
1725973043252.55,-1.03161621093,0.2607421875,-0.158203125
1725973043272.539,-1.03161621093,0.2607421875,-0.158203125
1725973043292.4976,-1.03161621093,0.2607421875,-0.158203125
1725973043312.4255,-1.03161621093,0.2607421875,-0.158203125
1725973043332.506,-1.03161621093,0.2607421875,-0.158203125
1725973043352.495,-1.03161621093,0.2607421875,-0.158203125
1725973043372.5146,-1.03161621093,0.2607421875,-0.158203125
1725973043392.3203,-1.15075683593,0.33935546875,0.00231933593
1725973043412.4927,-1.15075683593,0.33935546875,0.00231933593
1725973043432.5427,-1.15075683593,0.33935546875,0.00231933593
1725973043452.5315,-1.15075683593,0.33935546875,0.00231933593
1725973043472.3071,-1.02697753906,0.32763671875,-0.02490234375
1725973043492.5095,-1.02697753906,0.32763671875,-0.02490234375
1725973043512.4988,-1.02697753906,0.32763671875,-0.02490234375
1725973043532.5183,-1.02697753906,0.32763671875,-0.02490234375
1725973043552.2937,-0.90148925781,0.30017089843,-0.091796875
1725973043572.4963,-0.90148925781,0.30017089843,-0.091796875
1725973043592.485,-0.90148925781,0.30017089843,-0.091796875
1725973043612.505,-0.90148925781,0.30017089843,-0.091796875
1725973043632.2803,-0.86071777343,0.27282714843,-0.18347167968
1725973043652.483,-0.86071777343,0.27282714843,-0.18347167968
1725973043672.5024,-0.86071777343,0.27282714843,-0.18347167968
1725973043692.522,-0.86071777343,0.27282714843,-0.18347167968
1725973043712.2668,-0.828125,0.23205566406,-0.29187011718
1725973043732.5,-0.828125,0.23205566406,-0.29187011718
1725973043752.5195,-0.828125,0.23205566406,-0.29187011718
1725973043772.539,-0.828125,0.23205566406,-0.29187011718
1725973043792.2534,-0.84533691406,0.1962890625,-0.34143066406
1725973043812.517,-0.84533691406,0.1962890625,-0.34143066406
1725973043832.5366,-0.84533691406,0.1962890625,-0.34143066406
1725973043852.495,-0.84533691406,0.1962890625,-0.34143066406
1725973043872.24,-0.91174316406,0.21081542968,-0.35827636718
1725973043892.5037,-0.91174316406,0.21081542968,-0.35827636718
1725973043912.4927,-0.91174316406,0.21081542968,-0.35827636718
1725973043932.4817,-0.91174316406,0.21081542968,-0.35827636718
1725973043952.2263,-0.9375,0.23645019531,-0.34741210937
1725973043972.4902,-0.9375,0.23645019531,-0.34741210937
1725973043992.4792,-0.9375,0.23645019531,-0.34741210937
1725973044012.4988,-0.9375,0.23645019531,-0.34741210937
1725973044032.2131,-0.94836425781,0.26403808593,-0.32666015625
1725973044052.507,-0.94836425781,0.26403808593,-0.32666015625
1725973044072.4963,-0.94836425781,0.26403808593,-0.32666015625
1725973044092.5159,-0.94836425781,0.26403808593,-0.32666015625
1725973044112.1997,-1.01916503906,0.30187988281,-0.28784179687
1725973044132.5244,-1.01916503906,0.30187988281,-0.28784179687
1725973044152.5134,-1.01916503906,0.30187988281,-0.28784179687
1725973044172.5024,-1.01916503906,0.30187988281,-0.28784179687
1725973044192.3691,-1.03247070312,0.31848144531,-0.30725097656
1725973044212.4805,-1.03247070312,0.31848144531,-0.30725097656
1725973044232.4695,-1.03247070312,0.31848144531,-0.30725097656
1725973044252.489,-1.03247070312,0.31848144531,-0.30725097656
1725973044272.356,-0.97607421875,0.29382324218,-0.32568359375
1725973044292.467,-0.97607421875,0.29382324218,-0.32568359375
1725973044312.4863,-0.97607421875,0.29382324218,-0.32568359375
1725973044332.4756,-0.97607421875,0.29382324218,-0.32568359375
1725973044352.3423,-1.04040527343,0.25939941406,-0.28112792968
1725973044372.484,-1.04040527343,0.25939941406,-0.28112792968
1725973044392.5037,-1.04040527343,0.25939941406,-0.28112792968
1725973044412.4927,-1.04040527343,0.25939941406,-0.28112792968
1725973044432.3596,-1.10375976562,0.24243164062,-0.24877929687
1725973044452.4707,-1.10375976562,0.24243164062,-0.24877929687
1725973044472.4902,-1.10375976562,0.24243164062,-0.24877929687
1725973044492.4792,-1.10375976562,0.24243164062,-0.24877929687
1725973044512.346,-1.001953125,0.24182128906,-0.23583984375
1725973044532.4875,-1.001953125,0.24182128906,-0.23583984375
1725973044552.4768,-1.001953125,0.24182128906,-0.23583984375
1725973044572.4963,-1.001953125,0.24182128906,-0.23583984375
1725973044592.3633,-0.88671875,0.24877929687,-0.25805664062
1725973044612.4744,-0.88671875,0.24877929687,-0.25805664062
1725973044632.4631,-0.88671875,0.24877929687,-0.25805664062
1725973044652.483,-0.88671875,0.24877929687,-0.25805664062
1725973044679.2468,-0.83935546875,0.2822265625,-0.2880859375
1725973044692.3389,-0.83935546875,0.2822265625,-0.2880859375
1725973044712.4805,-0.83935546875,0.2822265625,-0.2880859375
1725973044732.4695,-0.83935546875,0.2822265625,-0.2880859375
1725973044752.3364,-0.87036132812,0.35302734375,-0.27819824218
1725973044772.478,-0.87036132812,0.35302734375,-0.27819824218
1725973044792.4976,-0.87036132812,0.35302734375,-0.27819824218
1725973044812.456,-0.87036132812,0.35302734375,-0.27819824218
1725973044832.3535,-0.96923828125,0.40173339843,-0.23596191406
1725973044852.495,-0.96923828125,0.40173339843,-0.23596191406
1725973044872.4536,-0.96923828125,0.40173339843,-0.23596191406
1725973044892.4731,-0.96923828125,0.40173339843,-0.23596191406
1725973044912.34,-1.08203125,0.40771484375,-0.18090820312
1725973044932.4512,-1.08203125,0.40771484375,-0.18090820312
1725973044952.5012,-1.08203125,0.40771484375,-0.18090820312
1725973044972.4597,-1.08203125,0.40771484375,-0.18090820312
1725973044992.3267,-1.01062011718,0.4033203125,-0.14367675781
1725973045012.4988,-1.01062011718,0.4033203125,-0.14367675781
1725973045032.4573,-1.01062011718,0.4033203125,-0.14367675781
1725973045052.4768,-1.01062011718,0.4033203125,-0.14367675781
1725973045072.3435,-0.88244628906,0.36059570312,-0.10766601562
1725973045092.485,-0.88244628906,0.36059570312,-0.10766601562
1725973045112.505,-0.88244628906,0.36059570312,-0.10766601562
1725973045132.494,-0.88244628906,0.36059570312,-0.10766601562
1725973045152.3303,-0.92687988281,0.32080078125,-0.08557128906
1725973045172.472,-0.92687988281,0.32080078125,-0.08557128906
1725973045192.4915,-0.92687988281,0.32080078125,-0.08557128906
1725973045212.45,-0.92687988281,0.32080078125,-0.08557128906
1725973045232.3474,-0.97583007812,0.30432128906,-0.11389160156
1725973045252.4585,-0.97583007812,0.30432128906,-0.11389160156
1725973045272.4475,-0.97583007812,0.30432128906,-0.11389160156
1725973045292.467,-0.97583007812,0.30432128906,-0.11389160156
1725973045312.334,-0.94750976562,0.26440429687,-0.16882324218
1725973045332.445,-0.94750976562,0.26440429687,-0.16882324218
1725973045352.4644,-0.94750976562,0.26440429687,-0.16882324218
1725973045372.4536,-0.94750976562,0.26440429687,-0.16882324218
1725973045392.3203,-0.93225097656,0.23010253906,-0.24438476562
1725973045412.462,-0.93225097656,0.23010253906,-0.24438476562
1725973045432.4512,-0.93225097656,0.23010253906,-0.24438476562
1725973045452.44,-0.93225097656,0.23010253906,-0.24438476562
1725973045472.3376,-0.935546875,0.20056152343,-0.32446289062
1725973045492.4792,-0.935546875,0.20056152343,-0.32446289062
1725973045512.4375,-0.935546875,0.20056152343,-0.32446289062
1725973045532.4573,-0.935546875,0.20056152343,-0.32446289062
1725973045552.3242,-0.958984375,0.1982421875,-0.35144042968
1725973045572.4353,-0.958984375,0.1982421875,-0.35144042968
1725973045592.4548,-0.958984375,0.1982421875,-0.35144042968
1725973045612.4744,-0.958984375,0.1982421875,-0.35144042968
1725973045632.3108,-1.0595703125,0.2451171875,-0.29833984375
1725973045652.4524,-1.0595703125,0.2451171875,-0.29833984375
1725973045672.472,-1.0595703125,0.2451171875,-0.29833984375
1725973045692.4607,-1.0595703125,0.2451171875,-0.29833984375
1725973045712.328,-1.1220703125,0.30041503906,-0.21936035156
1725973045732.4387,-1.1220703125,0.30041503906,-0.21936035156
1725973045752.4585,-1.1220703125,0.30041503906,-0.21936035156
1725973045772.478,-1.1220703125,0.30041503906,-0.21936035156
1725973045792.3145,-1.04077148437,0.32189941406,-0.16577148437
1725973045812.4863,-1.04077148437,0.32189941406,-0.16577148437
1725973045832.445,-1.04077148437,0.32189941406,-0.16577148437
1725973045852.4644,-1.04077148437,0.32189941406,-0.16577148437
1725973045872.362,-1.04138183593,0.31433105468,-0.12109375
1725973045892.4426,-1.04138183593,0.31433105468,-0.12109375
1725973045912.4316,-1.04138183593,0.31433105468,-0.12109375
1725973045932.4512,-1.04138183593,0.31433105468,-0.12109375
1725973045952.3486,-1.11364746093,0.28771972656,-0.10119628906
1725973045972.4292,-1.11364746093,0.28771972656,-0.10119628906
1725973045992.4487,-1.11364746093,0.28771972656,-0.10119628906
1725973046012.4375,-1.11364746093,0.28771972656,-0.10119628906
1725973046032.3047,-1.03686523437,0.26599121093,-0.12231445312
1725973046052.4768,-1.03686523437,0.26599121093,-0.12231445312
1725973046072.4353,-1.03686523437,0.26599121093,-0.12231445312
1725973046092.4243,-1.03686523437,0.26599121093,-0.12231445312
1725973046112.3215,-0.94262695312,0.23400878906,-0.16125488281
1725973046132.4329,-0.94262695312,0.23400878906,-0.16125488281
1725973046152.4219,-0.94262695312,0.23400878906,-0.16125488281
1725973046172.4414,-0.94262695312,0.23400878906,-0.16125488281
1725973046192.3083,-0.89978027343,0.17529296875,-0.22216796875
1725973046212.4194,-0.89978027343,0.17529296875,-0.22216796875
1725973046232.4387,-0.89978027343,0.17529296875,-0.22216796875
1725973046252.428,-0.89978027343,0.17529296875,-0.22216796875
1725973046272.295,-0.91418457031,0.16149902343,-0.26208496093
1725973046292.467,-0.91418457031,0.16149902343,-0.26208496093
1725973046312.456,-0.91418457031,0.16149902343,-0.26208496093
1725973046332.445,-0.91418457031,0.16149902343,-0.26208496093
1725973046352.312,-1.0458984375,0.21337890625,-0.27124023437
1725973046372.423,-1.0458984375,0.21337890625,-0.27124023437
1725973046392.4426,-1.0458984375,0.21337890625,-0.27124023437
1725973046412.4316,-1.0458984375,0.21337890625,-0.27124023437
1725973046432.2983,-1.04797363281,0.24072265625,-0.27026367187
1725973046452.44,-1.04797363281,0.24072265625,-0.27026367187
1725973046472.4292,-1.04797363281,0.24072265625,-0.27026367187
1725973046492.4182,-1.04797363281,0.24072265625,-0.27026367187
1725973046512.3157,-1.01135253906,0.21691894531,-0.19787597656
1725973046532.4268,-1.01135253906,0.21691894531,-0.19787597656
1725973046552.4155,-1.01135253906,0.21691894531,-0.19787597656
1725973046572.4353,-1.01135253906,0.21691894531,-0.19787597656
1725973046592.3022,-1.03186035156,0.21838378906,-0.16833496093
1725973046612.413,-1.03186035156,0.21838378906,-0.16833496093
1725973046632.4631,-1.03186035156,0.21838378906,-0.16833496093
1725973046652.483,-1.03186035156,0.21838378906,-0.16833496093
1725973046672.2888,-0.94348144531,0.25146484375,-0.19006347656
1725973046692.4304,-0.94348144531,0.25146484375,-0.19006347656
1725973046712.4194,-0.94348144531,0.25146484375,-0.19006347656
1725973046732.4084,-0.94348144531,0.25146484375,-0.19006347656
1725973046752.306,-0.90124511718,0.27612304687,-0.21264648437
1725973046772.4167,-0.90124511718,0.27612304687,-0.21264648437
1725973046792.406,-0.90124511718,0.27612304687,-0.21264648437
1725973046812.4255,-0.90124511718,0.27612304687,-0.21264648437
1725973046832.2925,-0.9033203125,0.29602050781,-0.3076171875
1725973046852.4036,-0.9033203125,0.29602050781,-0.3076171875
1725973046872.4536,-0.9033203125,0.29602050781,-0.3076171875
1725973046892.412,-0.9033203125,0.29602050781,-0.3076171875
1725973046912.279,-0.91479492187,0.27404785156,-0.37170410156
1725973046932.4207,-0.91479492187,0.27404785156,-0.37170410156
1725973046952.44,-0.91479492187,0.27404785156,-0.37170410156
1725973046972.4292,-0.91479492187,0.27404785156,-0.37170410156
1725973046992.296,-1.0107421875,0.24609375,-0.35998535156
1725973047012.4072,-1.0107421875,0.24609375,-0.35998535156
1725973047032.4268,-1.0107421875,0.24609375,-0.35998535156
1725973047052.4155,-1.0107421875,0.24609375,-0.35998535156
1725973047072.2827,-1.11499023437,0.26843261718,-0.3251953125
1725973047092.4243,-1.11499023437,0.26843261718,-0.3251953125
1725973047112.413,-1.11499023437,0.26843261718,-0.3251953125
1725973047132.4329,-1.11499023437,0.26843261718,-0.3251953125
1725973047152.2998,-1.048828125,0.27197265625,-0.23278808593
1725973047172.411,-1.048828125,0.27197265625,-0.23278808593
1725973047192.4,-1.048828125,0.27197265625,-0.23278808593
1725973047212.4194,-1.048828125,0.27197265625,-0.23278808593
1725973047232.2864,-1.11022949218,0.27319335937,-0.17529296875
1725973047252.3975,-1.11022949218,0.27319335937,-0.17529296875
1725973047272.4167,-1.11022949218,0.27319335937,-0.17529296875
1725973047292.406,-1.11022949218,0.27319335937,-0.17529296875
1725973047312.2727,-1.03002929687,0.25305175781,-0.1796875
1725973047332.4143,-1.03002929687,0.25305175781,-0.1796875
1725973047352.434,-1.03002929687,0.25305175781,-0.1796875
1725973047372.3923,-1.03002929687,0.25305175781,-0.1796875
1725973047392.29,-0.92797851562,0.21228027343,-0.21716308593
1725973047412.4011,-0.92797851562,0.21228027343,-0.21716308593
1725973047432.4207,-0.92797851562,0.21228027343,-0.21716308593
1725973047452.4097,-0.92797851562,0.21228027343,-0.21716308593
1725973047472.2766,-0.88977050781,0.17553710937,-0.25244140625
1725973047492.3877,-0.88977050781,0.17553710937,-0.25244140625
1725973047512.4072,-0.88977050781,0.17553710937,-0.25244140625
1725973047532.3962,-0.88977050781,0.17553710937,-0.25244140625
1725973047552.2632,-0.89074707031,0.18249511718,-0.27404785156
1725973047572.4048,-0.89074707031,0.18249511718,-0.27404785156
1725973047592.4243,-0.89074707031,0.18249511718,-0.27404785156
1725973047612.4438,-0.89074707031,0.18249511718,-0.27404785156
1725973047632.2803,-1.04235839843,0.21691894531,-0.24560546875
1725973047652.391,-1.04235839843,0.21691894531,-0.24560546875
1725973047672.411,-1.04235839843,0.21691894531,-0.24560546875
1725973047692.4,-1.04235839843,0.21691894531,-0.24560546875
1725973047712.297,-1.15466308593,0.26110839843,-0.203125
1725973047732.4084,-1.15466308593,0.26110839843,-0.203125
1725973047752.3975,-1.15466308593,0.26110839843,-0.203125
1725973047772.3865,-1.15466308593,0.26110839843,-0.203125
1725973047792.284,-1.06018066406,0.30261230468,-0.17175292968
1725973047812.395,-1.06018066406,0.30261230468,-0.17175292968
1725973047832.384,-1.06018066406,0.30261230468,-0.17175292968
1725973047852.4036,-1.06018066406,0.30261230468,-0.17175292968
1725973047872.2705,-0.99926757812,0.30212402343,-0.14050292968
1725973047892.3816,-0.99926757812,0.30212402343,-0.14050292968
1725973047912.4011,-0.99926757812,0.30212402343,-0.14050292968
1725973047932.4207,-0.99926757812,0.30212402343,-0.14050292968
1725973047952.257,-0.95739746093,0.28112792968,-0.1416015625
1725973047972.3987,-0.95739746093,0.28112792968,-0.1416015625
1725973047992.3877,-0.95739746093,0.28112792968,-0.1416015625
1725973048012.4072,-0.95739746093,0.28112792968,-0.1416015625
1725973048032.274,-0.87329101562,0.28063964843,-0.166015625
1725973048052.4155,-0.87329101562,0.28063964843,-0.166015625
1725973048072.3743,-0.87329101562,0.28063964843,-0.166015625
1725973048092.4243,-0.87329101562,0.28063964843,-0.166015625
1725973048112.2607,-0.83715820312,0.2939453125,-0.2275390625
1725973048132.4023,-0.83715820312,0.2939453125,-0.2275390625
1725973048152.4219,-0.83715820312,0.2939453125,-0.2275390625
1725973048172.3804,-0.83715820312,0.2939453125,-0.2275390625
1725973048192.2473,-0.86938476562,0.28247070312,-0.32189941406
1725973048212.389,-0.86938476562,0.28247070312,-0.32189941406
1725973048232.378,-0.86938476562,0.28247070312,-0.32189941406
1725973048252.3975,-0.86938476562,0.28247070312,-0.32189941406
1725973048272.2644,-0.953125,0.26147460937,-0.3720703125
1725973048292.406,-0.953125,0.26147460937,-0.3720703125
1725973048312.395,-0.953125,0.26147460937,-0.3720703125
1725973048332.384,-0.953125,0.26147460937,-0.3720703125
1725973048352.2507,-1.09118652343,0.28918457031,-0.35485839843
1725973048372.423,-1.09118652343,0.28918457031,-0.35485839843
1725973048392.3816,-1.09118652343,0.28918457031,-0.35485839843
1725973048412.3706,-1.09118652343,0.28918457031,-0.35485839843
1725973048432.268,-1.07434082031,0.31262207031,-0.31860351562
1725973048452.3792,-1.07434082031,0.31262207031,-0.31860351562
1725973048472.3987,-1.07434082031,0.31262207031,-0.31860351562
1725973048492.3877,-1.07434082031,0.31262207031,-0.31860351562
1725973048512.2546,-0.97473144531,0.3203125,-0.26428222656
1725973048532.3655,-0.97473144531,0.3203125,-0.26428222656
1725973048552.3853,-0.97473144531,0.3203125,-0.26428222656
1725973048572.3743,-0.97473144531,0.3203125,-0.26428222656
1725973048592.2412,-1.04602050781,0.31982421875,-0.18786621093
1725973048612.413,-1.04602050781,0.31982421875,-0.18786621093
1725973048632.3718,-1.04602050781,0.31982421875,-0.18786621093
1725973048652.391,-1.04602050781,0.31982421875,-0.18786621093
1725973048672.2583,-1.10229492187,0.29248046875,-0.15954589843
1725973048692.3691,-1.10229492187,0.29248046875,-0.15954589843
1725973048712.3584,-1.10229492187,0.29248046875,-0.15954589843
1725973048732.378,-1.10229492187,0.29248046875,-0.15954589843
1725973048752.2449,-1.05029296875,0.25256347656,-0.18591308593
1725973048772.3865,-1.05029296875,0.25256347656,-0.18591308593
1725973048792.3755,-1.05029296875,0.25256347656,-0.18591308593
1725973048812.395,-1.05029296875,0.25256347656,-0.18591308593
1725973048832.2314,-0.95092773437,0.19958496093,-0.23156738281
1725973048852.373,-0.95092773437,0.19958496093,-0.23156738281
1725973048872.362,-0.95092773437,0.19958496093,-0.23156738281
1725973048892.412,-0.95092773437,0.19958496093,-0.23156738281
1725973048912.2483,-0.89526367187,0.17077636718,-0.27270507812
1725973048932.3596,-0.89526367187,0.17077636718,-0.27270507812
1725973048952.4097,-0.89526367187,0.17077636718,-0.27270507812
1725973048972.368,-0.89526367187,0.17077636718,-0.27270507812
1725973048992.235,-0.98718261718,0.18542480468,-0.25329589843
1725973049012.3767,-0.98718261718,0.18542480468,-0.25329589843
1725973049032.3962,-0.98718261718,0.18542480468,-0.25329589843
1725973049052.3547,-0.98718261718,0.18542480468,-0.25329589843
1725973049072.252,-1.08935546875,0.23498535156,-0.20764160156
1725973049092.3633,-1.08935546875,0.23498535156,-0.20764160156
1725973049112.3828,-1.08935546875,0.23498535156,-0.20764160156
1725973049132.3718,-1.08935546875,0.23498535156,-0.20764160156
1725973049152.2388,-1.05053710937,0.28308105468,-0.18334960937
1725973049172.3499,-1.05053710937,0.28308105468,-0.18334960937
1725973049192.3691,-1.05053710937,0.28308105468,-0.18334960937
1725973049212.389,-1.05053710937,0.28308105468,-0.18334960937
1725973049232.225,-1.00634765625,0.28674316406,-0.16577148437
1725973049252.3975,-1.00634765625,0.28674316406,-0.16577148437
1725973049272.356,-1.00634765625,0.28674316406,-0.16577148437
1725973049292.3447,-1.00634765625,0.28674316406,-0.16577148437
1725973049312.2424,-0.98156738281,0.28430175781,-0.16064453125
1725973049332.3535,-0.98156738281,0.28430175781,-0.16064453125
1725973049352.3423,-0.98156738281,0.28430175781,-0.16064453125
1725973049372.362,-0.98156738281,0.28430175781,-0.16064453125
1725973049392.229,-0.9189453125,0.29772949218,-0.18334960937
1725973049412.34,-0.9189453125,0.29772949218,-0.18334960937
1725973049432.3596,-0.9189453125,0.29772949218,-0.18334960937
1725973049452.3486,-0.9189453125,0.29772949218,-0.18334960937
1725973049472.2156,-0.87829589843,0.30200195312,-0.25952148437
1725973049492.3572,-0.87829589843,0.30200195312,-0.25952148437
1725973049512.346,-0.87829589843,0.30200195312,-0.25952148437
1725973049532.3655,-0.87829589843,0.30200195312,-0.25952148437
1725973049552.2327,-0.91870117187,0.28100585937,-0.33154296875
1725973049572.3435,-0.91870117187,0.28100585937,-0.33154296875
1725973049592.3936,-0.91870117187,0.28100585937,-0.33154296875
1725973049612.3523,-0.91870117187,0.28100585937,-0.33154296875
1725973049632.2192,-1.02514648437,0.27746582031,-0.31616210937
1725973049652.3608,-1.02514648437,0.27746582031,-0.31616210937
1725973049672.3804,-1.02514648437,0.27746582031,-0.31616210937
1725973049692.3389,-1.02514648437,0.27746582031,-0.31616210937
1725973049712.2363,-1.11022949218,0.31018066406,-0.26000976562
1725973049732.378,-1.11022949218,0.31018066406,-0.26000976562
1725973049752.3667,-1.11022949218,0.31018066406,-0.26000976562
1725973049772.356,-1.11022949218,0.31018066406,-0.26000976562
1725973049792.223,-1.02478027343,0.32446289062,-0.21398925781
1725973049812.334,-1.02478027343,0.32446289062,-0.21398925781
1725973049832.384,-1.02478027343,0.32446289062,-0.21398925781
1725973049852.3423,-1.02478027343,0.32446289062,-0.21398925781
1725973049872.2095,-1.01098632812,0.33422851562,-0.16442871093
1725973049892.3816,-1.01098632812,0.33422851562,-0.16442871093
1725973049912.34,-1.01098632812,0.33422851562,-0.16442871093
1725973049932.329,-1.01098632812,0.33422851562,-0.16442871093
1725973049952.2263,-1.13391113281,0.33557128906,-0.12353515625
1725973049972.3376,-1.13391113281,0.33557128906,-0.12353515625
1725973049992.3267,-1.13391113281,0.33557128906,-0.12353515625
1725973050012.346,-1.13391113281,0.33557128906,-0.12353515625
1725973050032.2131,-1.07434082031,0.30712890625,-0.14514160156
1725973050052.3547,-1.07434082031,0.30712890625,-0.14514160156
1725973050072.3435,-1.07434082031,0.30712890625,-0.14514160156
1725973050092.3328,-1.07434082031,0.30712890625,-0.14514160156
1725973050112.1997,-0.94970703125,0.27404785156,-0.20837402343
1725973050132.3413,-0.94970703125,0.27404785156,-0.20837402343
1725973050152.3303,-0.94970703125,0.27404785156,-0.20837402343
1725973050172.3499,-0.94970703125,0.27404785156,-0.20837402343
1725973050192.2168,-0.91040039062,0.24609375,-0.27954101562
1725973050212.328,-0.91040039062,0.24609375,-0.27954101562
1725973050232.3474,-0.91040039062,0.24609375,-0.27954101562
1725973050252.3364,-0.91040039062,0.24609375,-0.27954101562
1725973050272.234,-0.90661621093,0.23193359375,-0.33459472656
1725973050292.3447,-0.90661621093,0.23193359375,-0.33459472656
1725973050312.3645,-0.90661621093,0.23193359375,-0.33459472656
1725973050332.3228,-0.90661621093,0.23193359375,-0.33459472656
1725973050352.2507,-0.97045898437,0.23901367187,-0.31237792968
1725973050372.3315,-0.97045898437,0.23901367187,-0.31237792968
1725973050392.351,-0.97045898437,0.23901367187,-0.31237792968
1725973050412.34,-0.97045898437,0.23901367187,-0.31237792968
1725973050432.2375,-1.01794433593,0.25891113281,-0.24670410156
1725973050452.318,-1.01794433593,0.25891113281,-0.24670410156
1725973050472.3376,-1.01794433593,0.25891113281,-0.24670410156
1725973050492.3267,-1.01794433593,0.25891113281,-0.24670410156
1725973050512.224,-0.89526367187,0.29418945312,-0.18591308593
1725973050532.3655,-0.89526367187,0.29418945312,-0.18591308593
1725973050552.3547,-0.89526367187,0.29418945312,-0.18591308593
1725973050572.3435,-0.89526367187,0.29418945312,-0.18591308593
1725973050592.2107,-0.89221191406,0.30969238281,-0.11169433593
1725973050612.3215,-0.89221191406,0.30969238281,-0.11169433593
1725973050632.3413,-0.89221191406,0.30969238281,-0.11169433593
1725973050652.3608,-0.89221191406,0.30969238281,-0.11169433593
1725973050672.2275,-1.02014160156,0.30749511718,-0.0625
1725973050693.6511,-1.02014160156,0.30749511718,-0.0625
1725973050712.2058,-1.02014160156,0.30749511718,-0.0625
1725973050732.317,-1.02014160156,0.30749511718,-0.0625
1725973050752.1838,-0.99841308593,0.32836914062,-0.09265136718
1725973050772.3254,-0.99841308593,0.32836914062,-0.09265136718
1725973050792.3145,-0.99841308593,0.32836914062,-0.09265136718
1725973050812.334,-0.99841308593,0.32836914062,-0.09265136718
1725973050832.2314,-0.96435546875,0.3515625,-0.1640625
1725973050852.312,-0.96435546875,0.3515625,-0.1640625
1725973050872.3315,-0.96435546875,0.3515625,-0.1640625
1725973050892.3203,-0.96435546875,0.3515625,-0.1640625
1725973050912.1875,-0.98181152343,0.37670898437,-0.34814453125
1725973050932.329,-0.98181152343,0.37670898437,-0.34814453125
1725973050952.318,-0.98181152343,0.37670898437,-0.34814453125
1725973050972.3071,-0.98181152343,0.37670898437,-0.34814453125
1725973050992.2043,-1.14978027343,0.38464355468,-0.33752441406
1725973051012.3157,-1.14978027343,0.38464355468,-0.33752441406
1725973051032.3352,-1.14978027343,0.38464355468,-0.33752441406
1725973051052.3242,-1.14978027343,0.38464355468,-0.33752441406
1725973051072.1912,-1.13598632812,0.35913085937,-0.27722167968
1725973051092.3022,-1.13598632812,0.35913085937,-0.27722167968
1725973051112.3215,-1.13598632812,0.35913085937,-0.27722167968
1725973051132.3108,-1.13598632812,0.35913085937,-0.27722167968
1725973051152.1775,-1.08374023437,0.33056640625,-0.185546875
1725973051172.319,-1.08374023437,0.33056640625,-0.185546875
1725973051192.3083,-1.08374023437,0.33056640625,-0.185546875
1725973051212.297,-1.08374023437,0.33056640625,-0.185546875
1725973051232.1948,-1.16882324218,0.32666015625,-0.09594726562
1725973051252.306,-1.16882324218,0.32666015625,-0.09594726562
1725973051272.295,-1.16882324218,0.32666015625,-0.09594726562
1725973051292.3145,-1.16882324218,0.32666015625,-0.09594726562
1725973051312.1812,-1.13757324218,0.30078125,-0.04064941406
1725973051332.2925,-1.13757324218,0.30078125,-0.04064941406
1725973051352.3423,-1.13757324218,0.30078125,-0.04064941406
1725973051372.301,-1.13757324218,0.30078125,-0.04064941406
1725973051392.168,-1.02404785156,0.27734375,-0.04089355468
1725973051412.3096,-1.02404785156,0.27734375,-0.04089355468
1725973051432.329,-1.02404785156,0.27734375,-0.04089355468
1725973051452.318,-1.02404785156,0.27734375,-0.04089355468
1725973051472.185,-0.919921875,0.25280761718,-0.08776855468
1725973051492.3267,-0.919921875,0.25280761718,-0.08776855468
1725973051512.3157,-0.919921875,0.25280761718,-0.08776855468
1725973051532.3352,-0.919921875,0.25280761718,-0.08776855468
1725973051552.1716,-0.91528320312,0.22265625,-0.14929199218
1725973051572.3132,-0.91528320312,0.22265625,-0.14929199218
1725973051592.3633,-0.91528320312,0.22265625,-0.14929199218
1725973051612.2913,-0.91528320312,0.22265625,-0.14929199218
1725973051632.1887,-1.01098632812,0.20642089843,-0.22705078125
1725973051652.2998,-1.01098632812,0.20642089843,-0.22705078125
1725973051672.2888,-1.01098632812,0.20642089843,-0.22705078125
1725973051692.3083,-1.01098632812,0.20642089843,-0.22705078125
1725973051712.1753,-0.95666503906,0.21557617187,-0.31433105468
1725973051732.2864,-0.95666503906,0.21557617187,-0.31433105468
1725973051752.3364,-0.95666503906,0.21557617187,-0.31433105468
1725973051772.295,-0.95666503906,0.21557617187,-0.31433105468
1725973051792.1619,-0.96362304687,0.23645019531,-0.2998046875
1725973051812.3035,-0.96362304687,0.23645019531,-0.2998046875
1725973051832.2925,-0.96362304687,0.23645019531,-0.2998046875
1725973051852.2815,-0.96362304687,0.23645019531,-0.2998046875
1725973051872.1787,-1.09301757812,0.24108886718,-0.26489257812
1725973051892.29,-1.09301757812,0.24108886718,-0.26489257812
1725973051912.279,-1.09301757812,0.24108886718,-0.26489257812
1725973051932.329,-1.09301757812,0.24108886718,-0.26489257812
1725973051952.1655,-1.04174804687,0.2568359375,-0.25903320312
1725973051972.3071,-1.04174804687,0.2568359375,-0.25903320312
1725973051992.296,-1.04174804687,0.2568359375,-0.25903320312
1725973052012.2852,-1.04174804687,0.2568359375,-0.25903320312
1725973052032.152,-0.95751953125,0.29956054687,-0.24584960937
1725973052052.3242,-0.95751953125,0.29956054687,-0.24584960937
1725973052072.2827,-0.95751953125,0.29956054687,-0.24584960937
1725973052092.3022,-0.95751953125,0.29956054687,-0.24584960937
1725973052112.1692,-0.92541503906,0.32678222656,-0.2939453125
1725973052132.2803,-0.92541503906,0.32678222656,-0.2939453125
1725973052152.2998,-0.92541503906,0.32678222656,-0.2939453125
1725973052172.2888,-0.92541503906,0.32678222656,-0.2939453125
1725973052192.1555,-0.96154785156,0.32690429687,-0.32360839843
1725973052212.328,-0.96154785156,0.32690429687,-0.32360839843
1725973052232.2864,-0.96154785156,0.32690429687,-0.32360839843
1725973052252.2751,-0.96154785156,0.32690429687,-0.32360839843
1725973052272.1729,-1.12121582031,0.32495117187,-0.29992675781
1725973052292.284,-1.12121582031,0.32495117187,-0.29992675781
1725973052312.3035,-1.12121582031,0.32495117187,-0.29992675781
1725973052332.2925,-1.12121582031,0.32495117187,-0.29992675781
1725973052352.1594,-1.1123046875,0.31774902343,-0.25451660156
1725973052372.2705,-1.1123046875,0.31774902343,-0.25451660156
1725973052392.29,-1.1123046875,0.31774902343,-0.25451660156
1725973052412.3096,-1.1123046875,0.31774902343,-0.25451660156
1725973052432.146,-1.04455566406,0.32177734375,-0.18322753906
1725973052452.2876,-1.04455566406,0.32177734375,-0.18322753906
1725973052472.3071,-1.04455566406,0.32177734375,-0.18322753906
1725973052492.2656,-1.04455566406,0.32177734375,-0.18322753906
1725973052512.163,-1.12451171875,0.31628417968,-0.11779785156
1725973052532.274,-1.12451171875,0.31628417968,-0.11779785156
1725973052552.2632,-1.12451171875,0.31628417968,-0.11779785156
1725973052572.2827,-1.12451171875,0.31628417968,-0.11779785156
1725973052592.1497,-1.11169433593,0.28039550781,-0.08923339843
1725973052612.2607,-1.11169433593,0.28039550781,-0.08923339843
1725973052632.2803,-1.11169433593,0.28039550781,-0.08923339843
1725973052652.2693,-1.11169433593,0.28039550781,-0.08923339843
1725973052672.1667,-1.02966308593,0.25012207031,-0.09790039062
1725973052692.2778,-1.02966308593,0.25012207031,-0.09790039062
1725973052712.2668,-1.02966308593,0.25012207031,-0.09790039062
1725973052732.317,-1.02966308593,0.25012207031,-0.09790039062
1725973052752.1838,-0.92883300781,0.22351074218,-0.14672851562
1725973052772.2644,-0.92883300781,0.22351074218,-0.14672851562
1725973052792.3145,-0.92883300781,0.22351074218,-0.14672851562
1725973052812.2727,-0.92883300781,0.22351074218,-0.14672851562
1725973052832.14,-0.87658691406,0.19958496093,-0.20703125
1725973052852.2815,-0.87658691406,0.19958496093,-0.20703125
1725973052872.301,-0.87658691406,0.19958496093,-0.20703125
1725973052892.2595,-0.87658691406,0.19958496093,-0.20703125
1725973052912.1567,-1.00964355468,0.20617675781,-0.24450683593
1725973052932.268,-1.00964355468,0.20617675781,-0.24450683593
1725973052952.257,-1.00964355468,0.20617675781,-0.24450683593
1725973052972.3071,-1.00964355468,0.20617675781,-0.24450683593
1725973052992.1436,-1.00402832031,0.23315429687,-0.2724609375
1725973053012.2546,-1.00402832031,0.23315429687,-0.2724609375
1725973053032.274,-1.00402832031,0.23315429687,-0.2724609375
1725973053052.2632,-1.00402832031,0.23315429687,-0.2724609375
1725973053072.13,-0.95227050781,0.26245117187,-0.24377441406
1725973053092.2715,-0.95227050781,0.26245117187,-0.24377441406
1725973053112.2607,-0.95227050781,0.26245117187,-0.24377441406
1725973053132.2495,-0.95227050781,0.26245117187,-0.24377441406
1725973053152.1472,-1.05432128906,0.25109863281,-0.2158203125
1725973053172.2583,-1.05432128906,0.25109863281,-0.2158203125
1725973053192.2473,-1.05432128906,0.25109863281,-0.2158203125
1725973053212.2668,-1.05432128906,0.25109863281,-0.2158203125
1725973053232.1335,-1.00817871093,0.25622558593,-0.2236328125
1725973053252.2449,-1.00817871093,0.25622558593,-0.2236328125
1725973053272.2644,-1.00817871093,0.25622558593,-0.2236328125
1725973053292.284,-1.00817871093,0.25622558593,-0.2236328125
1725973053312.1204,-0.91149902343,0.3076171875,-0.22204589843
1725973053332.262,-0.91149902343,0.3076171875,-0.22204589843
1725973053352.2815,-0.91149902343,0.3076171875,-0.22204589843
1725973053372.2705,-0.91149902343,0.3076171875,-0.22204589843
1725973053392.1375,-0.89465332031,0.3232421875,-0.25988769531
1725973053412.2483,-0.89465332031,0.3232421875,-0.25988769531
1725973053432.268,-0.89465332031,0.3232421875,-0.25988769531
1725973053452.257,-0.89465332031,0.3232421875,-0.25988769531
1725973053472.124,-0.94091796875,0.31384277343,-0.30358886718
1725973053492.296,-0.94091796875,0.31384277343,-0.30358886718
1725973053512.2546,-0.94091796875,0.31384277343,-0.30358886718
1725973053532.2437,-0.94091796875,0.31384277343,-0.30358886718
1725973053552.141,-1.08447265625,0.31359863281,-0.30212402343
1725973053572.252,-1.08447265625,0.31359863281,-0.30212402343
1725973053592.2412,-1.08447265625,0.31359863281,-0.30212402343
1725973053612.2607,-1.08447265625,0.31359863281,-0.30212402343
1725973053632.1277,-1.10876464843,0.31457519531,-0.28576660156
1725973053652.2388,-1.10876464843,0.31457519531,-0.28576660156
1725973053672.2583,-1.10876464843,0.31457519531,-0.28576660156
1725973053692.2473,-1.10876464843,0.31457519531,-0.28576660156
1725973053712.1143,-1.03454589843,0.3212890625,-0.23010253906
1725973053732.2559,-1.03454589843,0.3212890625,-0.23010253906
1725973053752.2751,-1.03454589843,0.3212890625,-0.23010253906
1725973053772.2644,-1.03454589843,0.3212890625,-0.23010253906
1725973053792.131,-1.07702636718,0.33898925781,-0.15319824218
1725973053812.2424,-1.07702636718,0.33898925781,-0.15319824218
1725973053832.2314,-1.07702636718,0.33898925781,-0.15319824218
1725973053852.2507,-1.07702636718,0.33898925781,-0.15319824218
1725973053872.118,-1.07189941406,0.30346679687,-0.12353515625
1725973053892.229,-1.07189941406,0.30346679687,-0.12353515625
1725973053912.2483,-1.07189941406,0.30346679687,-0.12353515625
1725973053932.2375,-1.07189941406,0.30346679687,-0.12353515625
1725973053952.1045,-1.005859375,0.24206542968,-0.10766601562
1725973053972.246,-1.005859375,0.24206542968,-0.10766601562
1725973053992.235,-1.005859375,0.24206542968,-0.10766601562
1725973054012.2546,-1.005859375,0.24206542968,-0.10766601562
1725973054032.1216,-0.90209960937,0.21240234375,-0.13354492187
1725973054052.2632,-0.90209960937,0.21240234375,-0.13354492187
1725973054072.252,-0.90209960937,0.21240234375,-0.13354492187
1725973054092.2412,-0.90209960937,0.21240234375,-0.13354492187
1725973054112.108,-0.82666015625,0.21630859375,-0.19262695312
1725973054132.2495,-0.82666015625,0.21630859375,-0.19262695312
1725973054152.2388,-0.82666015625,0.21630859375,-0.19262695312
1725973054172.2275,-0.82666015625,0.21630859375,-0.19262695312
1725973054192.1555,-0.93005371093,0.2294921875,-0.22216796875
1725973054212.2363,-0.93005371093,0.2294921875,-0.22216796875
1725973054232.225,-0.93005371093,0.2294921875,-0.22216796875
1725973054252.2751,-0.93005371093,0.2294921875,-0.22216796875
1725973054272.1118,-1.04296875,0.25451660156,-0.26306152343
1725973054292.223,-1.04296875,0.25451660156,-0.26306152343
1725973054312.2727,-1.04296875,0.25451660156,-0.26306152343
1725973054332.2314,-1.04296875,0.25451660156,-0.26306152343
1725973054352.0984,-0.95593261718,0.25158691406,-0.26440429687
1725973054372.24,-0.95593261718,0.25158691406,-0.26440429687
1725973054392.229,-0.95593261718,0.25158691406,-0.26440429687
1725973054412.218,-0.95593261718,0.25158691406,-0.26440429687
1725973054432.1155,-0.98620605468,0.21789550781,-0.20349121093
1725973054452.2263,-0.98620605468,0.21789550781,-0.20349121093
1725973054472.246,-0.98620605468,0.21789550781,-0.20349121093
1725973054492.235,-0.98620605468,0.21789550781,-0.20349121093
1725973054512.102,-1.0419921875,0.23657226562,-0.22314453125
1725973054532.2131,-1.0419921875,0.23657226562,-0.22314453125
1725973054552.2632,-1.0419921875,0.23657226562,-0.22314453125
1725973054572.2217,-1.0419921875,0.23657226562,-0.22314453125
1725973054592.0886,-0.9189453125,0.2724609375,-0.26147460937
1725973054612.2302,-0.9189453125,0.2724609375,-0.26147460937
1725973054632.2192,-0.9189453125,0.2724609375,-0.26147460937
1725973054652.2693,-0.9189453125,0.2724609375,-0.26147460937
1725973054672.1362,-0.92504882812,0.25854492187,-0.34301757812
1725973054692.2168,-0.92504882812,0.25854492187,-0.34301757812
1725973054712.2363,-0.92504882812,0.25854492187,-0.34301757812
1725973054732.225,-0.92504882812,0.25854492187,-0.34301757812
1725973054752.0923,-0.97705078125,0.26171875,-0.32983398437
1725973054772.234,-0.97705078125,0.26171875,-0.32983398437
1725973054792.223,-0.97705078125,0.26171875,-0.32983398437
1725973054812.212,-0.97705078125,0.26171875,-0.32983398437
1725973054832.1091,-1.08569335937,0.27575683593,-0.27783203125
1725973054852.2205,-1.08569335937,0.27575683593,-0.27783203125
1725973054872.2095,-1.08569335937,0.27575683593,-0.27783203125
1725973054892.229,-1.08569335937,0.27575683593,-0.27783203125
1725973054912.1265,-1.06750488281,0.29895019531,-0.22546386718
1725973054932.2375,-1.06750488281,0.29895019531,-0.22546386718
1725973054952.257,-1.06750488281,0.29895019531,-0.22546386718
1725973054972.246,-1.06750488281,0.29895019531,-0.22546386718
1725973054992.113,-1.00695800781,0.30981445312,-0.16040039062
1725973055012.224,-1.00695800781,0.30981445312,-0.16040039062
1725973055032.2437,-1.00695800781,0.30981445312,-0.16040039062
1725973055052.202,-1.00695800781,0.30981445312,-0.16040039062
1725973055072.0996,-1.06005859375,0.31066894531,-0.10803222656
1725973055092.2107,-1.06005859375,0.31066894531,-0.10803222656
1725973055112.1997,-1.06005859375,0.31066894531,-0.10803222656
1725973055132.2495,-1.06005859375,0.31066894531,-0.10803222656
1725973055152.086,-1.03479003906,0.29968261718,-0.103515625
1725973055172.1973,-1.03479003906,0.29968261718,-0.103515625
1725973055192.2168,-1.03479003906,0.29968261718,-0.103515625
1725973055212.2058,-1.03479003906,0.29968261718,-0.103515625
1725973055232.0728,-0.94372558593,0.29455566406,-0.13684082031
1725973055252.2144,-0.94372558593,0.29455566406,-0.13684082031
1725973055272.2031,-0.94372558593,0.29455566406,-0.13684082031
1725973055292.223,-0.94372558593,0.29455566406,-0.13684082031
1725973055312.0898,-0.88671875,0.29113769531,-0.17846679687
1725973055332.2007,-0.88671875,0.29113769531,-0.17846679687
1725973055352.2205,-0.88671875,0.29113769531,-0.17846679687
1725973055372.24,-0.88671875,0.29113769531,-0.17846679687
1725973055392.1067,-0.89758300781,0.27905273437,-0.21032714843
1725973055412.218,-0.89758300781,0.27905273437,-0.21032714843
1725973055432.2375,-0.89758300781,0.27905273437,-0.21032714843
1725973055452.2263,-0.89758300781,0.27905273437,-0.21032714843
1725973055472.0935,-1.03723144531,0.2734375,-0.23046875
1725973055492.2043,-1.03723144531,0.2734375,-0.23046875
1725973055512.224,-1.03723144531,0.2734375,-0.23046875
1725973055532.2131,-1.03723144531,0.2734375,-0.23046875
1725973055552.1104,-1.03454589843,0.26867675781,-0.25439453125
1725973055572.1912,-1.03454589843,0.26867675781,-0.25439453125
1725973055592.2107,-1.03454589843,0.26867675781,-0.25439453125
1725973055612.1997,-1.03454589843,0.26867675781,-0.25439453125
1725973055632.0972,-0.89367675781,0.267578125,-0.23742675781
1725973055652.2388,-0.89367675781,0.267578125,-0.23742675781
1725973055672.1973,-0.89367675781,0.267578125,-0.23742675781
1725973055692.1863,-0.89367675781,0.267578125,-0.23742675781
1725973055712.1143,-0.94665527343,0.26916503906,-0.1982421875
1725973055732.1948,-0.94665527343,0.26916503906,-0.1982421875
1725973055752.2144,-0.94665527343,0.26916503906,-0.1982421875
1725973055772.2031,-0.94665527343,0.26916503906,-0.1982421875
1725973055792.1008,-0.96936035156,0.26672363281,-0.20288085937
1725973055812.1812,-0.96936035156,0.26672363281,-0.20288085937
1725973055832.2007,-0.96936035156,0.26672363281,-0.20288085937
1725973055852.2205,-0.96936035156,0.26672363281,-0.20288085937
1725973055872.0874,-0.90905761718,0.27392578125,-0.19677734375
1725973055892.1985,-0.90905761718,0.27392578125,-0.19677734375
1725973055912.1875,-0.90905761718,0.27392578125,-0.19677734375
1725973055932.207,-0.90905761718,0.27392578125,-0.19677734375
1725973055952.1045,-0.89660644531,0.27941894531,-0.20227050781
1725973055972.185,-0.89660644531,0.27941894531,-0.20227050781
1725973055992.2043,-0.89660644531,0.27941894531,-0.20227050781
1725973056012.1936,-0.89660644531,0.27941894531,-0.20227050781
1725973056032.0603,-0.919921875,0.29443359375,-0.25268554687
1725973056052.202,-0.919921875,0.29443359375,-0.25268554687
1725973056072.1912,-0.919921875,0.29443359375,-0.25268554687
1725973056092.2107,-0.919921875,0.29443359375,-0.25268554687
1725973056112.0776,-0.97778320312,0.30358886718,-0.27209472656
1725973056132.2192,-0.97778320312,0.30358886718,-0.27209472656
1725973056152.2083,-0.97778320312,0.30358886718,-0.27209472656
1725973056172.1973,-0.97778320312,0.30358886718,-0.27209472656
1725973056192.0642,-1.09753417968,0.30676269531,-0.26245117187
1725973056212.1753,-1.09753417968,0.30676269531,-0.26245117187
1725973056232.225,-1.09753417968,0.30676269531,-0.26245117187
1725973056252.1838,-1.09753417968,0.30676269531,-0.26245117187
1725973056272.0813,-1.06994628906,0.31030273437,-0.23706054687
1725973056292.1924,-1.06994628906,0.31030273437,-0.23706054687
1725973056312.212,-1.06994628906,0.31030273437,-0.23706054687
1725973056332.1704,-1.06994628906,0.31030273437,-0.23706054687
1725973056352.0679,-1.02270507812,0.30676269531,-0.17614746093
1725973056372.1787,-1.02270507812,0.30676269531,-0.17614746093
1725973056392.168,-1.02270507812,0.30676269531,-0.17614746093
1725973056412.218,-1.02270507812,0.30676269531,-0.17614746093
1725973056432.0544,-1.10180664062,0.30200195312,-0.11547851562
1725973056452.196,-1.10180664062,0.30200195312,-0.11547851562
1725973056472.185,-1.10180664062,0.30200195312,-0.11547851562
1725973056492.174,-1.10180664062,0.30200195312,-0.11547851562
1725973056512.041,-1.06359863281,0.28723144531,-0.09240722656
1725973056532.1826,-1.06359863281,0.28723144531,-0.09240722656
1725973056552.202,-1.06359863281,0.28723144531,-0.09240722656
1725973056572.1912,-1.06359863281,0.28723144531,-0.09240722656
1725973056592.058,-0.97277832031,0.25952148437,-0.09936523437
1725973056612.1692,-0.97277832031,0.25952148437,-0.09936523437
1725973056632.1887,-0.97277832031,0.25952148437,-0.09936523437
1725973056652.1775,-0.97277832031,0.25952148437,-0.09936523437
1725973056672.0447,-0.89709472656,0.23413085937,-0.13488769531
1725973056693.7732,-0.89709472656,0.23413085937,-0.13488769531
1725973056712.0532,-0.89709472656,0.23413085937,-0.13488769531
1725973056732.1643,-0.89709472656,0.23413085937,-0.13488769531
1725973056752.0615,-0.869140625,0.2138671875,-0.18701171875
1725973056772.1729,-0.869140625,0.2138671875,-0.18701171875
1725973056792.1619,-0.869140625,0.2138671875,-0.18701171875
1725973056812.1812,-0.869140625,0.2138671875,-0.18701171875
1725973056832.0483,-1.01452636718,0.22119140625,-0.21850585937
1725973056852.19,-1.01452636718,0.22119140625,-0.21850585937
1725973056872.2095,-1.01452636718,0.22119140625,-0.21850585937
1725973056892.168,-1.01452636718,0.22119140625,-0.21850585937
1725973056912.035,-1.00939941406,0.23706054687,-0.24890136718
1725973056932.207,-1.00939941406,0.23706054687,-0.24890136718
1725973056952.196,-1.00939941406,0.23706054687,-0.24890136718
1725973056972.185,-1.00939941406,0.23706054687,-0.24890136718
1725973056992.052,-0.91625976562,0.25183105468,-0.23803710937
1725973057012.163,-0.91625976562,0.25183105468,-0.23803710937
1725973057032.152,-0.91625976562,0.25183105468,-0.23803710937
1725973057052.202,-0.91625976562,0.25183105468,-0.23803710937
1725973057072.0383,-0.99279785156,0.24816894531,-0.20056152343
1725973057092.1497,-0.99279785156,0.24816894531,-0.20056152343
1725973057112.1997,-0.99279785156,0.24816894531,-0.20056152343
1725973057132.1582,-0.99279785156,0.24816894531,-0.20056152343
1725973057152.0251,-0.97106933593,0.24548339843,-0.19665527343
1725973057172.1667,-0.97106933593,0.24548339843,-0.19665527343
1725973057192.1863,-0.97106933593,0.24548339843,-0.19665527343
1725973057212.1753,-0.97106933593,0.24548339843,-0.19665527343
1725973057232.0422,-0.88586425781,0.27966308593,-0.19909667968
1725973057252.1533,-0.88586425781,0.27966308593,-0.19909667968
1725973057272.1729,-0.88586425781,0.27966308593,-0.19909667968
1725973057292.1619,-0.88586425781,0.27966308593,-0.19909667968
1725973057312.0898,-0.86291503906,0.29663085937,-0.22204589843
1725973057332.2007,-0.86291503906,0.29663085937,-0.22204589843
1725973057352.1594,-0.86291503906,0.29663085937,-0.22204589843
1725973057372.1787,-0.86291503906,0.29663085937,-0.22204589843
1725973057392.046,-0.91784667968,0.30249023437,-0.24841308593
1725973057412.1875,-0.91784667968,0.30249023437,-0.24841308593
1725973057432.1765,-0.91784667968,0.30249023437,-0.24841308593
1725973057452.196,-0.91784667968,0.30249023437,-0.24841308593
1725973057472.0325,-1.04455566406,0.30932617187,-0.24401855468
1725973057492.1436,-1.04455566406,0.30932617187,-0.24401855468
1725973057512.1936,-1.04455566406,0.30932617187,-0.24401855468
1725973057532.152,-1.04455566406,0.30932617187,-0.24401855468
1725973057552.019,-1.1328125,0.31677246093,-0.23571777343
1725973057572.1606,-1.1328125,0.31677246093,-0.23571777343
1725973057592.1497,-1.1328125,0.31677246093,-0.23571777343
1725973057612.1387,-1.1328125,0.31677246093,-0.23571777343
1725973057632.036,-1.09057617187,0.32019042968,-0.2099609375
1725973057652.1472,-1.09057617187,0.32019042968,-0.2099609375
1725973057672.1362,-1.09057617187,0.32019042968,-0.2099609375
1725973057692.1863,-1.09057617187,0.32019042968,-0.2099609375
1725973057712.0227,-1.07397460937,0.31872558593,-0.15734863281
1725973057732.1335,-1.07397460937,0.31872558593,-0.15734863281
1725973057752.1533,-1.07397460937,0.31872558593,-0.15734863281
1725973057772.1423,-1.07397460937,0.31872558593,-0.15734863281
1725973057792.0396,-1.10693359375,0.2939453125,-0.11499023437
1725973057812.151,-1.10693359375,0.2939453125,-0.11499023437
1725973057832.14,-1.10693359375,0.2939453125,-0.11499023437
1725973057852.1594,-1.10693359375,0.2939453125,-0.11499023437
1725973057872.0264,-1.06188964843,0.25427246093,-0.0869140625
1725973057892.1375,-1.06188964843,0.25427246093,-0.0869140625
1725973057912.1567,-1.06188964843,0.25427246093,-0.0869140625
1725973057932.1765,-1.06188964843,0.25427246093,-0.0869140625
1725973057952.0127,-0.96057128906,0.23583984375,-0.08227539062
1725973057972.1543,-0.96057128906,0.23583984375,-0.08227539062
1725973057992.1436,-0.96057128906,0.23583984375,-0.08227539062
1725973058012.1323,-0.96057128906,0.23583984375,-0.08227539062
1725973058032.03,-0.89245605468,0.23974609375,-0.12072753906
1725973058052.141,-0.89245605468,0.23974609375,-0.12072753906
1725973058072.13,-0.89245605468,0.23974609375,-0.12072753906
1725973058092.1497,-0.89245605468,0.23974609375,-0.12072753906
1725973058112.0166,-0.90869140625,0.22802734375,-0.17614746093
1725973058132.1277,-0.90869140625,0.22802734375,-0.17614746093
1725973058152.1472,-0.90869140625,0.22802734375,-0.17614746093
1725973058172.1667,-0.90869140625,0.22802734375,-0.17614746093
1725973058192.0032,-1.021484375,0.21520996093,-0.21032714843
1725973058212.1448,-1.021484375,0.21520996093,-0.21032714843
1725973058232.1335,-1.021484375,0.21520996093,-0.21032714843
1725973058252.1228,-1.021484375,0.21520996093,-0.21032714843
1725973058272.0203,-0.98547363281,0.22692871093,-0.24816894531
1725973058292.131,-0.98547363281,0.22692871093,-0.24816894531
1725973058312.1204,-0.98547363281,0.22692871093,-0.24816894531
1725973058332.14,-0.98547363281,0.22692871093,-0.24816894531
1725973058352.037,-0.99365234375,0.26477050781,-0.21618652343
1725973058372.118,-0.99365234375,0.26477050781,-0.21618652343
1725973058392.1375,-0.99365234375,0.26477050781,-0.21618652343
1725973058412.1567,-0.99365234375,0.26477050781,-0.21618652343
1725973058432.024,-0.98815917968,0.27404785156,-0.19873046875
1725973058452.1655,-0.98815917968,0.27404785156,-0.19873046875
1725973058472.1543,-0.98815917968,0.27404785156,-0.19873046875
1725973058492.1436,-0.98815917968,0.27404785156,-0.19873046875
1725973058512.0105,-0.92932128906,0.28259277343,-0.18334960937
1725973058532.152,-0.92932128906,0.28259277343,-0.18334960937
1725973058552.141,-0.92932128906,0.28259277343,-0.18334960937
1725973058572.1606,-0.92932128906,0.28259277343,-0.18334960937
1725973058591.997,-0.92590332031,0.30322265625,-0.20739746093
1725973058612.1387,-0.92590332031,0.30322265625,-0.20739746093
1725973058632.1277,-0.92590332031,0.30322265625,-0.20739746093
1725973058652.1472,-0.92590332031,0.30322265625,-0.20739746093
1725973058672.014,-0.94506835937,0.31494140625,-0.26342773437
1725973058692.1555,-0.94506835937,0.31494140625,-0.26342773437
1725973058712.1143,-0.94506835937,0.31494140625,-0.26342773437
1725973058732.1643,-0.94506835937,0.31494140625,-0.26342773437
1725973058752.0312,-0.99987792968,0.30163574218,-0.27819824218
1725973058772.1118,-0.99987792968,0.30163574218,-0.27819824218
1725973058792.131,-0.99987792968,0.30163574218,-0.27819824218
1725973058812.151,-0.99987792968,0.30163574218,-0.27819824218
1725973058832.0789,-1.07763671875,0.29650878906,-0.25573730468
1725973058852.129,-1.07763671875,0.29650878906,-0.25573730468
1725973058872.118,-1.07763671875,0.29650878906,-0.25573730468
1725973058892.1375,-1.07763671875,0.29650878906,-0.25573730468
1725973058912.0044,-1.05334472656,0.30029296875,-0.21520996093
1725973058932.1155,-1.05334472656,0.30029296875,-0.21520996093
1725973058952.1045,-1.05334472656,0.30029296875,-0.21520996093
1725973058972.124,-1.05334472656,0.30029296875,-0.21520996093
1725973058991.9907,-1.03576660156,0.30932617187,-0.14416503906
1725973059012.102,-1.03576660156,0.30932617187,-0.14416503906
1725973059032.1216,-1.03576660156,0.30932617187,-0.14416503906
1725973059052.1104,-1.03576660156,0.30932617187,-0.14416503906
1725973059071.9775,-1.10266113281,0.31774902343,-0.08386230468
1725973059092.1191,-1.10266113281,0.31774902343,-0.08386230468
1725973059112.1387,-1.10266113281,0.31774902343,-0.08386230468
1725973059132.1277,-1.10266113281,0.31774902343,-0.08386230468
1725973059151.9946,-1.08483886718,0.28625488281,-0.06311035156
1725973059172.1057,-1.08483886718,0.28625488281,-0.06311035156
1725973059192.1252,-1.08483886718,0.28625488281,-0.06311035156
1725973059212.1143,-1.08483886718,0.28625488281,-0.06311035156
1725973059232.0117,-0.96398925781,0.25598144531,-0.10131835937
1725973059252.1228,-0.96398925781,0.25598144531,-0.10131835937
1725973059272.1423,-0.96398925781,0.25598144531,-0.10131835937
1725973059292.131,-0.96398925781,0.25598144531,-0.10131835937
1725973059312.0288,-0.85961914062,0.25842285156,-0.18371582031
1725973059332.1091,-0.85961914062,0.25842285156,-0.18371582031
1725973059352.0984,-0.85961914062,0.25842285156,-0.18371582031
1725973059372.118,-0.85961914062,0.25842285156,-0.18371582031
1725973059392.0151,-0.85900878906,0.28051757812,-0.23681640625
1725973059412.096,-0.85900878906,0.28051757812,-0.23681640625
1725973059432.1155,-0.85900878906,0.28051757812,-0.23681640625
1725973059452.1045,-0.85900878906,0.28051757812,-0.23681640625
1725973059472.002,-0.9638671875,0.31372070312,-0.23657226562
1725973059492.1436,-0.9638671875,0.31372070312,-0.23657226562
1725973059512.102,-0.9638671875,0.31372070312,-0.23657226562
1725973059532.091,-0.9638671875,0.31372070312,-0.23657226562
1725973059551.9883,-1.06286621093,0.31457519531,-0.22814941406
1725973059572.0996,-1.06286621093,0.31457519531,-0.22814941406
1725973059592.1497,-1.06286621093,0.31457519531,-0.22814941406
1725973059612.108,-1.06286621093,0.31457519531,-0.22814941406
1725973059632.0056,-0.96203613281,0.30358886718,-0.22521972656
1725973059652.086,-0.96203613281,0.30358886718,-0.22521972656
1725973059672.1057,-0.96203613281,0.30358886718,-0.22521972656
1725973059692.0947,-0.96203613281,0.30358886718,-0.22521972656
1725973059711.9617,-0.9140625,0.3046875,-0.18530273437
1725973059732.1335,-0.9140625,0.3046875,-0.18530273437
1725973059752.0923,-0.9140625,0.3046875,-0.18530273437
1725973059772.1423,-0.9140625,0.3046875,-0.18530273437
1725973059791.9788,-1.02087402343,0.31042480468,-0.16247558593
1725973059812.0898,-1.02087402343,0.31042480468,-0.16247558593
1725973059832.1091,-1.02087402343,0.31042480468,-0.16247558593
1725973059852.0984,-1.02087402343,0.31042480468,-0.16247558593
1725973059871.965,-0.97692871093,0.31616210937,-0.17370605468
1725973059892.1375,-0.97692871093,0.31616210937,-0.17370605468
1725973059912.096,-0.97692871093,0.31616210937,-0.17370605468
1725973059932.1155,-0.97692871093,0.31616210937,-0.17370605468
1725973059951.9824,-0.89904785156,0.31359863281,-0.18835449218
1725973059972.124,-0.89904785156,0.31359863281,-0.18835449218
1725973059992.0825,-0.89904785156,0.31359863281,-0.18835449218
1725973060012.1323,-0.89904785156,0.31359863281,-0.18835449218
1725973060031.9688,-0.91271972656,0.32397460937,-0.23156738281
1725973060052.08,-0.91271972656,0.32397460937,-0.23156738281
1725973060072.0996,-0.91271972656,0.32397460937,-0.23156738281
1725973060092.0886,-0.91271972656,0.32397460937,-0.23156738281
1725973060111.9556,-0.94006347656,0.33715820312,-0.27783203125
1725973060132.0972,-0.94006347656,0.33715820312,-0.27783203125
1725973060152.1167,-0.94006347656,0.33715820312,-0.27783203125
1725973060172.1057,-0.94006347656,0.33715820312,-0.27783203125
1725973060191.9727,-1.02355957031,0.3359375,-0.28076171875
1725973060212.1143,-1.02355957031,0.3359375,-0.28076171875
1725973060232.0728,-1.02355957031,0.3359375,-0.28076171875
1725973060252.0923,-1.02355957031,0.3359375,-0.28076171875
1725973060271.9895,-1.13659667968,0.3291015625,-0.24243164062
1725973060292.0703,-1.13659667968,0.3291015625,-0.24243164062
1725973060312.0898,-1.13659667968,0.3291015625,-0.24243164062
1725973060332.1091,-1.13659667968,0.3291015625,-0.24243164062
1725973060351.9458,-1.06518554687,0.31457519531,-0.19641113281
1725973060372.0874,-1.06518554687,0.31457519531,-0.19641113281
1725973060392.0764,-1.06518554687,0.31457519531,-0.19641113281
1725973060412.096,-1.06518554687,0.31457519531,-0.19641113281
1725973060431.963,-1.01843261718,0.31188964843,-0.14892578125
1725973060452.074,-1.01843261718,0.31188964843,-0.14892578125
1725973060472.124,-1.01843261718,0.31188964843,-0.14892578125
1725973060492.0825,-1.01843261718,0.31188964843,-0.14892578125
1725973060511.9495,-1.10595703125,0.30651855468,-0.11218261718
1725973060532.091,-1.10595703125,0.30651855468,-0.11218261718
1725973060552.08,-1.10595703125,0.30651855468,-0.11218261718
1725973060572.069,-1.10595703125,0.30651855468,-0.11218261718
1725973060591.997,-1.05407714843,0.28515625,-0.11169433593
1725973060612.0776,-1.05407714843,0.28515625,-0.11169433593
1725973060632.0972,-1.05407714843,0.28515625,-0.11169433593
1725973060652.1167,-1.05407714843,0.28515625,-0.11169433593
1725973060671.9836,-0.92980957031,0.25439453125,-0.13757324218
1725973060692.0642,-0.92980957031,0.25439453125,-0.13757324218
1725973060712.1143,-0.92980957031,0.25439453125,-0.13757324218
1725973060732.0728,-0.92980957031,0.25439453125,-0.13757324218
1725973060751.9702,-0.88024902343,0.22241210937,-0.17358398437
1725973060772.0813,-0.88024902343,0.22241210937,-0.17358398437
1725973060792.0703,-0.88024902343,0.22241210937,-0.17358398437
1725973060812.0898,-0.88024902343,0.22241210937,-0.17358398437
1725973060831.9568,-0.91650390625,0.20422363281,-0.22058105468
1725973060852.0679,-0.91650390625,0.20422363281,-0.22058105468
1725973060872.0874,-0.91650390625,0.20422363281,-0.22058105468
1725973060892.0764,-0.91650390625,0.20422363281,-0.22058105468
1725973060911.943,-0.998046875,0.21142578125,-0.24987792968
1725973060932.0544,-0.998046875,0.21142578125,-0.24987792968
1725973060952.074,-0.998046875,0.21142578125,-0.24987792968
1725973060972.0627,-0.998046875,0.21142578125,-0.24987792968
1725973060991.9604,-1.1298828125,0.25024414062,-0.23217773437
1725973061012.0715,-1.1298828125,0.25024414062,-0.23217773437
1725973061032.0603,-1.1298828125,0.25024414062,-0.23217773437
1725973061052.08,-1.1298828125,0.25024414062,-0.23217773437
1725973061071.947,-1.15490722656,0.27355957031,-0.19897460937
1725973061092.0886,-1.15490722656,0.27355957031,-0.19897460937
1725973061112.0776,-1.15490722656,0.27355957031,-0.19897460937
1725973061132.0667,-1.15490722656,0.27355957031,-0.19897460937
1725973061151.964,-1.04248046875,0.26977539062,-0.140625
1725973061172.0752,-1.04248046875,0.26977539062,-0.140625
1725973061192.0642,-1.04248046875,0.26977539062,-0.140625
1725973061212.0532,-1.04248046875,0.26977539062,-0.140625
1725973061231.9507,-0.99743652343,0.26391601562,-0.09057617187
1725973061252.0923,-0.99743652343,0.26391601562,-0.09057617187
1725973061272.0508,-0.99743652343,0.26391601562,-0.09057617187
1725973061292.1008,-0.99743652343,0.26391601562,-0.09057617187
1725973061311.9373,-0.92114257812,0.26635742187,-0.10266113281
1725973061332.0483,-0.92114257812,0.26635742187,-0.10266113281
1725973061352.0679,-0.92114257812,0.26635742187,-0.10266113281
1725973061372.057,-0.92114257812,0.26635742187,-0.10266113281
1725973061391.9543,-0.83654785156,0.26538085937,-0.16357421875
1725973061412.0654,-0.83654785156,0.26538085937,-0.16357421875
1725973061432.0847,-0.83654785156,0.26538085937,-0.16357421875
1725973061452.0435,-0.83654785156,0.26538085937,-0.16357421875
1725973061471.9714,-0.82629394531,0.25866699218,-0.28051757812
1725973061492.052,-0.82629394531,0.25866699218,-0.28051757812
1725973061512.0715,-0.82629394531,0.25866699218,-0.28051757812
1725973061532.0603,-0.82629394531,0.25866699218,-0.28051757812
1725973061551.9275,-0.87780761718,0.25769042968,-0.37683105468
1725973061572.0383,-0.87780761718,0.25769042968,-0.37683105468
1725973061592.058,-0.87780761718,0.25769042968,-0.37683105468
1725973061612.0776,-0.87780761718,0.25769042968,-0.37683105468
1725973061631.914,-0.93310546875,0.26037597656,-0.41333007812
1725973061652.086,-0.93310546875,0.26037597656,-0.41333007812
1725973061672.0447,-0.93310546875,0.26037597656,-0.41333007812
1725973061692.0642,-0.93310546875,0.26037597656,-0.41333007812
1725973061711.9312,-1.01940917968,0.28454589843,-0.40954589843
1725973061732.0422,-1.01940917968,0.28454589843,-0.40954589843
1725973061752.0923,-1.01940917968,0.28454589843,-0.40954589843
1725973061772.0508,-1.01940917968,0.28454589843,-0.40954589843
1725973061791.9175,-1.07312011718,0.29479980468,-0.36706542968
1725973061812.0898,-1.07312011718,0.29479980468,-0.36706542968
1725973061832.0483,-1.07312011718,0.29479980468,-0.36706542968
1725973061852.0679,-1.07312011718,0.29479980468,-0.36706542968
1725973061871.965,-1.00964355468,0.28698730468,-0.3212890625
1725973061892.046,-1.00964355468,0.28698730468,-0.3212890625
1725973061912.035,-1.00964355468,0.28698730468,-0.3212890625
1725973061932.0544,-1.00964355468,0.28698730468,-0.3212890625
1725973061951.9211,-1.02160644531,0.28344726562,-0.26867675781
1725973061972.0325,-1.02160644531,0.28344726562,-0.26867675781
1725973061992.052,-1.02160644531,0.28344726562,-0.26867675781
1725973062012.041,-1.02160644531,0.28344726562,-0.26867675781
1725973062031.908,-1.11169433593,0.24377441406,-0.17468261718
1725973062052.0496,-1.11169433593,0.24377441406,-0.17468261718
1725973062072.0383,-1.11169433593,0.24377441406,-0.17468261718
1725973062092.0276,-1.11169433593,0.24377441406,-0.17468261718
1725973062111.9556,-0.9853515625,0.21948242187,-0.18884277343
1725973062132.036,-0.9853515625,0.21948242187,-0.18884277343
1725973062152.0251,-0.9853515625,0.21948242187,-0.18884277343
1725973062172.0447,-0.9853515625,0.21948242187,-0.18884277343
1725973062191.9116,-0.86547851562,0.25085449218,-0.2255859375
1725973062212.0227,-0.86547851562,0.25085449218,-0.2255859375
1725973062232.0422,-0.86547851562,0.25085449218,-0.2255859375
1725973062252.0312,-0.86547851562,0.25085449218,-0.2255859375
1725973062271.9287,-0.8251953125,0.38330078125,-0.30004882812
1725973062292.0396,-0.8251953125,0.38330078125,-0.30004882812
1725973062312.0288,-0.8251953125,0.38330078125,-0.30004882812
1725973062332.0483,-0.8251953125,0.38330078125,-0.30004882812
1725973062351.9153,-0.81579589843,0.52221679687,-0.35986328125
1725973062372.057,-0.81579589843,0.52221679687,-0.35986328125
1725973062392.046,-0.81579589843,0.52221679687,-0.35986328125
1725973062412.035,-0.81579589843,0.52221679687,-0.35986328125
1725973062431.9324,-0.82080078125,0.58068847656,-0.35021972656
1725973062452.0435,-0.82080078125,0.58068847656,-0.35021972656
1725973062472.0325,-0.82080078125,0.58068847656,-0.35021972656
1725973062492.0215,-0.82080078125,0.58068847656,-0.35021972656
1725973062511.9187,-0.8876953125,0.59020996093,-0.28002929687
1725973062532.03,-0.8876953125,0.59020996093,-0.28002929687
1725973062552.019,-0.8876953125,0.59020996093,-0.28002929687
1725973062572.069,-0.8876953125,0.59020996093,-0.28002929687
1725973062591.9055,-0.94396972656,0.55822753906,-0.20776367187
1725973062612.0166,-0.94396972656,0.55822753906,-0.20776367187
1725973062632.036,-0.94396972656,0.55822753906,-0.20776367187
1725973062652.0251,-0.94396972656,0.55822753906,-0.20776367187
1725973062671.892,-0.88061523437,0.49743652343,-0.16882324218
1725973085933.733,-0.92065429687,0.28271484375,-0.22534179687
1725973085947.832,-0.9384765625,0.26989746093,-0.24365234375
1725973085956.5295,-0.9384765625,0.26989746093,-0.24365234375
1725973085965.2576,-0.9384765625,0.26989746093,-0.24365234375
1725973085974.0466,-0.9384765625,0.26989746093,-0.24365234375
1725973085982.8357,-0.9384765625,0.26989746093,-0.24365234375
1725973085991.5637,-0.9384765625,0.26989746093,-0.24365234375
1725973086000.3528,-0.9384765625,0.26989746093,-0.24365234375
1725973086009.0808,-0.9384765625,0.26989746093,-0.24365234375
1725973086017.8699,-0.9384765625,0.26989746093,-0.24365234375
1725973086031.9385,-0.99365234375,0.27026367187,-0.232421875
1725973086040.6665,-0.99365234375,0.27026367187,-0.232421875
1725973086049.364,-0.99365234375,0.27026367187,-0.232421875
1725973086058.153,-0.99365234375,0.27026367187,-0.232421875
1725973086066.8503,-0.99365234375,0.27026367187,-0.232421875
1725973086075.6091,-0.99365234375,0.27026367187,-0.232421875
1725973086084.3372,-0.99365234375,0.27026367187,-0.232421875
1725973086093.0957,-0.99365234375,0.27026367187,-0.232421875
1725973086107.0728,-1.10278320312,0.29846191406,-0.21569824218
1725973086115.8923,-1.10278320312,0.29846191406,-0.21569824218
1725973086124.712,-1.10278320312,0.29846191406,-0.21569824218
1725973086133.4705,-1.10278320312,0.29846191406,-0.21569824218
1725973086142.29,-1.10278320312,0.29846191406,-0.21569824218
1725973086151.018,-1.10278320312,0.29846191406,-0.21569824218
1725973086159.868,-1.10278320312,0.29846191406,-0.21569824218
1725973086168.596,-1.10278320312,0.29846191406,-0.21569824218
1725973086177.4155,-1.10278320312,0.29846191406,-0.21569824218
1725973086191.881,-1.05163574218,0.32006835937,-0.21215820312
1725973086200.7007,-1.05163574218,0.32006835937,-0.21215820312
1725973086209.4592,-1.05163574218,0.32006835937,-0.21215820312
1725973086218.2788,-1.05163574218,0.32006835937,-0.21215820312
1725973086227.0679,-1.05163574218,0.32006835937,-0.21215820312
1725973086235.8875,-1.05163574218,0.32006835937,-0.21215820312
1725973086244.646,-1.05163574218,0.32006835937,-0.21215820312
1725973086253.4656,-1.05163574218,0.32006835937,-0.21215820312
1725973086267.5952,-0.95471191406,0.31237792968,-0.19372558593
1725973086276.3843,-0.95471191406,0.31237792968,-0.19372558593
1725973086285.2039,-0.95471191406,0.31237792968,-0.19372558593
1725973086293.993,-0.95471191406,0.31237792968,-0.19372558593
1725973086302.8125,-0.95471191406,0.31237792968,-0.19372558593
1725973086311.388,-0.95471191406,0.31237792968,-0.19372558593
1725973086320.2075,-0.95471191406,0.31237792968,-0.19372558593
1725973086328.9963,-0.95471191406,0.31237792968,-0.19372558593
1725973086337.816,-0.95471191406,0.31237792968,-0.19372558593
1725973086351.8848,-0.99816894531,0.29211425781,-0.16125488281
1725973086360.6738,-0.99816894531,0.29211425781,-0.16125488281
1725973086369.371,-0.99816894531,0.29211425781,-0.16125488281
1725973086378.2214,-0.99816894531,0.29211425781,-0.16125488281
1725973086387.041,-0.99816894531,0.29211425781,-0.16125488281
1725973086395.7383,-0.99816894531,0.29211425781,-0.16125488281
1725973086404.558,-0.99816894531,0.29211425781,-0.16125488281
1725973086413.3472,-0.99816894531,0.29211425781,-0.16125488281
1725973086427.507,-0.97570800781,0.26391601562,-0.12939453125
1725973086436.2659,-0.97570800781,0.26391601562,-0.12939453125
1725973086445.116,-0.97570800781,0.26391601562,-0.12939453125
1725973086453.905,-0.97570800781,0.26391601562,-0.12939453125
1725973086462.7246,-0.97570800781,0.26391601562,-0.12939453125
1725973086471.4526,-0.97570800781,0.26391601562,-0.12939453125
1725973086480.2722,-0.97570800781,0.26391601562,-0.12939453125
1725973086489.0613,-0.97570800781,0.26391601562,-0.12939453125
1725973086497.9111,-0.97570800781,0.26391601562,-0.12939453125
1725973086512.0715,-0.93383789062,0.24975585937,-0.10302734375
1725973086520.83,-0.93383789062,0.24975585937,-0.10302734375
1725973086529.5886,-0.93383789062,0.24975585937,-0.10302734375
1725973086538.3777,-0.93383789062,0.24975585937,-0.10302734375
1725973086547.1973,-0.93383789062,0.24975585937,-0.10302734375
1725973086555.9253,-0.93383789062,0.24975585937,-0.10302734375
1725973086565.1416,-0.93383789062,0.24975585937,-0.10302734375
1725973086573.8696,-0.93383789062,0.24975585937,-0.10302734375
1725973086588.0295,-0.91442871093,0.24719238281,-0.10229492187
1725973086596.7273,-0.91442871093,0.24719238281,-0.10229492187
1725973086605.455,-0.91442871093,0.24719238281,-0.10229492187
1725973086614.1528,-0.91442871093,0.24719238281,-0.10229492187
1725973086622.8809,-0.91442871093,0.24719238281,-0.10229492187
1725973086631.517,-0.91442871093,0.24719238281,-0.10229492187
1725973086640.245,-0.91442871093,0.24719238281,-0.10229492187
1725973086648.9731,-0.91442871093,0.24719238281,-0.10229492187
1725973086657.671,-0.91442871093,0.24719238281,-0.10229492187
1725973086671.6785,-0.90112304687,0.24609375,-0.13525390625
1725973086680.376,-0.90112304687,0.24609375,-0.13525390625
1725973086689.0427,-0.90112304687,0.24609375,-0.13525390625
1725973086697.6184,-0.90112304687,0.24609375,-0.13525390625
1725973086706.3464,-0.90112304687,0.24609375,-0.13525390625
1725973086715.0134,-0.90112304687,0.24609375,-0.13525390625
1725973086723.7415,-0.90112304687,0.24609375,-0.13525390625
1725973086732.4084,-0.90112304687,0.24609375,-0.13525390625
1725973086746.4463,-0.97424316406,0.24975585937,-0.19128417968
1725973086755.205,-0.97424316406,0.24975585937,-0.19128417968
1725973086763.9636,-0.97424316406,0.24975585937,-0.19128417968
1725973086772.722,-0.97424316406,0.24975585937,-0.19128417968
1725973086781.5723,-0.97424316406,0.24975585937,-0.19128417968
1725973086790.2695,-0.97424316406,0.24975585937,-0.19128417968
1725973086799.0588,-0.97424316406,0.24975585937,-0.19128417968
1725973086807.848,-0.97424316406,0.24975585937,-0.19128417968
1725973086816.6675,-0.97424316406,0.24975585937,-0.19128417968
1725973086830.797,-1.11352539062,0.26916503906,-0.23400878906
1725973086839.5557,-1.11352539062,0.26916503906,-0.23400878906
1725973086848.3142,-1.11352539062,0.26916503906,-0.23400878906
1725973086857.0728,-1.11352539062,0.26916503906,-0.23400878906
1725973086865.9229,-1.11352539062,0.26916503906,-0.23400878906
1725973086874.651,-1.11352539062,0.26916503906,-0.23400878906
1725973086883.4705,-1.11352539062,0.26916503906,-0.23400878906
1725973086892.229,-1.11352539062,0.26916503906,-0.23400878906
1725973086906.3586,-1.01904296875,0.279296875,-0.26965332031
1725973086915.056,-1.01904296875,0.279296875,-0.26965332031
1725973086923.8147,-1.01904296875,0.279296875,-0.26965332031
1725973086932.5427,-1.01904296875,0.279296875,-0.26965332031
1725973086941.698,-1.01904296875,0.279296875,-0.26965332031
1725973086950.3955,-1.01904296875,0.279296875,-0.26965332031
1725973086959.1235,-1.01904296875,0.279296875,-0.26965332031
1725973086967.882,-1.01904296875,0.279296875,-0.26965332031
1725973086976.5796,-1.01904296875,0.279296875,-0.26965332031
1725973086990.648,-0.91247558593,0.29748535156,-0.251953125
1725973086999.3762,-0.91247558593,0.29748535156,-0.251953125
1725973087008.1348,-0.91247558593,0.29748535156,-0.251953125
1725973087016.7712,-0.91247558593,0.29748535156,-0.251953125
1725973087025.5603,-0.91247558593,0.29748535156,-0.251953125
1725973087034.2578,-0.91247558593,0.29748535156,-0.251953125
1725973087042.9248,-0.91247558593,0.29748535156,-0.251953125
1725973087051.5916,-0.91247558593,0.29748535156,-0.251953125
1725973087065.599,-1.00451660156,0.30285644531,-0.21643066406
1725973087074.3884,-1.00451660156,0.30285644531,-0.21643066406
1725973087083.208,-1.00451660156,0.30285644531,-0.21643066406
1725973087091.936,-1.00451660156,0.30285644531,-0.21643066406
1725973087100.7556,-1.00451660156,0.30285644531,-0.21643066406
1725973087109.5752,-1.00451660156,0.30285644531,-0.21643066406
1725973087118.3032,-1.00451660156,0.30285644531,-0.21643066406
1725973087127.1228,-1.00451660156,0.30285644531,-0.21643066406
1725973087135.9119,-1.00451660156,0.30285644531,-0.21643066406
1725973087150.0415,-0.97973632812,0.28869628906,-0.2197265625
1725973087158.7695,-0.97973632812,0.28869628906,-0.2197265625
1725973087167.4363,-0.97973632812,0.28869628906,-0.2197265625
1725973087176.134,-0.97973632812,0.28869628906,-0.2197265625
1725973087184.923,-0.97973632812,0.28869628906,-0.2197265625
1725973087193.6511,-0.97973632812,0.28869628906,-0.2197265625
1725973087202.44,-0.97973632812,0.28869628906,-0.2197265625
1725973087211.1682,-0.97973632812,0.28869628906,-0.2197265625
1725973087225.2979,-0.89831542968,0.27893066406,-0.19421386718
1725973087234.026,-0.89831542968,0.27893066406,-0.19421386718
1725973087242.8455,-0.89831542968,0.27893066406,-0.19421386718
1725973087251.665,-0.89831542968,0.27893066406,-0.19421386718
1725973087260.4236,-0.89831542968,0.27893066406,-0.19421386718
1725973087269.2432,-0.89831542968,0.27893066406,-0.19421386718
1725973087278.0017,-0.89831542968,0.27893066406,-0.19421386718
1725973087286.8213,-0.89831542968,0.27893066406,-0.19421386718
1725973087295.5493,-0.89831542968,0.27893066406,-0.19421386718
1725973087309.6787,-0.85815429687,0.2744140625,-0.19165039062
1725973087318.8037,-0.85815429687,0.2744140625,-0.19165039062
1725973087327.5315,-0.85815429687,0.2744140625,-0.19165039062
1725973087336.2595,-0.85815429687,0.2744140625,-0.19165039062
1725973087344.9573,-0.85815429687,0.2744140625,-0.19165039062
1725973087353.6853,-0.85815429687,0.2744140625,-0.19165039062
1725973087362.4438,-0.85815429687,0.2744140625,-0.19165039062
1725973087371.1719,-0.85815429687,0.2744140625,-0.19165039062
1725973087385.0571,-0.85717773437,0.291015625,-0.23425292968
1725973087393.816,-0.85717773437,0.291015625,-0.23425292968
1725973087402.544,-0.85717773437,0.291015625,-0.23425292968
1725973087411.272,-0.85717773437,0.291015625,-0.23425292968
1725973087420.0,-0.85717773437,0.291015625,-0.23425292968
1725973087428.3923,-0.85717773437,0.291015625,-0.23425292968
1725973087437.1204,-0.85717773437,0.291015625,-0.23425292968
1725973087445.879,-0.85717773437,0.291015625,-0.23425292968
1725973087454.4849,-0.85717773437,0.291015625,-0.23425292968
1725973087468.584,-0.9296875,0.28527832031,-0.23217773437
1725973087477.1594,-0.9296875,0.28527832031,-0.23217773437
1725973087485.8567,-0.9296875,0.28527832031,-0.23217773437
1725973087494.4934,-0.9296875,0.28527832031,-0.23217773437
1725973087503.191,-0.9296875,0.28527832031,-0.23217773437
1725973087511.8271,-0.9296875,0.28527832031,-0.23217773437
1725973087520.525,-0.9296875,0.28527832031,-0.23217773437
1725973087529.1611,-0.9296875,0.28527832031,-0.23217773437
1725973087537.859,-0.9296875,0.28527832031,-0.23217773437
1725973087551.836,-1.10327148437,0.28576660156,-0.20935058593
1725973087560.5334,-1.10327148437,0.28576660156,-0.20935058593
1725973087569.3225,-1.10327148437,0.28576660156,-0.20935058593
1725973087578.142,-1.10327148437,0.28576660156,-0.20935058593
1725973087586.9617,-1.10327148437,0.28576660156,-0.20935058593
1725973087595.7507,-1.10327148437,0.28576660156,-0.20935058593
1725973087604.5703,-1.10327148437,0.28576660156,-0.20935058593
1725973087613.2373,-1.10327148437,0.28576660156,-0.20935058593
1725973087627.3364,-1.10388183593,0.3046875,-0.19836425781
1725973087636.0034,-1.10388183593,0.3046875,-0.19836425781
1725973087644.7007,-1.10388183593,0.3046875,-0.19836425781
1725973087653.3374,-1.10388183593,0.3046875,-0.19836425781
1725973087662.035,-1.10388183593,0.3046875,-0.19836425781
1725973087670.702,-1.10388183593,0.3046875,-0.19836425781
1725973087679.369,-1.10388183593,0.3046875,-0.19836425781
1725973087688.036,-1.10388183593,0.3046875,-0.19836425781
1725973087697.13,-1.10388183593,0.3046875,-0.19836425781
1725973087711.1072,-1.01745605468,0.30651855468,-0.158203125
1725973087719.8655,-1.01745605468,0.30651855468,-0.158203125
1725973087728.6243,-1.01745605468,0.30651855468,-0.158203125
1725973087737.3828,-1.01745605468,0.30651855468,-0.158203125
1725973087746.0498,-1.01745605468,0.30651855468,-0.158203125
1725973087754.7473,-1.01745605468,0.30651855468,-0.158203125
1725973087763.5059,-1.01745605468,0.30651855468,-0.158203125
1725973087772.1729,-1.01745605468,0.30651855468,-0.158203125
1725973087786.2415,-0.97631835937,0.26965332031,-0.13208007812
1725973087795.0305,-0.97631835937,0.26965332031,-0.13208007812
1725973087803.85,-0.97631835937,0.26965332031,-0.13208007812
1725973087812.6086,-0.97631835937,0.26965332031,-0.13208007812
1725973087821.4282,-0.97631835937,0.26965332031,-0.13208007812
1725973087830.1868,-0.97631835937,0.26965332031,-0.13208007812
1725973087839.0063,-0.97631835937,0.26965332031,-0.13208007812
1725973087847.7954,-0.97631835937,0.26965332031,-0.13208007812
1725973087856.6147,-0.97631835937,0.26965332031,-0.13208007812
1725973087870.714,-0.9248046875,0.24291992187,-0.11267089843
1725973087879.5032,-0.9248046875,0.24291992187,-0.11267089843
1725973087888.2922,-0.9248046875,0.24291992187,-0.11267089843
1725973087897.0203,-0.9248046875,0.24291992187,-0.11267089843
1725973087905.8398,-0.9248046875,0.24291992187,-0.11267089843
1725973087914.5068,-0.9248046875,0.24291992187,-0.11267089843
1725973087923.2651,-0.9248046875,0.24291992187,-0.11267089843
1725973087932.024,-0.9248046875,0.24291992187,-0.11267089843
1725973087946.1536,-0.88000488281,0.2451171875,-0.09838867187
1725973087954.8816,-0.88000488281,0.2451171875,-0.09838867187
1725973087963.6707,-0.88000488281,0.2451171875,-0.09838867187
1725973087972.3987,-0.88000488281,0.2451171875,-0.09838867187
1725973087981.1875,-0.88000488281,0.2451171875,-0.09838867187
1725973087989.9463,-0.88000488281,0.2451171875,-0.09838867187
1725973087998.7048,-0.88000488281,0.2451171875,-0.09838867187
1725973088007.494,-0.88000488281,0.2451171875,-0.09838867187
1725973088016.222,-0.88000488281,0.2451171875,-0.09838867187
1725973088030.321,-0.87890625,0.25549316406,-0.10949707031
1725973088038.9575,-0.87890625,0.25549316406,-0.10949707031
1725973088047.655,-0.87890625,0.25549316406,-0.10949707031
1725973088056.322,-0.87890625,0.25549316406,-0.10949707031
1725973088065.0195,-0.87890625,0.25549316406,-0.10949707031
1725973088073.656,-0.87890625,0.25549316406,-0.10949707031
1725973088082.6587,-0.87890625,0.25549316406,-0.10949707031
1725973088091.3257,-0.87890625,0.25549316406,-0.10949707031
1725973088105.3333,-0.99304199218,0.25622558593,-0.14074707031
1725973088114.1223,-0.99304199218,0.25622558593,-0.14074707031
1725973088122.942,-0.99304199218,0.25622558593,-0.14074707031
1725973088131.7307,-0.99304199218,0.25622558593,-0.14074707031
1725973088140.5503,-0.99304199218,0.25622558593,-0.14074707031
1725973088149.309,-0.99304199218,0.25622558593,-0.14074707031
1725973088158.1287,-0.99304199218,0.25622558593,-0.14074707031
1725973088166.9788,-0.99304199218,0.25622558593,-0.14074707031
1725973088175.7373,-0.99304199218,0.25622558593,-0.14074707031
1725973088189.8667,-1.103515625,0.25646972656,-0.18969726562
1725973088198.5947,-1.103515625,0.25646972656,-0.18969726562
1725973088207.3535,-1.103515625,0.25646972656,-0.18969726562
1725973088216.0205,-1.103515625,0.25646972656,-0.18969726562
1725973088224.7483,-1.103515625,0.25646972656,-0.18969726562
1725973088233.4763,-1.103515625,0.25646972656,-0.18969726562
1725973088242.1436,-1.103515625,0.25646972656,-0.18969726562
1725973088250.841,-1.103515625,0.25646972656,-0.18969726562
1725973088264.9097,-1.02380371093,0.2744140625,-0.23645019531
1725973088273.6682,-1.02380371093,0.2744140625,-0.23645019531
1725973088282.4573,-1.02380371093,0.2744140625,-0.23645019531
1725973088291.2158,-1.02380371093,0.2744140625,-0.23645019531
1725973088299.9744,-1.02380371093,0.2744140625,-0.23645019531
1725973088308.7634,-1.02380371093,0.2744140625,-0.23645019531
1725973088317.522,-1.02380371093,0.2744140625,-0.23645019531
1725973088326.3416,-1.02380371093,0.2744140625,-0.23645019531
1725973088335.1,-1.02380371093,0.2744140625,-0.23645019531
1725973088349.1992,-0.97827148437,0.26708984375,-0.23742675781
1725973088357.8662,-0.97827148437,0.26708984375,-0.23742675781
1725973088366.6553,-0.97827148437,0.26708984375,-0.23742675781
1725973088375.4138,-0.97827148437,0.26708984375,-0.23742675781
1725973088384.2332,-0.97827148437,0.26708984375,-0.23742675781
1725973088392.9614,-0.97827148437,0.26708984375,-0.23742675781
1725973088401.8115,-0.97827148437,0.26708984375,-0.23742675781
1725973088410.5396,-0.97827148437,0.26708984375,-0.23742675781
1725973088424.6997,-0.99768066406,0.24914550781,-0.22009277343
1725973088433.5193,-0.99768066406,0.24914550781,-0.22009277343
1725973088442.2778,-0.99768066406,0.24914550781,-0.22009277343
1725973088451.067,-0.99768066406,0.24914550781,-0.22009277343
1725973088460.222,-0.99768066406,0.24914550781,-0.22009277343
1725973088469.0415,-0.99768066406,0.24914550781,-0.22009277343
1725973088477.8003,-0.99768066406,0.24914550781,-0.22009277343
1725973088486.6199,-0.99768066406,0.24914550781,-0.22009277343
1725973088495.4087,-0.99768066406,0.24914550781,-0.22009277343
1725973088509.5383,-0.94104003906,0.25732421875,-0.20056152343
1725973088518.297,-0.94104003906,0.25732421875,-0.20056152343
1725973088527.1167,-0.94104003906,0.25732421875,-0.20056152343
1725973088535.8752,-0.94104003906,0.25732421875,-0.20056152343
1725973088544.6948,-0.94104003906,0.25732421875,-0.20056152343
1725973088553.484,-0.94104003906,0.25732421875,-0.20056152343
1725973088562.2424,-0.94104003906,0.25732421875,-0.20056152343
1725973088571.062,-0.94104003906,0.25732421875,-0.20056152343
1725973088585.1306,-0.919921875,0.2548828125,-0.20922851562
1725973088593.8586,-0.919921875,0.2548828125,-0.20922851562
1725973088602.5256,-0.919921875,0.2548828125,-0.20922851562
1725973088611.2537,-0.919921875,0.2548828125,-0.20922851562
1725973088619.9207,-0.919921875,0.2548828125,-0.20922851562
1725973088628.6487,-0.919921875,0.2548828125,-0.20922851562
1725973088637.2852,-0.919921875,0.2548828125,-0.20922851562
1725973088645.952,-0.919921875,0.2548828125,-0.20922851562
1725973088654.5886,-0.919921875,0.2548828125,-0.20922851562
1725973088668.6267,-0.89221191406,0.25793457031,-0.24670410156
1725973088677.4155,-0.89221191406,0.25793457031,-0.24670410156
1725973088686.235,-0.89221191406,0.25793457031,-0.24670410156
1725973088694.994,-0.89221191406,0.25793457031,-0.24670410156
1725973088703.8135,-0.89221191406,0.25793457031,-0.24670410156
1725973088712.6023,-0.89221191406,0.25793457031,-0.24670410156
1725973088721.361,-0.89221191406,0.25793457031,-0.24670410156
1725973088730.1807,-0.89221191406,0.25793457031,-0.24670410156
1725973088744.2188,-0.90954589843,0.2646484375,-0.2568359375
1725973088755.846,-0.90954589843,0.2646484375,-0.2568359375
1725973088764.6045,-0.90954589843,0.2646484375,-0.2568359375
1725973088773.3325,-0.90954589843,0.2646484375,-0.2568359375
1725973088782.0603,-0.90954589843,0.2646484375,-0.2568359375
1725973088790.7883,-0.90954589843,0.2646484375,-0.2568359375
1725973088799.5166,-0.90954589843,0.2646484375,-0.2568359375
1725973088808.2446,-0.90954589843,0.2646484375,-0.2568359375
1725973088817.0032,-0.90954589843,0.2646484375,-0.2568359375
1725973088831.0413,-1.07092285156,0.28344726562,-0.23120117187
1725973088840.227,-1.07092285156,0.28344726562,-0.23120117187
1725973088848.955,-1.07092285156,0.28344726562,-0.23120117187
1725973088857.7136,-1.07092285156,0.28344726562,-0.23120117187
1725973088866.4417,-1.07092285156,0.28344726562,-0.23120117187
1725973088875.2612,-1.07092285156,0.28344726562,-0.23120117187
1725973088883.9893,-1.07092285156,0.28344726562,-0.23120117187
1725973088892.7783,-1.07092285156,0.28344726562,-0.23120117187
1725973088906.8164,-1.1669921875,0.31713867187,-0.19738769531
1725973088915.514,-1.1669921875,0.31713867187,-0.19738769531
1725973088924.242,-1.1669921875,0.31713867187,-0.19738769531
1725973088933.0005,-1.1669921875,0.31713867187,-0.19738769531
1725973088941.7285,-1.1669921875,0.31713867187,-0.19738769531
1725973088950.4563,-1.1669921875,0.31713867187,-0.19738769531
1725973088959.2456,-1.1669921875,0.31713867187,-0.19738769531
1725973088967.9736,-1.1669921875,0.31713867187,-0.19738769531
1725973088976.732,-1.1669921875,0.31713867187,-0.19738769531
1725973088990.8008,-1.06274414062,0.32775878906,-0.1650390625
1725973088999.4983,-1.06274414062,0.32775878906,-0.1650390625
1725973089008.2568,-1.06274414062,0.32775878906,-0.1650390625
1725973089017.0151,-1.06274414062,0.32775878906,-0.1650390625
1725973089025.774,-1.06274414062,0.32775878906,-0.1650390625
1725973089034.5627,-1.06274414062,0.32775878906,-0.1650390625
1725973089043.3215,-1.06274414062,0.32775878906,-0.1650390625
1725973089052.1104,-1.06274414062,0.32775878906,-0.1650390625
1725973089066.1792,-1.00268554687,0.32434082031,-0.13317871093
1725973089074.9988,-1.00268554687,0.32434082031,-0.13317871093
1725973089083.7878,-1.00268554687,0.32434082031,-0.13317871093
1725973089092.6074,-1.00268554687,0.32434082031,-0.13317871093
1725973089101.366,-1.00268554687,0.32434082031,-0.13317871093
1725973089110.155,-1.00268554687,0.32434082031,-0.13317871093
1725973089118.9746,-1.00268554687,0.32434082031,-0.13317871093
1725973089127.7026,-1.00268554687,0.32434082031,-0.13317871093
1725973089136.5222,-1.00268554687,0.32434082031,-0.13317871093
1725973089150.621,-1.03515625,0.31323242187,-0.10168457031
1725973089159.349,-1.03515625,0.31323242187,-0.10168457031
1725973089168.0469,-1.03515625,0.31323242187,-0.10168457031
1725973089176.6528,-1.03515625,0.31323242187,-0.10168457031
1725973089185.3809,-1.03515625,0.31323242187,-0.10168457031
1725973089194.0479,-1.03515625,0.31323242187,-0.10168457031
1725973089202.7148,-1.03515625,0.31323242187,-0.10168457031
1725973089211.3818,-1.03515625,0.31323242187,-0.10168457031
1725973089225.725,-1.02526855468,0.28735351562,-0.07653808593
1725973089234.5447,-1.02526855468,0.28735351562,-0.07653808593
1725973089243.3948,-1.02526855468,0.28735351562,-0.07653808593
1725973089252.1838,-1.02526855468,0.28735351562,-0.07653808593
1725973089261.034,-1.02526855468,0.28735351562,-0.07653808593
1725973089269.8228,-1.02526855468,0.28735351562,-0.07653808593
1725973089278.6423,-1.02526855468,0.28735351562,-0.07653808593
1725973089287.4011,-1.02526855468,0.28735351562,-0.07653808593
1725973089296.2207,-1.02526855468,0.28735351562,-0.07653808593
1725973089310.2588,-0.9892578125,0.25854492187,-0.05969238281
1725973089319.0479,-0.9892578125,0.25854492187,-0.05969238281
1725973089327.776,-0.9892578125,0.25854492187,-0.05969238281
1725973089336.5647,-0.9892578125,0.25854492187,-0.05969238281
1725973089345.3235,-0.9892578125,0.25854492187,-0.05969238281
1725973089354.1123,-0.9892578125,0.25854492187,-0.05969238281
1725973089362.932,-0.9892578125,0.25854492187,-0.05969238281
1725973089371.66,-0.9892578125,0.25854492187,-0.05969238281
1725973089385.6982,-0.93188476562,0.24719238281,-0.05798339843
1725973089394.4568,-0.93188476562,0.24719238281,-0.05798339843
1725973089403.2764,-0.93188476562,0.24719238281,-0.05798339843
1725973089412.035,-0.93188476562,0.24719238281,-0.05798339843
1725973089420.8545,-0.93188476562,0.24719238281,-0.05798339843
1725973089429.613,-0.93188476562,0.24719238281,-0.05798339843
1725973089438.4326,-0.93188476562,0.24719238281,-0.05798339843
1725973089447.1912,-0.93188476562,0.24719238281,-0.05798339843
1725973089456.0107,-0.93188476562,0.24719238281,-0.05798339843
1725973089470.079,-0.91662597656,0.25439453125,-0.09057617187
1725973089478.9294,-0.91662597656,0.25439453125,-0.09057617187
1725973089487.749,-0.91662597656,0.25439453125,-0.09057617187
1725973089496.477,-0.91662597656,0.25439453125,-0.09057617187
1725973089505.2966,-0.91662597656,0.25439453125,-0.09057617187
1725973089514.0552,-0.91662597656,0.25439453125,-0.09057617187
1725973089522.9053,-0.91662597656,0.25439453125,-0.09057617187
1725973089531.6333,-0.91662597656,0.25439453125,-0.09057617187
1725973089545.7935,-1.03869628906,0.2587890625,-0.12670898437
1725973089554.552,-1.03869628906,0.2587890625,-0.12670898437
1725973089563.341,-1.03869628906,0.2587890625,-0.12670898437
1725973089572.0996,-1.03869628906,0.2587890625,-0.12670898437
1725973089580.8276,-1.03869628906,0.2587890625,-0.12670898437
1725973089589.586,-1.03869628906,0.2587890625,-0.12670898437
1725973089598.772,-1.03869628906,0.2587890625,-0.12670898437
1725973089607.5305,-1.03869628906,0.2587890625,-0.12670898437
1725973089616.35,-1.03869628906,0.2587890625,-0.12670898437
1725973089630.4492,-1.03833007812,0.27233886718,-0.18103027343
1725973089639.1162,-1.03833007812,0.27233886718,-0.18103027343
1725973089647.9355,-1.03833007812,0.27233886718,-0.18103027343
1725973089656.6943,-1.03833007812,0.27233886718,-0.18103027343
1725973089665.4832,-1.03833007812,0.27233886718,-0.18103027343
1725973089674.242,-1.03833007812,0.27233886718,-0.18103027343
1725973089683.0615,-1.03833007812,0.27233886718,-0.18103027343
1725973089691.82,-1.03833007812,0.27233886718,-0.18103027343
1725973089705.9802,-0.96411132812,0.2744140625,-0.20739746093
1725973089714.7083,-0.96411132812,0.2744140625,-0.20739746093
1725973089723.5278,-0.96411132812,0.2744140625,-0.20739746093
1725973089732.2864,-0.96411132812,0.2744140625,-0.20739746093
1725973089741.106,-0.96411132812,0.2744140625,-0.20739746093
1725973089749.895,-0.96411132812,0.2744140625,-0.20739746093
1725973089758.6536,-0.96411132812,0.2744140625,-0.20739746093
1725973089767.4731,-0.96411132812,0.2744140625,-0.20739746093
1725973089776.2317,-0.96411132812,0.2744140625,-0.20739746093
1725973089790.361,-1.02551269531,0.26611328125,-0.21862792968
1725973089799.089,-1.02551269531,0.26611328125,-0.21862792968
1725973089807.9395,-1.02551269531,0.26611328125,-0.21862792968
1725973089816.6675,-1.02551269531,0.26611328125,-0.21862792968
1725973089825.487,-1.02551269531,0.26611328125,-0.21862792968
1725973089834.3066,-1.02551269531,0.26611328125,-0.21862792968
1725973089843.0652,-1.02551269531,0.26611328125,-0.21862792968
1725973089851.8542,-1.02551269531,0.26611328125,-0.21862792968
1725973089866.0144,-1.0185546875,0.28295898437,-0.25622558593
1725973089874.834,-1.0185546875,0.28295898437,-0.25622558593
1725973089883.5315,-1.0185546875,0.28295898437,-0.25622558593
1725973089892.351,-1.0185546875,0.28295898437,-0.25622558593
1725973089901.079,-1.0185546875,0.28295898437,-0.25622558593
1725973089909.868,-1.0185546875,0.28295898437,-0.25622558593
1725973089918.596,-1.0185546875,0.28295898437,-0.25622558593
1725973089927.3853,-1.0185546875,0.28295898437,-0.25622558593
1725973089936.1436,-1.0185546875,0.28295898437,-0.25622558593
1725973089950.243,-0.96643066406,0.3076171875,-0.26330566406
1725973089959.0015,-0.96643066406,0.3076171875,-0.26330566406
1725973089967.7903,-0.96643066406,0.3076171875,-0.26330566406
1725973089976.9458,-0.96643066406,0.3076171875,-0.26330566406
1725973089985.7349,-0.96643066406,0.3076171875,-0.26330566406
1725973089994.524,-0.96643066406,0.3076171875,-0.26330566406
1725973090003.2825,-0.96643066406,0.3076171875,-0.26330566406
1725973090012.0715,-0.96643066406,0.3076171875,-0.26330566406
1725973090026.14,-0.94836425781,0.32836914062,-0.26232910156
1725973090034.9597,-0.94836425781,0.32836914062,-0.26232910156
1725973090043.7488,-0.94836425781,0.32836914062,-0.26232910156
1725973090052.5684,-0.94836425781,0.32836914062,-0.26232910156
1725973090061.2964,-0.94836425781,0.32836914062,-0.26232910156
1725973090070.116,-0.94836425781,0.32836914062,-0.26232910156
1725973090078.905,-0.94836425781,0.32836914062,-0.26232910156
1725973090087.7246,-0.94836425781,0.32836914062,-0.26232910156
1725973090096.5137,-0.94836425781,0.32836914062,-0.26232910156
1725973090110.5515,-0.93994140625,0.31726074218,-0.24743652343
1725973090119.3408,-0.93994140625,0.31726074218,-0.24743652343
1725973090128.099,-0.93994140625,0.31726074218,-0.24743652343
1725973090136.9187,-0.93994140625,0.31726074218,-0.24743652343
1725973090145.6467,-0.93994140625,0.31726074218,-0.24743652343
1725973090154.497,-0.93994140625,0.31726074218,-0.24743652343
1725973090163.2556,-0.93994140625,0.31726074218,-0.24743652343
1725973090172.0752,-0.93994140625,0.31726074218,-0.24743652343
1725973090186.1436,-0.96203613281,0.29028320312,-0.19763183593
1725973090194.994,-0.96203613281,0.29028320312,-0.19763183593
1725973090203.7827,-0.96203613281,0.29028320312,-0.19763183593
1725973090212.6023,-0.96203613281,0.29028320312,-0.19763183593
1725973090221.361,-0.96203613281,0.29028320312,-0.19763183593
1725973090230.15,-0.96203613281,0.29028320312,-0.19763183593
1725973090238.9695,-0.96203613281,0.29028320312,-0.19763183593
1725973090247.7283,-0.96203613281,0.29028320312,-0.19763183593
1725973090256.5479,-0.96203613281,0.29028320312,-0.19763183593
1725973090270.6165,-1.0224609375,0.2880859375,-0.1484375
1725973090279.2834,-1.0224609375,0.2880859375,-0.1484375
1725973090287.8894,-1.0224609375,0.2880859375,-0.1484375
1725973090296.5564,-1.0224609375,0.2880859375,-0.1484375
1725973090305.1929,-1.0224609375,0.2880859375,-0.1484375
1725973090313.8599,-1.0224609375,0.2880859375,-0.1484375
1725973090322.4658,-1.0224609375,0.2880859375,-0.1484375
1725973090331.1023,-1.0224609375,0.2880859375,-0.1484375
1725973090345.0488,-1.10998535156,0.29528808593,-0.11303710937
1725973090354.204,-1.10998535156,0.29528808593,-0.11303710937
1725973090362.932,-1.10998535156,0.29528808593,-0.11303710937
1725973090371.7822,-1.10998535156,0.29528808593,-0.11303710937
1725973090380.6018,-1.10998535156,0.29528808593,-0.11303710937
1725973090389.3909,-1.10998535156,0.29528808593,-0.11303710937
1725973090398.2104,-1.10998535156,0.29528808593,-0.11303710937
1725973090406.9995,-1.10998535156,0.29528808593,-0.11303710937
1725973090415.819,-1.10998535156,0.29528808593,-0.11303710937
1725973090429.9182,-1.06433105468,0.29455566406,-0.09436035156
1725973090438.7375,-1.06433105468,0.29455566406,-0.09436035156
1725973090447.5269,-1.06433105468,0.29455566406,-0.09436035156
1725973090456.3464,-1.06433105468,0.29455566406,-0.09436035156
1725973090465.1047,-1.06433105468,0.29455566406,-0.09436035156
1725973090473.9243,-1.06433105468,0.29455566406,-0.09436035156
1725973090482.7136,-1.06433105468,0.29455566406,-0.09436035156
1725973090491.5332,-1.06433105468,0.29455566406,-0.09436035156
1725973090505.6018,-0.98669433593,0.30053710937,-0.07421875
1725973090514.2688,-0.98669433593,0.30053710937,-0.07421875
1725973090522.9968,-0.98669433593,0.30053710937,-0.07421875
1725973090531.6943,-0.98669433593,0.30053710937,-0.07421875
1725973090540.3918,-0.98669433593,0.30053710937,-0.07421875
1725973090549.089,-0.98669433593,0.30053710937,-0.07421875
1725973090557.8171,-0.98669433593,0.30053710937,-0.07421875
1725973090566.4844,-0.98669433593,0.30053710937,-0.07421875
1725973090575.0598,-0.98669433593,0.30053710937,-0.07421875
1725973090589.098,-0.9775390625,0.310546875,-0.05541992187
1725973090597.7954,-0.9775390625,0.310546875,-0.05541992187
1725973090606.4624,-0.9775390625,0.310546875,-0.05541992187
1725973090615.1904,-0.9775390625,0.310546875,-0.05541992187
1725973090623.827,-0.9775390625,0.310546875,-0.05541992187
1725973090632.5547,-0.9775390625,0.310546875,-0.05541992187
1725973090641.222,-0.9775390625,0.310546875,-0.05541992187
1725973090649.95,-0.9775390625,0.310546875,-0.05541992187
1725973090663.927,-0.92651367187,0.29650878906,-0.05920410156
1725973090672.716,-0.92651367187,0.29650878906,-0.05920410156
1725973090681.5051,-0.92651367187,0.29650878906,-0.05920410156
1725973090690.2637,-0.92651367187,0.29650878906,-0.05920410156
1725973090699.0222,-0.92651367187,0.29650878906,-0.05920410156
1725973090707.7808,-0.92651367187,0.29650878906,-0.05920410156
1725973090716.5698,-0.92651367187,0.29650878906,-0.05920410156
1725973090725.542,-0.92651367187,0.29650878906,-0.05920410156
1725973090734.4836,-0.92651367187,0.29650878906,-0.05920410156
1725973090748.5522,-0.8828125,0.27844238281,-0.09118652343
1725973090757.2495,-0.8828125,0.27844238281,-0.09118652343
1725973090765.9167,-0.8828125,0.27844238281,-0.09118652343
1725973090774.5835,-0.8828125,0.27844238281,-0.09118652343
1725973090783.2202,-0.8828125,0.27844238281,-0.09118652343
1725973090791.9175,-0.8828125,0.27844238281,-0.09118652343
1725973090800.554,-0.8828125,0.27844238281,-0.09118652343
1725973090809.2517,-0.8828125,0.27844238281,-0.09118652343
1725973090817.888,-0.8828125,0.27844238281,-0.09118652343
1725973090831.8955,-0.86450195312,0.27307128906,-0.15710449218
1725973090840.6848,-0.86450195312,0.27307128906,-0.15710449218
1725973090849.443,-0.86450195312,0.27307128906,-0.15710449218
1725973090858.202,-0.86450195312,0.27307128906,-0.15710449218
1725973090866.9604,-0.86450195312,0.27307128906,-0.15710449218
1725973090875.7495,-0.86450195312,0.27307128906,-0.15710449218
1725973090884.508,-0.86450195312,0.27307128906,-0.15710449218
1725973090893.3276,-0.86450195312,0.27307128906,-0.15710449218
1725973090907.3962,-0.91650390625,0.27587890625,-0.22863769531
1725973090916.1853,-0.91650390625,0.27587890625,-0.22863769531
1725973090924.9438,-0.91650390625,0.27587890625,-0.22863769531
1725973090933.7634,-0.91650390625,0.27587890625,-0.22863769531
1725973090942.522,-0.91650390625,0.27587890625,-0.22863769531
1725973090951.311,-0.91650390625,0.27587890625,-0.22863769531
1725973090960.0696,-0.91650390625,0.27587890625,-0.22863769531
1725973090968.8892,-0.91650390625,0.27587890625,-0.22863769531
1725973090977.6782,-0.91650390625,0.27587890625,-0.22863769531
1725973090991.7468,-1.0751953125,0.2646484375,-0.24621582031
1725973091000.4749,-1.0751953125,0.2646484375,-0.24621582031
1725973091009.1724,-1.0751953125,0.2646484375,-0.24621582031
1725973091017.9004,-1.0751953125,0.2646484375,-0.24621582031
1725973091026.5369,-1.0751953125,0.2646484375,-0.24621582031
1725973091035.265,-1.0751953125,0.2646484375,-0.24621582031
1725973091043.9624,-1.0751953125,0.2646484375,-0.24621582031
1725973091052.7207,-1.0751953125,0.2646484375,-0.24621582031
1725973091066.7285,-1.13879394531,0.27294921875,-0.23266601562
1725973091075.4563,-1.13879394531,0.27294921875,-0.23266601562
1725973091084.215,-1.13879394531,0.27294921875,-0.23266601562
1725973091093.0652,-1.13879394531,0.27294921875,-0.23266601562
1725973091101.8235,-1.13879394531,0.27294921875,-0.23266601562
1725973091111.0095,-1.13879394531,0.27294921875,-0.23266601562
1725973091119.829,-1.13879394531,0.27294921875,-0.23266601562
1725973091128.5876,-1.13879394531,0.27294921875,-0.23266601562
1725973091137.4072,-1.13879394531,0.27294921875,-0.23266601562
1725973091151.4758,-1.01513671875,0.30078125,-0.20959472656
1725973091160.2039,-1.01513671875,0.30078125,-0.20959472656
1725973091168.8708,-1.01513671875,0.30078125,-0.20959472656
1725973091177.6292,-1.01513671875,0.30078125,-0.20959472656
1725973091186.327,-1.01513671875,0.30078125,-0.20959472656
1725973091195.0547,-1.01513671875,0.30078125,-0.20959472656
1725973091203.7524,-1.01513671875,0.30078125,-0.20959472656
1725973091212.4805,-1.01513671875,0.30078125,-0.20959472656
1725973091226.3965,-0.97216796875,0.30236816406,-0.16552734375
1725973091235.1245,-0.97216796875,0.30236816406,-0.16552734375
1725973091243.883,-0.97216796875,0.30236816406,-0.16552734375
1725973091252.7026,-0.97216796875,0.30236816406,-0.16552734375
1725973091261.4612,-0.97216796875,0.30236816406,-0.16552734375
1725973091270.2502,-0.97216796875,0.30236816406,-0.16552734375
1725973091279.0393,-0.97216796875,0.30236816406,-0.16552734375
1725973091287.7979,-0.97216796875,0.30236816406,-0.16552734375
1725973091296.587,-0.97216796875,0.30236816406,-0.16552734375
1725973091310.5945,-0.89086914062,0.27661132812,-0.17077636718
1725973091319.4443,-0.89086914062,0.27661132812,-0.17077636718
1725973091328.2031,-0.89086914062,0.27661132812,-0.17077636718
1725973091336.9006,-0.89086914062,0.27661132812,-0.17077636718
1725973091345.6592,-0.89086914062,0.27661132812,-0.17077636718
1725973091354.4788,-0.89086914062,0.27661132812,-0.17077636718
1725973091363.2678,-0.89086914062,0.27661132812,-0.17077636718
1725973091372.0874,-0.89086914062,0.27661132812,-0.17077636718
1725973091386.156,-0.86206054687,0.26391601562,-0.20153808593
1725973091394.9756,-0.86206054687,0.26391601562,-0.20153808593
1725973091403.7036,-0.86206054687,0.26391601562,-0.20153808593
1725973091412.4927,-0.86206054687,0.26391601562,-0.20153808593
1725973091421.3123,-0.86206054687,0.26391601562,-0.20153808593
1725973091430.0708,-0.86206054687,0.26391601562,-0.20153808593
1725973091438.8904,-0.86206054687,0.26391601562,-0.20153808593
1725973091447.6184,-0.86206054687,0.26391601562,-0.20153808593
1725973091456.438,-0.86206054687,0.26391601562,-0.20153808593
1725973091470.537,-0.86218261718,0.27160644531,-0.26916503906
1725973091479.2957,-0.86218261718,0.27160644531,-0.26916503906
1725973091488.4507,-0.86218261718,0.27160644531,-0.26916503906
1725973091497.301,-0.86218261718,0.27160644531,-0.26916503906
1725973091506.0596,-0.86218261718,0.27160644531,-0.26916503906
1725973091514.8486,-0.86218261718,0.27160644531,-0.26916503906
1725973091523.6377,-0.86218261718,0.27160644531,-0.26916503906
1725973091532.3962,-0.86218261718,0.27160644531,-0.26916503906
1725973091546.5564,-0.91955566406,0.27209472656,-0.29956054687
1725973091555.3147,-0.91955566406,0.27209472656,-0.29956054687
1725973091567.2778,-0.91955566406,0.27209472656,-0.29956054687
1725973091576.0364,-0.91955566406,0.27209472656,-0.29956054687
1725973091584.856,-0.91955566406,0.27209472656,-0.29956054687
1725973091593.645,-0.91955566406,0.27209472656,-0.29956054687
1725973091602.4644,-0.91955566406,0.27209472656,-0.29956054687
1725973091611.2537,-0.91955566406,0.27209472656,-0.29956054687
1725973091625.3833,-1.115234375,0.28894042968,-0.26574707031
1725973091634.0503,-1.115234375,0.28894042968,-0.26574707031
1725973091642.7173,-1.115234375,0.28894042968,-0.26574707031
1725973091651.3843,-1.115234375,0.28894042968,-0.26574707031
1725973091660.0513,-1.115234375,0.28894042968,-0.26574707031
1725973091668.7183,-1.115234375,0.28894042968,-0.26574707031
1725973091677.3853,-1.115234375,0.28894042968,-0.26574707031
1725973091686.0828,-1.115234375,0.28894042968,-0.26574707031
1725973091694.7192,-1.115234375,0.28894042968,-0.26574707031
1725973091708.7268,-1.1708984375,0.31970214843,-0.23547363281
1725973091717.485,-1.1708984375,0.31970214843,-0.23547363281
1725973091726.244,-1.1708984375,0.31970214843,-0.23547363281
1725973091734.972,-1.1708984375,0.31970214843,-0.23547363281
1725973091743.7607,-1.1708984375,0.31970214843,-0.23547363281
1725973091752.5195,-1.1708984375,0.31970214843,-0.23547363281
1725973091761.217,-1.1708984375,0.31970214843,-0.23547363281
1725973091769.945,-1.1708984375,0.31970214843,-0.23547363281
1725973091784.0747,-1.05310058593,0.32678222656,-0.19421386718
1725973091792.65,-1.05310058593,0.32678222656,-0.19421386718
1725973091801.2866,-1.05310058593,0.32678222656,-0.19421386718
1725973091809.862,-1.05310058593,0.32678222656,-0.19421386718
1725973091818.4983,-1.05310058593,0.32678222656,-0.19421386718
1725973091827.135,-1.05310058593,0.32678222656,-0.19421386718
1725973091835.7104,-1.05310058593,0.32678222656,-0.19421386718
1725973091844.3467,-1.05310058593,0.32678222656,-0.19421386718
1725973091852.953,-1.05310058593,0.32678222656,-0.19421386718
1725973091866.9604,-1.02001953125,0.32482910156,-0.13745117187
1725973091876.0852,-1.02001953125,0.32482910156,-0.13745117187
1725973091884.9048,-1.02001953125,0.32482910156,-0.13745117187
1725973091893.6938,-1.02001953125,0.32482910156,-0.13745117187
1725973091902.5134,-1.02001953125,0.32482910156,-0.13745117187
1725973091911.272,-1.02001953125,0.32482910156,-0.13745117187
1725973091920.122,-1.02001953125,0.32482910156,-0.13745117187
1725973091928.85,-1.02001953125,0.32482910156,-0.13745117187
1725973091937.6697,-1.02001953125,0.32482910156,-0.13745117187
1725973091951.7688,-0.9931640625,0.29162597656,-0.11206054687
1725973091960.527,-0.9931640625,0.29162597656,-0.11206054687
1725973091969.1943,-0.9931640625,0.29162597656,-0.11206054687
1725973091977.953,-0.9931640625,0.29162597656,-0.11206054687
1725973091986.681,-0.9931640625,0.29162597656,-0.11206054687
1725973091995.4395,-0.9931640625,0.29162597656,-0.11206054687
1725973092004.1675,-0.9931640625,0.29162597656,-0.11206054687
1725973092012.8955,-0.9931640625,0.29162597656,-0.11206054687
1725973092026.964,-0.93994140625,0.24279785156,-0.10534667968
1725973092035.7227,-0.93994140625,0.24279785156,-0.10534667968
1725973092044.4507,-0.93994140625,0.24279785156,-0.10534667968
1725973092053.2092,-0.93994140625,0.24279785156,-0.10534667968
1725973092062.0288,-0.93994140625,0.24279785156,-0.10534667968
1725973092070.8179,-0.93994140625,0.24279785156,-0.10534667968
1725973092079.6375,-0.93994140625,0.24279785156,-0.10534667968
1725973092088.396,-0.93994140625,0.24279785156,-0.10534667968
1725973092097.2156,-0.93994140625,0.24279785156,-0.10534667968
1725973092111.3147,-0.87768554687,0.22521972656,-0.12939453125
1725973092120.1343,-0.87768554687,0.22521972656,-0.12939453125
1725973092128.923,-0.87768554687,0.22521972656,-0.12939453125
1725973092137.743,-0.87768554687,0.22521972656,-0.12939453125
1725973092146.5625,-0.87768554687,0.22521972656,-0.12939453125
1725973092155.138,-0.87768554687,0.22521972656,-0.12939453125
1725973092163.9575,-0.87768554687,0.22521972656,-0.12939453125
1725973092172.716,-0.87768554687,0.22521972656,-0.12939453125
1725973092186.8762,-0.88928222656,0.23583984375,-0.15942382812
1725973092195.6348,-0.88928222656,0.23583984375,-0.15942382812
1725973092204.3933,-0.88928222656,0.23583984375,-0.15942382812
1725973092213.1824,-0.88928222656,0.23583984375,-0.15942382812
1725973092222.002,-0.88928222656,0.23583984375,-0.15942382812
1725973092230.6995,-0.88928222656,0.23583984375,-0.15942382812
1725973092239.519,-0.88928222656,0.23583984375,-0.15942382812
1725973092248.6133,-0.88928222656,0.23583984375,-0.15942382812
1725973092257.3413,-0.88928222656,0.23583984375,-0.15942382812
1725973092271.4404,-1.06042480468,0.25537109375,-0.17236328125
1725973092280.2295,-1.06042480468,0.25537109375,-0.17236328125
1725973092289.0183,-1.06042480468,0.25537109375,-0.17236328125
1725973092297.777,-1.06042480468,0.25537109375,-0.17236328125
1725973092306.5967,-1.06042480468,0.25537109375,-0.17236328125
1725973092315.3552,-1.06042480468,0.25537109375,-0.17236328125
1725973092324.1748,-1.06042480468,0.25537109375,-0.17236328125
1725973092332.9028,-1.06042480468,0.25537109375,-0.17236328125
1725973092347.0325,-1.11206054687,0.27587890625,-0.20336914062
1725973092355.8215,-1.11206054687,0.27587890625,-0.20336914062
1725973092364.641,-1.11206054687,0.27587890625,-0.20336914062
1725973092373.3997,-1.11206054687,0.27587890625,-0.20336914062
1725973092382.2192,-1.11206054687,0.27587890625,-0.20336914062
1725973092390.9775,-1.11206054687,0.27587890625,-0.20336914062
1725973092399.797,-1.11206054687,0.27587890625,-0.20336914062
1725973092408.6167,-1.11206054687,0.27587890625,-0.20336914062
1725973092417.3755,-1.11206054687,0.27587890625,-0.20336914062
1725973092431.5356,-1.00170898437,0.28759765625,-0.21569824218
1725973092440.294,-1.00170898437,0.28759765625,-0.21569824218
1725973092449.1135,-1.00170898437,0.28759765625,-0.21569824218
1725973092457.9028,-1.00170898437,0.28759765625,-0.21569824218
1725973092466.7224,-1.00170898437,0.28759765625,-0.21569824218
1725973092475.5115,-1.00170898437,0.28759765625,-0.21569824218
1725973092484.331,-1.00170898437,0.28759765625,-0.21569824218
1725973092493.0896,-1.00170898437,0.28759765625,-0.21569824218
1725973092507.2192,-0.98779296875,0.27526855468,-0.19543457031
1725973092516.0083,-0.98779296875,0.27526855468,-0.19543457031
1725973092524.828,-0.98779296875,0.27526855468,-0.19543457031
1725973092533.6475,-0.98779296875,0.27526855468,-0.19543457031
1725973092542.3755,-0.98779296875,0.27526855468,-0.19543457031
1725973092551.195,-0.98779296875,0.27526855468,-0.19543457031
1725973092559.984,-0.98779296875,0.27526855468,-0.19543457031
1725973092568.8037,-0.98779296875,0.27526855468,-0.19543457031
1725973092577.5623,-0.98779296875,0.27526855468,-0.19543457031
1725973092591.692,-0.95837402343,0.26440429687,-0.18701171875
1725973092600.4807,-0.95837402343,0.26440429687,-0.18701171875
1725973092609.27,-0.95837402343,0.26440429687,-0.18701171875
1725973092618.0283,-0.95837402343,0.26440429687,-0.18701171875
1725973092626.8787,-0.95837402343,0.26440429687,-0.18701171875
1725973092636.0034,-0.95837402343,0.26440429687,-0.18701171875
1725973092644.8228,-0.95837402343,0.26440429687,-0.18701171875
1725973092653.6423,-0.95837402343,0.26440429687,-0.18701171875
1725973092667.6807,-0.8779296875,0.27185058593,-0.18725585937
1725973092676.4392,-0.8779296875,0.27185058593,-0.18725585937
1725973092685.1975,-0.8779296875,0.27185058593,-0.18725585937
1725973092693.9868,-0.8779296875,0.27185058593,-0.18725585937
1725973092702.745,-0.8779296875,0.27185058593,-0.18725585937
1725973092711.5344,-0.8779296875,0.27185058593,-0.18725585937
1725973092720.2927,-0.8779296875,0.27185058593,-0.18725585937
1725973092729.0208,-0.8779296875,0.27185058593,-0.18725585937
1725973092737.749,-0.84350585937,0.28466796875,-0.21655273437
1725973092751.726,-0.84350585937,0.28466796875,-0.21655273437
1725973092760.393,-0.84350585937,0.28466796875,-0.21655273437
1725973092769.0903,-0.84350585937,0.28466796875,-0.21655273437
1725973092777.727,-0.84350585937,0.28466796875,-0.21655273437
1725973092786.4243,-0.84350585937,0.28466796875,-0.21655273437
1725973092795.0916,-0.84350585937,0.28466796875,-0.21655273437
1725973092803.789,-0.84350585937,0.28466796875,-0.21655273437
1725973092812.3645,-0.84350585937,0.28466796875,-0.21655273437
1725973092826.311,-0.8994140625,0.29479980468,-0.25830078125
1725973092835.0696,-0.8994140625,0.29479980468,-0.25830078125
1725973092843.828,-0.8994140625,0.29479980468,-0.25830078125
1725973092852.4644,-0.8994140625,0.29479980468,-0.25830078125
1725973092861.1926,-0.8994140625,0.29479980468,-0.25830078125
1725973092869.9817,-0.8994140625,0.29479980468,-0.25830078125
1725973092878.7097,-0.8994140625,0.29479980468,-0.25830078125
1725973092887.4988,-0.8994140625,0.29479980468,-0.25830078125
1725973092896.2268,-0.8994140625,0.29479980468,-0.25830078125
1725973092910.2954,-1.05578613281,0.3037109375,-0.25598144531
1725973092919.054,-1.05578613281,0.3037109375,-0.25598144531
1725973092927.843,-1.05578613281,0.3037109375,-0.25598144531
1725973092936.6016,-1.05578613281,0.3037109375,-0.25598144531
1725973092945.2683,-1.05578613281,0.3037109375,-0.25598144531
1725973092953.9963,-1.05578613281,0.3037109375,-0.25598144531
1725973092962.7856,-1.05578613281,0.3037109375,-0.25598144531
1725973092971.5747,-1.05578613281,0.3037109375,-0.25598144531
1725973092985.6433,-1.1484375,0.31103515625,-0.23815917968
1725973092994.3408,-1.1484375,0.31103515625,-0.23815917968
1725973093002.9468,-1.1484375,0.31103515625,-0.23815917968
1725973093012.0105,-1.1484375,0.31103515625,-0.23815917968
1725973093020.6775,-1.1484375,0.31103515625,-0.23815917968
1725973093029.375,-1.1484375,0.31103515625,-0.23815917968
1725973093037.767,-1.1484375,0.31103515625,-0.23815917968
1725973093046.4648,-1.1484375,0.31103515625,-0.23815917968
1725973093055.0708,-1.1484375,0.31103515625,-0.23815917968
1725973093069.0784,-1.1103515625,0.32580566406,-0.18823242187
1725973093077.776,-1.1103515625,0.32580566406,-0.18823242187
1725973093086.504,-1.1103515625,0.32580566406,-0.18823242187
1725973093095.1099,-1.1103515625,0.32580566406,-0.18823242187
1725973093103.838,-1.1103515625,0.32580566406,-0.18823242187
1725973093112.4744,-1.1103515625,0.32580566406,-0.18823242187
1725973093121.233,-1.1103515625,0.32580566406,-0.18823242187
1725973093129.9,-1.1103515625,0.32580566406,-0.18823242187
1725973093143.938,-1.06762695312,0.32556152343,-0.11791992187
1725973093152.727,-1.06762695312,0.32556152343,-0.11791992187
1725973093161.516,-1.06762695312,0.32556152343,-0.11791992187
1725973093170.3357,-1.06762695312,0.32556152343,-0.11791992187
1725973093179.1248,-1.06762695312,0.32556152343,-0.11791992187
1725973093187.9443,-1.06762695312,0.32556152343,-0.11791992187
1725973093196.703,-1.06762695312,0.32556152343,-0.11791992187
1725973093205.5225,-1.06762695312,0.32556152343,-0.11791992187
1725973093214.281,-1.06762695312,0.32556152343,-0.11791992187
1725973093228.4412,-1.02478027343,0.28881835937,-0.08520507812
1725973093237.1997,-1.02478027343,0.28881835937,-0.08520507812
1725973093246.0193,-1.02478027343,0.28881835937,-0.08520507812
1725973093254.7778,-1.02478027343,0.28881835937,-0.08520507812
1725973093263.5974,-1.02478027343,0.28881835937,-0.08520507812
1725973093272.3865,-1.02478027343,0.28881835937,-0.08520507812
1725973093281.145,-1.02478027343,0.28881835937,-0.08520507812
1725973093289.9644,-1.02478027343,0.28881835937,-0.08520507812
1725973093304.0332,-0.97351074218,0.24987792968,-0.06579589843
1725973093312.7915,-0.97351074218,0.24987792968,-0.06579589843
1725973093321.5503,-0.97351074218,0.24987792968,-0.06579589843
1725973093330.3699,-0.97351074218,0.24987792968,-0.06579589843
1725973093339.1587,-0.97351074218,0.24987792968,-0.06579589843
1725973093347.9785,-0.97351074218,0.24987792968,-0.06579589843
1725973093356.676,-0.97351074218,0.24987792968,-0.06579589843
1725973093365.4956,-0.97351074218,0.24987792968,-0.06579589843
1725973093374.254,-0.97351074218,0.24987792968,-0.06579589843
1725973093388.75,-0.90478515625,0.23791503906,-0.07861328125
1725973093397.234,-0.90478515625,0.23791503906,-0.07861328125
1725973093406.0535,-0.90478515625,0.23791503906,-0.07861328125
1725973093414.812,-0.90478515625,0.23791503906,-0.07861328125
1725973093423.6316,-0.90478515625,0.23791503906,-0.07861328125
1725973093432.4207,-0.90478515625,0.23791503906,-0.07861328125
1725973093441.1792,-0.90478515625,0.23791503906,-0.07861328125
1725973093449.9988,-0.90478515625,0.23791503906,-0.07861328125
1725973093464.0369,-0.85498046875,0.25012207031,-0.11791992187
1725973093472.7954,-0.85498046875,0.25012207031,-0.11791992187
1725973093481.5234,-0.85498046875,0.25012207031,-0.11791992187
1725973093490.2207,-0.85498046875,0.25012207031,-0.11791992187
1725973093498.9185,-0.85498046875,0.25012207031,-0.11791992187
1725973093507.7075,-0.85498046875,0.25012207031,-0.11791992187
1725973093516.4355,-0.85498046875,0.25012207031,-0.11791992187
1725973093525.133,-0.85498046875,0.25012207031,-0.11791992187
1725973093533.861,-0.85498046875,0.25012207031,-0.11791992187
1725973093547.9602,-0.943359375,0.25988769531,-0.16125488281
1725973093556.6272,-0.943359375,0.25988769531,-0.16125488281
1725973093565.3855,-0.943359375,0.25988769531,-0.16125488281
1725973093574.0222,-0.943359375,0.25988769531,-0.16125488281
1725973093582.7502,-0.943359375,0.25988769531,-0.16125488281
1725973093591.4783,-0.943359375,0.25988769531,-0.16125488281
1725973093600.1755,-0.943359375,0.25988769531,-0.16125488281
1725973093608.8123,-0.943359375,0.25988769531,-0.16125488281
1725973093617.5095,-1.05541992187,0.26037597656,-0.22631835937
1725973093631.5784,-1.05541992187,0.26037597656,-0.22631835937
1725973093640.337,-1.05541992187,0.26037597656,-0.22631835937
1725973093649.126,-1.05541992187,0.26037597656,-0.22631835937
1725973093657.854,-1.05541992187,0.26037597656,-0.22631835937
1725973093666.6736,-1.05541992187,0.26037597656,-0.22631835937
1725973093675.4626,-1.05541992187,0.26037597656,-0.22631835937
1725973093684.2822,-1.05541992187,0.26037597656,-0.22631835937
1725973093693.0103,-1.05541992187,0.26037597656,-0.22631835937
1725973093707.14,-1.04614257812,0.28137207031,-0.26818847656
1725973093715.9287,-1.04614257812,0.28137207031,-0.26818847656
1725973093724.7483,-1.04614257812,0.28137207031,-0.26818847656
1725973093733.568,-1.04614257812,0.28137207031,-0.26818847656
1725973093742.3572,-1.04614257812,0.28137207031,-0.26818847656
1725973093751.1768,-1.04614257812,0.28137207031,-0.26818847656
1725973093759.9353,-1.04614257812,0.28137207031,-0.26818847656
1725973093768.938,-1.04614257812,0.28137207031,-0.26818847656
1725973093783.2202,-1.03759765625,0.28601074218,-0.23754882812
1725973093792.0703,-1.03759765625,0.28601074218,-0.23754882812
1725973093800.7068,-1.03759765625,0.28601074218,-0.23754882812
1725973093809.5264,-1.03759765625,0.28601074218,-0.23754882812
1725973093818.285,-1.03759765625,0.28601074218,-0.23754882812
1725973093827.1045,-1.03759765625,0.28601074218,-0.23754882812
1725973093835.863,-1.03759765625,0.28601074218,-0.23754882812
1725973093844.6826,-1.03759765625,0.28601074218,-0.23754882812
1725973093853.4106,-1.03759765625,0.28601074218,-0.23754882812
1725973093867.5708,-0.99829101562,0.26831054687,-0.20251464843
1725973093876.3904,-0.99829101562,0.26831054687,-0.20251464843
1725973093885.1487,-0.99829101562,0.26831054687,-0.20251464843
1725973093893.999,-0.99829101562,0.26831054687,-0.20251464843
1725973093902.727,-0.99829101562,0.26831054687,-0.20251464843
1725973093911.5466,-0.99829101562,0.26831054687,-0.20251464843
1725973093920.3357,-0.99829101562,0.26831054687,-0.20251464843
1725973093929.1553,-0.99829101562,0.26831054687,-0.20251464843
1725973093943.193,-0.89440917968,0.27880859375,-0.1767578125
1725973093951.8909,-0.89440917968,0.27880859375,-0.1767578125
1725973093960.5884,-0.89440917968,0.27880859375,-0.1767578125
1725973093969.3164,-0.89440917968,0.27880859375,-0.1767578125
1725973093977.953,-0.89440917968,0.27880859375,-0.1767578125
1725973093986.681,-0.89440917968,0.27880859375,-0.1767578125
1725973093995.3784,-0.89440917968,0.27880859375,-0.1767578125
1725973094004.1064,-0.89440917968,0.27880859375,-0.1767578125
1725973094012.8345,-0.89440917968,0.27880859375,-0.1767578125
1725973094026.842,-0.85119628906,0.30346679687,-0.18872070312
1725973094035.6616,-0.85119628906,0.30346679687,-0.18872070312
1725973094044.42,-0.85119628906,0.30346679687,-0.18872070312
1725973094053.2395,-0.85119628906,0.30346679687,-0.18872070312
1725973094062.0288,-0.85119628906,0.30346679687,-0.18872070312
1725973094070.8484,-0.85119628906,0.30346679687,-0.18872070312
1725973094079.6067,-0.85119628906,0.30346679687,-0.18872070312
1725973094088.4265,-0.85119628906,0.30346679687,-0.18872070312
1725973094097.2156,-0.85119628906,0.30346679687,-0.18872070312
1725973094111.3452,-0.87487792968,0.33483886718,-0.24743652343
1725973094120.1343,-0.87487792968,0.33483886718,-0.24743652343
1725973094128.9539,-0.87487792968,0.33483886718,-0.24743652343
1725973094137.7734,-0.87487792968,0.33483886718,-0.24743652343
1725973094146.776,-0.87487792968,0.33483886718,-0.24743652343
1725973094155.5957,-0.87487792968,0.33483886718,-0.24743652343
1725973094164.3542,-0.87487792968,0.33483886718,-0.24743652343
1725973094173.1738,-0.87487792968,0.33483886718,-0.24743652343
1725973094187.212,-0.94946289062,0.32971191406,-0.267578125
1725973094195.7263,-0.94946289062,0.32971191406,-0.267578125
1725973094204.2102,-0.94946289062,0.32971191406,-0.267578125
1725973094212.7551,-0.94946289062,0.32971191406,-0.267578125
1725973094221.239,-0.94946289062,0.32971191406,-0.267578125
1725973094229.784,-0.94946289062,0.32971191406,-0.267578125
1725973094238.2678,-0.94946289062,0.32971191406,-0.267578125
1725973094246.7822,-0.94946289062,0.32971191406,-0.267578125
1725973094255.266,-0.94946289062,0.32971191406,-0.267578125
1725973094269.121,-1.08227539062,0.33874511718,-0.25500488281
1725973094277.788,-1.08227539062,0.33874511718,-0.25500488281
1725973094286.6077,-1.08227539062,0.33874511718,-0.25500488281
1725973094295.3662,-1.08227539062,0.33874511718,-0.25500488281
1725973094304.1553,-1.08227539062,0.33874511718,-0.25500488281
1725973094312.9138,-1.08227539062,0.33874511718,-0.25500488281
1725973094321.7332,-1.08227539062,0.33874511718,-0.25500488281
1725973094330.492,-1.08227539062,0.33874511718,-0.25500488281
1725973094344.6216,-1.056640625,0.36279296875,-0.25024414062
1725973094353.319,-1.056640625,0.36279296875,-0.25024414062
1725973094362.0776,-1.056640625,0.36279296875,-0.25024414062
1725973094370.7751,-1.056640625,0.36279296875,-0.25024414062
1725973094379.5032,-1.056640625,0.36279296875,-0.25024414062
1725973094391.466,-1.056640625,0.36279296875,-0.25024414062
1725973094400.1636,-1.056640625,0.36279296875,-0.25024414062
1725973094408.922,-1.056640625,0.36279296875,-0.25024414062
1725973094417.6196,-0.99353027343,0.35522460937,-0.20104980468
1725973094431.7493,-0.99353027343,0.35522460937,-0.20104980468
1725973094440.5383,-0.99353027343,0.35522460937,-0.20104980468
1725973094449.3271,-0.99353027343,0.35522460937,-0.20104980468
1725973094458.1165,-0.99353027343,0.35522460937,-0.20104980468
1725973094466.936,-0.99353027343,0.35522460937,-0.20104980468
1725973094475.7556,-0.99353027343,0.35522460937,-0.20104980468
1725973094484.514,-0.99353027343,0.35522460937,-0.20104980468
1725973094493.3335,-0.99353027343,0.35522460937,-0.20104980468
1725973094507.4329,-1.04125976562,0.33190917968,-0.13024902343
1725973094516.2524,-1.04125976562,0.33190917968,-0.13024902343
1725973094525.1023,-1.04125976562,0.33190917968,-0.13024902343
1725973094534.2273,-1.04125976562,0.33190917968,-0.13024902343
1725973094542.9858,-1.04125976562,0.33190917968,-0.13024902343
1725973094551.8054,-1.04125976562,0.33190917968,-0.13024902343
1725973094560.5945,-1.04125976562,0.33190917968,-0.13024902343
1725973094569.414,-1.04125976562,0.33190917968,-0.13024902343
1725973094583.3604,-1.01452636718,0.29907226562,-0.1044921875
1725973094592.1497,-1.01452636718,0.29907226562,-0.1044921875
1725973094600.8777,-1.01452636718,0.29907226562,-0.1044921875
1725973094609.6057,-1.01452636718,0.29907226562,-0.1044921875
1725973094618.3948,-1.01452636718,0.29907226562,-0.1044921875
1725973094627.1228,-1.01452636718,0.29907226562,-0.1044921875
1725973094635.9119,-1.01452636718,0.29907226562,-0.1044921875
1725973094644.64,-1.01452636718,0.29907226562,-0.1044921875
1725973094653.4287,-1.01452636718,0.29907226562,-0.1044921875
1725973094667.467,-0.92395019531,0.27136230468,-0.12060546875
1725973094676.3171,-0.92395019531,0.27136230468,-0.12060546875
1725973094685.0757,-0.92395019531,0.27136230468,-0.12060546875
1725973094693.8953,-0.92395019531,0.27136230468,-0.12060546875
1725973094702.6843,-0.92395019531,0.27136230468,-0.12060546875
1725973094711.504,-0.92395019531,0.27136230468,-0.12060546875
1725973094720.2014,-0.92395019531,0.27136230468,-0.12060546875
1725973094729.0208,-0.92395019531,0.27136230468,-0.12060546875
1725973094743.1506,-0.85876464843,0.24267578125,-0.16357421875
1725973094751.9397,-0.85876464843,0.24267578125,-0.16357421875
1725973094760.7593,-0.85876464843,0.24267578125,-0.16357421875
1725973094769.5178,-0.85876464843,0.24267578125,-0.16357421875
1725973094778.368,-0.85876464843,0.24267578125,-0.16357421875
1725973094787.1265,-0.85876464843,0.24267578125,-0.16357421875
1725973094795.9763,-0.85876464843,0.24267578125,-0.16357421875
1725973094804.613,-0.85876464843,0.24267578125,-0.16357421875
1725973094813.4326,-0.85876464843,0.24267578125,-0.16357421875
1725973094827.5012,-0.89916992187,0.22204589843,-0.20446777343
1725973094836.3208,-0.89916992187,0.22204589843,-0.20446777343
1725973094845.1099,-0.89916992187,0.22204589843,-0.20446777343
1725973094853.9294,-0.89916992187,0.22204589843,-0.20446777343
1725973094862.749,-0.89916992187,0.22204589843,-0.20446777343
1725973094871.477,-0.89916992187,0.22204589843,-0.20446777343
1725973094880.2966,-0.89916992187,0.22204589843,-0.20446777343
1725973094889.0857,-0.89916992187,0.22204589843,-0.20446777343
1725973094903.2458,-1.0400390625,0.26477050781,-0.20263671875
1725973094912.3706,-1.0400390625,0.26477050781,-0.20263671875
1725973094921.1292,-1.0400390625,0.26477050781,-0.20263671875
1725973094929.8572,-1.0400390625,0.26477050781,-0.20263671875
1725973094938.6462,-1.0400390625,0.26477050781,-0.20263671875
1725973094947.4048,-1.0400390625,0.26477050781,-0.20263671875
1725973094956.163,-1.0400390625,0.26477050781,-0.20263671875
1725973094964.891,-1.0400390625,0.26477050781,-0.20263671875
1725973094973.6804,-1.0400390625,0.26477050781,-0.20263671875
1725973094987.749,-0.978515625,0.30847167968,-0.19140625
1725973094996.3547,-0.978515625,0.30847167968,-0.19140625
1725973095004.9607,-0.978515625,0.30847167968,-0.19140625
1725973095013.475,-0.978515625,0.30847167968,-0.19140625
1725973095022.1423,-0.978515625,0.30847167968,-0.19140625
1725973095030.7483,-0.978515625,0.30847167968,-0.19140625
1725973095039.3848,-0.978515625,0.30847167968,-0.19140625
1725973095047.9297,-0.978515625,0.30847167968,-0.19140625
1725973095056.4746,-0.978515625,0.30847167968,-0.19140625
1725973095070.299,-0.99670410156,0.30480957031,-0.16320800781
1725973095079.1492,-0.99670410156,0.30480957031,-0.16320800781
1725973095087.9077,-0.99670410156,0.30480957031,-0.16320800781
1725973095096.7273,-0.99670410156,0.30480957031,-0.16320800781
1725973095105.4858,-0.99670410156,0.30480957031,-0.16320800781
1725973095114.3054,-0.99670410156,0.30480957031,-0.16320800781
1725973095123.064,-0.99670410156,0.30480957031,-0.16320800781
1725973095131.8835,-0.99670410156,0.30480957031,-0.16320800781
1725973095145.9827,-0.9384765625,0.30212402343,-0.14904785156
1725973095154.7715,-0.9384765625,0.30212402343,-0.14904785156
1725973095163.4995,-0.9384765625,0.30212402343,-0.14904785156
1725973095172.319,-0.9384765625,0.30212402343,-0.14904785156
1725973095181.0168,-0.9384765625,0.30212402343,-0.14904785156
1725973095189.806,-0.9384765625,0.30212402343,-0.14904785156
1725973095198.6255,-0.9384765625,0.30212402343,-0.14904785156
1725973095207.3535,-0.9384765625,0.30212402343,-0.14904785156
1725973095216.112,-0.9384765625,0.30212402343,-0.14904785156
1725973095230.1807,-0.87902832031,0.3310546875,-0.16223144531
1725973095238.9087,-0.87902832031,0.3310546875,-0.16223144531
1725973095247.6367,-0.87902832031,0.3310546875,-0.16223144531
1725973095256.3342,-0.87902832031,0.3310546875,-0.16223144531
1725973095265.0315,-0.87902832031,0.3310546875,-0.16223144531
1725973095273.8208,-0.87902832031,0.3310546875,-0.16223144531
1725973095282.5488,-0.87902832031,0.3310546875,-0.16223144531
1725973095291.6123,-0.87902832031,0.3310546875,-0.16223144531
1725973095305.6506,-0.85241699218,0.34143066406,-0.21325683593
1725973095314.4702,-0.85241699218,0.34143066406,-0.21325683593
1725973095323.2288,-0.85241699218,0.34143066406,-0.21325683593
1725973095332.0789,-0.85241699218,0.34143066406,-0.21325683593
1725973095340.8984,-0.85241699218,0.34143066406,-0.21325683593
1725973095349.535,-0.85241699218,0.34143066406,-0.21325683593
1725973095358.385,-0.85241699218,0.34143066406,-0.21325683593
1725973095367.1436,-0.85241699218,0.34143066406,-0.21325683593
1725973095375.9326,-0.85241699218,0.34143066406,-0.21325683593
1725973095390.0012,-0.93371582031,0.34008789062,-0.24951171875
1725973095398.7903,-0.93371582031,0.34008789062,-0.24951171875
1725973095407.579,-0.93371582031,0.34008789062,-0.24951171875
1725973095416.3684,-0.93371582031,0.34008789062,-0.24951171875
1725973095425.1575,-0.93371582031,0.34008789062,-0.24951171875
1725973095433.977,-0.93371582031,0.34008789062,-0.24951171875
1725973095442.7356,-0.93371582031,0.34008789062,-0.24951171875
1725973095451.5857,-0.93371582031,0.34008789062,-0.24951171875
1725973095465.715,-1.10717773437,0.32482910156,-0.24658203125
1725973095474.5044,-1.10717773437,0.32482910156,-0.24658203125
1725973095483.3545,-1.10717773437,0.32482910156,-0.24658203125
1725973095492.113,-1.10717773437,0.32482910156,-0.24658203125
1725973095500.9631,-1.10717773437,0.32482910156,-0.24658203125
1725973095509.752,-1.10717773437,0.32482910156,-0.24658203125
1725973095518.6023,-1.10717773437,0.32482910156,-0.24658203125
1725973095527.391,-1.10717773437,0.32482910156,-0.24658203125
1725973095536.2415,-1.10717773437,0.32482910156,-0.24658203125
1725973095550.371,-1.11303710937,0.33227539062,-0.2265625
1725973095559.0076,-1.11303710937,0.33227539062,-0.2265625
1725973095567.6743,-1.11303710937,0.33227539062,-0.2265625
1725973095576.372,-1.11303710937,0.33227539062,-0.2265625
1725973095585.0696,-1.11303710937,0.33227539062,-0.2265625
1725973095593.706,-1.11303710937,0.33227539062,-0.2265625
1725973095602.4036,-1.11303710937,0.33227539062,-0.2265625
1725973095611.04,-1.11303710937,0.33227539062,-0.2265625
1725973095625.0476,-1.02917480468,0.34936523437,-0.19323730468
1725973095633.745,-1.02917480468,0.34936523437,-0.19323730468
1725973095642.5037,-1.02917480468,0.34936523437,-0.19323730468
1725973095651.2012,-1.02917480468,0.34936523437,-0.19323730468
1725973095659.8987,-1.02917480468,0.34936523437,-0.19323730468
1725973095668.7488,-1.02917480468,0.34936523437,-0.19323730468
1725973095677.7515,-1.02917480468,0.34936523437,-0.19323730468
1725973095686.4487,-1.02917480468,0.34936523437,-0.19323730468
1725973095695.2075,-1.02917480468,0.34936523437,-0.19323730468
1725973095709.2456,-0.99328613281,0.32495117187,-0.15673828125
1725973095718.004,-0.99328613281,0.32495117187,-0.15673828125
1725973095726.7017,-0.99328613281,0.32495117187,-0.15673828125
1725973095735.4602,-0.99328613281,0.32495117187,-0.15673828125
1725973095744.1882,-0.99328613281,0.32495117187,-0.15673828125
1725973095752.9468,-0.99328613281,0.32495117187,-0.15673828125
1725973095761.6748,-0.99328613281,0.32495117187,-0.15673828125
1725973095770.4028,-0.99328613281,0.32495117187,-0.15673828125
1725973095784.4714,-0.95886230468,0.27404785156,-0.12414550781
1725973095793.23,-0.95886230468,0.27404785156,-0.12414550781
1725973095802.0496,-0.95886230468,0.27404785156,-0.12414550781
1725973095810.808,-0.95886230468,0.27404785156,-0.12414550781
1725973095819.6277,-0.95886230468,0.27404785156,-0.12414550781
1725973095828.3862,-0.95886230468,0.27404785156,-0.12414550781
1725973095837.2058,-0.95886230468,0.27404785156,-0.12414550781
1725973095845.9644,-0.95886230468,0.27404785156,-0.12414550781
1725973095854.784,-0.95886230468,0.27404785156,-0.12414550781
1725973095868.8523,-0.96252441406,0.23669433593,-0.11315917968
1725973095877.55,-0.96252441406,0.23669433593,-0.11315917968
1725973095886.1863,-0.96252441406,0.23669433593,-0.11315917968
1725973095894.884,-0.96252441406,0.23669433593,-0.11315917968
1725973095903.551,-0.96252441406,0.23669433593,-0.11315917968
1725973095912.2483,-0.96252441406,0.23669433593,-0.11315917968
1725973095920.9155,-0.96252441406,0.23669433593,-0.11315917968
1725973095929.6436,-0.96252441406,0.23669433593,-0.11315917968
1725973095943.6206,-0.96533203125,0.22973632812,-0.13928222656
1725973095952.3486,-0.96533203125,0.22973632812,-0.13928222656
1725973095961.0767,-0.96533203125,0.22973632812,-0.13928222656
1725973095969.8352,-0.96533203125,0.22973632812,-0.13928222656
1725973095978.5935,-0.96533203125,0.22973632812,-0.13928222656
1725973095987.1387,-0.96533203125,0.22973632812,-0.13928222656
1725973095995.8667,-0.96533203125,0.22973632812,-0.13928222656
1725973096004.5947,-0.96533203125,0.22973632812,-0.13928222656
1725973096013.3228,-0.96533203125,0.22973632812,-0.13928222656
1725973096027.3608,-0.97497558593,0.21179199218,-0.17956542968
1725973096036.15,-0.97497558593,0.21179199218,-0.17956542968
1725973096044.9084,-0.97497558593,0.21179199218,-0.17956542968
1725973096054.0637,-0.97497558593,0.21179199218,-0.17956542968
1725973096062.8223,-0.97497558593,0.21179199218,-0.17956542968
1725973096071.5503,-0.97497558593,0.21179199218,-0.17956542968
1725973096080.3088,-0.97497558593,0.21179199218,-0.17956542968
1725973096089.098,-0.97497558593,0.21179199218,-0.17956542968
1725973096103.197,-0.98254394531,0.19934082031,-0.21398925781
1725973096111.925,-0.98254394531,0.19934082031,-0.21398925781
1725973096120.714,-0.98254394531,0.19934082031,-0.21398925781
1725973096129.4727,-0.98254394531,0.19934082031,-0.21398925781
1725973096138.17,-0.98254394531,0.19934082031,-0.21398925781
1725973096146.898,-0.98254394531,0.19934082031,-0.21398925781
1725973096155.6873,-0.98254394531,0.19934082031,-0.21398925781
1725973096164.4153,-0.98254394531,0.19934082031,-0.21398925781
1725973096173.2043,-0.98254394531,0.19934082031,-0.21398925781
1725973096187.2424,-0.98400878906,0.2373046875,-0.23840332031
1725973096196.0007,-0.98400878906,0.2373046875,-0.23840332031
1725973096204.668,-0.98400878906,0.2373046875,-0.23840332031
1725973096213.3044,-0.98400878906,0.2373046875,-0.23840332031
1725973096222.0325,-0.98400878906,0.2373046875,-0.23840332031
1725973096230.7605,-0.98400878906,0.2373046875,-0.23840332031
1725973096239.4883,-0.98400878906,0.2373046875,-0.23840332031
1725973096248.2163,-0.98400878906,0.2373046875,-0.23840332031
1725973096256.975,-0.98400878906,0.2373046875,-0.23840332031
1725973096270.9827,-0.98571777343,0.24560546875,-0.22692871093
1725973096279.7412,-0.98571777343,0.24560546875,-0.22692871093
1725973096288.4387,-0.98571777343,0.24560546875,-0.22692871093
1725973096297.2275,-0.98571777343,0.24560546875,-0.22692871093
1725973096305.9558,-0.98571777343,0.24560546875,-0.22692871093
1725973096314.7449,-0.98571777343,0.24560546875,-0.22692871093
1725973096323.473,-0.98571777343,0.24560546875,-0.22692871093
1725973096332.2314,-0.98571777343,0.24560546875,-0.22692871093
1725973096346.2695,-0.94482421875,0.23388671875,-0.20690917968
1725973096354.9363,-0.94482421875,0.23388671875,-0.20690917968
1725973096363.634,-0.94482421875,0.23388671875,-0.20690917968
1725973096372.3923,-0.94482421875,0.23388671875,-0.20690917968
1725973096381.0596,-0.94482421875,0.23388671875,-0.20690917968
1725973096389.7263,-0.94482421875,0.23388671875,-0.20690917968
1725973096398.363,-0.94482421875,0.23388671875,-0.20690917968
1725973096407.091,-0.94482421875,0.23388671875,-0.20690917968
1725973096415.88,-0.94482421875,0.23388671875,-0.20690917968
1725973096430.2844,-0.89453125,0.27319335937,-0.19543457031
1725973096438.921,-0.89453125,0.27319335937,-0.19543457031
1725973096447.5269,-0.89453125,0.27319335937,-0.19543457031
1725973096456.163,-0.89453125,0.27319335937,-0.19543457031
1725973096464.7693,-0.89453125,0.27319335937,-0.19543457031
1725973096473.4363,-0.89453125,0.27319335937,-0.19543457031
1725973096482.0422,-0.89453125,0.27319335937,-0.19543457031
1725973096490.7092,-0.89453125,0.27319335937,-0.19543457031
1725973096504.6252,-0.87524414062,0.31140136718,-0.22766113281
1725973096513.4143,-0.87524414062,0.31140136718,-0.22766113281
1725973096522.1423,-0.87524414062,0.31140136718,-0.22766113281
1725973096530.9312,-0.87524414062,0.31140136718,-0.22766113281
1725973096539.69,-0.87524414062,0.31140136718,-0.22766113281
1725973096548.4485,-0.87524414062,0.31140136718,-0.22766113281
1725973096557.207,-0.87524414062,0.31140136718,-0.22766113281
1725973096565.874,-0.87524414062,0.31140136718,-0.22766113281
1725973096574.6323,-0.87524414062,0.31140136718,-0.22766113281
1725973096588.7012,-0.92565917968,0.33227539062,-0.28442382812
1725973096597.4292,-0.92565917968,0.33227539062,-0.28442382812
1725973096606.1875,-0.92565917968,0.33227539062,-0.28442382812
1725973096614.9768,-0.92565917968,0.33227539062,-0.28442382812
1725973096623.735,-0.92565917968,0.33227539062,-0.28442382812
1725973096632.494,-0.92565917968,0.33227539062,-0.28442382812
1725973096641.222,-0.92565917968,0.33227539062,-0.28442382812
1725973096650.0415,-0.92565917968,0.33227539062,-0.28442382812
1725973096664.11,-1.11071777343,0.35864257812,-0.291015625
1725973096672.838,-1.11071777343,0.35864257812,-0.291015625
1725973096681.5051,-1.11071777343,0.35864257812,-0.291015625
1725973096690.2332,-1.11071777343,0.35864257812,-0.291015625
1725973096698.9307,-1.11071777343,0.35864257812,-0.291015625
1725973096707.628,-1.11071777343,0.35864257812,-0.291015625
1725973096716.2952,-1.11071777343,0.35864257812,-0.291015625
1725973096725.0537,-1.11071777343,0.35864257812,-0.291015625
1725973096733.69,-1.11071777343,0.35864257812,-0.291015625
1725973096747.7588,-1.16052246093,0.36267089843,-0.28369140625
1725973096756.4868,-1.16052246093,0.36267089843,-0.28369140625
1725973096765.245,-1.16052246093,0.36267089843,-0.28369140625
1725973096774.0344,-1.16052246093,0.36267089843,-0.28369140625
1725973096782.7927,-1.16052246093,0.36267089843,-0.28369140625
1725973096791.4905,-1.16052246093,0.36267089843,-0.28369140625
1725973096800.2185,-1.16052246093,0.36267089843,-0.28369140625
1725973096809.0686,-1.16052246093,0.36267089843,-0.28369140625
1725973096823.473,-1.10656738281,0.37292480468,-0.26049804687
1725973096832.2314,-1.10656738281,0.37292480468,-0.26049804687
1725973096840.9287,-1.10656738281,0.37292480468,-0.26049804687
1725973096849.718,-1.10656738281,0.37292480468,-0.26049804687
1725973096858.446,-1.10656738281,0.37292480468,-0.26049804687
1725973096867.235,-1.10656738281,0.37292480468,-0.26049804687
1725973096875.9631,-1.10656738281,0.37292480468,-0.26049804687
1725973096884.752,-1.10656738281,0.37292480468,-0.26049804687
1725973096893.4802,-1.10656738281,0.37292480468,-0.26049804687
1725973096907.579,-1.06481933593,0.34533691406,-0.21215820312
1725973096916.3684,-1.06481933593,0.34533691406,-0.21215820312
1725973096925.1267,-1.06481933593,0.34533691406,-0.21215820312
1725973096933.8855,-1.06481933593,0.34533691406,-0.21215820312
1725973096942.644,-1.06481933593,0.34533691406,-0.21215820312
1725973096951.433,-1.06481933593,0.34533691406,-0.21215820312
1725973096960.222,-1.06481933593,0.34533691406,-0.21215820312
1725973096969.0112,-1.06481933593,0.34533691406,-0.21215820312
1725973096983.0798,-0.99621582031,0.28662109375,-0.15734863281
1725973096991.8994,-0.99621582031,0.28662109375,-0.15734863281
1725973097000.5967,-0.99621582031,0.28662109375,-0.15734863281
1725973097009.386,-0.99621582031,0.28662109375,-0.15734863281
1725973097018.1443,-0.99621582031,0.28662109375,-0.15734863281
1725973097026.842,-0.99621582031,0.28662109375,-0.15734863281
1725973097035.6003,-0.99621582031,0.28662109375,-0.15734863281
1725973097044.3591,-0.99621582031,0.28662109375,-0.15734863281
1725973097053.148,-0.99621582031,0.28662109375,-0.15734863281
1725973097067.2168,-0.97265625,0.25817871093,-0.10986328125
1725973097075.8533,-0.97265625,0.25817871093,-0.10986328125
1725973097084.5203,-0.97265625,0.25817871093,-0.10986328125
1725973097093.2175,-0.97265625,0.25817871093,-0.10986328125
1725973097101.8542,-0.97265625,0.25817871093,-0.10986328125
1725973097110.5515,-0.97265625,0.25817871093,-0.10986328125
1725973097119.1882,-0.97265625,0.25817871093,-0.10986328125
1725973097127.8855,-0.97265625,0.25817871093,-0.10986328125
1725973097136.5222,-0.97265625,0.25817871093,-0.10986328125
1725973097150.5603,-0.92932128906,0.248046875,-0.09802246093
1725973097159.2578,-0.92932128906,0.248046875,-0.09802246093
1725973097167.8635,-0.92932128906,0.248046875,-0.09802246093
1725973097176.5613,-0.92932128906,0.248046875,-0.09802246093
1725973097185.3503,-0.92932128906,0.248046875,-0.09802246093
1725973097194.414,-0.92932128906,0.248046875,-0.09802246093
1725973097203.02,-0.92932128906,0.248046875,-0.09802246093
1725973097215.0134,-0.92932128906,0.248046875,-0.09802246093
1725973097229.0515,-0.93725585937,0.24230957031,-0.13122558593
1725973097237.871,-0.93725585937,0.24230957031,-0.13122558593
1725973097246.538,-0.93725585937,0.24230957031,-0.13122558593
1725973097255.2966,-0.93725585937,0.24230957031,-0.13122558593
1725973097264.0552,-0.93725585937,0.24230957031,-0.13122558593
1725973097272.8442,-0.93725585937,0.24230957031,-0.13122558593
1725973097281.6028,-0.93725585937,0.24230957031,-0.13122558593
1725973097290.4224,-0.93725585937,0.24230957031,-0.13122558593
1725973097304.4907,-1.009765625,0.22399902343,-0.19458007812
1725973097313.2188,-1.009765625,0.22399902343,-0.19458007812
1725973097321.9165,-1.009765625,0.22399902343,-0.19458007812
1725973097330.6443,-1.009765625,0.22399902343,-0.19458007812
1725973097339.281,-1.009765625,0.22399902343,-0.19458007812
1725973097348.009,-1.009765625,0.22399902343,-0.19458007812
1725973097356.737,-1.009765625,0.22399902343,-0.19458007812
1725973097365.4343,-1.009765625,0.22399902343,-0.19458007812
1725973097374.1624,-1.009765625,0.22399902343,-0.19458007812
1725973097388.17,-0.99670410156,0.22485351562,-0.27099609375
1725973097396.9592,-0.99670410156,0.22485351562,-0.27099609375
1725973097405.7175,-0.99670410156,0.22485351562,-0.27099609375
1725973097414.5068,-0.99670410156,0.22485351562,-0.27099609375
1725973097423.2043,-0.99670410156,0.22485351562,-0.27099609375
1725973097432.024,-0.99670410156,0.22485351562,-0.27099609375
1725973097440.7825,-0.99670410156,0.22485351562,-0.27099609375
1725973097449.5715,-0.99670410156,0.22485351562,-0.27099609375
1725973097463.64,-0.97290039062,0.21057128906,-0.29211425781
1725973097472.4292,-0.97290039062,0.21057128906,-0.29211425781
1725973097481.2183,-0.97290039062,0.21057128906,-0.29211425781
1725973097489.9463,-0.97290039062,0.21057128906,-0.29211425781
1725973097498.7048,-0.97290039062,0.21057128906,-0.29211425781
1725973097507.4329,-0.97290039062,0.21057128906,-0.29211425781
1725973097516.222,-0.97290039062,0.21057128906,-0.29211425781
1725973097524.9805,-0.97290039062,0.21057128906,-0.29211425781
1725973097533.678,-0.97290039062,0.21057128906,-0.29211425781
1725973097547.7463,-0.96276855468,0.20190429687,-0.26440429687
1725973097556.5356,-0.96276855468,0.20190429687,-0.26440429687
1725973097565.3247,-0.96276855468,0.20190429687,-0.26440429687
1725973097574.48,-0.96276855468,0.20190429687,-0.26440429687
1725973097583.2383,-0.96276855468,0.20190429687,-0.26440429687
1725973097592.0276,-0.96276855468,0.20190429687,-0.26440429687
1725973097600.786,-0.96276855468,0.20190429687,-0.26440429687
1725973097609.5447,-0.96276855468,0.20190429687,-0.26440429687
1725973097623.6743,-0.9091796875,0.2509765625,-0.2275390625
1725973097632.3413,-0.9091796875,0.2509765625,-0.2275390625
1725973097641.0388,-0.9091796875,0.2509765625,-0.2275390625
1725973097649.6753,-0.9091796875,0.2509765625,-0.2275390625
1725973097658.4033,-0.9091796875,0.2509765625,-0.2275390625
1725973097667.0093,-0.9091796875,0.2509765625,-0.2275390625
1725973097675.7373,-0.9091796875,0.2509765625,-0.2275390625
1725973097684.3433,-0.9091796875,0.2509765625,-0.2275390625
1725973097693.0408,-0.9091796875,0.2509765625,-0.2275390625
1725973097707.0178,-0.90600585937,0.30725097656,-0.22900390625
1725973097715.807,-0.90600585937,0.30725097656,-0.22900390625
1725973097724.5654,-0.90600585937,0.30725097656,-0.22900390625
1725973097733.324,-0.90600585937,0.30725097656,-0.22900390625
1725973097742.0825,-0.90600585937,0.30725097656,-0.22900390625
1725973097750.8716,-0.90600585937,0.30725097656,-0.22900390625
1725973097759.63,-0.90600585937,0.30725097656,-0.22900390625
1725973097768.4192,-0.90600585937,0.30725097656,-0.22900390625
1725973097782.5183,-0.94311523437,0.341796875,-0.26940917968
1725973097791.2463,-0.94311523437,0.341796875,-0.26940917968
1725973097800.0354,-0.94311523437,0.341796875,-0.26940917968
1725973097808.7634,-0.94311523437,0.341796875,-0.26940917968
1725973097817.5525,-0.94311523437,0.341796875,-0.26940917968
1725973097826.311,-0.94311523437,0.341796875,-0.26940917968
1725973097835.1,-0.94311523437,0.341796875,-0.26940917968
1725973097843.828,-0.94311523437,0.341796875,-0.26940917968
1725973097852.4644,-0.94311523437,0.341796875,-0.26940917968
1725973097866.5332,-1.03552246093,0.34130859375,-0.26318359375
1725973097875.2915,-1.03552246093,0.34130859375,-0.26318359375
1725973097884.0808,-1.03552246093,0.34130859375,-0.26318359375
1725973097892.9004,-1.03552246093,0.34130859375,-0.26318359375
1725973097901.6284,-1.03552246093,0.34130859375,-0.26318359375
1725973097910.3867,-1.03552246093,0.34130859375,-0.26318359375
1725973097919.2063,-1.03552246093,0.34130859375,-0.26318359375
1725973097927.9956,-1.03552246093,0.34130859375,-0.26318359375
1725973097936.8152,-1.15771484375,0.33264160156,-0.2353515625
1725973097951.2805,-1.15771484375,0.33264160156,-0.2353515625
1725973097960.1,-1.15771484375,0.33264160156,-0.2353515625
1725973097968.828,-1.15771484375,0.33264160156,-0.2353515625
1725973097977.495,-1.15771484375,0.33264160156,-0.2353515625
1725973097986.1926,-1.15771484375,0.33264160156,-0.2353515625
1725973097995.0122,-1.15771484375,0.33264160156,-0.2353515625
1725973098003.7402,-1.15771484375,0.33264160156,-0.2353515625
1725973098012.4683,-1.15771484375,0.33264160156,-0.2353515625
1725973098026.5369,-1.15124511718,0.35266113281,-0.21081542968
1725973098035.2954,-1.15124511718,0.35266113281,-0.21081542968
1725973098044.0845,-1.15124511718,0.35266113281,-0.21081542968
1725973098052.8125,-1.15124511718,0.35266113281,-0.21081542968
1725973098061.3574,-1.15124511718,0.35266113281,-0.21081542968
1725973098069.994,-1.15124511718,0.35266113281,-0.21081542968
1725973098078.7827,-1.15124511718,0.35266113281,-0.21081542968
1725973098087.5107,-1.15124511718,0.35266113281,-0.21081542968
1725973098096.3,-1.15124511718,0.35266113281,-0.21081542968
1725973098110.3687,-1.10437011718,0.33483886718,-0.166015625
1725973098119.1272,-1.10437011718,0.33483886718,-0.166015625
1725973098127.794,-1.10437011718,0.33483886718,-0.166015625
1725973098136.5527,-1.10437011718,0.33483886718,-0.166015625
1725973098145.1892,-1.10437011718,0.33483886718,-0.166015625
1725973098153.9475,-1.10437011718,0.33483886718,-0.166015625
1725973098162.6453,-1.10437011718,0.33483886718,-0.166015625
1725973098171.3733,-1.10437011718,0.33483886718,-0.166015625
1725973098185.4111,-1.10754394531,0.26708984375,-0.12744140625
1725973098194.17,-1.10754394531,0.26708984375,-0.12744140625
1725973098202.898,-1.10754394531,0.26708984375,-0.12744140625
1725973098211.626,-1.10754394531,0.26708984375,-0.12744140625
1725973098220.354,-1.10754394531,0.26708984375,-0.12744140625
1725973098229.082,-1.10754394531,0.26708984375,-0.12744140625
1725973098237.7795,-1.10754394531,0.26708984375,-0.12744140625
1725973098246.5076,-1.10754394531,0.26708984375,-0.12744140625
1725973098255.2966,-1.10754394531,0.26708984375,-0.12744140625
1725973098269.3652,-1.04650878906,0.232421875,-0.10217285156
1725973098278.0627,-1.04650878906,0.232421875,-0.10217285156
1725973098286.7295,-1.04650878906,0.232421875,-0.10217285156
1725973098295.4883,-1.04650878906,0.232421875,-0.10217285156
1725973098304.0637,-1.04650878906,0.232421875,-0.10217285156
1725973098312.8223,-1.04650878906,0.232421875,-0.10217285156
1725973098321.4587,-1.04650878906,0.232421875,-0.10217285156
1725973098330.5835,-1.04650878906,0.232421875,-0.10217285156
1725973098344.5603,-0.97009277343,0.24230957031,-0.07995605468
1725973098353.258,-0.97009277343,0.24230957031,-0.07995605468
1725973098361.9556,-0.97009277343,0.24230957031,-0.07995605468
1725973098370.6836,-0.97009277343,0.24230957031,-0.07995605468
1725973098379.32,-0.97009277343,0.24230957031,-0.07995605468
1725973098388.0176,-0.97009277343,0.24230957031,-0.07995605468
1725973098396.6843,-0.97009277343,0.24230957031,-0.07995605468
1725973098405.3516,-0.97009277343,0.24230957031,-0.07995605468
1725973098413.9575,-0.97009277343,0.24230957031,-0.07995605468
1725973098427.965,-0.947265625,0.23852539062,-0.10913085937
1725973098436.693,-0.947265625,0.23852539062,-0.10913085937
1725973098445.36,-0.947265625,0.23852539062,-0.10913085937
1725973098454.088,-0.947265625,0.23852539062,-0.10913085937
1725973098462.7856,-0.947265625,0.23852539062,-0.10913085937
1725973098471.5137,-0.947265625,0.23852539062,-0.10913085937
1725973098480.15,-0.947265625,0.23852539062,-0.10913085937
1725973098488.878,-0.947265625,0.23852539062,-0.10913085937
1725973098502.8855,-1.02075195312,0.23889160156,-0.15405273437
1725973098511.6443,-1.02075195312,0.23889160156,-0.15405273437
1725973098520.4028,-1.02075195312,0.23889160156,-0.15405273437
1725973098529.192,-1.02075195312,0.23889160156,-0.15405273437
1725973098537.9504,-1.02075195312,0.23889160156,-0.15405273437
1725973098546.7395,-1.02075195312,0.23889160156,-0.15405273437
1725973098555.5283,-1.02075195312,0.23889160156,-0.15405273437
1725973098564.287,-1.02075195312,0.23889160156,-0.15405273437
1725973098573.0151,-1.02075195312,0.23889160156,-0.15405273437
1725973098587.0835,-1.05810546875,0.25463867187,-0.21875
1725973098595.7202,-1.05810546875,0.25463867187,-0.21875
1725973098604.2957,-1.05810546875,0.25463867187,-0.21875
1725973098612.932,-1.05810546875,0.25463867187,-0.21875
1725973098621.5076,-1.05810546875,0.25463867187,-0.21875
1725973098630.1135,-1.05810546875,0.25463867187,-0.21875
1725973098638.6887,-1.05810546875,0.25463867187,-0.21875
1725973098647.3254,-1.05810546875,0.25463867187,-0.21875
1725973098655.8704,-1.05810546875,0.25463867187,-0.21875
1725973098669.817,-1.01928710937,0.2568359375,-0.25732421875
1725973098678.4531,-1.01928710937,0.2568359375,-0.25732421875
1725973098687.1204,-1.01928710937,0.2568359375,-0.25732421875
1725973098695.7568,-1.01928710937,0.2568359375,-0.25732421875
1725973098704.3933,-1.01928710937,0.2568359375,-0.25732421875
1725973098713.396,-1.01928710937,0.2568359375,-0.25732421875
1725973098722.0627,-1.01928710937,0.2568359375,-0.25732421875
1725973098730.6687,-1.01928710937,0.2568359375,-0.25732421875
1725973098744.6155,-1.00952148437,0.25158691406,-0.28784179687
1725973098753.374,-1.00952148437,0.25158691406,-0.28784179687
1725973098762.163,-1.00952148437,0.25158691406,-0.28784179687
1725973098770.891,-1.00952148437,0.25158691406,-0.28784179687
1725973098779.68,-1.00952148437,0.25158691406,-0.28784179687
1725973098788.4995,-1.00952148437,0.25158691406,-0.28784179687
1725973098797.2583,-1.00952148437,0.25158691406,-0.28784179687
1725973098806.047,-1.00952148437,0.25158691406,-0.28784179687
1725973098814.806,-1.00952148437,0.25158691406,-0.28784179687
1725973098828.9355,-0.92468261718,0.25439453125,-0.30822753906
1725973098837.6636,-0.92468261718,0.25439453125,-0.30822753906
1725973098846.4832,-0.92468261718,0.25439453125,-0.30822753906
1725973098855.2722,-0.92468261718,0.25439453125,-0.30822753906
1725973098864.0916,-0.92468261718,0.25439453125,-0.30822753906
1725973098872.8198,-0.92468261718,0.25439453125,-0.30822753906
1725973098881.67,-0.92468261718,0.25439453125,-0.30822753906
1725973098890.3674,-0.92468261718,0.25439453125,-0.30822753906
1725973098904.5276,-0.85900878906,0.28588867187,-0.31982421875
1725973098913.3167,-0.85900878906,0.28588867187,-0.31982421875
1725973098922.1057,-0.85900878906,0.28588867187,-0.31982421875
1725973098930.9253,-0.85900878906,0.28588867187,-0.31982421875
1725973098939.6838,-0.85900878906,0.28588867187,-0.31982421875
1725973098948.534,-0.85900878906,0.28588867187,-0.31982421875
1725973098957.2925,-0.85900878906,0.28588867187,-0.31982421875
1725973098966.112,-0.85900878906,0.28588867187,-0.31982421875
1725973098974.8706,-0.85900878906,0.28588867187,-0.31982421875
1725973098989.0002,-0.8544921875,0.28918457031,-0.31591796875
1725973098997.7283,-0.8544921875,0.28918457031,-0.31591796875
1725973099006.517,-0.8544921875,0.28918457031,-0.31591796875
1725973099015.3064,-0.8544921875,0.28918457031,-0.31591796875
1725973099024.0344,-0.8544921875,0.28918457031,-0.31591796875
1725973099032.8235,-0.8544921875,0.28918457031,-0.31591796875
1725973099041.5515,-0.8544921875,0.28918457031,-0.31591796875
1725973099050.3403,-0.8544921875,0.28918457031,-0.31591796875
1725973099064.3787,-0.86694335937,0.26245117187,-0.25463867187
1725973099073.1982,-0.86694335937,0.26245117187,-0.25463867187
1725973099081.9568,-0.86694335937,0.26245117187,-0.25463867187
1725973099090.8984,-0.86694335937,0.26245117187,-0.25463867187
1725973099099.8096,-0.86694335937,0.26245117187,-0.25463867187
1725973099108.5986,-0.86694335937,0.26245117187,-0.25463867187
1725973099117.3572,-0.86694335937,0.26245117187,-0.25463867187
1725973099126.1768,-0.86694335937,0.26245117187,-0.25463867187
1725973099134.9963,-0.86694335937,0.26245117187,-0.25463867187
1725973099149.0955,-1.07397460937,0.25634765625,-0.17077636718
1725973099157.915,-1.07397460937,0.25634765625,-0.17077636718
1725973099166.643,-1.07397460937,0.25634765625,-0.17077636718
1725973099175.4626,-1.07397460937,0.25634765625,-0.17077636718
1725973099184.2212,-1.07397460937,0.25634765625,-0.17077636718
1725973099193.0103,-1.07397460937,0.25634765625,-0.17077636718
1725973099201.7993,-1.07397460937,0.25634765625,-0.17077636718
1725973099210.5884,-1.07397460937,0.25634765625,-0.17077636718
1725973099224.6875,-1.18298339843,0.23461914062,-0.10986328125
1725973099233.2935,-1.18298339843,0.23461914062,-0.10986328125
1725973099242.052,-1.18298339843,0.23461914062,-0.10986328125
1725973099250.8716,-1.18298339843,0.23461914062,-0.10986328125
1725973099259.6606,-1.18298339843,0.23461914062,-0.10986328125
1725973099268.4192,-1.18298339843,0.23461914062,-0.10986328125
1725973099277.2388,-1.18298339843,0.23461914062,-0.10986328125
1725973099285.9973,-1.18298339843,0.23461914062,-0.10986328125
1725973099294.817,-1.18298339843,0.23461914062,-0.10986328125
1725973099308.8855,-1.03796386718,0.22351074218,-0.10546875
1725973099317.583,-1.03796386718,0.22351074218,-0.10546875
1725973099326.1887,-1.03796386718,0.22351074218,-0.10546875
1725973099334.8865,-1.03796386718,0.22351074218,-0.10546875
1725973099343.5227,-1.03796386718,0.22351074218,-0.10546875
1725973099352.2205,-1.03796386718,0.22351074218,-0.10546875
1725973099360.8567,-1.03796386718,0.22351074218,-0.10546875
1725973099369.5544,-1.03796386718,0.22351074218,-0.10546875
1725973099383.5007,-0.96716308593,0.22045898437,-0.11901855468
1725973099392.2595,-0.96716308593,0.22045898437,-0.11901855468
1725973099401.018,-0.96716308593,0.22045898437,-0.11901855468
1725973099409.8376,-0.96716308593,0.22045898437,-0.11901855468
1725973099418.5657,-0.96716308593,0.22045898437,-0.11901855468
1725973099427.3547,-0.96716308593,0.22045898437,-0.11901855468
1725973099436.1743,-0.96716308593,0.22045898437,-0.11901855468
1725973099444.9329,-0.96716308593,0.22045898437,-0.11901855468
1725973099453.722,-0.96716308593,0.22045898437,-0.11901855468
1725973099467.7903,-0.97680664062,0.21276855468,-0.12426757812
1725973099476.9763,-0.97680664062,0.21276855468,-0.12426757812
1725973099485.7043,-0.97680664062,0.21276855468,-0.12426757812
1725973099494.4934,-0.97680664062,0.21276855468,-0.12426757812
1725973099503.2214,-0.97680664062,0.21276855468,-0.12426757812
1725973099512.0105,-0.97680664062,0.21276855468,-0.12426757812
1725973099520.7383,-0.97680664062,0.21276855468,-0.12426757812
1725973099529.497,-0.97680664062,0.21276855468,-0.12426757812
1725973099543.5046,-0.95739746093,0.2373046875,-0.11938476562
1725973099552.2632,-0.95739746093,0.2373046875,-0.11938476562
1725973099560.9912,-0.95739746093,0.2373046875,-0.11938476562
1725973099569.7192,-0.95739746093,0.2373046875,-0.11938476562
1725973099578.4775,-0.95739746093,0.2373046875,-0.11938476562
1725973099587.2058,-0.95739746093,0.2373046875,-0.11938476562
1725973099595.9644,-0.95739746093,0.2373046875,-0.11938476562
1725973099604.6924,-0.95739746093,0.2373046875,-0.11938476562
1725973099613.4507,-0.95739746093,0.2373046875,-0.11938476562
1725973099627.489,-0.95141601562,0.25915527343,-0.10986328125
1725973099636.278,-0.95141601562,0.25915527343,-0.10986328125
1725973099645.0366,-0.95141601562,0.25915527343,-0.10986328125
1725973099653.8257,-0.95141601562,0.25915527343,-0.10986328125
1725973099662.6147,-0.95141601562,0.25915527343,-0.10986328125
1725973099671.4038,-0.95141601562,0.25915527343,-0.10986328125
1725973099680.1624,-0.95141601562,0.25915527343,-0.10986328125
1725973099688.9514,-0.95141601562,0.25915527343,-0.10986328125
1725973099702.9895,-0.97473144531,0.26831054687,-0.09399414062
1725973099711.7783,-0.97473144531,0.26831054687,-0.09399414062
1725973099720.5676,-0.97473144531,0.26831054687,-0.09399414062
1725973099729.326,-0.97473144531,0.26831054687,-0.09399414062
1725973099738.054,-0.97473144531,0.26831054687,-0.09399414062
1725973099746.7822,-0.97473144531,0.26831054687,-0.09399414062
1725973099755.5408,-0.97473144531,0.26831054687,-0.09399414062
1725973099764.2993,-0.97473144531,0.26831054687,-0.09399414062
1725973099773.0884,-0.97473144531,0.26831054687,-0.09399414062
1725973099787.1567,-1.02209472656,0.29650878906,-0.08654785156
1725973099795.946,-1.02209472656,0.29650878906,-0.08654785156
1725973099804.674,-1.02209472656,0.29650878906,-0.08654785156
1725973099813.4937,-1.02209472656,0.29650878906,-0.08654785156
1725973099822.2217,-1.02209472656,0.29650878906,-0.08654785156
1725973099831.0107,-1.02209472656,0.29650878906,-0.08654785156
1725973099839.7083,-1.02209472656,0.29650878906,-0.08654785156
1725973099848.4973,-1.02209472656,0.29650878906,-0.08654785156
1725973099862.932,-1.11083984375,0.33679199218,-0.08093261718
1725973099871.6907,-1.11083984375,0.33679199218,-0.08093261718
1725973099880.5408,-1.11083984375,0.33679199218,-0.08093261718
1725973099889.2993,-1.11083984375,0.33679199218,-0.08093261718
1725973099898.119,-1.11083984375,0.33679199218,-0.08093261718
1725973099906.908,-1.11083984375,0.33679199218,-0.08093261718
1725973099915.7275,-1.11083984375,0.33679199218,-0.08093261718
1725973099924.486,-1.11083984375,0.33679199218,-0.08093261718
1725973099933.3057,-1.11083984375,0.33679199218,-0.08093261718
1725973099947.3743,-1.14501953125,0.36706542968,-0.09301757812
1725973099956.1938,-1.14501953125,0.36706542968,-0.09301757812
1725973099964.9524,-1.14501953125,0.36706542968,-0.09301757812
1725973099973.772,-1.14501953125,0.36706542968,-0.09301757812
1725973099982.5916,-1.14501953125,0.36706542968,-0.09301757812
1725973099991.35,-1.14501953125,0.36706542968,-0.09301757812
1725973100000.1697,-1.14501953125,0.36706542968,-0.09301757812
1725973100008.9587,-1.14501953125,0.36706542968,-0.09301757812
1725973100023.0884,-1.04833984375,0.34680175781,-0.15173339843
1725973100035.1428,-1.04833984375,0.34680175781,-0.15173339843
1725973100043.9624,-1.04833984375,0.34680175781,-0.15173339843
1725973100052.7207,-1.04833984375,0.34680175781,-0.15173339843
1725973100061.5403,-1.04833984375,0.34680175781,-0.15173339843
1725973100070.36,-1.04833984375,0.34680175781,-0.15173339843
1725973100079.1187,-1.04833984375,0.34680175781,-0.15173339843
1725973100087.9382,-1.04833984375,0.34680175781,-0.15173339843
1725973100096.7273,-0.97094726562,0.2841796875,-0.2333984375
1725973100110.8264,-0.97094726562,0.2841796875,-0.2333984375
1725973100119.5544,-0.97094726562,0.2841796875,-0.2333984375
1725973100128.3435,-0.97094726562,0.2841796875,-0.2333984375
1725973100137.0715,-0.97094726562,0.2841796875,-0.2333984375
1725973100145.83,-0.97094726562,0.2841796875,-0.2333984375
1725973100154.497,-0.97094726562,0.2841796875,-0.2333984375
1725973100163.2556,-0.97094726562,0.2841796875,-0.2333984375
1725973100171.9836,-0.97094726562,0.2841796875,-0.2333984375
1725973100186.0828,-0.92749023437,0.18408203125,-0.31518554687
1725973100194.8718,-0.92749023437,0.18408203125,-0.31518554687
1725973100203.6304,-0.92749023437,0.18408203125,-0.31518554687
1725973100212.4194,-0.92749023437,0.18408203125,-0.31518554687
1725973100221.178,-0.92749023437,0.18408203125,-0.31518554687
1725973100229.9976,-0.92749023437,0.18408203125,-0.31518554687
1725973100239.1223,-0.92749023437,0.18408203125,-0.31518554687
1725973100247.9111,-0.92749023437,0.18408203125,-0.31518554687
1725973100256.67,-0.90307617187,0.05297851562,-0.36059570312
1725973100270.7383,-0.90307617187,0.05297851562,-0.36059570312
1725973100279.4663,-0.90307617187,0.05297851562,-0.36059570312
1725973100288.286,-0.90307617187,0.05297851562,-0.36059570312
1725973100296.9836,-0.90307617187,0.05297851562,-0.36059570312
1725973100305.7727,-0.90307617187,0.05297851562,-0.36059570312
1725973100314.5007,-0.90307617187,0.05297851562,-0.36059570312
1725973100323.3203,-0.90307617187,0.05297851562,-0.36059570312
1725973100331.9873,-0.90307617187,0.05297851562,-0.36059570312
1725973100346.0251,-0.94274902343,-0.03100585937,-0.31518554687
1725973100354.7534,-0.94274902343,-0.03100585937,-0.31518554687
1725973100363.512,-0.94274902343,-0.03100585937,-0.31518554687
1725973100372.3315,-0.94274902343,-0.03100585937,-0.31518554687
1725973100381.09,-0.94274902343,-0.03100585937,-0.31518554687
1725973100389.9097,-0.94274902343,-0.03100585937,-0.31518554687
1725973100398.6682,-0.94274902343,-0.03100585937,-0.31518554687
1725973100407.4875,-0.94274902343,-0.03100585937,-0.31518554687
1725973100416.2463,-0.94274902343,-0.03100585937,-0.31518554687
1725973100430.376,-0.96020507812,-0.01086425781,-0.185546875
1725973100439.0427,-0.96020507812,-0.01086425781,-0.185546875
1725973100447.71,-0.96020507812,-0.01086425781,-0.185546875
1725973100456.3767,-0.96020507812,-0.01086425781,-0.185546875
1725973100465.0745,-0.96020507812,-0.01086425781,-0.185546875
1725973100473.833,-0.96020507812,-0.01086425781,-0.185546875
1725973100482.5,-0.96020507812,-0.01086425781,-0.185546875
1725973100490.9531,-0.96020507812,-0.01086425781,-0.185546875
1725973100504.9915,-0.96325683593,0.052734375,-0.07409667968
1725973100513.7195,-0.96325683593,0.052734375,-0.07409667968
1725973100522.4167,-0.96325683593,0.052734375,-0.07409667968
1725973100531.145,-0.96325683593,0.052734375,-0.07409667968
1725973100539.8423,-0.96325683593,0.052734375,-0.07409667968
1725973100548.601,-0.96325683593,0.052734375,-0.07409667968
1725973100557.268,-0.96325683593,0.052734375,-0.07409667968
1725973100566.0266,-0.96325683593,0.052734375,-0.07409667968
1725973100574.724,-0.96325683593,0.052734375,-0.07409667968
1725973100588.7927,-0.99584960937,0.09069824218,-0.02209472656
1725973100597.5513,-0.99584960937,0.09069824218,-0.02209472656
1725973100606.3403,-0.99584960937,0.09069824218,-0.02209472656
1725973100615.1904,-0.99584960937,0.09069824218,-0.02209472656
1725973100624.193,-0.99584960937,0.09069824218,-0.02209472656
1725973100632.9517,-0.99584960937,0.09069824218,-0.02209472656
1725973100641.6797,-0.99584960937,0.09069824218,-0.02209472656
1725973100650.3467,-0.99584960937,0.09069824218,-0.02209472656
1725973100664.3848,-1.04443359375,0.09387207031,-0.02697753906
1725973100673.0515,-1.04443359375,0.09387207031,-0.02697753906
1725973100681.6882,-1.04443359375,0.09387207031,-0.02697753906
1725973100690.4163,-1.04443359375,0.09387207031,-0.02697753906
1725973100699.0833,-1.04443359375,0.09387207031,-0.02697753906
1725973100707.8113,-1.04443359375,0.09387207031,-0.02697753906
1725973100716.5088,-1.04443359375,0.09387207031,-0.02697753906
1725973100725.1755,-1.04443359375,0.09387207031,-0.02697753906
1725973100733.7815,-1.04443359375,0.09387207031,-0.02697753906
1725973100747.8503,-1.08166503906,0.10998535156,-0.08764648437
1725973100756.609,-1.08166503906,0.10998535156,-0.08764648437
1725973100765.398,-1.08166503906,0.10998535156,-0.08764648437
1725973100774.126,-1.08166503906,0.10998535156,-0.08764648437
1725973100782.8845,-1.08166503906,0.10998535156,-0.08764648437
1725973100791.643,-1.08166503906,0.10998535156,-0.08764648437
1725973100800.432,-1.08166503906,0.10998535156,-0.08764648437
1725973100809.1907,-1.08166503906,0.10998535156,-0.08764648437
1725973100823.2896,-1.07507324218,0.13415527343,-0.1669921875
1725973100832.0483,-1.07507324218,0.13415527343,-0.1669921875
1725973100840.7764,-1.07507324218,0.13415527343,-0.1669921875
1725973100849.5044,-1.07507324218,0.13415527343,-0.1669921875
1725973100858.2324,-1.07507324218,0.13415527343,-0.1669921875
1725973100866.93,-1.07507324218,0.13415527343,-0.1669921875
1725973100875.658,-1.07507324218,0.13415527343,-0.1669921875
1725973100884.4165,-1.07507324218,0.13415527343,-0.1669921875
1725973100893.1443,-1.07507324218,0.13415527343,-0.1669921875
1725973100907.152,-1.11779785156,0.0546875,-0.18310546875
1725973100915.758,-1.11779785156,0.0546875,-0.18310546875
1725973100924.4556,-1.11779785156,0.0546875,-0.18310546875
1725973100933.092,-1.11779785156,0.0546875,-0.18310546875
1725973100941.759,-1.11779785156,0.0546875,-0.18310546875
1725973100950.3955,-1.11779785156,0.0546875,-0.18310546875
1725973100959.032,-1.11779785156,0.0546875,-0.18310546875
1725973100967.6685,-1.11779785156,0.0546875,-0.18310546875
1725973100976.3354,-1.14306640625,-0.00427246093,-0.13952636718
1725973100990.5566,-1.14306640625,-0.00427246093,-0.13952636718
1725973100999.6812,-1.14306640625,-0.00427246093,-0.13952636718
1725973101008.5923,-1.14306640625,-0.00427246093,-0.13952636718
1725973101017.412,-1.14306640625,-0.00427246093,-0.13952636718
1725973101026.2012,-1.14306640625,-0.00427246093,-0.13952636718
1725973101034.9597,-1.14306640625,-0.00427246093,-0.13952636718
1725973101043.8403,-1.14306640625,-0.00427246093,-0.13952636718
1725973101052.6904,-1.14306640625,-0.00427246093,-0.13952636718
1725973101066.881,-1.02453613281,0.05895996093,-0.1025390625
1725973101075.6396,-1.02453613281,0.05895996093,-0.1025390625
1725973101084.398,-1.02453613281,0.05895996093,-0.1025390625
1725973101093.2175,-1.02453613281,0.05895996093,-0.1025390625
1725973101101.9458,-1.02453613281,0.05895996093,-0.1025390625
1725973101110.7651,-1.02453613281,0.05895996093,-0.1025390625
1725973101119.524,-1.02453613281,0.05895996093,-0.1025390625
1725973101128.3435,-1.02453613281,0.05895996093,-0.1025390625
1725973101142.4426,-0.947265625,0.1572265625,-0.064453125
1725973101151.14,-0.947265625,0.1572265625,-0.064453125
1725973101159.7766,-0.947265625,0.1572265625,-0.064453125
1725973101168.474,-0.947265625,0.1572265625,-0.064453125
1725973101177.1104,-0.947265625,0.1572265625,-0.064453125
1725973101185.808,-0.947265625,0.1572265625,-0.064453125
1725973101194.4443,-0.947265625,0.1572265625,-0.064453125
1725973101203.142,-0.947265625,0.1572265625,-0.064453125
1725973101211.7783,-0.947265625,0.1572265625,-0.064453125
1725973101225.786,-0.9404296875,0.21655273437,-0.03112792968
1725973101234.4531,-0.9404296875,0.21655273437,-0.03112792968
1725973101243.059,-0.9404296875,0.21655273437,-0.03112792968
1725973101251.787,-0.9404296875,0.21655273437,-0.03112792968
1725973101260.4236,-0.9404296875,0.21655273437,-0.03112792968
1725973101269.182,-0.9404296875,0.21655273437,-0.03112792968
1725973101277.849,-0.9404296875,0.21655273437,-0.03112792968
1725973101286.6077,-0.9404296875,0.21655273437,-0.03112792968
1725973101295.2747,-0.9404296875,0.21655273437,-0.03112792968
1725973101309.3433,-1.02697753906,0.25891113281,0.00427246093
1725973101318.0408,-1.02697753906,0.25891113281,0.00427246093
1725973101326.7993,-1.02697753906,0.25891113281,0.00427246093
1725973101335.4968,-1.02697753906,0.25891113281,0.00427246093
1725973101344.2551,-1.02697753906,0.25891113281,0.00427246093
1725973101352.9224,-1.02697753906,0.25891113281,0.00427246093
1725973101361.681,-1.02697753906,0.25891113281,0.00427246093
1725973101370.3784,-1.02697753906,0.25891113281,0.00427246093
1725973101384.8132,-1.12976074218,0.29846191406,0.00927734375
1725973101393.5413,-1.12976074218,0.29846191406,0.00927734375
1725973101402.2998,-1.12976074218,0.29846191406,0.00927734375
1725973101410.9668,-1.12976074218,0.29846191406,0.00927734375
1725973101419.6643,-1.12976074218,0.29846191406,0.00927734375
1725973101428.4229,-1.12976074218,0.29846191406,0.00927734375
1725973101437.0898,-1.12976074218,0.29846191406,0.00927734375
1725973101445.787,-1.12976074218,0.29846191406,0.00927734375
1725973101454.4849,-1.12976074218,0.29846191406,0.00927734375
1725973101468.584,-1.06311035156,0.27624511718,0.00646972656
1725973101477.2507,-1.06311035156,0.27624511718,0.00646972656
1725973101485.979,-1.06311035156,0.27624511718,0.00646972656
1725973101494.6765,-1.06311035156,0.27624511718,0.00646972656
1725973101503.435,-1.06311035156,0.27624511718,0.00646972656
1725973101512.1323,-1.06311035156,0.27624511718,0.00646972656
1725973101520.9216,-1.06311035156,0.27624511718,0.00646972656
1725973101529.6191,-1.06311035156,0.27624511718,0.00646972656
1725973101543.6572,-1.01843261718,0.24194335937,0.06457519531
1725973101552.3547,-1.01843261718,0.24194335937,0.06457519531
1725973101561.1436,-1.01843261718,0.24194335937,0.06457519531
1725973101569.8718,-1.01843261718,0.24194335937,0.06457519531
1725973101578.661,-1.01843261718,0.24194335937,0.06457519531
1725973101587.389,-1.01843261718,0.24194335937,0.06457519531
1725973101596.1475,-1.01843261718,0.24194335937,0.06457519531
1725973101604.8447,-1.01843261718,0.24194335937,0.06457519531
1725973101613.5425,-1.01843261718,0.24194335937,0.06457519531
1725973101627.6416,-1.00280761718,0.25085449218,0.10412597656
1725973101636.339,-1.00280761718,0.25085449218,0.10412597656
1725973101645.128,-1.00280761718,0.25085449218,0.10412597656
1725973101653.8562,-1.00280761718,0.25085449218,0.10412597656
1725973101662.6453,-1.00280761718,0.25085449218,0.10412597656
1725973101671.3733,-1.00280761718,0.25085449218,0.10412597656
1725973101680.1624,-1.00280761718,0.25085449218,0.10412597656
1725973101688.8904,-1.00280761718,0.25085449218,0.10412597656
1725973101702.9895,-0.92883300781,0.27697753906,0.0830078125
1725973101711.687,-0.92883300781,0.27697753906,0.0830078125
1725973101720.415,-0.92883300781,0.27697753906,0.0830078125
1725973101729.082,-0.92883300781,0.27697753906,0.0830078125
1725973101737.749,-0.92883300781,0.27697753906,0.0830078125
1725973101746.416,-0.92883300781,0.27697753906,0.0830078125
1725973101755.1135,-0.92883300781,0.27697753906,0.0830078125
1725973101764.1772,-0.92883300781,0.27697753906,0.0830078125
1725973101772.9355,-0.92883300781,0.27697753906,0.0830078125
1725973101787.0044,-0.89538574218,0.27978515625,0.02734375
1725973101795.6409,-0.89538574218,0.27978515625,0.02734375
1725973101804.3384,-0.89538574218,0.27978515625,0.02734375
1725973101812.9749,-0.89538574218,0.27978515625,0.02734375
1725973101821.6724,-0.89538574218,0.27978515625,0.02734375
1725973101830.339,-0.89538574218,0.27978515625,0.02734375
1725973101839.0063,-0.89538574218,0.27978515625,0.02734375
1725973101847.673,-0.89538574218,0.27978515625,0.02734375
1725973101856.3708,-0.95544433593,0.23718261718,-0.1572265625
1725973101870.4087,-0.95544433593,0.23718261718,-0.1572265625
1725973101879.1675,-0.95544433593,0.23718261718,-0.1572265625
1725973101887.8955,-0.95544433593,0.23718261718,-0.1572265625
1725973101896.654,-0.95544433593,0.23718261718,-0.1572265625
1725973101905.382,-0.95544433593,0.23718261718,-0.1572265625
1725973101914.1711,-0.95544433593,0.23718261718,-0.1572265625
1725973101922.8992,-0.95544433593,0.23718261718,-0.1572265625
1725973101931.6577,-0.95544433593,0.23718261718,-0.1572265625
1725973101945.7263,-1.00366210937,0.19653320312,-0.21923828125
1725973101954.5151,-1.00366210937,0.19653320312,-0.21923828125
1725973101963.3347,-1.00366210937,0.19653320312,-0.21923828125
1725973101972.0325,-1.00366210937,0.19653320312,-0.21923828125
1725973101980.8215,-1.00366210937,0.19653320312,-0.21923828125
1725973101989.58,-1.00366210937,0.19653320312,-0.21923828125
1725973101998.308,-1.00366210937,0.19653320312,-0.21923828125
1725973102007.0667,-1.00366210937,0.19653320312,-0.21923828125
1725973102015.8252,-1.00366210937,0.19653320312,-0.21923828125
1725973102029.8633,-1.02099609375,0.20678710937,-0.22729492187
1725973102038.5913,-1.02099609375,0.20678710937,-0.22729492187
1725973102047.3499,-1.02099609375,0.20678710937,-0.22729492187
1725973102056.139,-1.02099609375,0.20678710937,-0.22729492187
1725973102064.8975,-1.02099609375,0.20678710937,-0.22729492187
1725973102073.656,-1.02099609375,0.20678710937,-0.22729492187
1725973102082.384,-1.02099609375,0.20678710937,-0.22729492187
1725973102091.173,-1.02099609375,0.20678710937,-0.22729492187
1725973102105.3027,-0.97802734375,0.23767089843,-0.21130371093
1725973102113.9695,-0.97802734375,0.23767089843,-0.21130371093
1725973102122.7283,-0.97802734375,0.23767089843,-0.21130371093
1725973102131.4868,-0.97802734375,0.23767089843,-0.21130371093
1725973102140.337,-0.97802734375,0.23767089843,-0.21130371093
1725973102149.37,-0.97802734375,0.23767089843,-0.21130371093
1725973102158.1592,-0.97802734375,0.23767089843,-0.21130371093
1725973102166.8567,-0.97802734375,0.23767089843,-0.21130371093
1725973102175.6455,-0.97802734375,0.23767089843,-0.21130371093
1725973102189.7144,-0.93811035156,0.27294921875,-0.19860839843
1725973102198.4424,-0.93811035156,0.27294921875,-0.19860839843
1725973102207.0483,-0.93811035156,0.27294921875,-0.19860839843
1725973102215.7458,-0.93811035156,0.27294921875,-0.19860839843
1725973102224.4128,-0.93811035156,0.27294921875,-0.19860839843
1725973102233.1104,-0.93811035156,0.27294921875,-0.19860839843
1725973102241.7468,-0.93811035156,0.27294921875,-0.19860839843
1725973102250.4749,-0.93811035156,0.27294921875,-0.19860839843
1725973102264.452,-0.96643066406,0.30078125,-0.14367675781
1725973102273.18,-0.96643066406,0.30078125,-0.14367675781
1725973102281.8774,-0.96643066406,0.30078125,-0.14367675781
1725973102290.5444,-0.96643066406,0.30078125,-0.14367675781
1725973102299.242,-0.96643066406,0.30078125,-0.14367675781
1725973102307.9087,-0.96643066406,0.30078125,-0.14367675781
1725973102316.6064,-0.96643066406,0.30078125,-0.14367675781
1725973102325.243,-0.96643066406,0.30078125,-0.14367675781
1725973102333.9707,-0.96643066406,0.30078125,-0.14367675781
1725973102347.948,-0.98486328125,0.30126953125,-0.08044433593
1725973102356.737,-0.98486328125,0.30126953125,-0.08044433593
1725973102365.465,-0.98486328125,0.30126953125,-0.08044433593
1725973102374.2847,-0.98486328125,0.30126953125,-0.08044433593
1725973102383.0127,-0.98486328125,0.30126953125,-0.08044433593
1725973102391.7712,-0.98486328125,0.30126953125,-0.08044433593
1725973102400.5295,-0.98486328125,0.30126953125,-0.08044433593
1725973102409.2883,-0.98486328125,0.30126953125,-0.08044433593
1725973102423.3567,-0.97680664062,0.29736328125,-0.05627441406
1725973102432.146,-0.97680664062,0.29736328125,-0.05627441406
1725973102440.9656,-0.97680664062,0.29736328125,-0.05627441406
1725973102449.6936,-0.97680664062,0.29736328125,-0.05627441406
1725973102458.4827,-0.97680664062,0.29736328125,-0.05627441406
1725973102467.2412,-0.97680664062,0.29736328125,-0.05627441406
1725973102475.9995,-0.97680664062,0.29736328125,-0.05627441406
1725973102484.7583,-0.97680664062,0.29736328125,-0.05627441406
1725973102493.547,-0.97680664062,0.29736328125,-0.05627441406
1725973102507.616,-0.99182128906,0.31433105468,-0.0595703125
1725973102516.3745,-0.99182128906,0.31433105468,-0.0595703125
1725973102525.4688,-0.99182128906,0.31433105468,-0.0595703125
1725973102534.0747,-0.99182128906,0.31433105468,-0.0595703125
1725973102542.7722,-0.99182128906,0.31433105468,-0.0595703125
1725973102551.5613,-0.99182128906,0.31433105468,-0.0595703125
1725973102560.2893,-0.99182128906,0.31433105468,-0.0595703125
1725973102569.0479,-0.99182128906,0.31433105468,-0.0595703125
1725973102583.0554,-0.99145507812,0.34301757812,-0.08825683593
1725973102591.8445,-0.99145507812,0.34301757812,-0.08825683593
1725973102600.6335,-0.99145507812,0.34301757812,-0.08825683593
1725973102609.392,-0.99145507812,0.34301757812,-0.08825683593
1725973102618.1812,-0.99145507812,0.34301757812,-0.08825683593
1725973102626.9397,-0.99145507812,0.34301757812,-0.08825683593
1725973102635.7288,-0.99145507812,0.34301757812,-0.08825683593
1725973102644.4873,-0.99145507812,0.34301757812,-0.08825683593
1725973102653.2458,-0.99145507812,0.34301757812,-0.08825683593
1725973102667.3145,-0.98291015625,0.35229492187,-0.14428710937
1725973102676.0425,-0.98291015625,0.35229492187,-0.14428710937
1725973102684.7705,-0.98291015625,0.35229492187,-0.14428710937
1725973102693.529,-0.98291015625,0.35229492187,-0.14428710937
1725973102702.2876,-0.98291015625,0.35229492187,-0.14428710937
1725973102711.0767,-0.98291015625,0.35229492187,-0.14428710937
1725973102719.8352,-0.98291015625,0.35229492187,-0.14428710937
1725973102728.6243,-0.98291015625,0.35229492187,-0.14428710937
1725973102742.754,-0.99365234375,0.32531738281,-0.21325683593
1725973102751.421,-0.99365234375,0.32531738281,-0.21325683593
1725973102760.1794,-0.99365234375,0.32531738281,-0.21325683593
1725973102768.938,-0.99365234375,0.32531738281,-0.21325683593
1725973102777.7576,-0.99365234375,0.32531738281,-0.21325683593
1725973102786.516,-0.99365234375,0.32531738281,-0.21325683593
1725973102795.3052,-0.99365234375,0.32531738281,-0.21325683593
1725973102804.0637,-0.99365234375,0.32531738281,-0.21325683593
1725973102812.8528,-0.99365234375,0.32531738281,-0.21325683593
1725973102826.952,-1.01843261718,0.28662109375,-0.23596191406
1725973102835.7407,-1.01843261718,0.28662109375,-0.23596191406
1725973102844.4995,-1.01843261718,0.28662109375,-0.23596191406
1725973102853.2883,-1.01843261718,0.28662109375,-0.23596191406
1725973102865.4956,-1.01843261718,0.28662109375,-0.23596191406
1725973102874.254,-1.01843261718,0.28662109375,-0.23596191406
1725973102883.0432,-1.01843261718,0.28662109375,-0.23596191406
1725973102891.8015,-1.01843261718,0.28662109375,-0.23596191406
1725973102906.267,-1.04345703125,0.2685546875,-0.21948242187
1725973102914.995,-1.04345703125,0.2685546875,-0.21948242187
1725973102923.7537,-1.04345703125,0.2685546875,-0.21948242187
1725973102932.4817,-1.04345703125,0.2685546875,-0.21948242187
1725973102941.2402,-1.04345703125,0.2685546875,-0.21948242187
1725973102949.9072,-1.04345703125,0.2685546875,-0.21948242187
1725973102958.6655,-1.04345703125,0.2685546875,-0.21948242187
1725973102967.3936,-1.04345703125,0.2685546875,-0.21948242187
1725973102976.1829,-0.91760253906,0.26745605468,-0.19299316406
1725973102990.3125,-0.91760253906,0.26745605468,-0.19299316406
1725973102998.8574,-0.91760253906,0.26745605468,-0.19299316406
1725973103007.5854,-0.91760253906,0.26745605468,-0.19299316406
1725973103016.344,-0.91760253906,0.26745605468,-0.19299316406
1725973103025.133,-0.91760253906,0.26745605468,-0.19299316406
1725973103033.861,-0.91760253906,0.26745605468,-0.19299316406
1725973103042.6807,-0.91760253906,0.26745605468,-0.19299316406
1725973103051.378,-0.91760253906,0.26745605468,-0.19299316406
1725973103065.5078,-0.87036132812,0.28466796875,-0.134765625
1725973103074.1135,-0.87036132812,0.28466796875,-0.134765625
1725973103082.8416,-0.87036132812,0.28466796875,-0.134765625
1725973103091.5088,-0.87036132812,0.28466796875,-0.134765625
1725973103100.2063,-0.87036132812,0.28466796875,-0.134765625
1725973103108.9038,-0.87036132812,0.28466796875,-0.134765625
1725973103117.6624,-0.87036132812,0.28466796875,-0.134765625
1725973103126.3599,-0.87036132812,0.28466796875,-0.134765625
1725973103135.088,-0.87036132812,0.28466796875,-0.134765625
1725973103149.0647,-0.96398925781,0.29064941406,-0.08581542968
1725973103157.854,-0.96398925781,0.29064941406,-0.08581542968
1725973103166.643,-0.96398925781,0.29064941406,-0.08581542968
1725973103175.4016,-0.96398925781,0.29064941406,-0.08581542968
1725973103184.1907,-0.96398925781,0.29064941406,-0.08581542968
1725973103192.9492,-0.96398925781,0.29064941406,-0.08581542968
1725973103201.6772,-0.96398925781,0.29064941406,-0.08581542968
1725973103210.4355,-0.96398925781,0.29064941406,-0.08581542968
1725973103224.535,-0.91589355468,0.31945800781,-0.13488769531
1725973103233.2935,-0.91589355468,0.31945800781,-0.13488769531
1725973103242.0825,-0.91589355468,0.31945800781,-0.13488769531
1725973103250.8103,-0.91589355468,0.31945800781,-0.13488769531
1725973103259.5383,-0.91589355468,0.31945800781,-0.13488769531
1725973103268.297,-0.91589355468,0.31945800781,-0.13488769531
1725973103277.2083,-0.91589355468,0.31945800781,-0.13488769531
1725973103286.2107,-0.91589355468,0.31945800781,-0.13488769531
1725973103294.878,-0.91589355468,0.31945800781,-0.13488769531
1725973103308.9463,-0.87170410156,0.32873535156,-0.20983886718
1725973103317.6743,-0.87170410156,0.32873535156,-0.20983886718
1725973103326.494,-0.87170410156,0.32873535156,-0.20983886718
1725973103335.1611,-0.87170410156,0.32873535156,-0.20983886718
1725973103343.95,-0.87170410156,0.32873535156,-0.20983886718
1725973103352.6782,-0.87170410156,0.32873535156,-0.20983886718
1725973103361.4673,-0.87170410156,0.32873535156,-0.20983886718
1725973103370.2258,-0.87170410156,0.32873535156,-0.20983886718
1725973103384.3555,-0.88439941406,0.30603027343,-0.26770019531
1725973103393.0225,-0.88439941406,0.30603027343,-0.26770019531
1725973103401.8115,-0.88439941406,0.30603027343,-0.26770019531
1725973103410.5396,-0.88439941406,0.30603027343,-0.26770019531
1725973103419.3286,-0.88439941406,0.30603027343,-0.26770019531
1725973103428.0872,-0.88439941406,0.30603027343,-0.26770019531
1725973103436.8762,-0.88439941406,0.30603027343,-0.26770019531
1725973103445.6958,-0.88439941406,0.30603027343,-0.26770019531
1725973103454.4238,-0.88439941406,0.30603027343,-0.26770019531
1725973103468.4924,-0.90173339843,0.31103515625,-0.29052734375
1725973103477.2507,-0.90173339843,0.31103515625,-0.29052734375
1725973103486.04,-0.90173339843,0.31103515625,-0.29052734375
1725973103494.7375,-0.90173339843,0.31103515625,-0.29052734375
1725973103503.5266,-0.90173339843,0.31103515625,-0.29052734375
1725973103512.2852,-0.90173339843,0.31103515625,-0.29052734375
1725973103521.0132,-0.90173339843,0.31103515625,-0.29052734375
1725973103529.7715,-0.90173339843,0.31103515625,-0.29052734375
1725973103543.8708,-1.05578613281,0.31225585937,-0.24389648437
1725973103552.6292,-1.05578613281,0.31225585937,-0.24389648437
1725973103561.4487,-1.05578613281,0.31225585937,-0.24389648437
1725973103570.2075,-1.05578613281,0.31225585937,-0.24389648437
1725973103579.027,-1.05578613281,0.31225585937,-0.24389648437
1725973103587.816,-1.05578613281,0.31225585937,-0.24389648437
1725973103596.5747,-1.05578613281,0.31225585937,-0.24389648437
1725973103605.3635,-1.05578613281,0.31225585937,-0.24389648437
1725973103614.1528,-1.05578613281,0.31225585937,-0.24389648437
1725973103628.2825,-1.12133789062,0.32336425781,-0.19921875
1725973103636.8884,-1.12133789062,0.32336425781,-0.19921875
1725973103645.586,-1.12133789062,0.32336425781,-0.19921875
1725973103654.2224,-1.12133789062,0.32336425781,-0.19921875
1725973103663.1335,-1.12133789062,0.32336425781,-0.19921875
1725973103671.77,-1.12133789062,0.32336425781,-0.19921875
1725973103680.437,-1.12133789062,0.32336425781,-0.19921875
1725973103689.0735,-1.12133789062,0.32336425781,-0.19921875
1725973103703.081,-1.01123046875,0.32849121093,-0.1689453125
1725973103711.748,-1.01123046875,0.32849121093,-0.1689453125
1725973103720.4456,-1.01123046875,0.32849121093,-0.1689453125
1725973103729.143,-1.01123046875,0.32849121093,-0.1689453125
1725973103737.9016,-1.01123046875,0.32849121093,-0.1689453125
1725973103746.599,-1.01123046875,0.32849121093,-0.1689453125
1725973103755.3577,-1.01123046875,0.32849121093,-0.1689453125
1725973103764.0552,-1.01123046875,0.32849121093,-0.1689453125
1725973103772.7832,-1.01123046875,0.32849121093,-0.1689453125
1725973103786.7908,-0.99951171875,0.31213378906,-0.14025878906
1725973103795.5493,-0.99951171875,0.31213378906,-0.14025878906
1725973103804.3384,-0.99951171875,0.31213378906,-0.14025878906
1725973103813.0664,-0.99951171875,0.31213378906,-0.14025878906
1725973103821.764,-0.99951171875,0.31213378906,-0.14025878906
1725973103830.5225,-0.99951171875,0.31213378906,-0.14025878906
1725973103839.281,-0.99951171875,0.31213378906,-0.14025878906
1725973103848.009,-0.99951171875,0.31213378906,-0.14025878906
1725973103862.108,-1.00134277343,0.28991699218,-0.12475585937
1725973103870.8667,-1.00134277343,0.28991699218,-0.12475585937
1725973103879.6555,-1.00134277343,0.28991699218,-0.12475585937
1725973103888.4143,-1.00134277343,0.28991699218,-0.12475585937
1725973103897.234,-1.00134277343,0.28991699218,-0.12475585937
1725973103905.962,-1.00134277343,0.28991699218,-0.12475585937
1725973103914.7205,-1.00134277343,0.28991699218,-0.12475585937
1725973103923.54,-1.00134277343,0.28991699218,-0.12475585937
1725973103932.2375,-1.00134277343,0.28991699218,-0.12475585937
1725973103946.3672,-0.94897460937,0.25769042968,-0.10925292968
1725973103955.0037,-0.94897460937,0.25769042968,-0.10925292968
1725973103963.7927,-0.94897460937,0.25769042968,-0.10925292968
1725973103972.5513,-0.94897460937,0.25769042968,-0.10925292968
1725973103981.3403,-0.94897460937,0.25769042968,-0.10925292968
1725973103990.0989,-0.94897460937,0.25769042968,-0.10925292968
1725973103998.9185,-0.94897460937,0.25769042968,-0.10925292968
1725973104007.6465,-0.94897460937,0.25769042968,-0.10925292968
1725973104021.6843,-0.93505859375,0.23840332031,-0.109375
1725973104030.26,-0.93505859375,0.23840332031,-0.109375
1725973104039.2932,-0.93505859375,0.23840332031,-0.109375
1725973104047.8992,-0.93505859375,0.23840332031,-0.109375
1725973104056.5356,-0.93505859375,0.23840332031,-0.109375
1725973104065.1416,-0.93505859375,0.23840332031,-0.109375
1725973104073.778,-0.93505859375,0.23840332031,-0.109375
1725973104082.384,-0.93505859375,0.23840332031,-0.109375
1725973104091.051,-0.93505859375,0.23840332031,-0.109375
1725973104104.967,-1.00354003906,0.23889160156,-0.11877441406
1725973104113.756,-1.00354003906,0.23889160156,-0.11877441406
1725973104122.5452,-1.00354003906,0.23889160156,-0.11877441406
1725973104131.3037,-1.00354003906,0.23889160156,-0.11877441406
1725973104140.0623,-1.00354003906,0.23889160156,-0.11877441406
1725973104148.7903,-1.00354003906,0.23889160156,-0.11877441406
1725973104157.579,-1.00354003906,0.23889160156,-0.11877441406
1725973104166.338,-1.00354003906,0.23889160156,-0.11877441406
1725973104175.0354,-1.00354003906,0.23889160156,-0.11877441406
1725973104189.104,-1.11791992187,0.24951171875,-0.1220703125
1725973104197.8623,-1.11791992187,0.24951171875,-0.1220703125
1725973104206.5903,-1.11791992187,0.24951171875,-0.1220703125
1725973104215.3796,-1.11791992187,0.24951171875,-0.1220703125
1725973104224.1077,-1.11791992187,0.24951171875,-0.1220703125
1725973104232.8662,-1.11791992187,0.24951171875,-0.1220703125
1725973104241.5637,-1.11791992187,0.24951171875,-0.1220703125
1725973104250.3223,-1.11791992187,0.24951171875,-0.1220703125
1725973104264.3604,-1.07739257812,0.26281738281,-0.16015625
1725973104272.9968,-1.07739257812,0.26281738281,-0.16015625
1725973104281.6943,-1.07739257812,0.26281738281,-0.16015625
1725973104290.3308,-1.07739257812,0.26281738281,-0.16015625
1725973104299.0588,-1.07739257812,0.26281738281,-0.16015625
1725973104307.6953,-1.07739257812,0.26281738281,-0.16015625
1725973104316.3013,-1.07739257812,0.26281738281,-0.16015625
1725973104324.9683,-1.07739257812,0.26281738281,-0.16015625
1725973104333.6655,-1.07739257812,0.26281738281,-0.16015625
1725973104347.6428,-0.94177246093,0.2314453125,-0.23205566406
1725973104356.432,-0.94177246093,0.2314453125,-0.23205566406
1725973104365.1292,-0.94177246093,0.2314453125,-0.23205566406
1725973104373.9185,-0.94177246093,0.2314453125,-0.23205566406
1725973104382.6465,-0.94177246093,0.2314453125,-0.23205566406
1725973104391.344,-0.94177246093,0.2314453125,-0.23205566406
1725973104400.072,-0.94177246093,0.2314453125,-0.23205566406
1725973104408.8303,-0.94177246093,0.2314453125,-0.23205566406
1725973104423.2651,-0.88366699218,0.17614746093,-0.29479980468
1725973104432.0544,-0.88366699218,0.17614746093,-0.29479980468
1725973104440.874,-0.88366699218,0.17614746093,-0.29479980468
1725973104449.5715,-0.88366699218,0.17614746093,-0.29479980468
1725973104458.3604,-0.88366699218,0.17614746093,-0.29479980468
1725973104467.1191,-0.88366699218,0.17614746093,-0.29479980468
1725973104475.8472,-0.88366699218,0.17614746093,-0.29479980468
1725973104484.6057,-0.88366699218,0.17614746093,-0.29479980468
1725973104493.3948,-0.88366699218,0.17614746093,-0.29479980468
1725973104507.4631,-0.84301757812,0.17541503906,-0.30944824218
1725973104516.2524,-0.84301757812,0.17541503906,-0.30944824218
1725973104525.0107,-0.84301757812,0.17541503906,-0.30944824218
1725973104533.8,-0.84301757812,0.17541503906,-0.30944824218
1725973104542.528,-0.84301757812,0.17541503906,-0.30944824218
1725973104551.3171,-0.84301757812,0.17541503906,-0.30944824218
1725973104560.0757,-0.84301757812,0.17541503906,-0.30944824218
1725973104568.8647,-0.84301757812,0.17541503906,-0.30944824218
1725973104582.9639,-0.82092285156,0.22094726562,-0.29956054687
1725973104591.692,-0.82092285156,0.22094726562,-0.29956054687
1725973104600.4807,-0.82092285156,0.22094726562,-0.29956054687
1725973104609.2087,-0.82092285156,0.22094726562,-0.29956054687
1725973104617.9675,-0.82092285156,0.22094726562,-0.29956054687
1725973104626.6956,-0.82092285156,0.22094726562,-0.29956054687
1725973104635.4846,-0.82092285156,0.22094726562,-0.29956054687
1725973104644.2432,-0.82092285156,0.22094726562,-0.29956054687
1725973104653.0017,-0.82092285156,0.22094726562,-0.29956054687
1725973104667.0703,-0.87219238281,0.22961425781,-0.28564453125
1725973104675.7373,-0.87219238281,0.22961425781,-0.28564453125
1725973104684.4348,-0.87219238281,0.22961425781,-0.28564453125
1725973104693.193,-0.87219238281,0.22961425781,-0.28564453125
1725973104701.8604,-0.87219238281,0.22961425781,-0.28564453125
1725973104710.5884,-0.87219238281,0.22961425781,-0.28564453125
1725973104719.3164,-0.87219238281,0.22961425781,-0.28564453125
1725973104727.9832,-0.87219238281,0.22961425781,-0.28564453125
1725973104742.052,-1.10656738281,0.2431640625,-0.24572753906
1725973104750.7495,-1.10656738281,0.2431640625,-0.24572753906
1725973104759.5383,-1.10656738281,0.2431640625,-0.24572753906
1725973104768.236,-1.10656738281,0.2431640625,-0.24572753906
1725973104776.9946,-1.10656738281,0.2431640625,-0.24572753906
1725973104785.7227,-1.10656738281,0.2431640625,-0.24572753906
1725973104794.6033,-1.10656738281,0.2431640625,-0.24572753906
1725973104803.484,-1.10656738281,0.2431640625,-0.24572753906
1725973104812.2424,-1.10656738281,0.2431640625,-0.24572753906
1725973104826.311,-1.12841796875,0.28063964843,-0.23132324218
1725973104835.1,-1.12841796875,0.28063964843,-0.23132324218
1725973104843.8586,-1.12841796875,0.28063964843,-0.23132324218
1725973104852.6477,-1.12841796875,0.28063964843,-0.23132324218
1725973104861.4062,-1.12841796875,0.28063964843,-0.23132324218
1725973104870.0427,-1.12841796875,0.28063964843,-0.23132324218
1725973104878.8013,-1.12841796875,0.28063964843,-0.23132324218
1725973104887.5598,-1.12841796875,0.28063964843,-0.23132324218
1725973104901.6895,-0.97692871093,0.31176757812,-0.23400878906
1725973104910.3867,-0.97692871093,0.31176757812,-0.23400878906
1725973104919.2063,-0.97692871093,0.31176757812,-0.23400878906
1725973104927.965,-0.97692871093,0.31176757812,-0.23400878906
1725973104936.754,-0.97692871093,0.31176757812,-0.23400878906
1725973104945.5127,-0.97692871093,0.31176757812,-0.23400878906
1725973104954.3015,-0.97692871093,0.31176757812,-0.23400878906
1725973104963.0295,-0.97692871093,0.31176757812,-0.23400878906
1725973104971.8188,-0.97692871093,0.31176757812,-0.23400878906
1725973104985.8875,-0.99914550781,0.310546875,-0.21130371093
1725973104994.646,-0.99914550781,0.310546875,-0.21130371093
1725973105003.3435,-0.99914550781,0.310546875,-0.21130371093
1725973105012.0715,-0.99914550781,0.310546875,-0.21130371093
1725973105020.7383,-0.99914550781,0.310546875,-0.21130371093
1725973105029.497,-0.99914550781,0.310546875,-0.21130371093
1725973105038.1943,-0.99914550781,0.310546875,-0.21130371093
1725973105046.892,-0.99914550781,0.310546875,-0.21130371093
1725973105055.62,-0.99694824218,0.28393554687,-0.19128417968
1725973105069.6582,-0.99694824218,0.28393554687,-0.19128417968
1725973105078.3862,-0.99694824218,0.28393554687,-0.19128417968
1725973105087.1143,-0.99694824218,0.28393554687,-0.19128417968
1725973105095.9033,-0.99694824218,0.28393554687,-0.19128417968
1725973105104.6008,-0.99694824218,0.28393554687,-0.19128417968
1725973105113.39,-0.99694824218,0.28393554687,-0.19128417968
1725973105122.1484,-0.99694824218,0.28393554687,-0.19128417968
1725973105130.846,-0.99694824218,0.28393554687,-0.19128417968
1725973105144.9143,-0.94274902343,0.24243164062,-0.18298339843
1725973105153.7036,-0.94274902343,0.24243164062,-0.18298339843
1725973105162.462,-0.94274902343,0.24243164062,-0.18298339843
1725973105171.4648,-0.94274902343,0.24243164062,-0.18298339843
1725973105180.2844,-0.94274902343,0.24243164062,-0.18298339843
1725973105189.0735,-0.94274902343,0.24243164062,-0.18298339843
1725973105197.8623,-0.94274902343,0.24243164062,-0.18298339843
1725973105206.621,-0.94274902343,0.24243164062,-0.18298339843
1725973105215.3186,-0.94274902343,0.24243164062,-0.18298339843
1725973105229.3872,-0.87170410156,0.22399902343,-0.18957519531
1725973105238.1763,-0.87170410156,0.22399902343,-0.18957519531
1725973105246.9348,-0.87170410156,0.22399902343,-0.18957519531
1725973105255.7239,-0.87170410156,0.22399902343,-0.18957519531
1725973105264.4824,-0.87170410156,0.22399902343,-0.18957519531
1725973105273.2104,-0.87170410156,0.22399902343,-0.18957519531
1725973105281.9688,-0.87170410156,0.22399902343,-0.18957519531
1725973105290.758,-0.87170410156,0.22399902343,-0.18957519531
1725973105304.8267,-0.94482421875,0.24255371093,-0.19885253906
1725973105313.6155,-0.94482421875,0.24255371093,-0.19885253906
1725973105322.4048,-0.94482421875,0.24255371093,-0.19885253906
1725973105331.163,-0.94482421875,0.24255371093,-0.19885253906
1725973105339.9524,-0.94482421875,0.24255371093,-0.19885253906
1725973105348.7107,-0.94482421875,0.24255371093,-0.19885253906
1725973105357.4084,-0.94482421875,0.24255371093,-0.19885253906
1725973105366.1667,-0.94482421875,0.24255371093,-0.19885253906
1725973105374.9255,-0.94482421875,0.24255371093,-0.19885253906
1725973105389.0247,-1.111328125,0.24597167968,-0.27038574218
1725973105397.7527,-1.111328125,0.24597167968,-0.27038574218
1725973105406.45,-1.111328125,0.24597167968,-0.27038574218
1725973105415.1782,-1.111328125,0.24597167968,-0.27038574218
1725973105423.8755,-1.111328125,0.24597167968,-0.27038574218
1725973105432.6035,-1.111328125,0.24597167968,-0.27038574218
1725973105441.3013,-1.111328125,0.24597167968,-0.27038574218
1725973105450.0598,-1.111328125,0.24597167968,-0.27038574218
1725973105464.0671,-0.96984863281,0.20080566406,-0.27307128906
1725973105472.7344,-0.96984863281,0.20080566406,-0.27307128906
1725973105481.2183,-0.96984863281,0.20080566406,-0.27307128906
1725973105489.9155,-0.96984863281,0.20080566406,-0.27307128906
1725973105498.5828,-0.96984863281,0.20080566406,-0.27307128906
1725973105507.2495,-0.96984863281,0.20080566406,-0.27307128906
1725973105515.9473,-0.96984863281,0.20080566406,-0.27307128906
1725973105524.5227,-0.96984863281,0.20080566406,-0.27307128906
1725973105533.2202,-0.96984863281,0.20080566406,-0.27307128906
1725973105547.2275,-0.9228515625,0.15356445312,-0.25024414062
1725973105556.322,-0.9228515625,0.15356445312,-0.25024414062
1725973105565.0195,-0.9228515625,0.15356445312,-0.25024414062
1725973105573.717,-0.9228515625,0.15356445312,-0.25024414062
1725973105582.4143,-0.9228515625,0.15356445312,-0.25024414062
1725973105591.2036,-0.9228515625,0.15356445312,-0.25024414062
1725973105599.9316,-0.9228515625,0.15356445312,-0.25024414062
1725973105608.6292,-0.9228515625,0.15356445312,-0.25024414062
1725973105622.6367,-0.82067871093,0.12634277343,-0.19592285156
1725973105631.3647,-0.82067871093,0.12634277343,-0.19592285156
1725973105640.1233,-0.82067871093,0.12634277343,-0.19592285156
1725973105648.9124,-0.82067871093,0.12634277343,-0.19592285156
1725973105657.671,-0.82067871093,0.12634277343,-0.19592285156
1725973105666.4294,-0.82067871093,0.12634277343,-0.19592285156
1725973105675.2185,-0.82067871093,0.12634277343,-0.19592285156
1725973105683.977,-0.82067871093,0.12634277343,-0.19592285156
1725973105701.6162,-0.794921875,0.14587402343,-0.17260742187
1725973105710.2527,-0.794921875,0.14587402343,-0.17260742187
1725973105718.9807,-0.794921875,0.14587402343,-0.17260742187
1725973105727.6477,-0.794921875,0.14587402343,-0.17260742187
1725973105736.4062,-0.794921875,0.14587402343,-0.17260742187
1725973105744.9207,-0.794921875,0.14587402343,-0.17260742187
1725973105753.6487,-0.794921875,0.14587402343,-0.17260742187
1725973105762.3157,-0.794921875,0.14587402343,-0.17260742187
1725973105771.0437,-0.794921875,0.14587402343,-0.17260742187
1725973105785.0513,-0.88195800781,0.19152832031,-0.18469238281
1725973105793.8403,-0.88195800781,0.19152832031,-0.18469238281
1725973105802.5684,-0.88195800781,0.19152832031,-0.18469238281
1725973105811.2659,-0.88195800781,0.19152832031,-0.18469238281
1725973105820.0547,-0.88195800781,0.19152832031,-0.18469238281
1725973105828.7827,-0.88195800781,0.19152832031,-0.18469238281
1725973105837.6023,-0.88195800781,0.19152832031,-0.18469238281
1725973105846.3,-0.88195800781,0.19152832031,-0.18469238281
1725973105855.089,-0.88195800781,0.19152832031,-0.18469238281
1725973105869.1577,-1.14245605468,0.22534179687,-0.1767578125
1725973105877.9163,-1.14245605468,0.22534179687,-0.1767578125
1725973105886.6135,-1.14245605468,0.22534179687,-0.1767578125
1725973105895.3723,-1.14245605468,0.22534179687,-0.1767578125
1725973105904.0698,-1.14245605468,0.22534179687,-0.1767578125
1725973105912.8284,-1.14245605468,0.22534179687,-0.1767578125
1725973105921.526,-1.14245605468,0.22534179687,-0.1767578125
1725973105930.6506,-1.14245605468,0.22534179687,-0.1767578125
1725973105944.6887,-1.24304199218,0.29113769531,-0.21484375
1725973105953.4167,-1.24304199218,0.29113769531,-0.21484375
1725973105962.0835,-1.24304199218,0.29113769531,-0.21484375
1725973105970.7812,-1.24304199218,0.29113769531,-0.21484375
1725973105979.2346,-1.24304199218,0.29113769531,-0.21484375
1725973105987.9626,-1.24304199218,0.29113769531,-0.21484375
1725973105996.6907,-1.24304199218,0.29113769531,-0.21484375
1725973106005.3577,-1.24304199218,0.29113769531,-0.21484375
1725973106014.0552,-1.24304199218,0.29113769531,-0.21484375
1725973106028.0322,-1.05029296875,0.30297851562,-0.24291992187
1725973106036.7908,-1.05029296875,0.30297851562,-0.24291992187
1725973106045.5188,-1.05029296875,0.30297851562,-0.24291992187
1725973106054.3079,-1.05029296875,0.30297851562,-0.24291992187
1725973106063.0664,-1.05029296875,0.30297851562,-0.24291992187
1725973106071.764,-1.05029296875,0.30297851562,-0.24291992187
1725973106080.492,-1.05029296875,0.30297851562,-0.24291992187
1725973106089.281,-1.05029296875,0.30297851562,-0.24291992187
1725973106103.3496,-0.98327636718,0.26379394531,-0.19458007812
1725973106112.047,-0.98327636718,0.26379394531,-0.19458007812
1725973106120.8057,-0.98327636718,0.26379394531,-0.19458007812
1725973106129.5337,-0.98327636718,0.26379394531,-0.19458007812
1725973106138.2617,-0.98327636718,0.26379394531,-0.19458007812
1725973106146.9592,-0.98327636718,0.26379394531,-0.19458007812
1725973106155.6873,-0.98327636718,0.26379394531,-0.19458007812
1725973106164.4763,-0.98327636718,0.26379394531,-0.19458007812
1725973106173.2651,-0.98327636718,0.26379394531,-0.19458007812
1725973106187.3035,-0.97912597656,0.27563476562,-0.16784667968
1725973106196.0923,-0.97912597656,0.27563476562,-0.16784667968
1725973106204.851,-0.97912597656,0.27563476562,-0.16784667968
1725973106213.64,-0.97912597656,0.27563476562,-0.16784667968
1725973106222.368,-0.97912597656,0.27563476562,-0.16784667968
1725973106231.096,-0.97912597656,0.27563476562,-0.16784667968
1725973106239.8547,-0.97912597656,0.27563476562,-0.16784667968
1725973106248.6436,-0.97912597656,0.27563476562,-0.16784667968
1725973106262.7124,-0.96264648437,0.26770019531,-0.13452148437
1725973106271.5015,-0.96264648437,0.26770019531,-0.13452148437
1725973106280.26,-0.96264648437,0.26770019531,-0.13452148437
1725973106289.0183,-0.96264648437,0.26770019531,-0.13452148437
1725973106297.716,-0.96264648437,0.26770019531,-0.13452148437
1725973106306.9019,-0.96264648437,0.26770019531,-0.13452148437
1725973106315.63,-0.96264648437,0.26770019531,-0.13452148437
1725973106324.3884,-0.96264648437,0.26770019531,-0.13452148437
1725973106333.1775,-0.96264648437,0.26770019531,-0.13452148437
1725973106347.246,-0.97680664062,0.25354003906,-0.10021972656
1725973106355.9436,-0.97680664062,0.25354003906,-0.10021972656
1725973106364.6716,-0.97680664062,0.25354003906,-0.10021972656
1725973106373.4607,-0.97680664062,0.25354003906,-0.10021972656
1725973106382.2192,-0.97680664062,0.25354003906,-0.10021972656
1725973106391.0083,-0.97680664062,0.25354003906,-0.10021972656
1725973106399.7668,-0.97680664062,0.25354003906,-0.10021972656
1725973106408.556,-0.97680664062,0.25354003906,-0.10021972656
1725973106422.594,-0.98767089843,0.2802734375,-0.095703125
1725973106431.322,-0.98767089843,0.2802734375,-0.095703125
1725973106439.9585,-0.98767089843,0.2802734375,-0.095703125
1725973106448.6863,-0.98767089843,0.2802734375,-0.095703125
1725973106457.3228,-0.98767089843,0.2802734375,-0.095703125
1725973106466.051,-0.98767089843,0.2802734375,-0.095703125
1725973106474.718,-0.98767089843,0.2802734375,-0.095703125
1725973106483.4155,-0.98767089843,0.2802734375,-0.095703125
1725973106492.113,-0.98767089843,0.2802734375,-0.095703125
1725973106510.8203,-1.0634765625,0.28967285156,-0.12805175781
1725973106530.9312,-1.0634765625,0.28967285156,-0.12805175781
1725973106550.9507,-1.0634765625,0.28967285156,-0.12805175781
1725973106570.94,-1.0634765625,0.28967285156,-0.12805175781
1725973106590.807,-1.09887695312,0.25854492187,-0.17541503906
1725973106610.9485,-1.09887695312,0.25854492187,-0.17541503906
1725973106630.968,-1.09887695312,0.25854492187,-0.17541503906
1725973106650.9265,-1.09887695312,0.25854492187,-0.17541503906
1725973106670.824,-0.99658203125,0.2451171875,-0.20788574218
1725973106690.9656,-0.99658203125,0.2451171875,-0.20788574218
1725973106710.924,-0.99658203125,0.2451171875,-0.20788574218
1725973106730.9436,-0.99658203125,0.2451171875,-0.20788574218
1725973106750.841,-0.92065429687,0.22424316406,-0.22827148437
1725973106770.9216,-0.92065429687,0.22424316406,-0.22827148437
1725973106790.9412,-0.92065429687,0.22424316406,-0.22827148437
1725973106810.93,-0.92065429687,0.22424316406,-0.22827148437
1725973106830.8276,-0.8916015625,0.20300292968,-0.22314453125
1725973106850.9387,-0.8916015625,0.20300292968,-0.22314453125
1725973106870.9275,-0.8916015625,0.20300292968,-0.22314453125
1725973106890.9473,-0.8916015625,0.20300292968,-0.22314453125
1725973106910.8447,-0.85302734375,0.21398925781,-0.20837402343
1725973106930.9253,-0.85302734375,0.21398925781,-0.20837402343
1725973106950.9143,-0.85302734375,0.21398925781,-0.20837402343
1725973106970.9338,-0.85302734375,0.21398925781,-0.20837402343
1725973106990.8313,-0.833984375,0.22009277343,-0.2138671875
1725973107010.9119,-0.833984375,0.22009277343,-0.2138671875
1725973107030.9312,-0.833984375,0.22009277343,-0.2138671875
1725973107050.9204,-0.833984375,0.22009277343,-0.2138671875
1725973107070.787,-0.85009765625,0.22619628906,-0.2529296875
1725973107090.9287,-0.85009765625,0.22619628906,-0.2529296875
1725973107110.9485,-0.85009765625,0.22619628906,-0.2529296875
1725973107130.968,-0.85009765625,0.22619628906,-0.2529296875
1725973107150.8044,-0.98059082031,0.23840332031,-0.26904296875
1725973107170.946,-0.98059082031,0.23840332031,-0.26904296875
1725973107190.935,-0.98059082031,0.23840332031,-0.26904296875
1725973107210.924,-0.98059082031,0.23840332031,-0.26904296875
1725973107230.8215,-1.13635253906,0.27319335937,-0.26306152343
1725973107250.9631,-1.13635253906,0.27319335937,-0.26306152343
1725973107270.9216,-1.13635253906,0.27319335937,-0.26306152343
1725973107290.9106,-1.13635253906,0.27319335937,-0.26306152343
1725973107310.808,-1.05151367187,0.29992675781,-0.25610351562
1725973107330.9192,-1.05151367187,0.29992675781,-0.25610351562
1725973107350.9387,-1.05151367187,0.29992675781,-0.25610351562
1725973107370.9275,-1.05151367187,0.29992675781,-0.25610351562
1725973107390.7947,-0.97448730468,0.30187988281,-0.21630859375
1725973107410.9055,-0.97448730468,0.30187988281,-0.21630859375
1725973107430.9253,-0.97448730468,0.30187988281,-0.21630859375
1725973107450.9143,-0.97448730468,0.30187988281,-0.21630859375
1725973107470.8115,-1.00952148437,0.30078125,-0.16650390625
1725973107490.9229,-1.00952148437,0.30078125,-0.16650390625
1725973107510.9424,-1.00952148437,0.30078125,-0.16650390625
1725973107530.901,-1.00952148437,0.30078125,-0.16650390625
1725973107550.8289,-0.96533203125,0.28466796875,-0.13708496093
1725973107570.9094,-0.96533203125,0.28466796875,-0.13708496093
1725973107590.8984,-0.96533203125,0.28466796875,-0.13708496093
1725973107610.9485,-0.96533203125,0.28466796875,-0.13708496093
1725973107630.8154,-0.94885253906,0.25830078125,-0.1201171875
1725973107650.896,-0.94885253906,0.25830078125,-0.1201171875
1725973107670.946,-0.94885253906,0.25830078125,-0.1201171875
1725973107690.9043,-0.94885253906,0.25830078125,-0.1201171875
1725973107710.7715,-0.9443359375,0.24816894531,-0.1123046875
1725973107730.9436,-0.9443359375,0.24816894531,-0.1123046875
1725973107750.902,-0.9443359375,0.24816894531,-0.1123046875
1725973107770.9216,-0.9443359375,0.24816894531,-0.1123046875
1725973107790.819,-0.97766113281,0.2548828125,-0.13366699218
1725973107810.8997,-0.97766113281,0.2548828125,-0.13366699218
1725973107830.9192,-0.97766113281,0.2548828125,-0.13366699218
1725973107850.9082,-0.97766113281,0.2548828125,-0.13366699218
1725973107870.8057,-1.0849609375,0.24645996093,-0.17907714843
1725973107890.9167,-1.0849609375,0.24645996093,-0.17907714843
1725973107910.9055,-1.0849609375,0.24645996093,-0.17907714843
1725973107930.8948,-1.0849609375,0.24645996093,-0.17907714843
1725973107950.7922,-1.06726074218,0.24572753906,-0.2314453125
1725973107970.9033,-1.06726074218,0.24572753906,-0.2314453125
1725973107990.9229,-1.06726074218,0.24572753906,-0.2314453125
1725973108010.9119,-1.06726074218,0.24572753906,-0.2314453125
1725973108030.7788,-0.97973632812,0.24438476562,-0.255859375
1725973108050.89,-0.97973632812,0.24438476562,-0.255859375
1725973108070.94,-0.97973632812,0.24438476562,-0.255859375
1725973108090.8984,-0.97973632812,0.24438476562,-0.255859375
1725973108110.7651,-0.95764160156,0.22180175781,-0.24853515625
1725973108130.9067,-0.95764160156,0.22180175781,-0.24853515625
1725973108150.9265,-0.95764160156,0.22180175781,-0.24853515625
1725973108170.885,-0.95764160156,0.22180175781,-0.24853515625
1725973108190.7825,-0.9140625,0.22180175781,-0.23156738281
1725973108210.8936,-0.9140625,0.22180175781,-0.23156738281
1725973108230.913,-0.9140625,0.22180175781,-0.23156738281
1725973108250.902,-0.9140625,0.22180175781,-0.23156738281
1725973108270.7996,-0.85925292968,0.24047851562,-0.23413085937
1725973108290.88,-0.85925292968,0.24047851562,-0.23413085937
1725973108310.8997,-0.85925292968,0.24047851562,-0.23413085937
1725973108330.8887,-0.85925292968,0.24047851562,-0.23413085937
1725973108350.7556,-0.82543945312,0.2470703125,-0.27600097656
1725973108370.8972,-0.82543945312,0.2470703125,-0.27600097656
1725973108390.8862,-0.82543945312,0.2470703125,-0.27600097656
1725973108410.9363,-0.82543945312,0.2470703125,-0.27600097656
1725973108430.7727,-0.88989257812,0.22729492187,-0.30688476562
1725973108450.8835,-0.88989257812,0.22729492187,-0.30688476562
1725973108470.9033,-0.88989257812,0.22729492187,-0.30688476562
1725973108490.8923,-0.88989257812,0.22729492187,-0.30688476562
1725973108510.7593,-1.09509277343,0.23266601562,-0.27966308593
1725973108530.9312,-1.09509277343,0.23266601562,-0.27966308593
1725973108550.9204,-1.09509277343,0.23266601562,-0.27966308593
1725973108570.879,-1.09509277343,0.23266601562,-0.27966308593
1725973108590.7764,-1.14807128906,0.27990722656,-0.25659179687
1725973108610.918,-1.14807128906,0.27990722656,-0.25659179687
1725973108630.8765,-1.14807128906,0.27990722656,-0.25659179687
1725973108650.896,-1.14807128906,0.27990722656,-0.25659179687
1725973108670.7627,-1.03198242187,0.29565429687,-0.23950195312
1725973108690.874,-1.03198242187,0.29565429687,-0.23950195312
1725973108710.8936,-1.03198242187,0.29565429687,-0.23950195312
1725973108730.913,-1.03198242187,0.29565429687,-0.23950195312
1725973108750.78,-1.01965332031,0.27905273437,-0.19299316406
1725973108770.891,-1.01965332031,0.27905273437,-0.19299316406
1725973108790.9106,-1.01965332031,0.27905273437,-0.19299316406
1725973108810.8691,-1.01965332031,0.27905273437,-0.19299316406
1725973108830.7666,-1.00451660156,0.26098632812,-0.16711425781
1725973108850.8777,-1.00451660156,0.26098632812,-0.16711425781
1725973108870.8667,-1.00451660156,0.26098632812,-0.16711425781
1725973108890.8862,-1.00451660156,0.26098632812,-0.16711425781
1725973108910.7532,-0.95361328125,0.23474121093,-0.15502929687
1725973108930.8643,-0.95361328125,0.23474121093,-0.15502929687
1725973108950.8835,-0.95361328125,0.23474121093,-0.15502929687
1725973108970.8728,-0.95361328125,0.23474121093,-0.15502929687
1725973108990.7395,-0.91735839843,0.20166015625,-0.15563964843
1725973109010.881,-0.91735839843,0.20166015625,-0.15563964843
1725973109030.8704,-0.91735839843,0.20166015625,-0.15563964843
1725973109050.89,-0.91735839843,0.20166015625,-0.15563964843
1725973109070.7568,-0.88684082031,0.20092773437,-0.18823242187
1725973109090.868,-0.88684082031,0.20092773437,-0.18823242187
1725973109110.8875,-0.88684082031,0.20092773437,-0.18823242187
1725973109130.8765,-0.88684082031,0.20092773437,-0.18823242187
1725973109150.7434,-1.12609863281,0.26013183593,-0.20239257812
1725973109170.885,-1.12609863281,0.26013183593,-0.20239257812
1725973109190.9043,-1.12609863281,0.26013183593,-0.20239257812
1725973109210.863,-1.12609863281,0.26013183593,-0.20239257812
1725973109230.7605,-1.0791015625,0.28540039062,-0.23828125
1725973109250.902,-1.0791015625,0.28540039062,-0.23828125
1725973109270.8604,-1.0791015625,0.28540039062,-0.23828125
1725973109290.88,-1.0791015625,0.28540039062,-0.23828125
1725973109310.747,-0.97595214843,0.24621582031,-0.26110839843
1725973109330.858,-0.97595214843,0.24621582031,-0.26110839843
1725973109350.8777,-0.97595214843,0.24621582031,-0.26110839843
1725973109370.8667,-0.97595214843,0.24621582031,-0.26110839843
1725973109390.764,-0.94860839843,0.20593261718,-0.27392578125
1725973109410.9055,-0.94860839843,0.20593261718,-0.27392578125
1725973109430.8643,-0.94860839843,0.20593261718,-0.27392578125
1725973109450.8835,-0.94860839843,0.20593261718,-0.27392578125
1725973109470.7507,-0.88586425781,0.18408203125,-0.27673339843
1725973109490.8618,-0.88586425781,0.18408203125,-0.27673339843
1725973109510.8508,-0.88586425781,0.18408203125,-0.27673339843
1725973109530.901,-0.88586425781,0.18408203125,-0.27673339843
1725973109550.7678,-0.81494140625,0.171875,-0.29370117187
1725973109570.879,-0.81494140625,0.171875,-0.29370117187
1725973109590.868,-0.81494140625,0.171875,-0.29370117187
1725973109610.8875,-0.81494140625,0.171875,-0.29370117187
1725973109630.7544,-0.80993652343,0.16613769531,-0.31420898437
1725973109650.8655,-0.80993652343,0.16613769531,-0.31420898437
1725973109670.8545,-0.80993652343,0.16613769531,-0.31420898437
1725973109690.9043,-0.80993652343,0.16613769531,-0.31420898437
1725973109710.7407,-0.91711425781,0.18432617187,-0.29870605468
1725973109730.852,-0.91711425781,0.18432617187,-0.29870605468
1725973109750.8716,-0.91711425781,0.18432617187,-0.29870605468
1725973109770.8604,-0.91711425781,0.18432617187,-0.29870605468
1725973109790.7275,-1.1494140625,0.25427246093,-0.28198242187
1725973109810.8691,-1.1494140625,0.25427246093,-0.28198242187
1725973109830.8887,-1.1494140625,0.25427246093,-0.28198242187
1725973109850.8777,-1.1494140625,0.25427246093,-0.28198242187
1725973109870.7446,-1.11193847656,0.28479003906,-0.28894042968
1725973109890.8557,-1.11193847656,0.28479003906,-0.28894042968
1725973109910.8447,-1.11193847656,0.28479003906,-0.28894042968
1725973109930.8643,-1.11193847656,0.28479003906,-0.28894042968
1725973109950.7617,-0.96411132812,0.27502441406,-0.26818847656
1725973109970.8423,-0.96411132812,0.27502441406,-0.26818847656
1725973109990.8618,-0.96411132812,0.27502441406,-0.26818847656
1725973110010.881,-0.96411132812,0.27502441406,-0.26818847656
1725973110030.7175,-1.00146484375,0.27258300781,-0.22619628906
1725973110050.8591,-1.00146484375,0.27258300781,-0.22619628906
1725973110070.879,-1.00146484375,0.27258300781,-0.22619628906
1725973110090.8374,-1.00146484375,0.27258300781,-0.22619628906
1725973110110.7349,-0.9814453125,0.26110839843,-0.19921875
1725973110130.8765,-0.9814453125,0.26110839843,-0.19921875
1725973110150.8347,-0.9814453125,0.26110839843,-0.19921875
1725973110170.885,-0.9814453125,0.26110839843,-0.19921875
1725973110190.752,-0.95324707031,0.23583984375,-0.17529296875
1725973110210.863,-0.95324707031,0.23583984375,-0.17529296875
1725973110230.8823,-0.95324707031,0.23583984375,-0.17529296875
1725973110250.841,-0.95324707031,0.23583984375,-0.17529296875
1725973110270.708,-0.92028808593,0.2177734375,-0.1787109375
1725973110290.88,-0.92028808593,0.2177734375,-0.1787109375
1725973110310.8386,-0.92028808593,0.2177734375,-0.1787109375
1725973110330.8887,-0.92028808593,0.2177734375,-0.1787109375
1725973110350.725,-0.94775390625,0.22717285156,-0.21875
1725973110370.836,-0.94775390625,0.22717285156,-0.21875
1725973110390.8557,-0.94775390625,0.22717285156,-0.21875
1725973110410.8447,-0.94775390625,0.22717285156,-0.21875
1725973110430.7117,-1.12414550781,0.23046875,-0.22705078125
1725973110450.8533,-1.12414550781,0.23046875,-0.22705078125
1725973110470.8423,-1.12414550781,0.23046875,-0.22705078125
1725973110490.8313,-1.12414550781,0.23046875,-0.22705078125
1725973110510.7288,-1.09594726562,0.24755859375,-0.23620605468
1725973110530.8398,-1.09594726562,0.24755859375,-0.23620605468
1725973110550.8591,-1.09594726562,0.24755859375,-0.23620605468
1725973110570.879,-1.09594726562,0.24755859375,-0.23620605468
1725973110590.7458,-0.96606445312,0.24829101562,-0.22900390625
1725973110610.8264,-0.96606445312,0.24829101562,-0.22900390625
1725973110630.846,-0.96606445312,0.24829101562,-0.22900390625
1725973110650.8347,-0.96606445312,0.24829101562,-0.22900390625
1725973110670.7324,-0.97119140625,0.21850585937,-0.18798828125
1725973110690.8435,-0.97119140625,0.21850585937,-0.18798828125
1725973110710.8325,-0.97119140625,0.21850585937,-0.18798828125
1725973110730.8215,-0.97119140625,0.21850585937,-0.18798828125
1725973110750.7495,-0.9140625,0.19299316406,-0.15441894531
1725973110770.83,-0.9140625,0.19299316406,-0.15441894531
1725973110790.8496,-0.9140625,0.19299316406,-0.15441894531
1725973110810.8386,-0.9140625,0.19299316406,-0.15441894531
1725973110830.7056,-0.814453125,0.19580078125,-0.1376953125
1725973110850.725,-0.814453125,0.19580078125,-0.1376953125
1725973110870.836,-0.814453125,0.19580078125,-0.1376953125
1725973110890.8252,-0.814453125,0.19580078125,-0.1376953125
1725973110910.692,-0.81701660156,0.22631835937,-0.20690917968
1725973110930.8335,-0.81701660156,0.22631835937,-0.20690917968
1725973110950.8228,-0.81701660156,0.22631835937,-0.20690917968
1725973110970.8423,-0.81701660156,0.22631835937,-0.20690917968
1725973110990.7092,-0.95690917968,0.21337890625,-0.28820800781
1725973111010.8203,-0.95690917968,0.21337890625,-0.28820800781
1725973111030.8398,-0.95690917968,0.21337890625,-0.28820800781
1725973111050.8289,-0.95690917968,0.21337890625,-0.28820800781
1725973111070.6958,-1.17529296875,0.25537109375,-0.29602050781
1725973111090.8374,-1.17529296875,0.25537109375,-0.29602050781
1725973111110.8264,-1.17529296875,0.25537109375,-0.29602050781
1725973111130.8154,-1.17529296875,0.25537109375,-0.29602050781
1725973111150.7434,-1.15417480468,0.32385253906,-0.28503417968
1725973111170.8545,-1.15417480468,0.32385253906,-0.28503417968
1725973111190.8127,-1.15417480468,0.32385253906,-0.28503417968
1725973111210.863,-1.15417480468,0.32385253906,-0.28503417968
1725973111230.6995,-1.03491210937,0.31518554687,-0.24658203125
1725973111250.8103,-1.03491210937,0.31518554687,-0.24658203125
1725973111270.83,-1.03491210937,0.31518554687,-0.24658203125
1725973111290.819,-1.03491210937,0.31518554687,-0.24658203125
1725973111310.686,-1.0595703125,0.28918457031,-0.18896484375
1725973111330.8276,-1.0595703125,0.28918457031,-0.18896484375
1725973111350.8167,-1.0595703125,0.28918457031,-0.18896484375
1725973111370.8057,-1.0595703125,0.28918457031,-0.18896484375
1725973111390.7336,-1.02624511718,0.26782226562,-0.15576171875
1725973111410.8142,-1.02624511718,0.26782226562,-0.15576171875
1725973111430.8032,-1.02624511718,0.26782226562,-0.15576171875
1725973111450.8228,-1.02624511718,0.26782226562,-0.15576171875
1725973111470.7202,-0.97314453125,0.24108886718,-0.13098144531
1725973111490.8008,-0.97314453125,0.24108886718,-0.13098144531
1725973111510.8203,-0.97314453125,0.24108886718,-0.13098144531
1725973111530.809,-0.97314453125,0.24108886718,-0.13098144531
1725973111550.7068,-0.900390625,0.21398925781,-0.15075683593
1725973111570.8179,-0.900390625,0.21398925781,-0.15075683593
1725973111590.807,-0.900390625,0.21398925781,-0.15075683593
1725973111610.8264,-0.900390625,0.21398925781,-0.15075683593
1725973111630.846,-0.90295410156,0.22119140625,-0.18908691406
1725973111650.8044,-0.90295410156,0.22119140625,-0.18908691406
1725973111670.8545,-0.90295410156,0.22119140625,-0.18908691406
1725973111690.8127,-0.90295410156,0.22119140625,-0.18908691406
1725973111710.7104,-1.04907226562,0.2412109375,-0.19970703125
1725973111730.852,-1.04907226562,0.2412109375,-0.19970703125
1725973111750.8103,-1.04907226562,0.2412109375,-0.19970703125
1725973111770.7996,-1.04907226562,0.2412109375,-0.19970703125
1725973111790.697,-1.10778808593,0.25476074218,-0.20776367187
1725973111810.808,-1.10778808593,0.25476074218,-0.20776367187
1725973111830.797,-1.10778808593,0.25476074218,-0.20776367187
1725973111850.8167,-1.10778808593,0.25476074218,-0.20776367187
1725973111870.6836,-1.08203125,0.28503417968,-0.21362304687
1725973111890.7947,-1.08203125,0.28503417968,-0.21362304687
1725973111910.8142,-1.08203125,0.28503417968,-0.21362304687
1725973111930.8335,-1.08203125,0.28503417968,-0.21362304687
1725973111950.67,-1.05126953125,0.27734375,-0.20068359375
1725973111970.8423,-1.05126953125,0.27734375,-0.20068359375
1725973111990.8008,-1.05126953125,0.27734375,-0.20068359375
1725973112010.7896,-1.05126953125,0.27734375,-0.20068359375
1725973112030.7175,-0.94519042968,0.25695800781,-0.17907714843
1725973112050.8289,-0.94519042968,0.25695800781,-0.17907714843
1725973112070.8179,-0.94519042968,0.25695800781,-0.17907714843
1725973112090.807,-0.94519042968,0.25695800781,-0.17907714843
1725973112110.6738,-0.86437988281,0.27880859375,-0.16687011718
1725973112130.785,-0.86437988281,0.27880859375,-0.16687011718
1725973112150.8044,-0.86437988281,0.27880859375,-0.16687011718
1725973112170.824,-0.86437988281,0.27880859375,-0.16687011718
1725973112190.6604,-0.84973144531,0.31188964843,-0.19970703125
1725973112210.802,-0.84973144531,0.31188964843,-0.19970703125
1725973112230.791,-0.84973144531,0.31188964843,-0.19970703125
1725973112250.8103,-0.84973144531,0.31188964843,-0.19970703125
1725973112270.6775,-0.90441894531,0.33251953125,-0.26196289062
1725973112290.819,-0.90441894531,0.33251953125,-0.26196289062
1725973112310.808,-0.90441894531,0.33251953125,-0.26196289062
1725973112330.8276,-0.90441894531,0.33251953125,-0.26196289062
1725973112350.6943,-1.09033203125,0.33483886718,-0.27026367187
1725973112370.8057,-1.09033203125,0.33483886718,-0.27026367187
1725973112390.8252,-1.09033203125,0.33483886718,-0.27026367187
1725973112410.8142,-1.09033203125,0.33483886718,-0.27026367187
1725973112430.6812,-1.19592285156,0.33386230468,-0.25427246093
1725973112450.7922,-1.19592285156,0.33386230468,-0.25427246093
1725973112470.7812,-1.19592285156,0.33386230468,-0.25427246093
1725973112490.8008,-1.19592285156,0.33386230468,-0.25427246093
1725973112510.6675,-1.08459472656,0.33862304687,-0.24670410156
1725973112530.809,-1.08459472656,0.33862304687,-0.24670410156
1725973112550.7983,-1.08459472656,0.33862304687,-0.24670410156
1725973112570.8179,-1.08459472656,0.33862304687,-0.24670410156
1725973112590.6543,-1.04406738281,0.33032226562,-0.20568847656
1725973112610.796,-1.04406738281,0.33032226562,-0.20568847656
1725973112630.8154,-1.04406738281,0.33032226562,-0.20568847656
1725973112650.774,-1.04406738281,0.33032226562,-0.20568847656
1725973112670.6711,-1.07116699218,0.28588867187,-0.16369628906
1725973112690.7825,-1.07116699218,0.28588867187,-0.16369628906
1725973112710.802,-1.07116699218,0.28588867187,-0.16369628906
1725973112730.791,-1.07116699218,0.28588867187,-0.16369628906
1725973112750.6885,-0.98486328125,0.21350097656,-0.12707519531
1725973112770.769,-0.98486328125,0.21350097656,-0.12707519531
1725973112790.7883,-0.98486328125,0.21350097656,-0.12707519531
1725973112810.7776,-0.98486328125,0.21350097656,-0.12707519531
1725973112830.675,-0.93298339843,0.21362304687,-0.11340332031
1725973112850.786,-0.93298339843,0.21362304687,-0.11340332031
1725973112870.8057,-0.93298339843,0.21362304687,-0.11340332031
1725973112890.7947,-0.93298339843,0.21362304687,-0.11340332031
1725973112910.6616,-0.92236328125,0.22729492187,-0.12890625
1725973112930.7727,-0.92236328125,0.22729492187,-0.12890625
1725973112950.7922,-0.92236328125,0.22729492187,-0.12890625
1725973112970.8115,-0.92236328125,0.22729492187,-0.12890625
1725973112990.648,-1.04772949218,0.25549316406,-0.15185546875
1725973113010.8203,-1.04772949218,0.25549316406,-0.15185546875
1725973113030.7788,-1.04772949218,0.25549316406,-0.15185546875
1725973113050.7983,-1.04772949218,0.25549316406,-0.15185546875
1725973113070.6653,-1.08630371093,0.32080078125,-0.20935058593
1725973113090.7764,-1.08630371093,0.32080078125,-0.20935058593
1725973113110.7651,-1.08630371093,0.32080078125,-0.20935058593
1725973113130.785,-1.08630371093,0.32080078125,-0.20935058593
1725973113150.6519,-1.03039550781,0.32312011718,-0.22790527343
1725973113170.7627,-1.03039550781,0.32312011718,-0.22790527343
1725973113190.7825,-1.03039550781,0.32312011718,-0.22790527343
1725973113210.802,-1.03039550781,0.32312011718,-0.22790527343
1725973113230.6384,-1.00012207031,0.26794433593,-0.216796875
1725973113250.8103,-1.00012207031,0.26794433593,-0.216796875
1725973113270.769,-1.00012207031,0.26794433593,-0.216796875
1725973113290.7883,-1.00012207031,0.26794433593,-0.216796875
1725973113310.6555,-0.93591308593,0.2880859375,-0.21887207031
1725973113330.7666,-0.93591308593,0.2880859375,-0.21887207031
1725973113350.7556,-0.93591308593,0.2880859375,-0.21887207031
1725973113370.7751,-0.93591308593,0.2880859375,-0.21887207031
1725973113390.6726,-0.88830566406,0.33288574218,-0.23962402343
1725973113410.7532,-0.88830566406,0.33288574218,-0.23962402343
1725973113430.8032,-0.88830566406,0.33288574218,-0.23962402343
1725973113450.7922,-0.88830566406,0.33288574218,-0.23962402343
1725973113470.6592,-0.87023925781,0.31726074218,-0.28991699218
1725973113490.7703,-0.87023925781,0.31726074218,-0.28991699218
1725973113510.7593,-0.87023925781,0.31726074218,-0.28991699218
1725973113530.7788,-0.87023925781,0.31726074218,-0.28991699218
1725973113550.6455,-0.89514160156,0.28295898437,-0.29357910156
1725973113570.7568,-0.89514160156,0.28295898437,-0.29357910156
1725973113590.807,-0.89514160156,0.28295898437,-0.29357910156
1725973113610.796,-0.89514160156,0.28295898437,-0.29357910156
1725973113630.6628,-1.04125976562,0.29089355468,-0.24633789062
1725973113650.774,-1.04125976562,0.29089355468,-0.24633789062
1725973113670.7627,-1.04125976562,0.29089355468,-0.24633789062
1725973113690.752,-1.04125976562,0.29089355468,-0.24633789062
1725973113710.6494,-1.10632324218,0.30712890625,-0.18676757812
1725973113730.7605,-1.10632324218,0.30712890625,-0.18676757812
1725973113750.7495,-1.10632324218,0.30712890625,-0.18676757812
1725973113770.769,-1.10632324218,0.30712890625,-0.18676757812
1725973113790.6665,-1.076171875,0.32092285156,-0.13293457031
1725973113810.747,-1.076171875,0.32092285156,-0.13293457031
1725973113830.7666,-1.076171875,0.32092285156,-0.13293457031
1725973113850.786,-1.076171875,0.32092285156,-0.13293457031
1725973113870.6223,-1.07775878906,0.31274414062,-0.10363769531
1725973113890.7947,-1.07775878906,0.31274414062,-0.10363769531
1725973113910.7837,-1.07775878906,0.31274414062,-0.10363769531
1725973113930.7727,-1.07775878906,0.31274414062,-0.10363769531
1725973113950.6396,-1.01379394531,0.26928710937,-0.11291503906
1725973113970.7507,-1.01379394531,0.26928710937,-0.11291503906
1725973113990.7703,-1.01379394531,0.26928710937,-0.11291503906
1725973114010.7593,-1.01379394531,0.26928710937,-0.11291503906
1725973114030.6262,-0.927734375,0.25329589843,-0.12145996093
1725973114050.7373,-0.927734375,0.25329589843,-0.12145996093
1725973114070.787,-0.927734375,0.25329589843,-0.12145996093
1725973114090.7764,-0.927734375,0.25329589843,-0.12145996093
1725973114110.6433,-0.83972167968,0.29272460937,-0.15246582031
1725973114130.7544,-0.83972167968,0.29272460937,-0.15246582031
1725973114150.7434,-0.83972167968,0.29272460937,-0.15246582031
1725973114170.7935,-0.83972167968,0.29272460937,-0.15246582031
1725973114190.6604,-0.81945800781,0.35693359375,-0.19506835937
1725973114210.7715,-0.81945800781,0.35693359375,-0.19506835937
1725973114230.7605,-0.81945800781,0.35693359375,-0.19506835937
1725973114250.78,-0.81945800781,0.35693359375,-0.19506835937
1725973114270.6165,-0.89233398437,0.39416503906,-0.22338867187
1725973114290.9106,-0.89233398437,0.39416503906,-0.22338867187
1725973114310.7776,-0.89233398437,0.39416503906,-0.22338867187
1725973114330.736,-0.89233398437,0.39416503906,-0.22338867187
1725973114350.664,-1.09619140625,0.39172363281,-0.24279785156
1725973114370.7446,-1.09619140625,0.39172363281,-0.24279785156
1725973114390.7336,-1.09619140625,0.39172363281,-0.24279785156
1725973114410.7532,-1.09619140625,0.39172363281,-0.24279785156
1725973114430.6506,-1.09436035156,0.37390136718,-0.24975585937
1725973114450.7312,-1.09436035156,0.37390136718,-0.24975585937
1725973114470.7507,-1.09436035156,0.37390136718,-0.24975585937
1725973114490.7395,-1.09436035156,0.37390136718,-0.24975585937
1725973114510.6067,-0.96520996093,0.30932617187,-0.19567871093
1725973114530.7483,-0.96520996093,0.30932617187,-0.19567871093
1725973114550.7373,-0.96520996093,0.30932617187,-0.19567871093
1725973114570.7263,-0.96520996093,0.30932617187,-0.19567871093
1725973114590.6235,-0.96447753906,0.25012207031,-0.11315917968
1725973114610.7651,-0.96447753906,0.25012207031,-0.11315917968
1725973114630.7239,-0.96447753906,0.25012207031,-0.11315917968
1725973114650.774,-0.96447753906,0.25012207031,-0.11315917968
1725973114670.6711,-0.91723632812,0.24841308593,-0.06311035156
1725973114690.7214,-0.91723632812,0.24841308593,-0.06311035156
1725973114710.7715,-0.91723632812,0.24841308593,-0.06311035156
1725973114730.73,-0.91723632812,0.24841308593,-0.06311035156
1725973114750.6274,-0.90661621093,0.22998046875,-0.05236816406
1725973114770.7383,-0.90661621093,0.22998046875,-0.05236816406
1725973114790.758,-0.90661621093,0.22998046875,-0.05236816406
1725973114810.747,-0.90661621093,0.22998046875,-0.05236816406
1725973114830.614,-0.92565917968,0.2255859375,-0.11193847656
1725973114850.725,-0.92565917968,0.2255859375,-0.11193847656
1725973114870.7446,-0.92565917968,0.2255859375,-0.11193847656
1725973114890.7336,-0.92565917968,0.2255859375,-0.11193847656
1725973114910.6003,-0.93151855468,0.24328613281,-0.19604492187
1725973114930.742,-0.93151855468,0.24328613281,-0.19604492187
1725973114950.7617,-0.93151855468,0.24328613281,-0.19604492187
1725973114970.7507,-0.93151855468,0.24328613281,-0.19604492187
1725973114990.648,-0.95288085937,0.25573730468,-0.24768066406
1725973115010.7288,-0.95288085937,0.25573730468,-0.24768066406
1725973115030.7175,-0.95288085937,0.25573730468,-0.24768066406
1725973115050.7373,-0.95288085937,0.25573730468,-0.24768066406
1725973115070.6042,-1.1015625,0.27819824218,-0.2509765625
1725973115090.715,-1.1015625,0.27819824218,-0.2509765625
1725973115110.7349,-1.1015625,0.27819824218,-0.2509765625
1725973115130.7239,-1.1015625,0.27819824218,-0.2509765625
1725973115150.621,-1.12817382812,0.30432128906,-0.22436523437
1725973115170.7324,-1.12817382812,0.30432128906,-0.22436523437
1725973115190.752,-1.12817382812,0.30432128906,-0.22436523437
1725973115210.7104,-1.12817382812,0.30432128906,-0.22436523437
1725973115230.6384,-1.04663085937,0.30810546875,-0.17761230468
1725973115250.7495,-1.04663085937,0.30810546875,-0.17761230468
1725973115270.708,-1.04663085937,0.30810546875,-0.17761230468
1725973115290.7275,-1.04663085937,0.30810546875,-0.17761230468
1725973115310.5945,-1.04833984375,0.29016113281,-0.10986328125
1725973115330.7056,-1.04833984375,0.29016113281,-0.10986328125
1725973115350.725,-1.04833984375,0.29016113281,-0.10986328125
1725973115370.714,-1.04833984375,0.29016113281,-0.10986328125
1725973115390.581,-1.00219726562,0.26403808593,-0.06481933593
1725973115410.7227,-1.00219726562,0.26403808593,-0.06481933593
1725973115430.742,-1.00219726562,0.26403808593,-0.06481933593
1725973115450.7617,-1.00219726562,0.26403808593,-0.06481933593
1725973115470.6287,-0.95251464843,0.23828125,-0.05102539062
1725973115490.7092,-0.95251464843,0.23828125,-0.05102539062
1725973115510.7288,-0.95251464843,0.23828125,-0.05102539062
1725973115530.7175,-0.95251464843,0.23828125,-0.05102539062
1725973115550.6152,-0.9033203125,0.23352050781,-0.06958007812
1725973115570.7263,-0.9033203125,0.23352050781,-0.06958007812
1725973115590.715,-0.9033203125,0.23352050781,-0.06958007812
1725973115610.7349,-0.9033203125,0.23352050781,-0.06958007812
1725973115630.6018,-0.92419433593,0.24487304687,-0.13049316406
1725973115650.713,-0.92419433593,0.24487304687,-0.13049316406
1725973115670.702,-0.92419433593,0.24487304687,-0.13049316406
1725973115690.7214,-0.92419433593,0.24487304687,-0.13049316406
1725973115710.5884,-1.068359375,0.24816894531,-0.18798828125
1725973115730.73,-1.068359375,0.24816894531,-0.18798828125
1725973115750.7188,-1.068359375,0.24816894531,-0.18798828125
1725973115770.7383,-1.068359375,0.24816894531,-0.18798828125
1725973115790.5747,-1.0751953125,0.26733398437,-0.26171875
1725973115810.747,-1.0751953125,0.26733398437,-0.26171875
1725973115830.7056,-1.0751953125,0.26733398437,-0.26171875
1725973115850.6943,-1.0751953125,0.26733398437,-0.26171875
1725973115870.6223,-0.99072265625,0.27429199218,-0.29296875
1725973115890.7336,-0.99072265625,0.27429199218,-0.29296875
1725973115910.7227,-0.99072265625,0.27429199218,-0.29296875
1725973115930.7117,-0.99072265625,0.27429199218,-0.29296875
1725973115950.5786,-1.00354003906,0.23779296875,-0.26794433593
1725973115970.7202,-1.00354003906,0.23779296875,-0.26794433593
1725973115990.7092,-1.00354003906,0.23779296875,-0.26794433593
1725973116010.7288,-1.00354003906,0.23779296875,-0.26794433593
1725973116030.5652,-0.9677734375,0.234375,-0.25524902343
1725973116050.7373,-0.9677734375,0.234375,-0.25524902343
1725973116070.6958,-0.9677734375,0.234375,-0.25524902343
1725973116090.715,-0.9677734375,0.234375,-0.25524902343
1725973116110.6128,-0.88427734375,0.25891113281,-0.23046875
1725973116130.693,-0.88427734375,0.25891113281,-0.23046875
1725973116150.713,-0.88427734375,0.25891113281,-0.23046875
1725973116170.702,-0.88427734375,0.25891113281,-0.23046875
1725973116190.5688,-0.84753417968,0.2578125,-0.24719238281
1725973116210.7104,-0.84753417968,0.2578125,-0.24719238281
1725973116230.6995,-0.84753417968,0.2578125,-0.24719238281
1725973116250.6885,-0.84753417968,0.2578125,-0.24719238281
1725973116270.6165,-0.88562011718,0.23120117187,-0.28723144531
1725973116290.7275,-0.88562011718,0.23120117187,-0.28723144531
1725973116310.686,-0.88562011718,0.23120117187,-0.28723144531
1725973116330.736,-0.88562011718,0.23120117187,-0.28723144531
1725973116350.603,-1.08666992187,0.25671386718,-0.23376464843
1725973116370.6836,-1.08666992187,0.25671386718,-0.23376464843
1725973116390.7031,-1.08666992187,0.25671386718,-0.23376464843
1725973116410.692,-1.08666992187,0.25671386718,-0.23376464843
1725973116430.559,-1.09924316406,0.29638671875,-0.20483398437
1725973116450.7312,-1.09924316406,0.29638671875,-0.20483398437
1725973116470.6897,-1.09924316406,0.29638671875,-0.20483398437
1725973116490.6787,-1.09924316406,0.29638671875,-0.20483398437
1725973116510.576,-0.99462890625,0.30969238281,-0.18200683593
1725973116530.7175,-0.99462890625,0.30969238281,-0.18200683593
1725973116550.6763,-0.99462890625,0.30969238281,-0.18200683593
1725973116570.6958,-0.99462890625,0.30969238281,-0.18200683593
1725973116590.5627,-1.0146484375,0.29809570312,-0.16931152343
1725973116610.7043,-1.0146484375,0.29809570312,-0.16931152343
1725973116630.7239,-1.0146484375,0.29809570312,-0.16931152343
1725973116650.6824,-1.0146484375,0.29809570312,-0.16931152343
1725973116670.5798,-0.98132324218,0.26879882812,-0.16125488281
1725973116690.691,-0.98132324218,0.26879882812,-0.16125488281
1725973116710.7104,-0.98132324218,0.26879882812,-0.16125488281
1725973116730.6995,-0.98132324218,0.26879882812,-0.16125488281
1725973116750.5664,-0.93859863281,0.236328125,-0.15124511718
1725973116770.6775,-0.93859863281,0.236328125,-0.15124511718
1725973116790.697,-0.93859863281,0.236328125,-0.15124511718
1725973116810.686,-0.93859863281,0.236328125,-0.15124511718
1725973116830.5527,-0.90100097656,0.22009277343,-0.14978027343
1725973116850.725,-0.90100097656,0.22009277343,-0.14978027343
1725973116870.6836,-0.90100097656,0.22009277343,-0.14978027343
1725973116890.581,-0.90100097656,0.22009277343,-0.14978027343
1725973116910.57,-0.888671875,0.23547363281,-0.1552734375
1725973116930.7117,-0.888671875,0.23547363281,-0.1552734375
1725973116950.67,-0.888671875,0.23547363281,-0.1552734375
1725973116970.7202,-0.888671875,0.23547363281,-0.1552734375
1725973116990.5872,-1.00280761718,0.27087402343,-0.15893554687
1725973117010.6675,-1.00280761718,0.27087402343,-0.15893554687
1725973117030.7175,-1.00280761718,0.27087402343,-0.15893554687
1725973117050.6763,-1.00280761718,0.27087402343,-0.15893554687
1725973117070.5432,-1.13732910156,0.31127929687,-0.18249511718
1725973117090.6848,-1.13732910156,0.31127929687,-0.18249511718
1725973117110.6738,-1.13732910156,0.31127929687,-0.18249511718
1725973117130.6628,-1.13732910156,0.31127929687,-0.18249511718
1725973117150.5603,-1.05102539062,0.30615234375,-0.21643066406
1725973117170.6711,-1.05102539062,0.30615234375,-0.21643066406
1725973117190.6604,-1.05102539062,0.30615234375,-0.21643066406
1725973117210.68,-1.05102539062,0.30615234375,-0.21643066406
1725973117230.5771,-0.96594238281,0.25476074218,-0.21655273437
1725973117250.6885,-0.96594238281,0.25476074218,-0.21655273437
1725973117270.6775,-0.96594238281,0.25476074218,-0.21655273437
1725973117290.697,-0.96594238281,0.25476074218,-0.21655273437
1725973117310.5334,-0.95434570312,0.240234375,-0.22399902343
1725973117330.675,-0.95434570312,0.240234375,-0.22399902343
1725973117350.664,-0.95434570312,0.240234375,-0.22399902343
1725973117370.714,-0.95434570312,0.240234375,-0.22399902343
1725973117390.5503,-0.88122558593,0.25329589843,-0.23999023437
1725973117410.6616,-0.88122558593,0.25329589843,-0.23999023437
1725973117430.6812,-0.88122558593,0.25329589843,-0.23999023437
1725973117450.67,-0.88122558593,0.25329589843,-0.23999023437
1725973117470.5676,-0.86071777343,0.24780273437,-0.2587890625
1725973117490.6787,-0.86071777343,0.24780273437,-0.2587890625
1725973117510.6675,-0.86071777343,0.24780273437,-0.2587890625
1725973117530.6567,-0.86071777343,0.24780273437,-0.2587890625
1725973117550.5847,-0.88134765625,0.23181152343,-0.2978515625
1725973117570.6958,-0.88134765625,0.23181152343,-0.2978515625
1725973117590.6543,-0.88134765625,0.23181152343,-0.2978515625
1725973117610.6738,-0.88134765625,0.23181152343,-0.2978515625
1725973117630.5408,-0.89819335937,0.20971679687,-0.31298828125
1725973117650.6519,-0.89819335937,0.20971679687,-0.31298828125
1725973117670.6711,-0.89819335937,0.20971679687,-0.31298828125
1725973117690.691,-0.89819335937,0.20971679687,-0.31298828125
1725973117710.527,-0.96032714843,0.22436523437,-0.28137207031
1725973117730.6995,-0.96032714843,0.22436523437,-0.28137207031
1725973117750.658,-0.96032714843,0.22436523437,-0.28137207031
1725973117770.6467,-0.96032714843,0.22436523437,-0.28137207031
1725973117790.5747,-1.04455566406,0.26879882812,-0.23754882812
1725973117810.6555,-1.04455566406,0.26879882812,-0.23754882812
1725973117830.6443,-1.04455566406,0.26879882812,-0.23754882812
1725973117850.664,-1.04455566406,0.26879882812,-0.23754882812
1725973117870.531,-1.02966308593,0.29370117187,-0.20349121093
1725973117890.642,-1.02966308593,0.29370117187,-0.20349121093
1725973117910.6616,-1.02966308593,0.29370117187,-0.20349121093
1725973117930.6506,-1.02966308593,0.29370117187,-0.20349121093
1725973117950.548,-1.00183105468,0.30114746093,-0.17822265625
1725973117970.6592,-1.00183105468,0.30114746093,-0.17822265625
1725973117990.6787,-1.00183105468,0.30114746093,-0.17822265625
1725973118010.6982,-1.00183105468,0.30114746093,-0.17822265625
1725973118030.5652,-1.05773925781,0.30041503906,-0.158203125
1725973118050.6455,-1.05773925781,0.30041503906,-0.158203125
1725973118070.6653,-1.05773925781,0.30041503906,-0.158203125
1725973118090.6543,-1.05773925781,0.30041503906,-0.158203125
1725973118110.5212,-1.03784179687,0.27294921875,-0.16235351562
1725973118130.6628,-1.03784179687,0.27294921875,-0.16235351562
1725973118150.6519,-1.03784179687,0.27294921875,-0.16235351562
1725973118170.6409,-1.03784179687,0.27294921875,-0.16235351562
1725973118190.5383,-0.96496582031,0.22888183593,-0.19140625
1725973118210.6494,-0.96496582031,0.22888183593,-0.19140625
1725973118230.6687,-0.96496582031,0.22888183593,-0.19140625
1725973118250.658,-0.96496582031,0.22888183593,-0.19140625
1725973118270.5554,-0.93835449218,0.20422363281,-0.21435546875
1725973118290.636,-0.93835449218,0.20422363281,-0.21435546875
1725973118310.6555,-0.93835449218,0.20422363281,-0.21435546875
1725973118330.6443,-0.93835449218,0.20422363281,-0.21435546875
1725973118350.542,-0.95190429687,0.205078125,-0.21350097656
1725973118370.653,-0.95190429687,0.205078125,-0.21350097656
1725973118390.642,-0.95190429687,0.205078125,-0.21350097656
1725973118410.6616,-0.95190429687,0.205078125,-0.21350097656
1725973118430.5283,-1.0166015625,0.23889160156,-0.17358398437
1725973118450.7312,-1.0166015625,0.23889160156,-0.17358398437
1725973118470.6592,-1.0166015625,0.23889160156,-0.17358398437
1725973118490.648,-1.0166015625,0.23889160156,-0.17358398437
1725973118510.5151,-1.10522460937,0.28601074218,-0.12255859375
1725973118530.6262,-1.10522460937,0.28601074218,-0.12255859375
1725973118550.6763,-1.10522460937,0.28601074218,-0.12255859375
1725973118570.6348,-1.10522460937,0.28601074218,-0.12255859375
1725973118590.5017,-1.02868652343,0.29541015625,-0.10510253906
1725973118610.6433,-1.02868652343,0.29541015625,-0.10510253906
1725973118630.6323,-1.02868652343,0.29541015625,-0.10510253906
1725973118650.6519,-1.02868652343,0.29541015625,-0.10510253906
1725973118670.5188,-0.95654296875,0.27795410156,-0.09802246093
1725973118690.6604,-0.95654296875,0.27795410156,-0.09802246093
1725973118710.6494,-0.95654296875,0.27795410156,-0.09802246093
1725973118730.6384,-0.95654296875,0.27795410156,-0.09802246093
1725973118750.536,-0.96459960937,0.27392578125,-0.11865234375
1725973118770.6467,-0.96459960937,0.27392578125,-0.11865234375
1725973118790.6665,-0.96459960937,0.27392578125,-0.11865234375
1725973118810.625,-0.96459960937,0.27392578125,-0.11865234375
1725973118830.7056,-0.89123535156,0.28149414062,-0.17932128906
1725973118850.664,-0.89123535156,0.28149414062,-0.17932128906
1725973118870.6223,-0.89123535156,0.28149414062,-0.17932128906
1725973118890.642,-0.89123535156,0.28149414062,-0.17932128906
1725973118910.509,-0.88305664062,0.29223632812,-0.2451171875
1725973118930.6506,-0.88305664062,0.29223632812,-0.2451171875
1725973118950.6396,-0.88305664062,0.29223632812,-0.2451171875
1725973118970.6287,-0.88305664062,0.29223632812,-0.2451171875
1725973118990.4956,-0.91162109375,0.30151367187,-0.31030273437
1725973119010.6372,-0.91162109375,0.30151367187,-0.31030273437
1725973119030.6567,-0.91162109375,0.30151367187,-0.31030273437
1725973119050.6152,-0.91162109375,0.30151367187,-0.31030273437
1725973119070.5432,-0.91650390625,0.30163574218,-0.33020019531
1725973119090.6235,-0.91650390625,0.30163574218,-0.33020019531
1725973119110.6128,-0.91650390625,0.30163574218,-0.33020019531
1725973119130.6628,-0.91650390625,0.30163574218,-0.33020019531
1725973119150.5295,-1.00427246093,0.31726074218,-0.2978515625
1725973119170.6104,-1.00427246093,0.31726074218,-0.2978515625
1725973119190.63,-1.00427246093,0.31726074218,-0.2978515625
1725973119210.619,-1.00427246093,0.31726074218,-0.2978515625
1725973119230.4858,-1.03796386718,0.33190917968,-0.27233886718
1725973119250.6274,-1.03796386718,0.33190917968,-0.27233886718
1725973119270.6165,-1.03796386718,0.33190917968,-0.27233886718
1725973119290.636,-1.03796386718,0.33190917968,-0.27233886718
1725973119310.5027,-1.05261230468,0.326171875,-0.23950195312
1725973119330.6443,-1.05261230468,0.326171875,-0.23950195312
1725973119350.6335,-1.05261230468,0.326171875,-0.23950195312
1725973119370.6223,-1.05261230468,0.326171875,-0.23950195312
1725973119390.4895,-1.16259765625,0.30480957031,-0.19604492187
1725973119410.6616,-1.16259765625,0.30480957031,-0.19604492187
1725973119430.62,-1.16259765625,0.30480957031,-0.19604492187
1725973119450.6091,-1.16259765625,0.30480957031,-0.19604492187
1725973119470.5063,-1.15661621093,0.25830078125,-0.18103027343
1725973119490.6177,-1.15661621093,0.25830078125,-0.18103027343
1725973119510.6067,-1.15661621093,0.25830078125,-0.18103027343
1725973119530.6262,-1.15661621093,0.25830078125,-0.18103027343
1725973119550.5237,-1.06311035156,0.20642089843,-0.19702148437
1725973119570.6042,-1.06311035156,0.20642089843,-0.19702148437
1725973119590.6235,-1.06311035156,0.20642089843,-0.19702148437
1725973119610.6128,-1.06311035156,0.20642089843,-0.19702148437
1725973119630.4795,-0.96325683593,0.15625,-0.24401855468
1725973119650.6519,-0.96325683593,0.15625,-0.24401855468
1725973119670.6104,-0.96325683593,0.15625,-0.24401855468
1725973119690.63,-0.96325683593,0.15625,-0.24401855468
1725973119710.4968,-0.87805175781,0.13073730468,-0.28784179687
1725973119730.608,-0.87805175781,0.13073730468,-0.28784179687
1725973119750.5967,-0.87805175781,0.13073730468,-0.28784179687
1725973119770.6165,-0.87805175781,0.13073730468,-0.28784179687
1725973119790.4832,-0.97485351562,0.16259765625,-0.29064941406
1725973119810.5945,-0.97485351562,0.16259765625,-0.29064941406
1725973119830.6443,-0.97485351562,0.16259765625,-0.29064941406
1725973119850.603,-0.97485351562,0.16259765625,-0.29064941406
1725973119870.5005,-1.05139160156,0.21179199218,-0.25439453125
1725973119890.6116,-1.05139160156,0.21179199218,-0.25439453125
1725973119910.6003,-1.05139160156,0.21179199218,-0.25439453125
1725973119930.62,-1.05139160156,0.21179199218,-0.25439453125
1725973119950.5176,-1.06408691406,0.23474121093,-0.17492675781
1725973119970.598,-1.06408691406,0.23474121093,-0.17492675781
1725973119990.6177,-1.06408691406,0.23474121093,-0.17492675781
1725973120010.6067,-1.06408691406,0.23474121093,-0.17492675781
1725973120030.4736,-0.99060058593,0.27453613281,-0.05419921875
1725973120050.6152,-0.99060058593,0.27453613281,-0.05419921875
1725973120070.6042,-0.99060058593,0.27453613281,-0.05419921875
1725973120090.5933,-0.99060058593,0.27453613281,-0.05419921875
1725973120110.4907,-0.90234375,0.30151367187,-0.01586914062
1725973120130.6018,-0.90234375,0.30151367187,-0.01586914062
1725973120150.5908,-0.90234375,0.30151367187,-0.01586914062
1725973120170.6104,-0.90234375,0.30151367187,-0.01586914062
1725973120190.4773,-0.90905761718,0.35168457031,-0.0595703125
1725973120210.5884,-0.90905761718,0.35168457031,-0.0595703125
1725973120230.6384,-0.90905761718,0.35168457031,-0.0595703125
1725973120250.5967,-0.90905761718,0.35168457031,-0.0595703125
1725973120270.4944,-1.00500488281,0.38549804687,-0.17468261718
1725973120290.6055,-1.00500488281,0.38549804687,-0.17468261718
1725973120310.625,-1.00500488281,0.38549804687,-0.17468261718
1725973120330.5835,-1.00500488281,0.38549804687,-0.17468261718
1725973120350.542,-1.11547851562,0.33666992187,-0.29309082031
1725973120370.592,-1.11547851562,0.33666992187,-0.29309082031
1725973120390.581,-1.11547851562,0.33666992187,-0.29309082031
1725973120410.6003,-1.11547851562,0.33666992187,-0.29309082031
1725973120430.4675,-1.044921875,0.31689453125,-0.37841796875
1725973120450.6091,-1.044921875,0.31689453125,-0.37841796875
1725973120470.598,-1.044921875,0.31689453125,-0.37841796875
1725973120490.5872,-1.044921875,0.31689453125,-0.37841796875
1725973120510.454,-0.990234375,0.33483886718,-0.3349609375
1725973120530.5957,-0.990234375,0.33483886718,-0.3349609375
1725973120550.5847,-0.990234375,0.33483886718,-0.3349609375
1725973120570.6042,-0.990234375,0.33483886718,-0.3349609375
1725973120590.5017,-1.123046875,0.3359375,-0.22802734375
1725973120610.6128,-1.123046875,0.3359375,-0.22802734375
1725973120630.6323,-1.123046875,0.3359375,-0.22802734375
1725973120650.5908,-1.123046875,0.3359375,-0.22802734375
1725973120670.4575,-1.15380859375,0.3125,-0.16052246093
1725973120690.599,-1.15380859375,0.3125,-0.16052246093
1725973120710.5884,-1.15380859375,0.3125,-0.16052246093
1725973120730.5771,-1.15380859375,0.3125,-0.16052246093
1725973120750.5051,-1.06909179687,0.2734375,-0.15612792968
1725973120770.6165,-1.06909179687,0.2734375,-0.15612792968
1725973120790.5747,-1.06909179687,0.2734375,-0.15612792968
1725973120810.625,-1.06909179687,0.2734375,-0.15612792968
1725973120830.492,-0.98583984375,0.21862792968,-0.22180175781
1725973120850.5725,-0.98583984375,0.21862792968,-0.22180175781
1725973120870.592,-0.98583984375,0.21862792968,-0.22180175781
1725973120890.581,-0.98583984375,0.21862792968,-0.22180175781
1725973120910.4785,-0.91564941406,0.166015625,-0.28479003906
1725973120930.62,-0.91564941406,0.166015625,-0.28479003906
1725973120950.5786,-0.91564941406,0.166015625,-0.28479003906
1725973120970.5676,-0.91564941406,0.166015625,-0.28479003906
1725973120990.465,-0.9580078125,0.16967773437,-0.28393554687
1725973121010.576,-0.9580078125,0.16967773437,-0.28393554687
1725973121030.5652,-0.9580078125,0.16967773437,-0.28393554687
1725973121050.5847,-0.9580078125,0.16967773437,-0.28393554687
1725973121070.4517,-1.05810546875,0.22766113281,-0.24182128906
1725973121090.5627,-1.05810546875,0.22766113281,-0.24182128906
1725973121110.7043,-1.05810546875,0.22766113281,-0.24182128906
1725973121130.5713,-1.05810546875,0.22766113281,-0.24182128906
1725973121150.4688,-0.98803710937,0.28076171875,-0.19921875
1725973121170.5798,-0.98803710937,0.28076171875,-0.19921875
1725973121190.5688,-0.98803710937,0.28076171875,-0.19921875
1725973121210.5884,-0.98803710937,0.28076171875,-0.19921875
1725973121230.455,-0.96472167968,0.29614257812,-0.13562011718
1725973121250.5664,-0.96472167968,0.29614257812,-0.13562011718
1725973121270.6165,-0.96472167968,0.29614257812,-0.13562011718
1725973121290.5747,-0.96472167968,0.29614257812,-0.13562011718
1725973121310.4724,-1.02880859375,0.29187011718,-0.10498046875
1725973121330.614,-1.02880859375,0.29187011718,-0.10498046875
1725973121350.5725,-1.02880859375,0.29187011718,-0.10498046875
1725973121370.5615,-1.02880859375,0.29187011718,-0.10498046875
1725973121390.4587,-0.96801757812,0.30859375,-0.11877441406
1725973121410.6003,-0.96801757812,0.30859375,-0.11877441406
1725973121430.559,-0.96801757812,0.30859375,-0.11877441406
1725973121450.6091,-0.96801757812,0.30859375,-0.11877441406
1725973121470.476,-0.90954589843,0.32055664062,-0.18981933593
1725973121490.6787,-0.90954589843,0.32055664062,-0.18981933593
1725973121510.6067,-0.90954589843,0.32055664062,-0.18981933593
1725973121530.5652,-0.90954589843,0.32055664062,-0.18981933593
1725973121550.432,-0.91357421875,0.30004882812,-0.30432128906
1725973121570.5735,-0.91357421875,0.30004882812,-0.30432128906
1725973121590.5933,-0.91357421875,0.30004882812,-0.30432128906
1725973121610.5515,-0.91357421875,0.30004882812,-0.30432128906
1725973121630.4492,-0.95910644531,0.2822265625,-0.353515625
1725973121650.5908,-0.95910644531,0.2822265625,-0.353515625
1725973121670.5493,-0.95910644531,0.2822265625,-0.353515625
1725973121690.5688,-0.95910644531,0.2822265625,-0.353515625
1725973121710.4355,-1.11901855468,0.30090332031,-0.32019042968
1725973121730.5469,-1.11901855468,0.30090332031,-0.32019042968
1725973121750.5664,-1.11901855468,0.30090332031,-0.32019042968
1725973121770.5554,-1.11901855468,0.30090332031,-0.32019042968
1725973121790.4224,-1.18420410156,0.31384277343,-0.23791503906
1725973121810.564,-1.18420410156,0.31384277343,-0.23791503906
1725973121830.5527,-1.18420410156,0.31384277343,-0.23791503906
1725973121850.603,-1.18420410156,0.31384277343,-0.23791503906
1725973121870.4395,-1.08117675781,0.30529785156,-0.14526367187
1725973121890.5503,-1.08117675781,0.30529785156,-0.14526367187
1725973121910.57,-1.08117675781,0.30529785156,-0.14526367187
1725973121930.559,-1.08117675781,0.30529785156,-0.14526367187
1725973121950.426,-1.07897949218,0.31066894531,-0.08129882812
1725973121970.5676,-1.07897949218,0.31066894531,-0.08129882812
1725973121990.5566,-1.07897949218,0.31066894531,-0.08129882812
1725973122010.5457,-1.07897949218,0.31066894531,-0.08129882812
1725973122030.443,-1.08947753906,0.29028320312,-0.05249023437
1725973122050.554,-1.08947753906,0.29028320312,-0.05249023437
1725973122070.5432,-1.08947753906,0.29028320312,-0.05249023437
1725973122090.5627,-1.08947753906,0.29028320312,-0.05249023437
1725973122110.4297,-0.9921875,0.26098632812,-0.05883789062
1725973122130.5408,-0.9921875,0.26098632812,-0.05883789062
1725973122150.5603,-0.9921875,0.26098632812,-0.05883789062
1725973122170.5493,-0.9921875,0.26098632812,-0.05883789062
1725973122190.4468,-0.88317871093,0.23583984375,-0.12023925781
1725973122210.5579,-0.88317871093,0.23583984375,-0.12023925781
1725973122230.5469,-0.88317871093,0.23583984375,-0.12023925781
1725973122250.536,-0.88317871093,0.23583984375,-0.12023925781
1725973122270.433,-0.88037109375,0.20947265625,-0.2197265625
1725973122290.5444,-0.88037109375,0.20947265625,-0.2197265625
1725973122310.5334,-0.88037109375,0.20947265625,-0.2197265625
1725973122330.5527,-0.88037109375,0.20947265625,-0.2197265625
1725973122350.42,-1.02709960937,0.20031738281,-0.27966308593
1725973122370.531,-1.02709960937,0.20031738281,-0.27966308593
1725973122390.581,-1.02709960937,0.20031738281,-0.27966308593
1725973122410.5396,-1.02709960937,0.20031738281,-0.27966308593
1725973122430.4065,-1.14245605468,0.20544433593,-0.27844238281
1725973122450.548,-1.14245605468,0.20544433593,-0.27844238281
1725973122470.5676,-1.14245605468,0.20544433593,-0.27844238281
1725973122490.5566,-1.14245605468,0.20544433593,-0.27844238281
1725973122510.4236,-1.00537109375,0.23913574218,-0.25390625
1725973122530.5347,-1.00537109375,0.23913574218,-0.25390625
1725973122550.5847,-1.00537109375,0.23913574218,-0.25390625
1725973122570.5432,-1.00537109375,0.23913574218,-0.25390625
1725973122590.41,-0.95190429687,0.26416015625,-0.19128417968
1725973122610.5515,-0.95190429687,0.26416015625,-0.19128417968
1725973122630.5408,-0.95190429687,0.26416015625,-0.19128417968
1725973122650.5295,-0.95190429687,0.26416015625,-0.19128417968
1725973122670.4575,-1.00622558593,0.26025390625,-0.14868164062
1725973122690.5383,-1.00622558593,0.26025390625,-0.14868164062
1725973122710.527,-1.00622558593,0.26025390625,-0.14868164062
1725973122730.5469,-1.00622558593,0.26025390625,-0.14868164062
1725973122750.4443,-0.91381835937,0.26049804687,-0.15783691406
1725973122770.525,-0.91381835937,0.26049804687,-0.15783691406
1725973122790.5747,-0.91381835937,0.26049804687,-0.15783691406
1725973122810.5334,-0.91381835937,0.26049804687,-0.15783691406
1725973122830.4004,-0.85705566406,0.27941894531,-0.21643066406
1725973122850.542,-0.85705566406,0.27941894531,-0.21643066406
1725973122870.531,-0.85705566406,0.27941894531,-0.21643066406
1725973122890.5503,-0.85705566406,0.27941894531,-0.21643066406
1725973122910.4175,-0.89636230468,0.28820800781,-0.296875
1725973122930.5283,-0.89636230468,0.28820800781,-0.296875
1725973122950.548,-0.89636230468,0.28820800781,-0.296875
1725973122970.415,-0.89636230468,0.28820800781,-0.296875
1725973122990.4343,-0.94592285156,0.25476074218,-0.328125
1725973123010.5151,-0.94592285156,0.25476074218,-0.328125
1725973123030.5347,-0.94592285156,0.25476074218,-0.328125
1725973123050.5237,-0.94592285156,0.25476074218,-0.328125
1725973123070.4211,-0.96801757812,0.24755859375,-0.3134765625
1725973123090.5322,-0.96801757812,0.24755859375,-0.3134765625
1725973123110.5515,-0.96801757812,0.24755859375,-0.3134765625
1725973123130.5713,-0.96801757812,0.24755859375,-0.3134765625
1725973123150.4382,-1.07836914062,0.28588867187,-0.26391601562
1725973123170.5188,-1.07836914062,0.28588867187,-0.26391601562
1725973123190.5383,-1.07836914062,0.28588867187,-0.26391601562
1725973123210.527,-1.07836914062,0.28588867187,-0.26391601562
1725973123230.3943,-1.05480957031,0.30480957031,-0.21374511718
1725973123250.5664,-1.05480957031,0.30480957031,-0.21374511718
1725973123270.525,-1.05480957031,0.30480957031,-0.21374511718
1725973123290.514,-1.05480957031,0.30480957031,-0.21374511718
1725973123310.442,-0.99475097656,0.31774902343,-0.16638183593
1725973123330.5225,-0.99475097656,0.31774902343,-0.16638183593
1725973123350.5115,-0.99475097656,0.31774902343,-0.16638183593
1725973123370.531,-0.99475097656,0.31774902343,-0.16638183593
1725973123390.4587,-1.11279296875,0.31652832031,-0.10888671875
1725973123410.509,-1.11279296875,0.31652832031,-0.10888671875
1725973123430.5283,-1.11279296875,0.31652832031,-0.10888671875
1725973123450.5176,-1.11279296875,0.31652832031,-0.10888671875
1725973123470.415,-1.10729980468,0.27111816406,-0.10803222656
1725973123490.526,-1.10729980468,0.27111816406,-0.10803222656
1725973123510.5457,-1.10729980468,0.27111816406,-0.10803222656
1725973123530.504,-1.10729980468,0.27111816406,-0.10803222656
1725973123550.432,-0.97973632812,0.220703125,-0.13269042968
1725973123570.5127,-0.97973632812,0.220703125,-0.13269042968
1725973123590.5017,-0.97973632812,0.220703125,-0.13269042968
1725973123610.5212,-0.97973632812,0.220703125,-0.13269042968
1725973123630.4187,-0.85559082031,0.21179199218,-0.1953125
1725973123650.4993,-0.85559082031,0.21179199218,-0.1953125
1725973123670.5188,-0.85559082031,0.21179199218,-0.1953125
1725973123690.5383,-0.85559082031,0.21179199218,-0.1953125
1725973123710.4053,-0.83825683593,0.20458984375,-0.28381347656
1725973123730.5164,-0.83825683593,0.20458984375,-0.28381347656
1725973123750.5051,-0.83825683593,0.20458984375,-0.28381347656
1725973123770.5554,-0.83825683593,0.20458984375,-0.28381347656
1725973123790.4224,-1.21179199218,0.2822265625,-0.21643066406
1725973123810.5027,-1.21179199218,0.2822265625,-0.21643066406
1725973123830.5527,-1.21179199218,0.2822265625,-0.21643066406
1725973123850.5115,-1.21179199218,0.2822265625,-0.21643066406
1725973123870.3784,-1.09826660156,0.32702636718,-0.18432617187
1725973123890.5503,-1.09826660156,0.32702636718,-0.18432617187
1725973123910.509,-1.09826660156,0.32702636718,-0.18432617187
1725973123930.5283,-1.09826660156,0.32702636718,-0.18432617187
1725973123950.3955,-0.96923828125,0.33959960937,-0.13391113281
1725973123970.537,-0.96923828125,0.33959960937,-0.13391113281
1725973123990.526,-0.96923828125,0.33959960937,-0.13391113281
1725973124010.5151,-0.96923828125,0.33959960937,-0.13391113281
1725973124030.382,-0.96423339843,0.34130859375,-0.1103515625
1725973124050.4932,-0.96423339843,0.34130859375,-0.1103515625
1725973124070.5127,-0.96423339843,0.34130859375,-0.1103515625
1725973124090.5322,-0.96423339843,0.34130859375,-0.1103515625
1725973124110.3687,-0.87756347656,0.30969238281,-0.14013671875
1725973124130.5103,-0.87756347656,0.30969238281,-0.14013671875
1725973124150.5295,-0.87756347656,0.30969238281,-0.14013671875
1725973124170.4883,-0.87756347656,0.30969238281,-0.14013671875
1725973124190.4163,-0.82666015625,0.28149414062,-0.21020507812
1725973124210.4968,-0.82666015625,0.28149414062,-0.21020507812
1725973124230.4858,-0.82666015625,0.28149414062,-0.21020507812
1725973124250.536,-0.82666015625,0.28149414062,-0.21020507812
1725973124270.3723,-0.85083007812,0.26831054687,-0.30017089843
1725973124290.4832,-0.85083007812,0.26831054687,-0.30017089843
1725973124310.5027,-0.85083007812,0.26831054687,-0.30017089843
1725973124330.492,-0.85083007812,0.26831054687,-0.30017089843
1725973124350.3894,-0.92053222656,0.25903320312,-0.32971191406
1725973124370.531,-0.92053222656,0.25903320312,-0.32971191406
1725973124390.52,-0.92053222656,0.25903320312,-0.32971191406
1725973124410.509,-0.92053222656,0.25903320312,-0.32971191406
1725973124430.376,-1.109375,0.27038574218,-0.29968261718
1725973124450.5176,-1.109375,0.27038574218,-0.29968261718
1725973124470.5063,-1.109375,0.27038574218,-0.29968261718
1725973124490.4956,-1.109375,0.27038574218,-0.29968261718
1725973124510.393,-1.08801269531,0.28503417968,-0.25854492187
1725973124530.5347,-1.08801269531,0.28503417968,-0.25854492187
1725973124550.4932,-1.08801269531,0.28503417968,-0.25854492187
1725973124570.5127,-1.08801269531,0.28503417968,-0.25854492187
1725973124590.41,-0.99255371093,0.29602050781,-0.20495605468
1725973124610.4907,-0.99255371093,0.29602050781,-0.20495605468
1725973124630.5103,-0.99255371093,0.29602050781,-0.20495605468
1725973124650.4993,-0.99255371093,0.29602050781,-0.20495605468
1725973124670.3662,-1.07934570312,0.29284667968,-0.14660644531
1725973124690.4773,-1.07934570312,0.29284667968,-0.14660644531
1725973124710.4968,-1.07934570312,0.29284667968,-0.14660644531
1725973124730.5164,-1.07934570312,0.29284667968,-0.14660644531
1725973124750.3528,-1.05627441406,0.25903320312,-0.11633300781
1725973124770.4944,-1.05627441406,0.25903320312,-0.11633300781
1725973124790.4832,-1.05627441406,0.25903320312,-0.11633300781
1725973124810.4724,-1.05627441406,0.25903320312,-0.11633300781
1725973124830.3699,-0.95690917968,0.23803710937,-0.13134765625
1725973124850.4807,-0.95690917968,0.23803710937,-0.13134765625
1725973124870.47,-0.95690917968,0.23803710937,-0.13134765625
1725973124890.4895,-0.95690917968,0.23803710937,-0.13134765625
1725973124910.3867,-0.88342285156,0.22302246093,-0.17700195312
1725973124930.4675,-0.88342285156,0.22302246093,-0.17700195312
1725973124950.487,-0.88342285156,0.22302246093,-0.17700195312
1725973124970.476,-0.88342285156,0.22302246093,-0.17700195312
1725973124990.343,-0.89721679687,0.20043945312,-0.21801757812
1725973125010.4846,-0.89721679687,0.20043945312,-0.21801757812
1725973125030.4736,-0.89721679687,0.20043945312,-0.21801757812
1725973125050.4932,-0.89721679687,0.20043945312,-0.21801757812
1725973125070.3906,-1.05261230468,0.21691894531,-0.21948242187
1725973125090.4712,-1.05261230468,0.21691894531,-0.21948242187
1725973125110.4907,-1.05261230468,0.21691894531,-0.21948242187
1725973125130.4795,-1.05261230468,0.21691894531,-0.21948242187
1725973125150.3772,-1.05114746093,0.255859375,-0.20861816406
1725973125170.4883,-1.05114746093,0.255859375,-0.20861816406
1725973125190.4773,-1.05114746093,0.255859375,-0.20861816406
1725973125210.4663,-1.05114746093,0.255859375,-0.20861816406
1725973125230.3635,-0.96179199218,0.26684570312,-0.19311523437
1725973125250.4749,-0.96179199218,0.26684570312,-0.19311523437
1725973125270.4639,-0.96179199218,0.26684570312,-0.19311523437
1725973125290.5444,-0.96179199218,0.26684570312,-0.19311523437
1725973125310.3503,-0.9775390625,0.2646484375,-0.1796875
1725973125330.4614,-0.9775390625,0.2646484375,-0.1796875
1725973125350.5115,-0.9775390625,0.2646484375,-0.1796875
1725973125370.47,-0.9775390625,0.2646484375,-0.1796875
1725973125390.337,-0.92956542968,0.26672363281,-0.18383789062
1725973125410.4785,-0.92956542968,0.26672363281,-0.18383789062
1725973125430.4675,-0.92956542968,0.26672363281,-0.18383789062
1725973125450.4563,-0.92956542968,0.26672363281,-0.18383789062
1725973125470.354,-0.8916015625,0.27490234375,-0.20251464843
1725973125490.465,-0.8916015625,0.27490234375,-0.20251464843
1725973125510.454,-0.8916015625,0.27490234375,-0.20251464843
1725973125530.4736,-0.8916015625,0.27490234375,-0.20251464843
1725973125550.3403,-0.88110351562,0.27673339843,-0.25183105468
1725973125570.4517,-0.88110351562,0.27673339843,-0.25183105468
1725973125590.4712,-0.88110351562,0.27673339843,-0.25183105468
1725973125610.4907,-0.88110351562,0.27673339843,-0.25183105468
1725973125630.3577,-0.91796875,0.27233886718,-0.28210449218
1725973125650.4688,-0.91796875,0.27233886718,-0.28210449218
1725973125670.4883,-0.91796875,0.27233886718,-0.28210449218
1725973125690.4773,-0.91796875,0.27233886718,-0.28210449218
1725973125710.3442,-1.06860351562,0.29431152343,-0.25659179687
1725973125730.4858,-1.06860351562,0.29431152343,-0.25659179687
1725973125750.4749,-1.06860351562,0.29431152343,-0.25659179687
1725973125770.4639,-1.06860351562,0.29431152343,-0.25659179687
1725973125790.361,-1.11059570312,0.31286621093,-0.22802734375
1725973125810.5027,-1.11059570312,0.31286621093,-0.22802734375
1725973125830.4614,-1.11059570312,0.31286621093,-0.22802734375
1725973125850.4504,-1.11059570312,0.31286621093,-0.22802734375
1725973125870.348,-1.06774902343,0.32568359375,-0.19384765625
1725973125890.4587,-1.06774902343,0.32568359375,-0.19384765625
1725973125910.448,-1.06774902343,0.32568359375,-0.19384765625
1725973125930.4675,-1.06774902343,0.32568359375,-0.19384765625
1725973125950.3345,-1.12170410156,0.32434082031,-0.14038085937
1725973125970.4456,-1.12170410156,0.32434082031,-0.14038085937
1725973125990.4956,-1.12170410156,0.32434082031,-0.14038085937
1725973126010.454,-1.12170410156,0.32434082031,-0.14038085937
1725973126030.321,-1.11254882812,0.28625488281,-0.111328125
1725973126050.4626,-1.11254882812,0.28625488281,-0.111328125
1725973126070.4517,-1.11254882812,0.28625488281,-0.111328125
1725973126090.4712,-1.11254882812,0.28625488281,-0.111328125
1725973126110.3687,-1.03002929687,0.24658203125,-0.10095214843
1725973126130.4492,-1.03002929687,0.24658203125,-0.10095214843
1725973126150.4382,-1.03002929687,0.24658203125,-0.10095214843
1725973126170.4883,-1.03002929687,0.24658203125,-0.10095214843
1725973126190.3552,-0.9404296875,0.21032714843,-0.12316894531
1725973126210.4663,-0.9404296875,0.21032714843,-0.12316894531
1725973126230.455,-0.9404296875,0.21032714843,-0.12316894531
1725973126250.4443,-0.9404296875,0.21032714843,-0.12316894531
1725973126270.3113,-0.86743164062,0.1923828125,-0.169921875
1725973126290.453,-0.86743164062,0.1923828125,-0.169921875
1725973126310.4724,-0.86743164062,0.1923828125,-0.169921875
1725973126330.4614,-0.86743164062,0.1923828125,-0.169921875
1725973126350.359,-0.982421875,0.2080078125,-0.18347167968
1725973126370.4395,-0.982421875,0.2080078125,-0.18347167968
1725973126390.4587,-0.982421875,0.2080078125,-0.18347167968
1725973126410.448,-0.982421875,0.2080078125,-0.18347167968
1725973126430.3147,-1.08093261718,0.25805664062,-0.201171875
1725973126450.487,-1.08093261718,0.25805664062,-0.201171875
1725973126470.476,-1.08093261718,0.25805664062,-0.201171875
1725973126490.4343,-1.08093261718,0.25805664062,-0.201171875
1725973126510.3623,-1.03930664062,0.30639648437,-0.20947265625
1725973126530.443,-1.03930664062,0.30639648437,-0.20947265625
1725973126550.4626,-1.03930664062,0.30639648437,-0.20947265625
1725973126570.4517,-1.03930664062,0.30639648437,-0.20947265625
1725973126590.3186,-1.04284667968,0.28515625,-0.17590332031
1725973126610.4297,-1.04284667968,0.28515625,-0.17590332031
1725973126630.4492,-1.04284667968,0.28515625,-0.17590332031
1725973126650.4382,-1.04284667968,0.28515625,-0.17590332031
1725973126670.3357,-1.00170898437,0.2783203125,-0.17785644531
1725973126690.4468,-1.00170898437,0.2783203125,-0.17785644531
1725973126710.4355,-1.00170898437,0.2783203125,-0.17785644531
1725973126730.455,-1.00170898437,0.2783203125,-0.17785644531
1725973126750.3528,-0.92834472656,0.30017089843,-0.18615722656
1725973126770.433,-0.92834472656,0.30017089843,-0.18615722656
1725973126790.4224,-0.92834472656,0.30017089843,-0.18615722656
1725973126810.4724,-0.92834472656,0.30017089843,-0.18615722656
1725973126830.3088,-0.87121582031,0.29162597656,-0.21911621093
1725973126850.42,-0.87121582031,0.29162597656,-0.21911621093
1725973126870.4395,-0.87121582031,0.29162597656,-0.21911621093
1725973126890.4285,-0.87121582031,0.29162597656,-0.21911621093
1725973126910.2954,-0.86853027343,0.29602050781,-0.27416992187
1725973126930.437,-0.86853027343,0.29602050781,-0.27416992187
1725973126950.426,-0.86853027343,0.29602050781,-0.27416992187
1725973126970.4456,-0.86853027343,0.29602050781,-0.27416992187
1725973126990.3125,-0.99450683593,0.30212402343,-0.25598144531
1725973127010.4236,-0.99450683593,0.30212402343,-0.25598144531
1725973127030.443,-0.99450683593,0.30212402343,-0.25598144531
1725973127050.432,-0.99450683593,0.30212402343,-0.25598144531
1725973127070.3296,-1.154296875,0.32385253906,-0.19750976562
1725973127090.4712,-1.154296875,0.32385253906,-0.19750976562
1725973127110.4297,-1.154296875,0.32385253906,-0.19750976562
1725973127130.4492,-1.154296875,0.32385253906,-0.19750976562
1725973127150.3467,-1.10168457031,0.33605957031,-0.14636230468
1725973127170.4272,-1.10168457031,0.33605957031,-0.14636230468
1725973127190.4163,-1.10168457031,0.33605957031,-0.14636230468
1725973127210.4355,-1.10168457031,0.33605957031,-0.14636230468
1725973127230.3333,-1.02075195312,0.33752441406,-0.09948730468
1725973127250.4138,-1.02075195312,0.33752441406,-0.09948730468
1725973127270.433,-1.02075195312,0.33752441406,-0.09948730468
1725973127290.4224,-1.02075195312,0.33752441406,-0.09948730468
1725973127310.2893,-1.05603027343,0.32775878906,-0.05578613281
1725973127330.4614,-1.05603027343,0.32775878906,-0.05578613281
1725973127350.42,-1.05603027343,0.32775878906,-0.05578613281
1725973127370.4087,-1.05603027343,0.32775878906,-0.05578613281
1725973127390.337,-1.04333496093,0.28466796875,-0.01977539062
1725973127410.4175,-1.04333496093,0.28466796875,-0.01977539062
1725973127430.4065,-1.04333496093,0.28466796875,-0.01977539062
1725973127450.426,-1.04333496093,0.28466796875,-0.01977539062
1725973127470.2927,-0.95581054687,0.25073242187,-0.00378417968
1725973127490.4343,-0.95581054687,0.25073242187,-0.00378417968
1725973127510.4236,-0.95581054687,0.25073242187,-0.00378417968
1725973127530.443,-0.95581054687,0.25073242187,-0.00378417968
1725973127550.2795,-0.96105957031,0.24877929687,-0.04650878906
1725973127570.4211,-0.96105957031,0.24877929687,-0.04650878906
1725973127590.41,-0.96105957031,0.24877929687,-0.04650878906
1725973127610.4602,-0.96105957031,0.24877929687,-0.04650878906
1725973127630.3271,-1.04174804687,0.24169921875,-0.08728027343
1725973127650.4077,-1.04174804687,0.24169921875,-0.08728027343
1725973127670.4272,-1.04174804687,0.24169921875,-0.08728027343
1725973127690.4163,-1.04174804687,0.24169921875,-0.08728027343
1725973127710.3137,-0.98559570312,0.23718261718,-0.15539550781
1725973127730.455,-0.98559570312,0.23718261718,-0.15539550781
1725973127750.4138,-0.98559570312,0.23718261718,-0.15539550781
1725973127770.433,-0.98559570312,0.23718261718,-0.15539550781
1725973127790.3308,-0.96044921875,0.23095703125,-0.22045898437
1725973127810.4111,-0.96044921875,0.23095703125,-0.22045898437
1725973127830.4004,-0.96044921875,0.23095703125,-0.22045898437
1725973127850.42,-0.96044921875,0.23095703125,-0.22045898437
1725973127870.2869,-1.04870605468,0.22387695312,-0.27575683593
1725973127890.398,-1.04870605468,0.22387695312,-0.27575683593
1725973127910.4175,-1.04870605468,0.22387695312,-0.27575683593
1725973127930.4065,-1.04870605468,0.22387695312,-0.27575683593
1725973127950.2734,-0.99096679687,0.24255371093,-0.29956054687
1725973127970.4456,-0.99096679687,0.24255371093,-0.29956054687
1725973127990.4343,-0.99096679687,0.24255371093,-0.29956054687
1725973128010.4236,-0.99096679687,0.24255371093,-0.29956054687
1725973128030.321,-0.95043945312,0.26989746093,-0.30639648437
1725973128050.432,-0.95043945312,0.26989746093,-0.30639648437
1725973128070.4211,-0.95043945312,0.26989746093,-0.30639648437
1725973128090.41,-0.95043945312,0.26989746093,-0.30639648437
1725973128110.3076,-0.93981933593,0.28796386718,-0.32739257812
1725973128130.388,-0.93981933593,0.28796386718,-0.32739257812
1725973128150.4077,-0.93981933593,0.28796386718,-0.32739257812
1725973128170.3967,-0.93981933593,0.28796386718,-0.32739257812
1725973128190.2637,-0.92028808593,0.28698730468,-0.29956054687
1725973128210.4355,-0.92028808593,0.28698730468,-0.29956054687
1725973128230.3943,-0.92028808593,0.28698730468,-0.29956054687
1725973128250.4443,-0.92028808593,0.28698730468,-0.29956054687
1725973128270.2808,-1.01135253906,0.29479980468,-0.21887207031
1725973128290.3918,-1.01135253906,0.29479980468,-0.21887207031
1725973128310.4111,-1.01135253906,0.29479980468,-0.21887207031
1725973128330.431,-1.01135253906,0.29479980468,-0.21887207031
1725973128350.267,-1.12145996093,0.32873535156,-0.13439941406
1725973128370.4087,-1.12145996093,0.32873535156,-0.13439941406
1725973128390.398,-1.12145996093,0.32873535156,-0.13439941406
1725973128410.3867,-1.12145996093,0.32873535156,-0.13439941406
1725973128430.2844,-1.09777832031,0.35815429687,-0.076171875
1725973128450.3955,-1.09777832031,0.35815429687,-0.076171875
1725973128470.3845,-1.09777832031,0.35815429687,-0.076171875
1725973128490.4343,-1.09777832031,0.35815429687,-0.076171875
1725973128510.2708,-1.06384277343,0.35925292968,-0.03759765625
1725973128530.382,-1.06384277343,0.35925292968,-0.03759765625
1725973128550.432,-1.06384277343,0.35925292968,-0.03759765625
1725973128570.3906,-1.06384277343,0.35925292968,-0.03759765625
1725973128590.2576,-1.05847167968,0.32019042968,-0.03112792968
1725973128610.3992,-1.05847167968,0.32019042968,-0.03112792968
1725973128630.388,-1.05847167968,0.32019042968,-0.03112792968
1725973128650.4077,-1.05847167968,0.32019042968,-0.03112792968
1725973128670.3052,-1.02770996093,0.25610351562,-0.04260253906
1725973128690.3855,-1.02770996093,0.25610351562,-0.04260253906
1725973128710.3748,-1.02770996093,0.25610351562,-0.04260253906
1725973128730.5469,-1.02770996093,0.25610351562,-0.04260253906
1725973128750.2612,-0.97277832031,0.21691894531,-0.07409667968
1725973128770.3723,-0.97277832031,0.21691894531,-0.07409667968
1725973128790.3918,-0.97277832031,0.21691894531,-0.07409667968
1725973128810.3809,-0.97277832031,0.21691894531,-0.07409667968
1725973128830.2478,-0.91174316406,0.21838378906,-0.12109375
1725973128850.3894,-0.91174316406,0.21838378906,-0.12109375
1725973128870.4087,-0.91174316406,0.21838378906,-0.12109375
1725973128890.398,-0.91174316406,0.21838378906,-0.12109375
1725973128910.265,-0.94580078125,0.22119140625,-0.15759277343
1725973128930.376,-0.94580078125,0.22119140625,-0.15759277343
1725973128950.3955,-0.94580078125,0.22119140625,-0.15759277343
1725973128970.3845,-0.94580078125,0.22119140625,-0.15759277343
1725973128990.2515,-1.04614257812,0.21728515625,-0.22143554687
1725973129010.4236,-1.04614257812,0.21728515625,-0.22143554687
1725973129030.26,-1.04614257812,0.21728515625,-0.22143554687
1725973129050.371,-1.04614257812,0.21728515625,-0.22143554687
1725973129070.2683,-0.96362304687,0.22790527343,-0.27941894531
1725973129090.3796,-0.96362304687,0.22790527343,-0.27941894531
1725973129110.3992,-0.96362304687,0.22790527343,-0.27941894531
1725973129130.388,-0.96362304687,0.22790527343,-0.27941894531
1725973129150.2551,-1.01477050781,0.2412109375,-0.24914550781
1725973129170.3662,-1.01477050781,0.2412109375,-0.24914550781
1725973129190.3855,-1.01477050781,0.2412109375,-0.24914550781
1725973129210.4053,-1.01477050781,0.2412109375,-0.24914550781
1725973129230.2722,-1.11889648437,0.26208496093,-0.2255859375
1725973129250.4138,-1.11889648437,0.26208496093,-0.2255859375
1725973129270.4028,-1.11889648437,0.26208496093,-0.2255859375
1725973129290.361,-1.11889648437,0.26208496093,-0.2255859375
1725973129310.2588,-0.97155761718,0.31555175781,-0.21875
1725973129330.3699,-0.97155761718,0.31555175781,-0.21875
1725973129350.3894,-0.97155761718,0.31555175781,-0.21875
1725973129370.3784,-0.97155761718,0.31555175781,-0.21875
1725973129390.245,-0.89135742187,0.33215332031,-0.22290039062
1725973129410.3564,-0.89135742187,0.33215332031,-0.22290039062
1725973129430.376,-0.89135742187,0.33215332031,-0.22290039062
1725973129450.3647,-0.89135742187,0.33215332031,-0.22290039062
1725973129470.232,-0.92370605468,0.33471679687,-0.26965332031
1725973129490.3735,-0.92370605468,0.33471679687,-0.26965332031
1725973129510.3623,-0.92370605468,0.33471679687,-0.26965332031
1725973129530.382,-0.92370605468,0.33471679687,-0.26965332031
1725973129550.249,-0.95764160156,0.32861328125,-0.27587890625
1725973129570.36,-0.95764160156,0.32861328125,-0.27587890625
1725973129590.3796,-0.95764160156,0.32861328125,-0.27587890625
1725973129610.3687,-0.95764160156,0.32861328125,-0.27587890625
1725973129630.2356,-1.08178710937,0.30383300781,-0.2265625
1725973129650.3772,-1.08178710937,0.30383300781,-0.2265625
1725973129670.3662,-1.08178710937,0.30383300781,-0.2265625
1725973129690.3552,-1.08178710937,0.30383300781,-0.2265625
1725973129710.2832,-1.15856933593,0.31420898437,-0.16296386718
1725973129730.3635,-1.15856933593,0.31420898437,-0.16296386718
1725973129750.3528,-1.15856933593,0.31420898437,-0.16296386718
1725973129770.3723,-1.15856933593,0.31420898437,-0.16296386718
1725973129790.2695,-1.14013671875,0.31579589843,-0.09582519531
1725973129810.3503,-1.14013671875,0.31579589843,-0.09582519531
1725973129830.3699,-1.14013671875,0.31579589843,-0.09582519531
1725973129850.359,-1.14013671875,0.31579589843,-0.09582519531
1725973129870.2258,-1.13049316406,0.29479980468,-0.04052734375
1725973129890.398,-1.13049316406,0.29479980468,-0.04052734375
1725973129910.3867,-1.13049316406,0.29479980468,-0.04052734375
1725973129930.376,-1.13049316406,0.29479980468,-0.04052734375
1725973129950.2734,-1.03637695312,0.2724609375,-0.02416992187
1725973129970.354,-1.03637695312,0.2724609375,-0.02416992187
1725973129990.343,-1.03637695312,0.2724609375,-0.02416992187
1725973130010.3623,-1.03637695312,0.2724609375,-0.02416992187
1725973130030.26,-0.9267578125,0.25158691406,-0.01745605468
1725973130050.3403,-0.9267578125,0.25158691406,-0.01745605468
1725973130070.36,-0.9267578125,0.25158691406,-0.01745605468
1725973130090.349,-0.9267578125,0.25158691406,-0.01745605468
1725973130110.2463,-0.83190917968,0.23974609375,-0.03833007812
1725973130130.388,-0.83190917968,0.23974609375,-0.03833007812
1725973130150.3772,-0.83190917968,0.23974609375,-0.03833007812
1725973130170.3662,-0.83190917968,0.23974609375,-0.03833007812
1725973130190.2332,-0.8251953125,0.24780273437,-0.12109375
1725973130210.3442,-0.8251953125,0.24780273437,-0.12109375
1725973130230.3635,-0.8251953125,0.24780273437,-0.12109375
1725973130250.3528,-0.8251953125,0.24780273437,-0.12109375
1725973130270.2195,-1.0576171875,0.2578125,-0.19091796875
1725973130290.361,-1.0576171875,0.2578125,-0.19091796875
1725973130310.3809,-1.0576171875,0.2578125,-0.19091796875
1725973130330.339,-1.0576171875,0.2578125,-0.19091796875
1725973130350.2368,-1.14831542968,0.28857421875,-0.24633789062
1725973130370.348,-1.14831542968,0.28857421875,-0.24633789062
1725973130390.3674,-1.14831542968,0.28857421875,-0.24633789062
1725973130410.3564,-1.14831542968,0.28857421875,-0.24633789062
1725973130430.2231,-1.06970214843,0.29968261718,-0.25036621093
1725973130450.3647,-1.06970214843,0.29968261718,-0.25036621093
1725973130470.354,-1.06970214843,0.29968261718,-0.25036621093
1725973130490.343,-1.06970214843,0.29968261718,-0.25036621093
1725973130510.2405,-1.06945800781,0.27783203125,-0.23767089843
1725973130530.3516,-1.06945800781,0.27783203125,-0.23767089843
1725973130550.371,-1.06945800781,0.27783203125,-0.23767089843
1725973130570.3296,-1.06945800781,0.27783203125,-0.23767089843
1725973130590.2576,-0.9912109375,0.29162597656,-0.24633789062
1725973130610.338,-0.9912109375,0.29162597656,-0.24633789062
1725973130630.3577,-0.9912109375,0.29162597656,-0.24633789062
1725973130650.3772,-0.9912109375,0.29162597656,-0.24633789062
1725973130670.2136,-0.92651367187,0.3095703125,-0.25659179687
1725973130690.3247,-0.92651367187,0.3095703125,-0.25659179687
1725973130710.3442,-0.92651367187,0.3095703125,-0.25659179687
1725973130730.3333,-0.92651367187,0.3095703125,-0.25659179687
1725973130750.2,-0.90478515625,0.31689453125,-0.27807617187
1725973130770.3416,-0.90478515625,0.31689453125,-0.27807617187
1725973130790.3308,-0.90478515625,0.31689453125,-0.27807617187
1725973130810.3503,-0.90478515625,0.31689453125,-0.27807617187
1725973130830.2173,-0.96752929687,0.33374023437,-0.23706054687
1725973130850.3284,-0.96752929687,0.33374023437,-0.23706054687
1725973130870.348,-0.96752929687,0.33374023437,-0.23706054687
1725973130890.337,-0.96752929687,0.33374023437,-0.23706054687
1725973130910.2039,-1.13342285156,0.33544921875,-0.17724609375
1725973130930.3455,-1.13342285156,0.33544921875,-0.17724609375
1725973130950.3647,-1.13342285156,0.33544921875,-0.17724609375
1725973130970.3235,-1.13342285156,0.33544921875,-0.17724609375
1725973130990.2207,-1.19506835937,0.33312988281,-0.12744140625
1725973131010.393,-1.19506835937,0.33312988281,-0.12744140625
1725973131030.3516,-1.19506835937,0.33312988281,-0.12744140625
1725973131050.371,-1.19506835937,0.33312988281,-0.12744140625
1725973131070.2075,-1.13635253906,0.32775878906,-0.08544921875
1725973131090.349,-1.13635253906,0.32775878906,-0.08544921875
1725973131110.338,-1.13635253906,0.32775878906,-0.08544921875
1725973131130.3271,-1.13635253906,0.32775878906,-0.08544921875
1725973131150.194,-1.07556152343,0.28369140625,-0.07055664062
1725973131170.3357,-1.07556152343,0.28369140625,-0.07055664062
1725973131190.3552,-1.07556152343,0.28369140625,-0.07055664062
1725973131210.3137,-1.07556152343,0.28369140625,-0.07055664062
1725973131230.2112,-0.89587402343,0.2177734375,-0.12463378906
1725973131250.3223,-0.89587402343,0.2177734375,-0.12463378906
1725973131270.3416,-0.89587402343,0.2177734375,-0.12463378906
1725973131290.3308,-0.89587402343,0.2177734375,-0.12463378906
1725973131310.2283,-0.83618164062,0.21569824218,-0.19677734375
1725973131330.339,-0.83618164062,0.21569824218,-0.19677734375
1725973131350.3284,-0.83618164062,0.21569824218,-0.19677734375
1725973131370.3171,-0.83618164062,0.21569824218,-0.19677734375
1725973131390.1843,-0.98974609375,0.21362304687,-0.1865234375
1725973131410.326,-0.98974609375,0.21362304687,-0.1865234375
1725973131430.3147,-0.98974609375,0.21362304687,-0.1865234375
1725973131450.3647,-0.98974609375,0.21362304687,-0.1865234375
1725973131470.232,-1.05517578125,0.27111816406,-0.17663574218
1725973131490.3125,-1.05517578125,0.27111816406,-0.17663574218
1725973131510.332,-1.05517578125,0.27111816406,-0.17663574218
1725973131530.321,-1.05517578125,0.27111816406,-0.17663574218
1725973131550.188,-1.02624511718,0.31555175781,-0.17199707031
1725973131570.3296,-1.02624511718,0.31555175781,-0.17199707031
1725973131590.349,-1.02624511718,0.31555175781,-0.17199707031
1725973131610.3076,-1.02624511718,0.31555175781,-0.17199707031
1725973131630.2356,-1.07006835937,0.2998046875,-0.15002441406
1725973131650.316,-1.07006835937,0.2998046875,-0.15002441406
1725973131670.3052,-1.07006835937,0.2998046875,-0.15002441406
1725973131690.3247,-1.07006835937,0.2998046875,-0.15002441406
1725973131710.222,-1.0185546875,0.30603027343,-0.16796875
1725973131730.3027,-1.0185546875,0.30603027343,-0.16796875
1725973131750.3528,-1.0185546875,0.30603027343,-0.16796875
1725973131770.3416,-1.0185546875,0.30603027343,-0.16796875
1725973131790.2087,-0.9580078125,0.34338378906,-0.21374511718
1725973131810.3198,-0.9580078125,0.34338378906,-0.21374511718
1725973131830.3088,-0.9580078125,0.34338378906,-0.21374511718
1725973131850.2979,-0.9580078125,0.34338378906,-0.21374511718
1725973131870.1953,-0.92565917968,0.37426757812,-0.28210449218
1725973131890.3064,-0.92565917968,0.37426757812,-0.28210449218
1725973131910.2954,-0.92565917968,0.37426757812,-0.28210449218
1725973131930.3147,-0.92565917968,0.37426757812,-0.28210449218
1725973131950.182,-0.93041992187,0.36364746093,-0.30249023437
1725973131970.2927,-0.93041992187,0.36364746093,-0.30249023437
1725973131990.343,-0.93041992187,0.36364746093,-0.30249023437
1725973132010.332,-0.93041992187,0.36364746093,-0.30249023437
1725973132030.1685,-1.1337890625,0.32434082031,-0.23376464843
1725973132050.31,-1.1337890625,0.32434082031,-0.23376464843
1725973132070.3296,-1.1337890625,0.32434082031,-0.23376464843
1725973132090.3186,-1.1337890625,0.32434082031,-0.23376464843
1725973132110.1855,-1.22033691406,0.33410644531,-0.14758300781
1725973132130.3271,-1.22033691406,0.33410644531,-0.14758300781
1725973132150.316,-1.22033691406,0.33410644531,-0.14758300781
1725973132170.3052,-1.22033691406,0.33410644531,-0.14758300781
1725973132190.172,-1.13134765625,0.35961914062,-0.08239746093
1725973132210.3442,-1.13134765625,0.35961914062,-0.08239746093
1725973132230.3027,-1.13134765625,0.35961914062,-0.08239746093
1725973132250.2915,-1.13134765625,0.35961914062,-0.08239746093
1725973132270.2195,-1.07739257812,0.34228515625,-0.03735351562
1725973132290.3308,-1.07739257812,0.34228515625,-0.03735351562
1725973132310.2893,-1.07739257812,0.34228515625,-0.03735351562
1725973132330.339,-1.07739257812,0.34228515625,-0.03735351562
1725973132350.2063,-0.982421875,0.29357910156,-0.00598144531
1725973132370.2869,-0.982421875,0.29357910156,-0.00598144531
1725973132390.3064,-0.982421875,0.29357910156,-0.00598144531
1725973132410.326,-0.982421875,0.29357910156,-0.00598144531
1725973132430.1929,-0.94226074218,0.25927734375,0.00244140625
1725973132450.304,-0.94226074218,0.25927734375,0.00244140625
1725973132470.2927,-0.94226074218,0.25927734375,0.00244140625
1725973132490.282,-0.94226074218,0.25927734375,0.00244140625
1725973132510.1794,-0.958984375,0.24133300781,-0.02172851562
1725973132530.2903,-0.958984375,0.24133300781,-0.02172851562
1725973132550.2795,-0.958984375,0.24133300781,-0.02172851562
1725973132570.299,-0.958984375,0.24133300781,-0.02172851562
1725973132590.166,-1.10327148437,0.224609375,-0.05603027343
1725973132610.277,-1.10327148437,0.224609375,-0.05603027343
1725973132630.2966,-1.10327148437,0.224609375,-0.05603027343
1725973132650.2856,-1.10327148437,0.224609375,-0.05603027343
1725973132670.1523,-1.09240722656,0.22827148437,-0.12622070312
1725973132690.294,-1.09240722656,0.22827148437,-0.12622070312
1725973132710.2832,-1.09240722656,0.22827148437,-0.12622070312
1725973132730.3027,-1.09240722656,0.22827148437,-0.12622070312
1725973132750.2,-1.03112792968,0.22790527343,-0.23291015625
1725973132770.2808,-1.03112792968,0.22790527343,-0.23291015625
1725973132790.3003,-1.03112792968,0.22790527343,-0.23291015625
1725973132810.3198,-1.03112792968,0.22790527343,-0.23291015625
1725973132830.1562,-1.04418945312,0.22241210937,-0.28576660156
1725973132850.3284,-1.04418945312,0.22241210937,-0.28576660156
1725973132870.2869,-1.04418945312,0.22241210937,-0.28576660156
1725973132890.3064,-1.04418945312,0.22241210937,-0.28576660156
1725973132910.2039,-0.96069335937,0.27099609375,-0.25720214843
1725973132930.2844,-0.96069335937,0.27099609375,-0.25720214843
1725973132950.304,-0.96069335937,0.27099609375,-0.25720214843
1725973132970.2927,-0.96069335937,0.27099609375,-0.25720214843
1725973132990.16,-0.93322753906,0.34582519531,-0.23779296875
1725973133010.2708,-0.93322753906,0.34582519531,-0.23779296875
1725973133030.2903,-0.93322753906,0.34582519531,-0.23779296875
1725973133050.2795,-0.93322753906,0.34582519531,-0.23779296875
1725973133070.1465,-0.96936035156,0.41088867187,-0.24011230468
1725973133090.288,-0.96936035156,0.41088867187,-0.24011230468
1725973133110.3076,-0.96936035156,0.41088867187,-0.24011230468
1725973133130.266,-0.96936035156,0.41088867187,-0.24011230468
1725973133150.194,-1.142578125,0.4296875,-0.20373535156
1725973133170.3052,-1.142578125,0.4296875,-0.20373535156
1725973133190.2637,-1.142578125,0.4296875,-0.20373535156
1725973133210.2832,-1.142578125,0.4296875,-0.20373535156
1725973133230.1807,-1.21496582031,0.41149902343,-0.17529296875
1725973133250.2612,-1.21496582031,0.41149902343,-0.17529296875
1725973133270.2808,-1.21496582031,0.41149902343,-0.17529296875
1725973133290.2695,-1.21496582031,0.41149902343,-0.17529296875
1725973133310.1672,-1.17053222656,0.38623046875,-0.15368652343
1725973133330.2783,-1.17053222656,0.38623046875,-0.15368652343
1725973133350.267,-1.17053222656,0.38623046875,-0.15368652343
1725973133370.2869,-1.17053222656,0.38623046875,-0.15368652343
1725973133390.1843,-1.15930175781,0.3203125,-0.12060546875
1725973133410.2954,-1.15930175781,0.3203125,-0.12060546875
1725973133430.2844,-1.15930175781,0.3203125,-0.12060546875
1725973133450.304,-1.15930175781,0.3203125,-0.12060546875
1725973133470.171,-1.10705566406,0.26867675781,-0.08129882812
1725973133490.282,-1.10705566406,0.26867675781,-0.08129882812
1725973133510.2708,-1.10705566406,0.26867675781,-0.08129882812
1725973133530.26,-1.10705566406,0.26867675781,-0.08129882812
1725973133550.1575,-1.041015625,0.24365234375,-0.04931640625
1725973133570.2683,-1.041015625,0.24365234375,-0.04931640625
1725973133590.288,-1.041015625,0.24365234375,-0.04931640625
1725973133610.277,-1.041015625,0.24365234375,-0.04931640625
1725973133630.1743,-1.00610351562,0.224609375,-0.06164550781
1725973133650.2551,-1.00610351562,0.224609375,-0.06164550781
1725973133670.3052,-1.00610351562,0.224609375,-0.06164550781
1725973133690.294,-1.00610351562,0.224609375,-0.06164550781
1725973133710.1611,-1.05334472656,0.22924804687,-0.08605957031
1725973133730.2722,-1.05334472656,0.22924804687,-0.08605957031
1725973133750.2915,-1.05334472656,0.22924804687,-0.08605957031
1725973133770.2502,-1.05334472656,0.22924804687,-0.08605957031
1725973133790.1477,-0.9638671875,0.22619628906,-0.13391113281
1725973133810.2588,-0.9638671875,0.22619628906,-0.13391113281
1725973133830.2478,-0.9638671875,0.22619628906,-0.13391113281
1725973133850.267,-0.9638671875,0.22619628906,-0.13391113281
1725973133870.1343,-0.97216796875,0.236328125,-0.21459960937
1725973133890.245,-0.97216796875,0.236328125,-0.21459960937
1725973133910.2954,-0.97216796875,0.236328125,-0.21459960937
1725973133930.254,-0.97216796875,0.236328125,-0.21459960937
1725973133950.1208,-1.08129882812,0.25659179687,-0.25012207031
1725973133970.2625,-1.08129882812,0.25659179687,-0.25012207031
1725973133990.2515,-1.08129882812,0.25659179687,-0.25012207031
1725973134010.2708,-1.08129882812,0.25659179687,-0.25012207031
1725973134030.138,-1.05297851562,0.2890625,-0.22924804687
1725973134050.249,-1.05297851562,0.2890625,-0.22924804687
1725973134070.2683,-1.05297851562,0.2890625,-0.22924804687
1725973134090.2576,-1.05297851562,0.2890625,-0.22924804687
1725973134110.1245,-1.04296875,0.35107421875,-0.24243164062
1725973134130.266,-1.04296875,0.35107421875,-0.24243164062
1725973134150.2551,-1.04296875,0.35107421875,-0.24243164062
1725973134170.244,-1.04296875,0.35107421875,-0.24243164062
1725973134190.172,-1.01428222656,0.40283203125,-0.26940917968
1725973134210.2527,-1.01428222656,0.40283203125,-0.26940917968
1725973134230.2417,-1.01428222656,0.40283203125,-0.26940917968
1725973134250.2612,-1.01428222656,0.40283203125,-0.26940917968
1725973134270.128,-1.11145019531,0.42602539062,-0.240234375
1725973134290.2393,-1.11145019531,0.42602539062,-0.240234375
1725973134310.2588,-1.11145019531,0.42602539062,-0.240234375
1725973134330.2478,-1.11145019531,0.42602539062,-0.240234375
1725973134350.1147,-1.2109375,0.40356445312,-0.21520996093
1725973134370.2563,-1.2109375,0.40356445312,-0.21520996093
1725973134390.276,-1.2109375,0.40356445312,-0.21520996093
1725973134410.2344,-1.2109375,0.40356445312,-0.21520996093
1725973134430.1624,-1.19262695312,0.38256835937,-0.17846679687
1725973134450.243,-1.19262695312,0.38256835937,-0.17846679687
1725973134470.232,-1.19262695312,0.38256835937,-0.17846679687
1725973134490.2515,-1.19262695312,0.38256835937,-0.17846679687
1725973134510.1184,-1.16955566406,0.35192871093,-0.11865234375
1725973134530.2295,-1.16955566406,0.35192871093,-0.11865234375
1725973134550.2795,-1.16955566406,0.35192871093,-0.11865234375
1725973134570.238,-1.16955566406,0.35192871093,-0.11865234375
1725973134590.1047,-1.11596679687,0.29077148437,-0.08032226562
1725973134610.2463,-1.11596679687,0.29077148437,-0.08032226562
1725973134630.266,-1.11596679687,0.29077148437,-0.08032226562
1725973134650.2551,-1.11596679687,0.29077148437,-0.08032226562
1725973134670.122,-1.03796386718,0.24755859375,-0.05407714843
1725973134690.2332,-1.03796386718,0.24755859375,-0.05407714843
1725973134710.2527,-1.03796386718,0.24755859375,-0.05407714843
1725973134730.2722,-1.03796386718,0.24755859375,-0.05407714843
1725973134750.1086,-0.947265625,0.23376464843,-0.05859375
1725973134770.2502,-0.947265625,0.23376464843,-0.05859375
1725973134790.2695,-0.947265625,0.23376464843,-0.05859375
1725973134810.2588,-0.947265625,0.23376464843,-0.05859375
1725973134830.1562,-0.88427734375,0.22521972656,-0.09716796875
1725973134850.2368,-0.88427734375,0.22521972656,-0.09716796875
1725973134870.2258,-0.88427734375,0.22521972656,-0.09716796875
1725973134890.276,-0.88427734375,0.22521972656,-0.09716796875
1725973134910.1123,-1.05895996093,0.24084472656,-0.18005371093
1725973134930.2231,-1.05895996093,0.24084472656,-0.18005371093
1725973134950.243,-1.05895996093,0.24084472656,-0.18005371093
1725973134970.232,-1.05895996093,0.24084472656,-0.18005371093
1725973134990.0989,-1.03527832031,0.26708984375,-0.24450683593
1725973135010.2708,-1.03527832031,0.26708984375,-0.24450683593
1725973135030.2295,-1.03527832031,0.26708984375,-0.24450683593
1725973135050.2185,-1.03527832031,0.26708984375,-0.24450683593
1725973135070.1465,-1.025390625,0.25012207031,-0.28283691406
1725973135090.1047,-1.025390625,0.25012207031,-0.28283691406
1725973135110.216,-1.025390625,0.25012207031,-0.28283691406
1725973135130.266,-1.025390625,0.25012207031,-0.28283691406
1725973135150.133,-0.97583007812,0.26306152343,-0.26843261718
1725973135170.2136,-0.97583007812,0.26306152343,-0.26843261718
1725973135190.2332,-0.97583007812,0.26306152343,-0.26843261718
1725973135210.222,-0.97583007812,0.26306152343,-0.26843261718
1725973135230.1196,-0.96008300781,0.32958984375,-0.2783203125
1725973135250.2307,-0.96008300781,0.32958984375,-0.2783203125
1725973135270.2502,-0.96008300781,0.32958984375,-0.2783203125
1725973135290.2393,-0.96008300781,0.32958984375,-0.2783203125
1725973135310.1367,-0.95166015625,0.34497070312,-0.29858398437
1725973135330.2173,-0.95166015625,0.34497070312,-0.29858398437
1725973135350.267,-0.95166015625,0.34497070312,-0.29858398437
1725973135370.2258,-0.95166015625,0.34497070312,-0.29858398437
1725973135390.1233,-0.96545410156,0.30932617187,-0.29248046875
1725973135410.2344,-0.96545410156,0.30932617187,-0.29248046875
1725973135430.254,-0.96545410156,0.30932617187,-0.29248046875
1725973135450.2124,-0.96545410156,0.30932617187,-0.29248046875
1725973135470.1099,-1.107421875,0.29064941406,-0.27087402343
1725973135490.2207,-1.107421875,0.29064941406,-0.27087402343
1725973135510.21,-1.107421875,0.29064941406,-0.27087402343
1725973135530.2295,-1.107421875,0.29064941406,-0.27087402343
1725973135550.1267,-1.16003417968,0.28930664062,-0.23474121093
1725973135570.2075,-1.16003417968,0.28930664062,-0.23474121093
1725973135590.2576,-1.16003417968,0.28930664062,-0.23474121093
1725973135610.216,-1.16003417968,0.28930664062,-0.23474121093
1725973135630.083,-1.08447265625,0.28442382812,-0.19494628906
1725973135650.2246,-1.08447265625,0.28442382812,-0.19494628906
1725973135670.244,-1.08447265625,0.28442382812,-0.19494628906
1725973135690.2026,-1.08447265625,0.28442382812,-0.19494628906
1725973135710.1,-1.0888671875,0.27282714843,-0.16906738281
1725973135730.2112,-1.0888671875,0.27282714843,-0.16906738281
1725973135750.2307,-1.0888671875,0.27282714843,-0.16906738281
1725973135770.2195,-1.0888671875,0.27282714843,-0.16906738281
1725973135790.0867,-1.01904296875,0.24438476562,-0.16320800781
1725973135810.1975,-1.01904296875,0.24438476562,-0.16320800781
1725973135830.2173,-1.01904296875,0.24438476562,-0.16320800781
1725973135850.2063,-1.01904296875,0.24438476562,-0.16320800781
1725973135870.0732,-0.93432617187,0.21350097656,-0.17724609375
1725973135890.2148,-0.93432617187,0.21350097656,-0.17724609375
1725973135910.2039,-0.93432617187,0.21350097656,-0.17724609375
1725973135930.2231,-0.93432617187,0.21350097656,-0.17724609375
1725973135950.0903,-0.91052246093,0.18237304687,-0.2275390625
1725973135970.2014,-0.91052246093,0.18237304687,-0.2275390625
1725973135990.2207,-0.91052246093,0.18237304687,-0.2275390625
1725973136010.21,-0.91052246093,0.18237304687,-0.2275390625
1725973136030.1074,-0.96398925781,0.17211914062,-0.25610351562
1725973136050.2185,-0.96398925781,0.17211914062,-0.25610351562
1725973136070.2075,-0.96398925781,0.17211914062,-0.25610351562
1725973136090.1963,-0.96398925781,0.17211914062,-0.25610351562
1725973136110.1245,-1.17761230468,0.22766113281,-0.19653320312
1725973136130.205,-1.17761230468,0.22766113281,-0.19653320312
1725973136150.194,-1.17761230468,0.22766113281,-0.19653320312
1725973136170.244,-1.17761230468,0.22766113281,-0.19653320312
1725973136190.0803,-1.310546875,0.30053710937,-0.0791015625
1725973136210.1917,-1.310546875,0.30053710937,-0.0791015625
1725973136230.2112,-1.310546875,0.30053710937,-0.0791015625
1725973136250.2307,-1.310546875,0.30053710937,-0.0791015625
1725973136270.0671,-1.16723632812,0.34594726562,-0.01599121093
1725973136290.2087,-1.16723632812,0.34594726562,-0.01599121093
1725973136310.1975,-1.16723632812,0.34594726562,-0.01599121093
1725973136330.1868,-1.16723632812,0.34594726562,-0.01599121093
1725973136350.0842,-1.03051757812,0.34631347656,0.01123046875
1725973136370.1953,-1.03051757812,0.34631347656,0.01123046875
1725973136390.1843,-1.03051757812,0.34631347656,0.01123046875
1725973136410.2344,-1.03051757812,0.34631347656,0.01123046875
1725973136430.0708,-1.02001953125,0.30895996093,0.02514648437
1725973136450.182,-1.02001953125,0.30895996093,0.02514648437
1725973136470.2014,-1.02001953125,0.30895996093,0.02514648437
1725973136490.1904,-1.02001953125,0.30895996093,0.02514648437
1725973136510.0571,-0.95141601562,0.29675292968,-0.03515625
1725973136530.2295,-0.95141601562,0.29675292968,-0.03515625
1725973136550.188,-0.95141601562,0.29675292968,-0.03515625
1725973136570.2075,-0.95141601562,0.29675292968,-0.03515625
1725973136590.0745,-0.89343261718,0.29113769531,-0.12158203125
1725973136610.1855,-0.89343261718,0.29113769531,-0.12158203125
1725973136630.2356,-0.89343261718,0.29113769531,-0.12158203125
1725973136650.194,-0.89343261718,0.29113769531,-0.12158203125
1725973136670.061,-0.93310546875,0.28527832031,-0.22961425781
1725973136690.2332,-0.93310546875,0.28527832031,-0.22961425781
1725973136710.1917,-0.93310546875,0.28527832031,-0.22961425781
1725973136730.1807,-0.93310546875,0.28527832031,-0.22961425781
1725973136750.1086,-0.98291015625,0.30346679687,-0.33422851562
1725973136770.1892,-0.98291015625,0.30346679687,-0.33422851562
1725973136790.1782,-0.98291015625,0.30346679687,-0.33422851562
1725973136810.1975,-0.98291015625,0.30041503906,-0.40600585937
1725973136830.0647,-1.00183105468,0.30041503906,-0.40600585937
1725973136850.2063,-1.00183105468,0.30041503906,-0.40600585937
1725973136870.1953,-1.00183105468,0.30041503906,-0.40600585937
1725973136890.1843,-1.00183105468,0.28234863281,-0.46240234375
1725973136910.0513,-0.96691894531,0.28234863281,-0.46240234375
1725973136930.1929,-0.96691894531,0.28234863281,-0.46240234375
1725973136950.182,-0.96691894531,0.28234863281,-0.46240234375
1725973136970.2014,-0.927734375,0.28747558593,-0.48767089843
1725973136990.0684,-0.927734375,0.28747558593,-0.48767089843
1725973137010.1794,-0.927734375,0.28747558593,-0.48767089843
1725973137030.1685,-0.927734375,0.28747558593,-0.48767089843
1725973137050.188,-0.92517089843,0.29089355468,-0.47131347656
1725973137070.0854,-0.92517089843,0.29089355468,-0.47131347656
1725973137090.166,-0.92517089843,0.29089355468,-0.47131347656
1725973137110.1855,-0.92517089843,0.29089355468,-0.47131347656
1725973137130.1743,-0.95935058593,0.26025390625,-0.40319824218
1725973137150.0415,-0.95935058593,0.26025390625,-0.40319824218
1725973137170.2136,-0.95935058593,0.26025390625,-0.40319824218
1725973137190.172,-0.95935058593,0.26025390625,-0.40319824218
1725973137210.1917,-1.03576660156,0.22082519531,-0.34020996093
1725973137230.0583,-1.03576660156,0.22082519531,-0.34020996093
1725973137250.2,-1.03576660156,0.22082519531,-0.34020996093
1725973137270.2195,-1.03576660156,0.22082519531,-0.34020996093
1725973137290.1782,-1.04431152343,0.20141601562,-0.34729003906
1725973137310.0757,-1.04431152343,0.20141601562,-0.34729003906
1725973137330.1868,-1.04431152343,0.20141601562,-0.34729003906
1725973137350.2063,-1.04431152343,0.20141601562,-0.34729003906
1725973137370.1648,-0.93359375,0.15905761718,-0.38818359375
1725973137390.0623,-0.93359375,0.15905761718,-0.38818359375
1725973137410.173,-0.93359375,0.15905761718,-0.38818359375
1725973137430.1624,-0.93359375,0.15905761718,-0.38818359375
1725973137450.2124,-0.84338378906,0.11840820312,-0.39367675781
1725973137470.0488,-0.84338378906,0.11840820312,-0.39367675781
1725973137490.16,-0.84338378906,0.11840820312,-0.39367675781
1725973137510.1794,-0.84338378906,0.11840820312,-0.39367675781
1725973137530.1685,-0.8388671875,0.1318359375,-0.37219238281
1725973137550.0354,-0.8388671875,0.1318359375,-0.37219238281
1725973137570.177,-0.8388671875,0.1318359375,-0.37219238281
1725973137590.1963,-0.8388671875,0.1318359375,-0.37219238281
1725973137610.155,-0.89514160156,0.17553710937,-0.34130859375
1725973137630.083,-0.89514160156,0.17553710937,-0.34130859375
1725973137650.1636,-0.89514160156,0.17553710937,-0.34130859375
1725973137670.1523,-0.89514160156,0.17553710937,-0.34130859375
1725973137690.172,-0.97241210937,0.22827148437,-0.30505371093
1725973137710.0696,-0.97241210937,0.22827148437,-0.30505371093
1725973137730.15,-0.97241210937,0.22827148437,-0.30505371093
1725973137750.1697,-0.97241210937,0.22827148437,-0.30505371093
1725973137770.1892,-1.02624511718,0.27685546875,-0.28503417968
1725973137790.0256,-1.02624511718,0.27685546875,-0.28503417968
1725973137810.1672,-1.02624511718,0.27685546875,-0.28503417968
1725973137830.1868,-1.02624511718,0.27685546875,-0.28503417968
1725973137850.2063,-1.03979492187,0.31408691406,-0.26953125
1725973137870.0732,-1.03979492187,0.31408691406,-0.26953125
1725973137890.1538,-1.03979492187,0.31408691406,-0.26953125
1725973137910.173,-1.03979492187,0.31408691406,-0.26953125
1725973137930.1624,-1.02221679687,0.3408203125,-0.22778320312
1725973137950.0598,-1.02221679687,0.3408203125,-0.22778320312
1725973137970.171,-1.02221679687,0.3408203125,-0.22778320312
1725973137990.16,-1.02221679687,0.3408203125,-0.22778320312
1725973138010.1487,-1.02233886718,0.34912109375,-0.16040039062
1725973138030.077,-1.02233886718,0.34912109375,-0.16040039062
1725973138050.1575,-1.02233886718,0.34912109375,-0.16040039062
1725973138070.1465,-1.02233886718,0.34912109375,-0.16040039062
1725973138090.166,-1.05993652343,0.32800292968,-0.09155273437
1725973138110.0635,-1.05993652343,0.32800292968,-0.09155273437
1725973138130.144,-1.05993652343,0.32800292968,-0.09155273437
1725973138150.194,-1.05993652343,0.32800292968,-0.09155273437
1725973138170.1523,-1.0888671875,0.30249023437,-0.04797363281
1725973138190.0195,-1.0888671875,0.30249023437,-0.04797363281
1725973138210.1611,-1.0888671875,0.30249023437,-0.04797363281
1725973138230.15,-1.0888671875,0.30249023437,-0.04797363281
1725973138250.1697,-1.08056640625,0.28442382812,-0.04431152343
1725973138270.0366,-1.08056640625,0.28442382812,-0.04431152343
1725973138290.1782,-1.08056640625,0.28442382812,-0.04431152343
1725973138310.1672,-1.08056640625,0.28442382812,-0.04431152343
1725973138330.1562,-1.06201171875,0.25927734375,-0.06237792968
1725973138350.0537,-1.06201171875,0.25927734375,-0.06237792968
1725973138370.1343,-1.06201171875,0.25927734375,-0.06237792968
1725973138390.1538,-1.06201171875,0.25927734375,-0.06237792968
1725973138410.1428,-1.00231933593,0.24438476562,-0.08435058593
1725973138430.0403,-1.00231933593,0.24438476562,-0.08435058593
1725973138450.1511,-1.00231933593,0.24438476562,-0.08435058593
1725973138470.1404,-1.00231933593,0.24438476562,-0.08435058593
1725973138490.16,-0.92858886718,0.24792480468,-0.11010742187
1725973138510.0269,-0.92858886718,0.24792480468,-0.11010742187
1725973138530.1685,-0.92858886718,0.24792480468,-0.11010742187
1725973138550.1575,-0.92858886718,0.24792480468,-0.11010742187
1725973138570.177,-0.91296386718,0.25268554687,-0.14514160156
1725973138590.044,-0.91296386718,0.25268554687,-0.14514160156
1725973138610.1855,-0.91296386718,0.25268554687,-0.14514160156
1725973138630.144,-0.91296386718,0.25268554687,-0.14514160156
1725973138650.133,-0.93591308593,0.23974609375,-0.20886230468
1725973138670.0305,-0.93591308593,0.23974609375,-0.20886230468
1725973138690.1416,-0.93591308593,0.23974609375,-0.20886230468
1725973138710.1306,-0.93591308593,0.23974609375,-0.20886230468
1725973138730.1807,-0.98156738281,0.19873046875,-0.22875976562
1725973138750.017,-0.98156738281,0.19873046875,-0.22875976562
1725973138770.1587,-0.98156738281,0.19873046875,-0.22875976562
1725973138790.1477,-0.98156738281,0.19873046875,-0.22875976562
1725973138810.1367,-1.00756835937,0.18078613281,-0.27233886718
1725973138830.034,-1.00756835937,0.18078613281,-0.27233886718
1725973138850.1453,-1.00756835937,0.18078613281,-0.27233886718
1725973138870.1343,-1.00756835937,0.18078613281,-0.27233886718
1725973138890.1233,-1.00927734375,0.19213867187,-0.30944824218
1725973138910.0208,-1.00927734375,0.19213867187,-0.30944824218
1725973138930.1318,-1.00927734375,0.19213867187,-0.30944824218
1725973138950.1208,-1.00927734375,0.19213867187,-0.30944824218
1725973138970.1404,-0.96203613281,0.18920898437,-0.333984375
1725973138990.007,-0.96203613281,0.18920898437,-0.333984375
1725973139010.1184,-0.96203613281,0.18920898437,-0.333984375
1725973139030.138,-0.96203613281,0.18920898437,-0.333984375
1725973139050.1267,-0.96923828125,0.17517089843,-0.32043457031
1725973139069.994,-0.96923828125,0.17517089843,-0.32043457031
1725973139090.166,-0.96923828125,0.17517089843,-0.32043457031
1725973139110.1245,-0.96923828125,0.17517089843,-0.32043457031
1725973139130.144,-0.97058105468,0.1884765625,-0.26721191406
1725973139150.0107,-0.97058105468,0.1884765625,-0.26721191406
1725973139170.1523,-0.97058105468,0.1884765625,-0.26721191406
1725973139190.1416,-0.97058105468,0.1884765625,-0.26721191406
1725973139210.1611,-0.93041992187,0.21142578125,-0.22253417968
1725973139229.9976,-0.93041992187,0.21142578125,-0.22253417968
1725973139250.1392,-0.93041992187,0.21142578125,-0.22253417968
1725973139270.128,-0.93041992187,0.21142578125,-0.22253417968
1725973139290.1477,-0.90454101562,0.2158203125,-0.20385742187
1725973139310.0146,-0.90454101562,0.2158203125,-0.20385742187
1725973139330.1255,-0.90454101562,0.2158203125,-0.20385742187
1725973139350.1453,-0.90454101562,0.2158203125,-0.20385742187
1725973139370.1343,-0.91638183593,0.22204589843,-0.22119140625
1725973139390.0315,-0.91638183593,0.22204589843,-0.22119140625
1725973139410.1123,-0.91638183593,0.22204589843,-0.22119140625
1725973139430.1318,-0.91638183593,0.22204589843,-0.22119140625
1725973139450.1208,-0.98229980468,0.23327636718,-0.2333984375
1725973139470.0183,-0.98229980468,0.23327636718,-0.2333984375
1725973139490.16,-0.98229980468,0.23327636718,-0.2333984375
1725973139510.1487,-0.98229980468,0.23327636718,-0.2333984375
1725973139530.1074,-1.06323242187,0.17700195312,-0.21301269531
1725973139550.0354,-1.06323242187,0.17700195312,-0.21301269531
1725973139570.116,-1.06323242187,0.17700195312,-0.21301269531
1725973139590.1355,-1.06323242187,0.17700195312,-0.21301269531
1725973139615.4343,-1.03723144531,0.09033203125,-0.20776367187
1725973139630.022,-1.03723144531,0.09033203125,-0.20776367187
1725973139650.1023,-1.03723144531,0.09033203125,-0.20776367187
1725973139670.122,-1.03723144531,0.09033203125,-0.20776367187
1725973139690.111,-1.03247070312,0.04052734375,-0.19482421875
1725973139710.0083,-1.03247070312,0.04052734375,-0.19482421875
1725973139730.1807,-1.03247070312,0.04052734375,-0.19482421875
1725973139750.1392,-1.03247070312,0.04052734375,-0.19482421875
1725973139775.4382,-1.06042480468,0.01416015625,-0.15759277343
1725973139790.0256,-1.06042480468,0.01416015625,-0.15759277343
1725973139810.1367,-1.06042480468,0.01416015625,-0.15759277343
1725973139830.1255,-1.06042480468,0.01416015625,-0.15759277343
1725973139855.455,-0.99951171875,0.03735351562,-0.12353515625
1725973139870.0122,-0.99951171875,0.03735351562,-0.12353515625
1725973139890.1233,-0.99951171875,0.03735351562,-0.12353515625
1725973139910.1123,-0.99951171875,0.03735351562,-0.12353515625
1725973139935.4111,-0.97314453125,0.09497070312,-0.10339355468
1725973139950.0293,-0.97314453125,0.09497070312,-0.10339355468
1725973139970.1404,-0.97314453125,0.09497070312,-0.10339355468
1725973139990.0989,-0.97314453125,0.09497070312,-0.10339355468
1725973140015.4285,-0.98168945312,0.16772460937,-0.11181640625
1725973140029.985,-0.98168945312,0.16772460937,-0.11181640625
1725973140050.0964,-0.98168945312,0.16772460937,-0.11181640625
1725973140070.116,-0.98168945312,0.16772460937,-0.11181640625
1725973140095.4456,-0.98681640625,0.21936035156,-0.14282226562
1725973140109.972,-0.98681640625,0.21936035156,-0.14282226562
1725973140130.144,-0.98681640625,0.21936035156,-0.14282226562
1725973140150.1023,-0.98681640625,0.21936035156,-0.14282226562
1725973140175.4016,-1.00158691406,0.22583007812,-0.17504882812
1725973140190.0195,-1.00158691406,0.22583007812,-0.17504882812
1725973140210.1306,-1.00158691406,0.22583007812,-0.17504882812
1725973140230.089,-1.00158691406,0.22583007812,-0.17504882812
1725973140255.388,-1.03881835937,0.23083496093,-0.17126464843
1725973140269.9756,-1.03881835937,0.23083496093,-0.17126464843
1725973140290.0867,-1.03881835937,0.23083496093,-0.17126464843
1725973140310.1062,-1.03881835937,0.23083496093,-0.17126464843
1725973140335.4053,-1.04052734375,0.24682617187,-0.15600585937
1725973140349.962,-1.04052734375,0.24682617187,-0.15600585937
1725973140370.1343,-1.04052734375,0.24682617187,-0.15600585937
1725973140390.1233,-1.04052734375,0.24682617187,-0.15600585937
1725973140415.4224,-0.97241210937,0.26672363281,-0.15197753906
1725973140429.9792,-0.97241210937,0.26672363281,-0.15197753906
1725973140450.1208,-0.97241210937,0.26672363281,-0.15197753906
1725973140470.1099,-0.97241210937,0.26672363281,-0.15197753906
1725973140495.7446,-0.94287109375,0.2822265625,-0.154296875
1725973140509.9963,-0.94287109375,0.2822265625,-0.154296875
1725973140530.1074,-0.94287109375,0.2822265625,-0.154296875
1725973140550.0964,-0.94287109375,0.2822265625,-0.154296875
1725973140575.3955,-0.970703125,0.27600097656,-0.1708984375
1725973140589.983,-0.970703125,0.27600097656,-0.1708984375
1725973140610.094,-0.970703125,0.27600097656,-0.1708984375
1725973140630.083,-0.970703125,0.27600097656,-0.1708984375
1725973140655.4124,-0.978515625,0.24597167968,-0.1943359375
1725973140669.9695,-0.978515625,0.24597167968,-0.1943359375
1725973140690.0803,-0.978515625,0.24597167968,-0.1943359375
1725973140710.1306,-0.978515625,0.24597167968,-0.1943359375
1725973140735.3687,-0.96020507812,0.23303222656,-0.18969726562
1725973140749.956,-0.96020507812,0.23303222656,-0.18969726562
1725973140770.0977,-0.96020507812,0.23303222656,-0.18969726562
1725973140790.0867,-0.96020507812,0.23303222656,-0.18969726562
1725973140815.4163,-0.95385742187,0.25085449218,-0.16040039062
1725973140830.0037,-0.95385742187,0.25085449218,-0.16040039062
1725973140850.0842,-0.95385742187,0.25085449218,-0.16040039062
1725973140870.0732,-0.95385742187,0.25085449218,-0.16040039062
1725973140895.4028,-0.92687988281,0.2666015625,-0.13415527343
1725973140909.9902,-0.92687988281,0.2666015625,-0.13415527343
1725973140930.0708,-0.92687988281,0.2666015625,-0.13415527343
1725973140950.0903,-0.92687988281,0.2666015625,-0.13415527343
1725973140975.3894,-0.9423828125,0.27075195312,-0.11779785156
1725973140989.9463,-0.9423828125,0.27075195312,-0.11779785156
1725973141010.088,-0.9423828125,0.27075195312,-0.11779785156
1725973141030.077,-0.9423828125,0.27075195312,-0.11779785156
1725973141055.4065,-1.02783203125,0.28100585937,-0.10083007812
1725973141069.9631,-1.02783203125,0.28100585937,-0.10083007812
1725973141090.0745,-1.02783203125,0.28100585937,-0.10083007812
1725973141110.1245,-1.02783203125,0.28100585937,-0.10083007812
1725973141135.393,-1.078125,0.29626464843,-0.0615234375
1725973141149.9805,-1.078125,0.29626464843,-0.0615234375
1725973141170.0916,-1.078125,0.29626464843,-0.0615234375
1725973141190.0803,-1.078125,0.29626464843,-0.0615234375
1725973141215.3796,-1.03173828125,0.29187011718,-0.02355957031
1725973141229.967,-1.03173828125,0.29187011718,-0.02355957031
1725973141250.1086,-1.03173828125,0.29187011718,-0.02355957031
1725973141270.0671,-1.03173828125,0.29187011718,-0.02355957031
1725973141295.3967,-0.98193359375,0.2763671875,0.01611328125
1725973141309.984,-0.98193359375,0.2763671875,0.01611328125
1725973141330.0647,-0.98193359375,0.2763671875,0.01611328125
1725973141350.0842,-0.98193359375,0.2763671875,0.01611328125
1725973141375.4138,-0.98693847656,0.27319335937,0.10546875
1725973141389.94,-0.98693847656,0.27319335937,0.10546875
1725973141410.0815,-0.98693847656,0.27319335937,0.10546875
1725973141430.0708,-0.98693847656,0.27319335937,0.10546875
1725973141455.4004,-0.9599609375,0.27587890625,0.17126464843
1725973141469.9573,-0.9599609375,0.27587890625,0.17126464843
1725973141490.0989,-0.9599609375,0.27587890625,0.17126464843
1725973141510.088,-0.9599609375,0.27587890625,0.17126464843
1725973141535.3867,-0.93908691406,0.28137207031,0.18103027343
1725973141549.9438,-0.93908691406,0.28137207031,0.18103027343
1725973141570.0547,-0.93908691406,0.28137207031,0.18103027343
1725973141590.1047,-0.93908691406,0.28137207031,0.18103027343
1725973141615.3735,-1.00756835937,0.3037109375,0.17724609375
1725973141629.9304,-1.00756835937,0.3037109375,0.17724609375
1725973141650.072,-1.00756835937,0.3037109375,0.17724609375
1725973141670.061,-1.00756835937,0.3037109375,0.17724609375
1725973141695.3906,-1.08117675781,0.32458496093,0.15673828125
1725973141709.9475,-1.08117675781,0.32458496093,0.15673828125
1725973141730.0583,-1.08117675781,0.32458496093,0.15673828125
1725973141750.078,-1.08117675781,0.32458496093,0.15673828125
1725973141775.3772,-1.06860351562,0.33312988281,0.08569335937
1725973141789.934,-1.06860351562,0.33312988281,0.08569335937
1725973141810.0757,-1.06860351562,0.33312988281,0.08569335937
1725973141830.0647,-1.06860351562,0.33312988281,0.08569335937
1725973141855.3635,-1.06066894531,0.31848144531,0.02856445312
1725973141869.9512,-1.06066894531,0.31848144531,0.02856445312
1725973141890.0623,-1.06066894531,0.31848144531,0.02856445312
1725973141910.0513,-1.06066894531,0.31848144531,0.02856445312
1725973141935.3809,-1.068359375,0.2646484375,0.00085449218
1725973141949.9683,-1.068359375,0.2646484375,0.00085449218
1725973141970.0488,-1.068359375,0.2646484375,0.00085449218
1725973141990.0684,-1.068359375,0.2646484375,0.00085449218
1725973142015.398,-1.05737304687,0.24169921875,-0.04541015625
1725973142029.9243,-1.05737304687,0.24169921875,-0.04541015625
1725973142050.066,-1.05737304687,0.24169921875,-0.04541015625
1725973142070.0547,-1.05737304687,0.24169921875,-0.04541015625
1725973142095.354,-0.99291992187,0.24768066406,-0.08264160156
1725973142109.9414,-0.99291992187,0.24768066406,-0.08264160156
1725973142130.083,-0.99291992187,0.24768066406,-0.08264160156
1725973142150.0415,-0.99291992187,0.24768066406,-0.08264160156
1725973142175.3403,-0.90234375,0.22229003906,-0.12194824218
1725973142189.928,-0.90234375,0.22229003906,-0.12194824218
1725973142210.039,-0.90234375,0.22229003906,-0.12194824218
1725973142230.0583,-0.90234375,0.22229003906,-0.12194824218
1725973142255.3271,-0.88195800781,0.21044921875,-0.16003417968
1725973142269.9143,-0.88195800781,0.21044921875,-0.16003417968
1725973142290.0867,-0.88195800781,0.21044921875,-0.16003417968
1725973142310.0452,-0.88195800781,0.21044921875,-0.16003417968
1725973142335.3748,-0.92041015625,0.22058105468,-0.21630859375
1725973142349.962,-0.92041015625,0.22058105468,-0.21630859375
1725973142370.0427,-0.92041015625,0.22058105468,-0.21630859375
1725973142390.0623,-0.92041015625,0.22058105468,-0.21630859375
1725973142415.3918,-0.97583007812,0.24145507812,-0.23913574218
1725973142429.9487,-0.97583007812,0.24145507812,-0.23913574218
1725973142450.0598,-0.97583007812,0.24145507812,-0.23913574218
1725973142470.0488,-0.97583007812,0.24145507812,-0.23913574218
1725973142495.348,-0.99975585937,0.25378417968,-0.22619628906
1725973142509.9658,-0.99975585937,0.25378417968,-0.22619628906
1725973142530.0464,-0.99975585937,0.25378417968,-0.22619628906
1725973142550.0354,-0.99975585937,0.25378417968,-0.22619628906
1725973142575.3345,-0.98059082031,0.27941894531,-0.18579101562
1725973142589.9524,-0.98059082031,0.27941894531,-0.18579101562
1725973142610.0327,-0.98059082031,0.27941894531,-0.18579101562
1725973142630.0525,-0.98059082031,0.27941894531,-0.18579101562
1725973142655.3516,-0.95178222656,0.30383300781,-0.1376953125
1725973142669.9084,-0.95178222656,0.30383300781,-0.1376953125
1725973142690.05,-0.95178222656,0.30383300781,-0.1376953125
1725973142710.039,-0.95178222656,0.30383300781,-0.1376953125
1725973142735.338,-0.94677734375,0.31311035156,-0.11108398437
1725973142749.956,-0.94677734375,0.31311035156,-0.11108398437
1725973142770.1587,-0.94677734375,0.31311035156,-0.11108398437
1725973142790.0256,-0.94677734375,0.31311035156,-0.11108398437
1725973142815.3552,-0.943359375,0.31750488281,-0.09973144531
1725973142829.912,-0.943359375,0.31750488281,-0.09973144531
1725973142850.0232,-0.943359375,0.31750488281,-0.09973144531
1725973142870.0427,-0.943359375,0.31750488281,-0.09973144531
1725973142895.3416,-0.94799804687,0.32153320312,-0.09448242187
1725973142909.8987,-0.94799804687,0.32153320312,-0.09448242187
1725973142930.0403,-0.94799804687,0.32153320312,-0.09448242187
1725973142950.0293,-0.94799804687,0.32153320312,-0.09448242187
1725973142975.3894,-1.00231933593,0.32141113281,-0.07946777343
1725973142989.9463,-1.00231933593,0.32141113281,-0.07946777343
1725973143010.0571,-1.00231933593,0.32141113281,-0.07946777343
1725973143030.077,-1.00231933593,0.32141113281,-0.07946777343
1725973143055.3455,-1.02551269531,0.30261230468,-0.06408691406
1725973143069.9023,-1.02551269531,0.30261230468,-0.06408691406
1725973143090.044,-1.02551269531,0.30261230468,-0.06408691406
1725973143110.0327,-1.02551269531,0.30261230468,-0.06408691406
1725973143135.3623,-0.99255371093,0.28540039062,-0.08825683593
1725973143149.9194,-0.99255371093,0.28540039062,-0.08825683593
1725973143170.0305,-0.99255371093,0.28540039062,-0.08825683593
1725973143190.0195,-0.99255371093,0.28540039062,-0.08825683593
1725973143215.3796,-0.98449707031,0.27429199218,-0.12976074218
1725973143229.906,-0.98449707031,0.27429199218,-0.12976074218
1725973143250.017,-0.98449707031,0.27429199218,-0.12976074218
1725973143270.0671,-0.98449707031,0.27429199218,-0.12976074218
1725973143295.3052,-1.05688476562,0.25561523437,-0.14587402343
1725973143309.923,-1.05688476562,0.25561523437,-0.14587402343
1725973143330.034,-1.05688476562,0.25561523437,-0.14587402343
1725973143350.0232,-1.05688476562,0.25561523437,-0.14587402343
1725973143375.3223,-1.07702636718,0.23962402343,-0.16076660156
1725973143389.94,-1.07702636718,0.23962402343,-0.16076660156
1725973143410.0208,-1.07702636718,0.23962402343,-0.16076660156
1725973143430.0095,-1.07702636718,0.23962402343,-0.16076660156
1725973143455.3088,-1.06982421875,0.22375488281,-0.1865234375
1725973143469.8962,-1.06982421875,0.22375488281,-0.1865234375
1725973143490.007,-1.06982421875,0.22375488281,-0.1865234375
1725973143510.0269,-1.06982421875,0.22375488281,-0.1865234375
1725973143535.326,-1.06018066406,0.20288085937,-0.18078613281
1725973143549.8828,-1.06018066406,0.20288085937,-0.18078613281
1725973143570.0244,-1.06018066406,0.20288085937,-0.18078613281
1725973143590.0134,-1.06018066406,0.20288085937,-0.18078613281
1725973143615.343,-0.97644042968,0.21179199218,-0.171875
1725973143629.9304,-0.97644042968,0.21179199218,-0.171875
1725973143650.0107,-0.97644042968,0.21179199218,-0.171875
1725973143670.061,-0.97644042968,0.21179199218,-0.171875
1725973143695.3296,-0.89050292968,0.23681640625,-0.19165039062
1725973143709.9167,-0.89050292968,0.23681640625,-0.19165039062
1725973143730.028,-0.89050292968,0.23681640625,-0.19165039062
1725973143750.017,-0.89050292968,0.23681640625,-0.19165039062
1725973143775.316,-0.85461425781,0.23706054687,-0.21862792968
1725973143789.934,-0.85461425781,0.23706054687,-0.21862792968
1725973143810.0146,-0.85461425781,0.23706054687,-0.21862792968
1725973143830.034,-0.85461425781,0.23706054687,-0.21862792968
1725973143855.3027,-0.884765625,0.23718261718,-0.2353515625
1725973143869.89,-0.884765625,0.23718261718,-0.2353515625
1725973143890.0012,-0.884765625,0.23718261718,-0.2353515625
1725973143910.0208,-0.884765625,0.23718261718,-0.2353515625
1725973143935.2893,-0.908203125,0.2392578125,-0.25048828125
1725973143949.8767,-0.908203125,0.2392578125,-0.25048828125
1725973143970.0183,-0.908203125,0.2392578125,-0.25048828125
1725973143990.007,-0.908203125,0.2392578125,-0.25048828125
1725973144015.276,-0.92224121093,0.24450683593,-0.26684570312
1725973144029.9243,-0.92224121093,0.24450683593,-0.26684570312
1725973144050.005,-0.92224121093,0.24450683593,-0.26684570312
1725973144069.994,-0.92224121093,0.24450683593,-0.26684570312
1725973144095.2625,-0.92565917968,0.26770019531,-0.26403808593
1725973144109.8804,-0.92565917968,0.26770019531,-0.26403808593
1725973144130.022,-0.92565917968,0.26770019531,-0.26403808593
1725973144150.0107,-0.92565917968,0.26770019531,-0.26403808593
1725973144175.249,-1.00549316406,0.29626464843,-0.24401855468
1725973144189.8975,-1.00549316406,0.29626464843,-0.24401855468
1725973144210.0083,-1.00549316406,0.29626464843,-0.24401855468
1725973144229.9976,-1.00549316406,0.29626464843,-0.24401855468
1725973144255.2356,-1.03332519531,0.31066894531,-0.22119140625
1725973144269.9143,-1.03332519531,0.31066894531,-0.22119140625
1725973144289.995,-1.03332519531,0.31066894531,-0.22119140625
1725973144310.0146,-1.03332519531,0.31066894531,-0.22119140625
1725973144335.222,-0.95031738281,0.32360839843,-0.20422363281
1725973144349.8706,-0.95031738281,0.32360839843,-0.20422363281
1725973144370.0427,-0.95031738281,0.32360839843,-0.20422363281
1725973144390.0012,-0.95031738281,0.32360839843,-0.20422363281
1725973144415.2087,-0.98254394531,0.3359375,-0.17651367187
1725973144429.9182,-0.98254394531,0.3359375,-0.17651367187
1725973144449.9988,-0.98254394531,0.3359375,-0.17651367187
1725973144469.9875,-0.98254394531,0.3359375,-0.17651367187
1725973144495.1953,-1.04455566406,0.31762695312,-0.14794921875
1725973144509.9048,-1.04455566406,0.31762695312,-0.14794921875
1725973144529.985,-1.04455566406,0.31762695312,-0.14794921875
1725973144550.005,-1.04455566406,0.31762695312,-0.14794921875
1725973144575.182,-0.994140625,0.29138183593,-0.18054199218
1725973144589.8608,-0.994140625,0.29138183593,-0.18054199218
1725973144610.0024,-0.994140625,0.29138183593,-0.18054199218
1725973144629.9915,-0.994140625,0.29138183593,-0.18054199218
1725973144655.1685,-0.93310546875,0.25524902343,-0.24157714843
1725973144669.878,-0.93310546875,0.25524902343,-0.24157714843
1725973144689.989,-0.93310546875,0.25524902343,-0.24157714843
1725973144709.978,-0.93310546875,0.25524902343,-0.24157714843
1725973144735.155,-0.92138671875,0.23205566406,-0.26586914062
1725973144749.895,-0.92138671875,0.23205566406,-0.26586914062
1725973144769.9756,-0.92138671875,0.23205566406,-0.26586914062
1725973144789.995,-0.92138671875,0.23205566406,-0.26586914062
1725973144815.1416,-0.95861816406,0.25671386718,-0.25842285156
1725973144829.8816,-0.95861816406,0.25671386718,-0.25842285156
1725973144850.0232,-0.95861816406,0.25671386718,-0.25842285156
1725973144869.9817,-0.95861816406,0.25671386718,-0.25842285156
1725973144895.128,-1.09594726562,0.28173828125,-0.21215820312
1725973144909.868,-1.09594726562,0.28173828125,-0.21215820312
1725973144929.9792,-1.09594726562,0.28173828125,-0.21215820312
1725973144949.9988,-1.09594726562,0.28173828125,-0.21215820312
1725973144975.1147,-1.14221191406,0.28820800781,-0.16357421875
1725973144989.8547,-1.14221191406,0.28820800781,-0.16357421875
1725973145009.9963,-1.14221191406,0.28820800781,-0.16357421875
1725973145030.0159,-1.14221191406,0.28820800781,-0.16357421875
1725973145055.3455,-1.00842285156,0.23291015625,-0.13781738281
1725973145069.9023,-1.00842285156,0.23291015625,-0.13781738281
1725973145089.983,-1.00842285156,0.23291015625,-0.13781738281
1725973145109.972,-1.00842285156,0.23291015625,-0.13781738281
1725973145135.088,-0.93359375,0.11328125,-0.10693359375
1725973145149.889,-0.93359375,0.11328125,-0.10693359375
1725973145170.0,-0.93359375,0.11328125,-0.10693359375
1725973145189.989,-0.93359375,0.11328125,-0.10693359375
1725973145215.0745,-0.92468261718,0.06579589843,-0.09875488281
1725973145229.8447,-0.92468261718,0.06579589843,-0.09875488281
1725973145249.9863,-0.92468261718,0.06579589843,-0.09875488281
1725973145270.006,-0.92468261718,0.06579589843,-0.09875488281
1725973145295.061,-0.91638183593,0.11254882812,-0.12426757812
1725973145309.8923,-0.91638183593,0.11254882812,-0.12426757812
1725973145329.9731,-0.91638183593,0.11254882812,-0.12426757812
1725973145349.962,-0.91638183593,0.11254882812,-0.12426757812
1725973145375.0476,-0.91979980468,0.17907714843,-0.177734375
1725973145389.8792,-0.91979980468,0.17907714843,-0.177734375
1725973145409.9597,-0.91979980468,0.17907714843,-0.177734375
1725973145430.0403,-0.91979980468,0.17907714843,-0.177734375
1725973145455.034,-0.94543457031,0.24353027343,-0.24340820312
1725973145469.8655,-0.94543457031,0.24353027343,-0.24340820312
1725973145490.007,-0.94543457031,0.24353027343,-0.24340820312
1725973145509.9963,-0.94543457031,0.24353027343,-0.24340820312
1725973145535.0208,-1.06884765625,0.29956054687,-0.27404785156
1725973145549.8523,-1.06884765625,0.29956054687,-0.27404785156
1725973145569.9631,-1.06884765625,0.29956054687,-0.27404785156
1725973145590.0134,-1.06884765625,0.29956054687,-0.27404785156
1725973145615.007,-1.17016601562,0.33935546875,-0.26953125
1725973145629.8389,-1.17016601562,0.33935546875,-0.26953125
1725973145650.0107,-1.17016601562,0.33935546875,-0.26953125
1725973145670.0,-1.17016601562,0.33935546875,-0.26953125
1725973145694.994,-1.12255859375,0.34533691406,-0.25695800781
1725973145709.856,-1.12255859375,0.34533691406,-0.25695800781
1725973145729.967,-1.12255859375,0.34533691406,-0.25695800781
1725973145749.956,-1.12255859375,0.34533691406,-0.25695800781
1725973145774.9805,-1.06079101562,0.326171875,-0.20727539062
1725973145789.8423,-1.06079101562,0.326171875,-0.20727539062
1725973145809.9536,-1.06079101562,0.326171875,-0.20727539062
1725973145829.9731,-1.06079101562,0.326171875,-0.20727539062
1725973145854.967,-1.05078125,0.29223632812,-0.12890625
1725973145869.8596,-1.05078125,0.29223632812,-0.12890625
1725973145889.9707,-1.05078125,0.29223632812,-0.12890625
1725973145909.9597,-1.05078125,0.29223632812,-0.12890625
1725973145934.9536,-1.04296875,0.26293945312,-0.07995605468
1725973145949.846,-1.04296875,0.26293945312,-0.07995605468
1725973145969.9573,-1.04296875,0.26293945312,-0.07995605468
1725973145989.9463,-1.04296875,0.26293945312,-0.07995605468
1725973146014.94,-0.98608398437,0.25024414062,-0.0654296875
1725973146029.8633,-0.98608398437,0.25024414062,-0.0654296875
1725973146049.9438,-0.98608398437,0.25024414062,-0.0654296875
1725973146069.9631,-0.98608398437,0.25024414062,-0.0654296875
1725973146094.9268,-0.94189453125,0.26000976562,-0.09509277343
1725973146109.819,-0.94189453125,0.26000976562,-0.09509277343
1725973146129.9607,-0.94189453125,0.26000976562,-0.09509277343
1725973146149.9805,-0.94189453125,0.26000976562,-0.09509277343
1725973146174.913,-1.0087890625,0.19104003906,-0.24401855468
1725973146189.8667,-1.0087890625,0.19104003906,-0.24401855468
1725973146209.9475,-1.0087890625,0.19104003906,-0.24401855468
1725973146229.967,-1.0087890625,0.19104003906,-0.24401855468
1725973146254.9,-0.990234375,0.18762207031,-0.30554199218
1725973146269.8228,-0.990234375,0.18762207031,-0.30554199218
1725973146289.9644,-0.990234375,0.18762207031,-0.30554199218
1725973146309.984,-0.990234375,0.18762207031,-0.30554199218
1725973146334.8865,-0.98657226562,0.2099609375,-0.30407714843
1725973146349.8706,-0.98657226562,0.2099609375,-0.30407714843
1725973146369.9817,-0.98657226562,0.2099609375,-0.30407714843
1725973146389.94,-0.98657226562,0.2099609375,-0.30407714843
1725973146414.873,-0.94421386718,0.21923828125,-0.25646972656
1725973146429.8267,-0.94421386718,0.21923828125,-0.25646972656
1725973146449.9683,-0.94421386718,0.21923828125,-0.25646972656
1725973146469.9875,-0.94421386718,0.21923828125,-0.25646972656
1725973146494.8596,-0.90258789062,0.27270507812,-0.20300292968
1725973146509.8132,-0.90258789062,0.27270507812,-0.20300292968
1725973146529.9548,-0.90258789062,0.27270507812,-0.20300292968
1725973146549.9744,-0.90258789062,0.27270507812,-0.20300292968
1725973146575.2124,-0.8935546875,0.32568359375,-0.20922851562
1725973146589.8608,-0.8935546875,0.32568359375,-0.20922851562
1725973146609.972,-0.8935546875,0.32568359375,-0.20922851562
1725973146629.9304,-0.8935546875,0.32568359375,-0.20922851562
1725973146654.8328,-0.92993164062,0.34423828125,-0.25500488281
1725973146669.817,-0.92993164062,0.34423828125,-0.25500488281
1725973146689.928,-0.92993164062,0.34423828125,-0.25500488281
1725973146709.9475,-0.92993164062,0.34423828125,-0.25500488281
1725973146734.819,-1.07312011718,0.35278320312,-0.26171875
1725973146749.8035,-1.07312011718,0.35278320312,-0.26171875
1725973146769.945,-1.07312011718,0.35278320312,-0.26171875
1725973146789.9644,-1.07312011718,0.35278320312,-0.26171875
1725973146814.806,-1.18054199218,0.36926269531,-0.23974609375
1725973146829.851,-1.18054199218,0.36926269531,-0.23974609375
1725973146849.9316,-1.18054199218,0.36926269531,-0.23974609375
1725973146869.9817,-1.18054199218,0.36926269531,-0.23974609375
1725973146894.7925,-1.11901855468,0.38537597656,-0.19311523437
1725973146909.8071,-1.11901855468,0.38537597656,-0.19311523437
1725973146929.9487,-1.11901855468,0.38537597656,-0.19311523437
1725973146949.9683,-1.11901855468,0.38537597656,-0.19311523437
1725973146974.779,-1.05395507812,0.38659667968,-0.13488769531
1725973146989.8547,-1.05395507812,0.38659667968,-0.13488769531
1725973147009.9353,-1.05395507812,0.38659667968,-0.13488769531
1725973147029.9548,-1.05395507812,0.38659667968,-0.13488769531
1725973147054.7656,-1.05688476562,0.32873535156,-0.10668945312
1725973147069.8413,-1.05688476562,0.32873535156,-0.10668945312
1725973147089.9219,-1.05688476562,0.32873535156,-0.10668945312
1725973147109.9414,-1.05688476562,0.32873535156,-0.10668945312
1725973147134.752,-1.03955078125,0.25280761718,-0.10595703125
1725973147149.828,-1.03955078125,0.25280761718,-0.10595703125
1725973147169.9695,-1.03955078125,0.25280761718,-0.10595703125
1725973147189.928,-1.03955078125,0.25280761718,-0.10595703125
1725973147214.7388,-0.99182128906,0.22680664062,-0.1015625
1725973147229.8447,-0.99182128906,0.22680664062,-0.1015625
1725973147249.8035,-0.99182128906,0.22680664062,-0.1015625
1725973147269.945,-0.99182128906,0.22680664062,-0.1015625
1725973147294.725,-0.94775390625,0.23229980468,-0.09118652343
1725973147309.8315,-0.94775390625,0.23229980468,-0.09118652343
1725973147329.912,-0.94775390625,0.23229980468,-0.09118652343
1725973147349.9316,-0.94775390625,0.23229980468,-0.09118652343
1725973147374.712,-0.95947265625,0.23803710937,-0.10290527343
1725973147389.7876,-0.95947265625,0.23803710937,-0.10290527343
1725973147409.9292,-0.95947265625,0.23803710937,-0.10290527343
1725973147429.9487,-0.95947265625,0.23803710937,-0.10290527343
1725973147454.6985,-1.00659179687,0.25537109375,-0.13659667968
1725973147469.8352,-1.00659179687,0.25537109375,-0.13659667968
1725973147489.9155,-1.00659179687,0.25537109375,-0.13659667968
1725973147509.9353,-1.00659179687,0.25537109375,-0.13659667968
1725973147534.685,-1.04943847656,0.29260253906,-0.19091796875
1725973147549.7913,-1.04943847656,0.29260253906,-0.19091796875
1725973147569.9329,-1.04943847656,0.29260253906,-0.19091796875
1725973147589.9219,-1.04943847656,0.29260253906,-0.19091796875
1725973147614.6716,-1.04333496093,0.27661132812,-0.22143554687
1725973147629.8083,-1.04333496093,0.27661132812,-0.22143554687
1725973147649.95,-1.04333496093,0.27661132812,-0.22143554687
1725973147669.9084,-1.04333496093,0.27661132812,-0.22143554687
1725973147694.6582,-0.97485351562,0.22229003906,-0.22521972656
1725973147709.8254,-0.97485351562,0.22229003906,-0.22521972656
1725973147729.9363,-0.97485351562,0.22229003906,-0.22521972656
1725973147749.9255,-0.97485351562,0.22229003906,-0.22521972656
1725973147774.6448,-0.92724609375,0.234375,-0.23327636718
1725973147789.812,-0.92724609375,0.234375,-0.23327636718
1725973147809.923,-0.92724609375,0.234375,-0.23327636718
1725973147829.912,-0.92724609375,0.234375,-0.23327636718
1725973147854.631,-0.89050292968,0.27038574218,-0.25891113281
1725973147869.7983,-0.89050292968,0.27038574218,-0.25891113281
1725973147889.9097,-0.89050292968,0.27038574218,-0.25891113281
1725973147909.8987,-0.89050292968,0.27038574218,-0.25891113281
1725973147934.618,-0.89208984375,0.271484375,-0.265625
1725973147949.7852,-0.89208984375,0.271484375,-0.265625
1725973147969.9268,-0.89208984375,0.271484375,-0.265625
1725973147989.9463,-0.89208984375,0.271484375,-0.265625
1725973148014.6045,-1.07836914062,0.28454589843,-0.20935058593
1725973148029.7715,-1.07836914062,0.28454589843,-0.20935058593
1725973148049.9438,-1.07836914062,0.28454589843,-0.20935058593
1725973148069.9023,-1.07836914062,0.28454589843,-0.20935058593
1725973148094.591,-1.15173339843,0.31457519531,-0.17468261718
1725973148109.7888,-1.15173339843,0.31457519531,-0.17468261718
1725973148129.9,-1.15173339843,0.31457519531,-0.17468261718
1725973148149.95,-1.15173339843,0.31457519531,-0.17468261718
1725973148174.5776,-1.05139160156,0.33374023437,-0.15441894531
1725973148189.806,-1.05139160156,0.33374023437,-0.15441894531
1725973148209.9167,-1.05139160156,0.33374023437,-0.15441894531
1725973148229.906,-1.05139160156,0.33374023437,-0.15441894531
1725973148254.5642,-1.01306152343,0.32507324218,-0.13659667968
1725973148269.8228,-1.01306152343,0.32507324218,-0.13659667968
1725973148289.9036,-1.01306152343,0.32507324218,-0.13659667968
1725973148309.8923,-1.01306152343,0.32507324218,-0.13659667968
1725973148334.5508,-0.96801757812,0.27819824218,-0.1376953125
1725973148349.8096,-0.96801757812,0.27819824218,-0.1376953125
1725973148369.89,-0.96801757812,0.27819824218,-0.1376953125
1725973148389.9097,-0.96801757812,0.27819824218,-0.1376953125
1725973148414.537,-0.94177246093,0.21887207031,-0.130859375
1725973148429.7656,-0.94177246093,0.21887207031,-0.130859375
1725973148449.9072,-0.94177246093,0.21887207031,-0.130859375
1725973148469.8962,-0.94177246093,0.21887207031,-0.130859375
1725973148494.524,-0.92858886718,0.19641113281,-0.12353515625
1725973148509.8132,-0.92858886718,0.19641113281,-0.12353515625
1725973148529.8936,-0.92858886718,0.19641113281,-0.12353515625
1725973148549.8828,-0.92858886718,0.19641113281,-0.12353515625
1725973148574.5105,-0.95361328125,0.2265625,-0.11596679687
1725973148589.7693,-0.95361328125,0.2265625,-0.11596679687
1725973148609.8804,-0.95361328125,0.2265625,-0.11596679687
1725973148629.9,-0.95361328125,0.2265625,-0.11596679687
1725973148654.497,-1.04663085937,0.26245117187,-0.11450195312
1725973148669.7559,-1.04663085937,0.26245117187,-0.11450195312
1725973148689.928,-1.04663085937,0.26245117187,-0.11450195312
1725973148709.8865,-1.04663085937,0.26245117187,-0.11450195312
1725973148734.4836,-1.03576660156,0.28967285156,-0.15344238281
1725973148749.8035,-1.03576660156,0.28967285156,-0.15344238281
1725973148769.884,-1.03576660156,0.28967285156,-0.15344238281
1725973148789.934,-1.03576660156,0.28967285156,-0.15344238281
1725973148814.4702,-0.99841308593,0.27209472656,-0.18408203125
1725973148829.7595,-0.99841308593,0.27209472656,-0.18408203125
1725973148849.9316,-0.99841308593,0.27209472656,-0.18408203125
1725973148869.89,-0.99841308593,0.27209472656,-0.18408203125
1725973148894.4568,-0.98937988281,0.21704101562,-0.19836425781
1725973148909.7766,-0.98937988281,0.21704101562,-0.19836425781
1725973148929.8877,-0.98937988281,0.21704101562,-0.19836425781
1725973148949.8767,-0.98937988281,0.21704101562,-0.19836425781
1725973148974.443,-0.91528320312,0.17883300781,-0.19677734375
1725973148989.7937,-0.91528320312,0.17883300781,-0.19677734375
1725973149009.8743,-0.91528320312,0.17883300781,-0.19677734375
1725973149029.8936,-0.91528320312,0.17883300781,-0.19677734375
1725973149054.43,-0.87756347656,0.19543457031,-0.18969726562
1725973149069.7495,-0.87756347656,0.19543457031,-0.18969726562
1725973149089.891,-0.87756347656,0.19543457031,-0.18969726562
1725973149109.8804,-0.87756347656,0.19543457031,-0.18969726562
1725973149134.4165,-0.91418457031,0.24169921875,-0.20520019531
1725973149149.797,-0.91418457031,0.24169921875,-0.20520019531
1725973149169.878,-0.91418457031,0.24169921875,-0.20520019531
1725973149189.8975,-0.91418457031,0.24169921875,-0.20520019531
1725973149214.403,-0.98034667968,0.23303222656,-0.20202636718
1725973149229.784,-0.98034667968,0.23303222656,-0.20202636718
1725973149249.8645,-0.98034667968,0.23303222656,-0.20202636718
1725973149269.9143,-0.98034667968,0.23303222656,-0.20202636718
1725973149294.3896,-1.07263183593,0.25817871093,-0.18481445312
1725973149309.7705,-1.07263183593,0.25817871093,-0.18481445312
1725973149329.8816,-1.07263183593,0.25817871093,-0.18481445312
1725973149349.8706,-1.07263183593,0.25817871093,-0.18481445312
1725973149374.3762,-1.14489746093,0.34814453125,-0.16333007812
1725973149389.7876,-1.14489746093,0.34814453125,-0.16333007812
1725973149409.868,-1.14489746093,0.34814453125,-0.16333007812
1725973149429.8877,-1.14489746093,0.34814453125,-0.16333007812
1725973149454.3628,-1.12329101562,0.36608886718,-0.14392089843
1725973149469.774,-1.12329101562,0.36608886718,-0.14392089843
1725973149489.9155,-1.12329101562,0.36608886718,-0.14392089843
1725973149509.8743,-1.12329101562,0.36608886718,-0.14392089843
1725973149534.349,-1.02783203125,0.30773925781,-0.13171386718
1725973149549.7607,-1.02783203125,0.30773925781,-0.13171386718
1725973149569.8718,-1.02783203125,0.30773925781,-0.13171386718
1725973149589.8608,-1.02783203125,0.30773925781,-0.13171386718
1725973149614.336,-0.99157714843,0.26696777343,-0.10522460937
1725973149629.7473,-0.99157714843,0.26696777343,-0.10522460937
1725973149649.889,-0.99157714843,0.26696777343,-0.10522460937
1725973149669.9084,-0.99157714843,0.26696777343,-0.10522460937
1725973149694.3225,-0.99865722656,0.25842285156,-0.076171875
1725973149709.7644,-0.99865722656,0.25842285156,-0.076171875
1725973149729.8755,-0.99865722656,0.25842285156,-0.076171875
1725973149749.8645,-0.99865722656,0.25842285156,-0.076171875
1725973149774.309,-0.99047851562,0.2626953125,-0.07824707031
1725973149789.7815,-0.99047851562,0.2626953125,-0.07824707031
1725973149809.862,-0.99047851562,0.2626953125,-0.07824707031
1725973149829.851,-0.99047851562,0.2626953125,-0.07824707031
1725973149854.2957,-1.03991699218,0.26159667968,-0.11254882812
1725973149869.768,-1.03991699218,0.26159667968,-0.11254882812
1725973149889.8792,-1.03991699218,0.26159667968,-0.11254882812
1725973149909.868,-1.03991699218,0.26159667968,-0.11254882812
1725973149934.2822,-0.99096679687,0.23608398437,-0.18481445312
1725973149949.7546,-0.99096679687,0.23608398437,-0.18481445312
1725973149969.8655,-0.99096679687,0.23608398437,-0.18481445312
1725973149989.8547,-0.99096679687,0.23608398437,-0.18481445312
1725973150014.2688,-0.96813964843,0.20849609375,-0.23840332031
1725973150029.7715,-0.96813964843,0.20849609375,-0.23840332031
1725973150049.8523,-0.96813964843,0.20849609375,-0.23840332031
1725973150069.8718,-0.96813964843,0.20849609375,-0.23840332031
1725973150094.2551,-0.91625976562,0.22021484375,-0.22998046875
1725973150109.7275,-0.91625976562,0.22021484375,-0.22998046875
1725973150129.8691,-0.91625976562,0.22021484375,-0.22998046875
1725973150149.8584,-0.91625976562,0.22021484375,-0.22998046875
1725973150174.242,-0.89367675781,0.26379394531,-0.203125
1725973150189.7751,-0.89367675781,0.26379394531,-0.203125
1725973150209.856,-0.89367675781,0.26379394531,-0.203125
1725973150229.8447,-0.89367675781,0.26379394531,-0.203125
1725973150254.2285,-0.92810058593,0.29968261718,-0.21667480468
1725973150269.7314,-0.92810058593,0.29968261718,-0.21667480468
1725973150289.8423,-0.92810058593,0.29968261718,-0.21667480468
1725973150309.862,-0.92810058593,0.29968261718,-0.21667480468
1725973150334.215,-1.03674316406,0.33203125,-0.21044921875
1725973150349.718,-1.03674316406,0.33203125,-0.21044921875
1725973150369.89,-1.03674316406,0.33203125,-0.21044921875
1725973150389.8486,-1.03674316406,0.33203125,-0.21044921875
1725973150414.2017,-1.14477539062,0.37219238281,-0.19299316406
