timestamp,accel.x,accel.y,accel.z
1726151791533.9236,-0.85705566406,0.37768554687,-0.31103515625
1726151791553.7708,-0.83581542968,0.41320800781,-0.31701660156
1726151791573.893,-0.83581542968,0.41320800781,-0.31701660156
1726151791593.9236,-0.83581542968,0.41320800781,-0.31701660156
1726151791613.9236,-0.83581542968,0.41320800781,-0.31701660156
1726151791633.7708,-0.79260253906,0.41625976562,-0.34582519531
1726151791653.9238,-0.79260253906,0.41625976562,-0.34582519531
1726151791673.8933,-0.79260253906,0.41625976562,-0.34582519531
1726151791693.8933,-0.79260253906,0.41625976562,-0.34582519531
1726151791713.7708,-0.75891113281,0.42492675781,-0.37390136718
1726151791733.9236,-0.75891113281,0.42492675781,-0.37390136718
1726151791753.9236,-0.75891113281,0.42492675781,-0.37390136718
1726151791773.893,-0.75891113281,0.42492675781,-0.37390136718
1726151791793.8015,-0.75463867187,0.45825195312,-0.39428710937
1726151791813.9236,-0.75463867187,0.45825195312,-0.39428710937
1726151791833.893,-0.75463867187,0.45825195312,-0.39428710937
1726151791853.893,-0.75463867187,0.45825195312,-0.39428710937
1726151791873.7708,-0.78393554687,0.4873046875,-0.40380859375
1726151791893.8933,-0.78393554687,0.4873046875,-0.40380859375
1726151791913.9238,-0.78393554687,0.4873046875,-0.40380859375
1726151791933.9238,-0.78393554687,0.4873046875,-0.40380859375
1726151791953.7708,-0.89343261718,0.50500488281,-0.37377929687
1726151791973.893,-0.89343261718,0.50500488281,-0.37377929687
1726151791993.9236,-0.89343261718,0.50500488281,-0.37377929687
1726151792013.9236,-0.89343261718,0.50500488281,-0.37377929687
1726151792033.8015,-0.92053222656,0.51538085937,-0.32543945312
1726151792053.893,-0.92053222656,0.51538085937,-0.32543945312
1726151792073.9236,-0.92053222656,0.51538085937,-0.32543945312
1726151792093.893,-0.92053222656,0.51538085937,-0.32543945312
1726151792113.7708,-0.86547851562,0.49829101562,-0.29455566406
1726151792133.893,-0.86547851562,0.49829101562,-0.29455566406
1726151792153.8933,-0.86547851562,0.49829101562,-0.29455566406
1726151792173.9238,-0.86547851562,0.49829101562,-0.29455566406
1726151792193.7708,-0.92114257812,0.45593261718,-0.24682617187
1726151792213.893,-0.92114257812,0.45593261718,-0.24682617187
1726151792233.893,-0.92114257812,0.45593261718,-0.24682617187
1726151792253.9236,-0.92114257812,0.45593261718,-0.24682617187
1726151792273.7708,-0.94799804687,0.40905761718,-0.21203613281
1726151792293.9236,-0.94799804687,0.40905761718,-0.21203613281
1726151792313.893,-0.94799804687,0.40905761718,-0.21203613281
1726151792333.9236,-0.94799804687,0.40905761718,-0.21203613281
1726151792353.7708,-0.90124511718,0.36218261718,-0.22290039062
1726151792373.893,-0.90124511718,0.36218261718,-0.22290039062
1726151792393.8933,-0.90124511718,0.36218261718,-0.22290039062
1726151792413.8933,-0.90124511718,0.36218261718,-0.22290039062
1726151792433.8015,-0.90759277343,0.34350585937,-0.2216796875
1726151792453.893,-0.90759277343,0.34350585937,-0.2216796875
1726151792473.9236,-0.90759277343,0.34350585937,-0.2216796875
1726151792493.9236,-0.90759277343,0.34350585937,-0.2216796875
1726151792513.7708,-0.94482421875,0.35034179687,-0.20031738281
1726151792533.893,-0.94482421875,0.35034179687,-0.20031738281
1726151792553.893,-0.94482421875,0.35034179687,-0.20031738281
1726151792573.9236,-0.94482421875,0.35034179687,-0.20031738281
1726151792593.7708,-0.97583007812,0.36083984375,-0.18090820312
1726151792613.893,-0.97583007812,0.36083984375,-0.18090820312
1726151792633.893,-0.97583007812,0.36083984375,-0.18090820312
1726151792653.8933,-0.97583007812,0.36083984375,-0.18090820312
1726151792673.7708,-0.9892578125,0.373046875,-0.16149902343
1726151792693.9238,-0.9892578125,0.373046875,-0.16149902343
1726151792713.893,-0.9892578125,0.373046875,-0.16149902343
1726151792733.893,-0.9892578125,0.373046875,-0.16149902343
1726151792753.7708,-0.97875976562,0.35693359375,-0.15759277343
1726151792773.9236,-0.97875976562,0.35693359375,-0.15759277343
1726151792793.893,-0.97875976562,0.35693359375,-0.15759277343
1726151792813.9236,-0.97875976562,0.35693359375,-0.15759277343
1726151792833.7708,-1.01953125,0.33166503906,-0.15783691406
1726151792853.893,-1.01953125,0.33166503906,-0.15783691406
1726151792873.9238,-1.01953125,0.33166503906,-0.15783691406
1726151792893.8933,-1.01953125,0.33166503906,-0.15783691406
1726151792913.7708,-1.01794433593,0.31774902343,-0.17370605468
1726151792933.8933,-1.01794433593,0.31774902343,-0.17370605468
1726151792953.893,-1.01794433593,0.31774902343,-0.17370605468
1726151792973.9236,-1.01794433593,0.31774902343,-0.17370605468
1726151792993.7708,-0.96716308593,0.25915527343,-0.21643066406
1726151793013.9236,-0.96716308593,0.25915527343,-0.21643066406
1726151793033.893,-0.96716308593,0.25915527343,-0.21643066406
1726151793053.893,-0.96716308593,0.25915527343,-0.21643066406
1726151793073.7708,-0.96752929687,0.18188476562,-0.22399902343
1726151793093.9236,-0.96752929687,0.18188476562,-0.22399902343
1726151793113.893,-0.96752929687,0.18188476562,-0.22399902343
1726151793133.9238,-0.96752929687,0.18188476562,-0.22399902343
1726151793153.8015,-0.96557617187,0.11450195312,-0.20446777343
1726151793173.9238,-0.96557617187,0.11450195312,-0.20446777343
1726151793193.8933,-0.96557617187,0.11450195312,-0.20446777343
1726151793213.893,-0.96557617187,0.11450195312,-0.20446777343
1726151793233.7708,-0.99169921875,0.03198242187,-0.193359375
1726151793253.9236,-0.99169921875,0.03198242187,-0.193359375
1726151793273.893,-0.99169921875,0.03198242187,-0.193359375
1726151793293.9236,-0.99169921875,0.03198242187,-0.193359375
1726151793313.8015,-1.03515625,-0.02416992187,-0.2099609375
1726151793333.893,-1.03515625,-0.02416992187,-0.2099609375
1726151793353.893,-1.03515625,-0.02416992187,-0.2099609375
1726151793373.9238,-1.03515625,-0.02416992187,-0.2099609375
1726151793393.8015,-0.9970703125,-0.02429199218,-0.22094726562
1726151793413.9238,-0.9970703125,-0.02429199218,-0.22094726562
1726151793433.9238,-0.9970703125,-0.02429199218,-0.22094726562
1726151793453.893,-0.9970703125,-0.02429199218,-0.22094726562
1726151793473.8015,-0.95849609375,-0.00463867187,-0.20825195312
1726151793493.893,-0.95849609375,-0.00463867187,-0.20825195312
1726151793513.893,-0.95849609375,-0.00463867187,-0.20825195312
1726151793533.9236,-0.95849609375,-0.00463867187,-0.20825195312
1726151793553.7708,-0.96557617187,-0.005859375,-0.20239257812
1726151793573.893,-0.96557617187,-0.005859375,-0.20239257812
1726151793593.893,-0.96557617187,-0.005859375,-0.20239257812
1726151793613.9236,-0.96557617187,-0.005859375,-0.20239257812
1726151793633.7708,-0.96667480468,-0.03039550781,-0.18811035156
1726151793653.9238,-0.96667480468,-0.03039550781,-0.18811035156
1726151793673.8933,-0.96667480468,-0.03039550781,-0.18811035156
1726151793693.9238,-0.96667480468,-0.03039550781,-0.18811035156
1726151793713.7708,-0.95373535156,-0.029296875,-0.17736816406
1726151793733.9236,-0.95373535156,-0.029296875,-0.17736816406
1726151793753.893,-0.95373535156,-0.029296875,-0.17736816406
1726151793773.9236,-0.95373535156,-0.029296875,-0.17736816406
1726151793793.7708,-0.94140625,0.00549316406,-0.17858886718
1726151793813.9236,-0.94140625,0.00549316406,-0.17858886718
1726151793833.9236,-0.94140625,0.00549316406,-0.17858886718
1726151793853.9236,-0.94140625,0.00549316406,-0.17858886718
1726151793873.7708,-0.94714355468,0.0478515625,-0.19165039062
1726151793893.8933,-0.94714355468,0.0478515625,-0.19165039062
1726151793913.9238,-0.94714355468,0.0478515625,-0.19165039062
1726151793933.8933,-0.94714355468,0.0478515625,-0.19165039062
1726151793953.7708,-0.96752929687,0.09887695312,-0.21032714843
1726151793973.893,-0.96752929687,0.09887695312,-0.21032714843
1726151793993.9236,-0.96752929687,0.09887695312,-0.21032714843
1726151794013.9236,-0.96752929687,0.09887695312,-0.21032714843
1726151794033.7708,-0.95825195312,0.14465332031,-0.21691894531
1726151794053.893,-0.95825195312,0.14465332031,-0.21691894531
1726151794073.9236,-0.95825195312,0.14465332031,-0.21691894531
1726151794093.9236,-0.95825195312,0.14465332031,-0.21691894531
1726151794113.7708,-0.99243164062,0.15649414062,-0.19604492187
1726151794133.9238,-0.99243164062,0.15649414062,-0.19604492187
1726151794153.9238,-0.99243164062,0.15649414062,-0.19604492187
1726151794173.9238,-0.99243164062,0.15649414062,-0.19604492187
1726151794193.7708,-1.03552246093,0.15795898437,-0.16223144531
1726151794213.9236,-1.03552246093,0.15795898437,-0.16223144531
1726151794233.893,-1.03552246093,0.15795898437,-0.16223144531
1726151794253.893,-1.03552246093,0.15795898437,-0.16223144531
1726151794273.7708,-1.07446289062,0.14819335937,-0.14233398437
1726151794293.893,-1.07446289062,0.14819335937,-0.14233398437
1726151794313.9236,-1.07446289062,0.14819335937,-0.14233398437
1726151794333.893,-1.07446289062,0.14819335937,-0.14233398437
1726151794353.7708,-1.10400390625,0.14562988281,-0.12365722656
1726151794373.9238,-1.10400390625,0.14562988281,-0.12365722656
1726151794393.9238,-1.10400390625,0.14562988281,-0.12365722656
1726151794413.8933,-1.10400390625,0.14562988281,-0.12365722656
1726151794433.7708,-1.0458984375,0.16638183593,-0.12951660156
1726151794453.9236,-1.0458984375,0.16638183593,-0.12951660156
1726151794473.893,-1.0458984375,0.16638183593,-0.12951660156
1726151794493.9236,-1.0458984375,0.16638183593,-0.12951660156
1726151794513.7708,-1.00622558593,0.23657226562,-0.15209960937
1726151794533.893,-1.00622558593,0.23657226562,-0.15209960937
1726151794553.893,-1.00622558593,0.23657226562,-0.15209960937
1726151794573.9236,-1.00622558593,0.23657226562,-0.15209960937
1726151794601.4963,-0.99304199218,0.3193359375,-0.16052246093
1726151794613.7708,-0.99304199218,0.3193359375,-0.16052246093
1726151794633.893,-0.99304199218,0.3193359375,-0.16052246093
1726151794653.9238,-0.99304199218,0.3193359375,-0.16052246093
1726151794673.8015,-0.95141601562,0.3662109375,-0.18017578125
1726151794693.8933,-0.95141601562,0.3662109375,-0.18017578125
1726151794713.9236,-0.95141601562,0.3662109375,-0.18017578125
1726151794733.9236,-0.95141601562,0.3662109375,-0.18017578125
1726151794753.8015,-0.90490722656,0.43395996093,-0.21948242187
1726151794773.9236,-0.90490722656,0.43395996093,-0.21948242187
1726151794793.9236,-0.90490722656,0.43395996093,-0.21948242187
1726151794813.893,-0.90490722656,0.43395996093,-0.21948242187
1726151794833.7708,-0.8466796875,0.5166015625,-0.28784179687
1726151794854.046,-0.8466796875,0.5166015625,-0.28784179687
1726151794873.9238,-0.8466796875,0.5166015625,-0.28784179687
1726151794893.8933,-0.8466796875,0.5166015625,-0.28784179687
1726151794913.7708,-0.79772949218,0.57604980468,-0.35107421875
1726151794933.8933,-0.79772949218,0.57604980468,-0.35107421875
1726151794953.9236,-0.79772949218,0.57604980468,-0.35107421875
1726151794973.9236,-0.79772949218,0.57604980468,-0.35107421875
1726151794993.7708,-0.80297851562,0.60888671875,-0.38354492187
1726151795013.9236,-0.80297851562,0.60888671875,-0.38354492187
1726151795033.893,-0.80297851562,0.60888671875,-0.38354492187
1726151795053.9236,-0.80297851562,0.60888671875,-0.38354492187
1726151795073.7708,-0.75646972656,0.60546875,-0.39770507812
1726151795093.893,-0.75646972656,0.60546875,-0.39770507812
1726151795113.893,-0.75646972656,0.60546875,-0.39770507812
1726151795133.9238,-0.75646972656,0.60546875,-0.39770507812
1726151795153.7708,-0.77429199218,0.53405761718,-0.35852050781
1726151795173.9238,-0.77429199218,0.53405761718,-0.35852050781
1726151795193.9238,-0.77429199218,0.53405761718,-0.35852050781
1726151795213.893,-0.77429199218,0.53405761718,-0.35852050781
1726151795233.9236,-0.7900390625,0.48205566406,-0.32873535156
1726151795253.9236,-0.7900390625,0.48205566406,-0.32873535156
1726151795273.893,-0.7900390625,0.48205566406,-0.32873535156
1726151795293.9236,-0.7900390625,0.48205566406,-0.32873535156
1726151795313.7708,-0.68884277343,0.52026367187,-0.35021972656
1726151795333.893,-0.68884277343,0.52026367187,-0.35021972656
1726151795353.9236,-0.68884277343,0.52026367187,-0.35021972656
1726151795373.893,-0.68884277343,0.52026367187,-0.35021972656
1726151795393.7708,-0.66052246093,0.58288574218,-0.36450195312
1726151795413.9238,-0.66052246093,0.58288574218,-0.36450195312
1726151795433.8933,-0.66052246093,0.58288574218,-0.36450195312
1726151795453.893,-0.66052246093,0.58288574218,-0.36450195312
1726151795473.7708,-0.66394042968,0.62573242187,-0.38049316406
1726151795493.9236,-0.66394042968,0.62573242187,-0.38049316406
1726151795513.9236,-0.66394042968,0.62573242187,-0.38049316406
1726151795533.9236,-0.66394042968,0.62573242187,-0.38049316406
1726151795553.7708,-0.623046875,0.65002441406,-0.39575195312
1726151795573.9236,-0.623046875,0.65002441406,-0.39575195312
1726151795593.9236,-0.623046875,0.65002441406,-0.39575195312
1726151795613.893,-0.623046875,0.65002441406,-0.39575195312
1726151795633.7708,-0.66943359375,0.60791015625,-0.37731933593
1726151795653.9238,-0.66943359375,0.60791015625,-0.37731933593
1726151795673.9238,-0.66943359375,0.60791015625,-0.37731933593
1726151795693.9238,-0.66943359375,0.60791015625,-0.37731933593
1726151795713.7708,-0.775390625,0.55712890625,-0.359375
1726151795733.893,-0.775390625,0.55712890625,-0.359375
1726151795753.9236,-0.775390625,0.55712890625,-0.359375
1726151795773.893,-0.775390625,0.55712890625,-0.359375
1726151795793.7708,-0.8759765625,0.51879882812,-0.32702636718
1726151795813.9236,-0.8759765625,0.51879882812,-0.32702636718
1726151795833.893,-0.8759765625,0.51879882812,-0.32702636718
1726151795853.9236,-0.8759765625,0.51879882812,-0.32702636718
1726151795873.7708,-0.91760253906,0.48522949218,-0.29113769531
1726151795893.9238,-0.91760253906,0.48522949218,-0.29113769531
1726151795913.9238,-0.91760253906,0.48522949218,-0.29113769531
1726151795933.8933,-0.91760253906,0.48522949218,-0.29113769531
1726151795953.7708,-0.9130859375,0.44360351562,-0.27026367187
1726151795973.9236,-0.9130859375,0.44360351562,-0.27026367187
1726151795994.0457,-0.9130859375,0.44360351562,-0.27026367187
1726151796013.9236,-0.9130859375,0.44360351562,-0.27026367187
1726151796033.8015,-0.97143554687,0.42211914062,-0.23229980468
1726151796053.9236,-0.97143554687,0.42211914062,-0.23229980468
1726151796073.893,-0.97143554687,0.42211914062,-0.23229980468
1726151796093.9236,-0.97143554687,0.42211914062,-0.23229980468
1726151796113.7708,-1.02783203125,0.396484375,-0.17810058593
1726151796133.893,-1.02783203125,0.396484375,-0.17810058593
1726151796153.8933,-1.02783203125,0.396484375,-0.17810058593
1726151796173.9238,-1.02783203125,0.396484375,-0.17810058593
1726151796193.7708,-0.97802734375,0.35107421875,-0.13513183593
1726151796213.9236,-0.97802734375,0.35107421875,-0.13513183593
1726151796233.9236,-0.97802734375,0.35107421875,-0.13513183593
1726151796253.9236,-0.97802734375,0.35107421875,-0.13513183593
1726151796273.7708,-0.95373535156,0.29968261718,-0.11303710937
1726151796293.893,-0.95373535156,0.29968261718,-0.11303710937
1726151796313.893,-0.95373535156,0.29968261718,-0.11303710937
1726151796333.893,-0.95373535156,0.29968261718,-0.11303710937
1726151796353.7708,-0.97473144531,0.26538085937,-0.10791015625
1726151796373.893,-0.97473144531,0.26538085937,-0.10791015625
1726151796393.9238,-0.97473144531,0.26538085937,-0.10791015625
1726151796413.9238,-0.97473144531,0.26538085937,-0.10791015625
1726151796433.7708,-0.98767089843,0.27124023437,-0.11389160156
1726151796453.893,-0.98767089843,0.27124023437,-0.11389160156
1726151796473.9236,-0.98767089843,0.27124023437,-0.11389160156
1726151796493.9236,-0.98767089843,0.27124023437,-0.11389160156
1726151796513.8015,-0.99169921875,0.28430175781,-0.1396484375
1726151796533.893,-0.99169921875,0.28430175781,-0.1396484375
1726151796553.893,-0.99169921875,0.28430175781,-0.1396484375
1726151796573.9236,-0.99169921875,0.28430175781,-0.1396484375
1726151796593.7708,-1.00390625,0.28002929687,-0.16931152343
1726151796613.9236,-1.00390625,0.28002929687,-0.16931152343
1726151796633.9238,-1.00390625,0.28002929687,-0.16931152343
1726151796653.9238,-1.00390625,0.28002929687,-0.16931152343
1726151796673.7708,-1.02001953125,0.24780273437,-0.18737792968
1726151796693.9238,-1.02001953125,0.24780273437,-0.18737792968
1726151796713.893,-1.02001953125,0.24780273437,-0.18737792968
1726151796733.9236,-1.02001953125,0.24780273437,-0.18737792968
1726151796753.8015,-1.04626464843,0.22338867187,-0.19470214843
1726151796773.9236,-1.04626464843,0.22338867187,-0.19470214843
1726151796793.893,-1.04626464843,0.22338867187,-0.19470214843
1726151796813.9236,-1.04626464843,0.22338867187,-0.19470214843
1726151796833.7708,-1.08984375,0.2412109375,-0.19299316406
1726151796853.893,-1.08984375,0.2412109375,-0.19299316406
1726151796873.9238,-1.08984375,0.2412109375,-0.19299316406
1726151796893.8933,-1.08984375,0.2412109375,-0.19299316406
1726151796913.7708,-1.02368164062,0.23071289062,-0.19213867187
1726151796933.9238,-1.02368164062,0.23071289062,-0.19213867187
1726151796953.9236,-1.02368164062,0.23071289062,-0.19213867187
1726151796973.893,-1.02368164062,0.23071289062,-0.19213867187
1726151796993.7708,-0.92395019531,0.15087890625,-0.1708984375
1726151797013.9236,-0.92395019531,0.15087890625,-0.1708984375
1726151797033.893,-0.92395019531,0.15087890625,-0.1708984375
1726151797053.9236,-0.92395019531,0.15087890625,-0.1708984375
1726151797073.7708,-0.95776367187,0.12719726562,-0.15258789062
1726151797093.9236,-0.95776367187,0.12719726562,-0.15258789062
1726151797113.9236,-0.95776367187,0.12719726562,-0.15258789062
1726151797133.893,-0.95776367187,0.12719726562,-0.15258789062
1726151797153.7708,-0.98803710937,0.1796875,-0.15246582031
1726151797173.8933,-0.98803710937,0.1796875,-0.15246582031
1726151797193.8933,-0.98803710937,0.1796875,-0.15246582031
1726151797213.893,-0.98803710937,0.1796875,-0.15246582031
1726151797233.7708,-0.96569824218,0.20935058593,-0.17114257812
1726151797253.9236,-0.96569824218,0.20935058593,-0.17114257812
1726151797273.9236,-0.96569824218,0.20935058593,-0.17114257812
1726151797293.893,-0.96569824218,0.20935058593,-0.17114257812
1726151797313.7708,-0.95434570312,0.22216796875,-0.21008300781
1726151797333.893,-0.95434570312,0.22216796875,-0.21008300781
1726151797353.9236,-0.95434570312,0.22216796875,-0.21008300781
1726151797373.893,-0.95434570312,0.22216796875,-0.21008300781
1726151797393.7708,-0.94689941406,0.22082519531,-0.23449707031
1726151797413.8933,-0.94689941406,0.22082519531,-0.23449707031
1726151797433.9238,-0.94689941406,0.22082519531,-0.23449707031
1726151797453.893,-0.94689941406,0.22082519531,-0.23449707031
1726151797473.7708,-0.92468261718,0.21716308593,-0.25939941406
1726151797493.9236,-0.92468261718,0.21716308593,-0.25939941406
1726151797513.9236,-0.92468261718,0.21716308593,-0.25939941406
1726151797533.893,-0.92468261718,0.21716308593,-0.25939941406
1726151797553.7708,-0.90283203125,0.26013183593,-0.28039550781
1726151797573.893,-0.90283203125,0.26013183593,-0.28039550781
1726151797593.9236,-0.90283203125,0.26013183593,-0.28039550781
1726151797613.893,-0.90283203125,0.26013183593,-0.28039550781
1726151797633.8015,-0.92077636718,0.326171875,-0.287109375
1726151797653.8933,-0.92077636718,0.326171875,-0.287109375
1726151797673.9238,-0.92077636718,0.326171875,-0.287109375
1726151797693.8933,-0.92077636718,0.326171875,-0.287109375
1726151797713.7708,-1.04284667968,0.39123535156,-0.27661132812
1726151797733.9236,-1.04284667968,0.39123535156,-0.27661132812
1726151797753.893,-1.04284667968,0.39123535156,-0.27661132812
1726151797773.893,-1.04284667968,0.39123535156,-0.27661132812
1726151797793.8015,-1.04553222656,0.43005371093,-0.27807617187
1726151797813.9236,-1.04553222656,0.43005371093,-0.27807617187
1726151797833.9236,-1.04553222656,0.43005371093,-0.27807617187
1726151797853.9236,-1.04553222656,0.43005371093,-0.27807617187
1726151797873.7708,-0.96130371093,0.40539550781,-0.26623535156
1726151797894.0764,-0.96130371093,0.40539550781,-0.26623535156
1726151797913.8933,-0.96130371093,0.40539550781,-0.26623535156
1726151797933.8933,-0.96130371093,0.40539550781,-0.26623535156
1726151797953.7708,-0.99597167968,0.37719726562,-0.19396972656
1726151797973.893,-0.99597167968,0.37719726562,-0.19396972656
1726151797993.893,-0.99597167968,0.37719726562,-0.19396972656
1726151798013.9236,-0.99597167968,0.37719726562,-0.19396972656
1726151798033.7708,-0.94958496093,0.39636230468,-0.142578125
1726151798053.9236,-0.94958496093,0.39636230468,-0.142578125
1726151798073.9236,-0.94958496093,0.39636230468,-0.142578125
1726151798093.9236,-0.94958496093,0.39636230468,-0.142578125
1726151798113.7708,-0.82165527343,0.43762207031,-0.15710449218
1726151798133.893,-0.82165527343,0.43762207031,-0.15710449218
1726151798153.9238,-0.82165527343,0.43762207031,-0.15710449218
1726151798173.8933,-0.82165527343,0.43762207031,-0.15710449218
1726151798193.7708,-0.76306152343,0.52868652343,-0.18371582031
1726151798213.893,-0.76306152343,0.52868652343,-0.18371582031
1726151798233.9236,-0.76306152343,0.52868652343,-0.18371582031
1726151798253.9236,-0.76306152343,0.52868652343,-0.18371582031
1726151798273.7708,-0.75634765625,0.69201660156,-0.24072265625
1726151798293.9236,-0.75634765625,0.69201660156,-0.24072265625
1726151798313.893,-0.75634765625,0.69201660156,-0.24072265625
1726151798333.9236,-0.75634765625,0.69201660156,-0.24072265625
1726151798353.8015,-0.75244140625,0.69213867187,-0.26440429687
1726151798373.9238,-0.75244140625,0.69213867187,-0.26440429687
1726151798393.8933,-0.75244140625,0.69213867187,-0.26440429687
1726151798413.8933,-0.75244140625,0.69213867187,-0.26440429687
1726151798433.7708,-0.75793457031,0.65893554687,-0.2744140625
1726151798453.9236,-0.75793457031,0.65893554687,-0.2744140625
1726151798473.893,-0.75793457031,0.65893554687,-0.2744140625
1726151798493.9236,-0.75793457031,0.65893554687,-0.2744140625
1726151798513.7708,-0.74169921875,0.61633300781,-0.298828125
1726151798533.9236,-0.74169921875,0.61633300781,-0.298828125
1726151798553.893,-0.74169921875,0.61633300781,-0.298828125
1726151798573.9236,-0.74169921875,0.61633300781,-0.298828125
1726151798593.7708,-0.74243164062,0.60266113281,-0.29772949218
1726151798613.893,-0.74243164062,0.60266113281,-0.29772949218
1726151798633.9238,-0.74243164062,0.60266113281,-0.29772949218
1726151798653.8933,-0.74243164062,0.60266113281,-0.29772949218
1726151798673.7708,-0.78662109375,0.60461425781,-0.26281738281
1726151798693.9238,-0.78662109375,0.60461425781,-0.26281738281
1726151798713.9236,-0.78662109375,0.60461425781,-0.26281738281
1726151798733.9236,-0.78662109375,0.60461425781,-0.26281738281
1726151798753.7708,-0.8291015625,0.55346679687,-0.22570800781
1726151798773.9236,-0.8291015625,0.55346679687,-0.22570800781
1726151798793.9236,-0.8291015625,0.55346679687,-0.22570800781
1726151798813.893,-0.8291015625,0.55346679687,-0.22570800781
1726151798833.7708,-0.84777832031,0.47534179687,-0.185546875
1726151798853.893,-0.84777832031,0.47534179687,-0.185546875
1726151798873.893,-0.84777832031,0.47534179687,-0.185546875
1726151798893.8933,-0.84777832031,0.47534179687,-0.185546875
1726151798913.7708,-0.88159179687,0.40869140625,-0.16149902343
1726151798933.8933,-0.88159179687,0.40869140625,-0.16149902343
1726151798953.893,-0.88159179687,0.40869140625,-0.16149902343
1726151798973.9236,-0.88159179687,0.40869140625,-0.16149902343
1726151798993.7708,-0.92236328125,0.33911132812,-0.15771484375
1726151799013.893,-0.92236328125,0.33911132812,-0.15771484375
1726151799033.893,-0.92236328125,0.33911132812,-0.15771484375
1726151799053.893,-0.92236328125,0.33911132812,-0.15771484375
1726151799073.7708,-0.96118164062,0.29931640625,-0.16625976562
1726151799093.9236,-0.96118164062,0.29931640625,-0.16625976562
1726151799113.893,-0.96118164062,0.29931640625,-0.16625976562
1726151799133.9238,-0.96118164062,0.29931640625,-0.16625976562
1726151799153.7708,-0.98864746093,0.26733398437,-0.18798828125
1726151799173.9238,-0.98864746093,0.26733398437,-0.18798828125
1726151799193.8933,-0.98864746093,0.26733398437,-0.18798828125
1726151799213.9236,-0.98864746093,0.26733398437,-0.18798828125
1726151799233.7708,-0.99108886718,0.23559570312,-0.21069335937
1726151799253.9236,-0.99108886718,0.23559570312,-0.21069335937
1726151799273.893,-0.99108886718,0.23559570312,-0.21069335937
1726151799293.893,-0.99108886718,0.23559570312,-0.21069335937
1726151799313.8015,-0.98181152343,0.21984863281,-0.22326660156
1726151799333.9236,-0.98181152343,0.21984863281,-0.22326660156
1726151799353.9236,-0.98181152343,0.21984863281,-0.22326660156
1726151799373.893,-0.98181152343,0.21984863281,-0.22326660156
1726151799393.7708,-0.94714355468,0.19482421875,-0.23022460937
1726151799413.9238,-0.94714355468,0.19482421875,-0.23022460937
1726151799433.8933,-0.94714355468,0.19482421875,-0.23022460937
1726151799453.9236,-0.94714355468,0.19482421875,-0.23022460937
1726151799473.8015,-0.95288085937,0.16748046875,-0.22412109375
1726151799493.9236,-0.95288085937,0.16748046875,-0.22412109375
1726151799513.9236,-0.95288085937,0.16748046875,-0.22412109375
1726151799533.9236,-0.95288085937,0.16748046875,-0.22412109375
1726151799553.7708,-1.05358886718,0.1640625,-0.20556640625
1726151799573.9236,-1.05358886718,0.1640625,-0.20556640625
1726151799593.9236,-1.05358886718,0.1640625,-0.20556640625
1726151799613.893,-1.05358886718,0.1640625,-0.20556640625
1726151799633.8015,-1.13391113281,0.12817382812,-0.18029785156
1726151799653.9238,-1.13391113281,0.12817382812,-0.18029785156
1726151799673.8933,-1.13391113281,0.12817382812,-0.18029785156
1726151799693.9238,-1.13391113281,0.12817382812,-0.18029785156
1726151799713.7708,-1.041015625,0.0478515625,-0.18310546875
1726151799733.893,-1.041015625,0.0478515625,-0.18310546875
1726151799753.9236,-1.041015625,0.0478515625,-0.18310546875
1726151799773.893,-1.041015625,0.0478515625,-0.18310546875
1726151799793.8015,-0.94567871093,0.0009765625,-0.1875
1726151799813.893,-0.94567871093,0.0009765625,-0.1875
1726151799833.9236,-0.94567871093,0.0009765625,-0.1875
1726151799853.9236,-0.94567871093,0.0009765625,-0.1875
1726151799873.8015,-1.03662109375,0.04370117187,-0.13952636718
1726151799893.8933,-1.03662109375,0.04370117187,-0.13952636718
1726151799913.9238,-1.03662109375,0.04370117187,-0.13952636718
1726151799933.8933,-1.03662109375,0.04370117187,-0.13952636718
1726151799953.7708,-1.07495117187,0.10314941406,-0.08801269531
1726151799973.893,-1.07495117187,0.10314941406,-0.08801269531
1726151799993.893,-1.07495117187,0.10314941406,-0.08801269531
1726151800013.9236,-1.07495117187,0.10314941406,-0.08801269531
1726151800033.7708,-1.00622558593,0.09973144531,-0.06811523437
1726151800053.893,-1.00622558593,0.09973144531,-0.06811523437
1726151800073.9236,-1.00622558593,0.09973144531,-0.06811523437
1726151800093.9236,-1.00622558593,0.09973144531,-0.06811523437
1726151800113.7708,-0.98779296875,0.10754394531,-0.05786132812
1726151800133.9238,-0.98779296875,0.10754394531,-0.05786132812
1726151800153.8933,-0.98779296875,0.10754394531,-0.05786132812
1726151800173.9238,-0.98779296875,0.10754394531,-0.05786132812
1726151800193.7708,-1.00207519531,0.1455078125,-0.06237792968
1726151800213.893,-1.00207519531,0.1455078125,-0.06237792968
1726151800233.893,-1.00207519531,0.1455078125,-0.06237792968
1726151800253.9236,-1.00207519531,0.1455078125,-0.06237792968
1726151800273.7708,-1.0078125,0.21740722656,-0.10302734375
1726151800293.9236,-1.0078125,0.21740722656,-0.10302734375
1726151800313.893,-1.0078125,0.21740722656,-0.10302734375
1726151800333.9236,-1.0078125,0.21740722656,-0.10302734375
1726151800353.7708,-1.00720214843,0.28332519531,-0.16784667968
1726151800373.9238,-1.00720214843,0.28332519531,-0.16784667968
1726151800393.8933,-1.00720214843,0.28332519531,-0.16784667968
1726151800413.9238,-1.00720214843,0.28332519531,-0.16784667968
1726151800433.7708,-1.01110839843,0.30358886718,-0.23364257812
1726151800453.9236,-1.01110839843,0.30358886718,-0.23364257812
1726151800473.893,-1.01110839843,0.30358886718,-0.23364257812
1726151800493.9236,-1.01110839843,0.30358886718,-0.23364257812
1726151800513.7708,-0.99633789062,0.32141113281,-0.29858398437
1726151800533.9236,-0.99633789062,0.32141113281,-0.29858398437
1726151800553.954,-0.99633789062,0.32141113281,-0.29858398437
1726151800576.9463,-0.99633789062,0.32141113281,-0.29858398437
1726151800593.7708,-0.98107910156,0.34521484375,-0.34558105468
1726151800613.893,-0.98107910156,0.34521484375,-0.34558105468
1726151800633.9238,-0.98107910156,0.34521484375,-0.34558105468
1726151800653.9238,-0.98107910156,0.34521484375,-0.34558105468
1726151800673.7708,-0.94995117187,0.3564453125,-0.34777832031
1726151800693.8933,-0.94995117187,0.3564453125,-0.34777832031
1726151800713.9236,-0.94995117187,0.3564453125,-0.34777832031
1726151800733.893,-0.94995117187,0.3564453125,-0.34777832031
1726151800753.7708,-0.89794921875,0.35327148437,-0.31433105468
1726151800773.9236,-0.89794921875,0.35327148437,-0.31433105468
1726151800793.893,-0.89794921875,0.35327148437,-0.31433105468
1726151800813.9236,-0.89794921875,0.35327148437,-0.31433105468
1726151800833.7708,-0.8623046875,0.33935546875,-0.28100585937
1726151800853.9236,-0.8623046875,0.33935546875,-0.28100585937
1726151800873.893,-0.8623046875,0.33935546875,-0.28100585937
1726151800893.8933,-0.8623046875,0.33935546875,-0.28100585937
1726151800913.7708,-0.85437011718,0.42272949218,-0.33715820312
1726151800933.8933,-0.85437011718,0.42272949218,-0.33715820312
1726151800953.9236,-0.85437011718,0.42272949218,-0.33715820312
1726151800973.893,-0.85437011718,0.42272949218,-0.33715820312
1726151800993.7708,-0.78771972656,0.51135253906,-0.38659667968
1726151801013.893,-0.78771972656,0.51135253906,-0.38659667968
1726151801033.9236,-0.78771972656,0.51135253906,-0.38659667968
1726151801053.9236,-0.78771972656,0.51135253906,-0.38659667968
1726151801073.7708,-0.74926757812,0.53601074218,-0.40124511718
1726151801093.9236,-0.74926757812,0.53601074218,-0.40124511718
1726151801113.9236,-0.74926757812,0.53601074218,-0.40124511718
1726151801133.893,-0.74926757812,0.53601074218,-0.40124511718
1726151801153.7708,-0.72302246093,0.52770996093,-0.40185546875
1726151801173.9238,-0.72302246093,0.52770996093,-0.40185546875
1726151801193.8933,-0.72302246093,0.52770996093,-0.40185546875
1726151801213.9236,-0.72302246093,0.52770996093,-0.40185546875
1726151801233.7708,-0.69421386718,0.5166015625,-0.40307617187
1726151801253.9236,-0.69421386718,0.5166015625,-0.40307617187
1726151801273.9236,-0.69421386718,0.5166015625,-0.40307617187
1726151801293.9236,-0.69421386718,0.5166015625,-0.40307617187
1726151801313.893,-0.70251464843,0.52905273437,-0.40270996093
1726151801333.9236,-0.70251464843,0.52905273437,-0.40270996093
1726151801353.893,-0.70251464843,0.52905273437,-0.40270996093
1726151801373.893,-0.70251464843,0.52905273437,-0.40270996093
1726151801393.8015,-0.72937011718,0.54748535156,-0.41918945312
1726151801413.9238,-0.72937011718,0.54748535156,-0.41918945312
1726151801433.9238,-0.72937011718,0.54748535156,-0.41918945312
1726151801453.893,-0.72937011718,0.54748535156,-0.41918945312
1726151801473.8015,-0.7763671875,0.53833007812,-0.40808105468
1726151801493.893,-0.7763671875,0.53833007812,-0.40808105468
1726151801513.893,-0.7763671875,0.53833007812,-0.40808105468
1726151801533.9236,-0.7763671875,0.53833007812,-0.40808105468
1726151801553.8015,-0.81286621093,0.51831054687,-0.35388183593
1726151801573.9236,-0.81286621093,0.51831054687,-0.35388183593
1726151801593.893,-0.81286621093,0.51831054687,-0.35388183593
1726151801613.9236,-0.81286621093,0.51831054687,-0.35388183593
1726151801633.7708,-0.82678222656,0.49658203125,-0.28491210937
1726151801653.8933,-0.82678222656,0.49658203125,-0.28491210937
1726151801673.9238,-0.82678222656,0.49658203125,-0.28491210937
1726151801693.9849,-0.82678222656,0.49658203125,-0.28491210937
1726151801713.7708,-0.84985351562,0.47180175781,-0.20788574218
1726151801733.9236,-0.84985351562,0.47180175781,-0.20788574218
1726151801753.9236,-0.84985351562,0.47180175781,-0.20788574218
1726151801773.893,-0.84985351562,0.47180175781,-0.20788574218
1726151801793.7708,-0.93151855468,0.44458007812,-0.13854980468
1726151801813.9236,-0.93151855468,0.44458007812,-0.13854980468
1726151801833.893,-0.93151855468,0.44458007812,-0.13854980468
1726151801853.9236,-0.93151855468,0.44458007812,-0.13854980468
1726151801873.8015,-1.01440429687,0.41833496093,-0.09167480468
1726151801893.9238,-1.01440429687,0.41833496093,-0.09167480468
1726151801913.9238,-1.01440429687,0.41833496093,-0.09167480468
1726151801933.8933,-1.01440429687,0.41833496093,-0.09167480468
1726151801953.7708,-0.98425292968,0.40100097656,-0.08752441406
1726151801973.893,-0.98425292968,0.40100097656,-0.08752441406
1726151801993.9236,-0.98425292968,0.40100097656,-0.08752441406
1726151802013.9236,-0.98425292968,0.40100097656,-0.08752441406
1726151802033.7708,-0.96911621093,0.35949707031,-0.08666992187
1726151802053.9236,-0.96911621093,0.35949707031,-0.08666992187
1726151802073.893,-0.96911621093,0.35949707031,-0.08666992187
1726151802093.9236,-0.96911621093,0.35949707031,-0.08666992187
1726151802113.8015,-1.03723144531,0.31408691406,-0.06433105468
1726151802133.9238,-1.03723144531,0.31408691406,-0.06433105468
1726151802153.8933,-1.03723144531,0.31408691406,-0.06433105468
1726151802173.9238,-1.03723144531,0.31408691406,-0.06433105468
1726151802193.7708,-1.07421875,0.294921875,-0.03735351562
1726151802213.893,-1.07421875,0.294921875,-0.03735351562
1726151802233.893,-1.07421875,0.294921875,-0.03735351562
1726151802253.9236,-1.07421875,0.294921875,-0.03735351562
1726151802273.7708,-1.04138183593,0.27673339843,-0.04028320312
1726151802293.893,-1.04138183593,0.27673339843,-0.04028320312
1726151802313.893,-1.04138183593,0.27673339843,-0.04028320312
1726151802333.893,-1.04138183593,0.27673339843,-0.04028320312
1726151802353.7708,-1.00830078125,0.28588867187,-0.07189941406
1726151802373.893,-1.00830078125,0.28588867187,-0.07189941406
1726151802393.9238,-1.00830078125,0.28588867187,-0.07189941406
1726151802413.9238,-1.00830078125,0.28588867187,-0.07189941406
1726151802433.8015,-0.998046875,0.3046875,-0.08874511718
1726151802453.9236,-0.998046875,0.3046875,-0.08874511718
1726151802473.9236,-0.998046875,0.3046875,-0.08874511718
1726151802493.9236,-0.998046875,0.3046875,-0.08874511718
1726151802513.8015,-1.06323242187,0.29370117187,-0.09973144531
1726151802533.9236,-1.06323242187,0.29370117187,-0.09973144531
1726151802553.9236,-1.06323242187,0.29370117187,-0.09973144531
1726151802573.9236,-1.06323242187,0.29370117187,-0.09973144531
1726151802593.7708,-1.09765625,0.25524902343,-0.15075683593
1726151802613.9236,-1.09765625,0.25524902343,-0.15075683593
1726151802633.893,-1.09765625,0.25524902343,-0.15075683593
1726151802653.9238,-1.09765625,0.25524902343,-0.15075683593
1726151802673.7708,-1.02624511718,0.14978027343,-0.20056152343
1726151802693.9238,-1.02624511718,0.14978027343,-0.20056152343
1726151802713.9236,-1.02624511718,0.14978027343,-0.20056152343
1726151802733.9236,-1.02624511718,0.14978027343,-0.20056152343
1726151802753.7708,-0.98046875,0.03295898437,-0.19567871093
1726151802773.893,-0.98046875,0.03295898437,-0.19567871093
1726151802793.893,-0.98046875,0.03295898437,-0.19567871093
1726151802813.893,-0.98046875,0.03295898437,-0.19567871093
1726151802833.7708,-0.96850585937,-0.05810546875,-0.19543457031
1726151802853.9236,-0.96850585937,-0.05810546875,-0.19543457031
1726151802873.9238,-0.96850585937,-0.05810546875,-0.19543457031
1726151802893.9238,-0.96850585937,-0.05810546875,-0.19543457031
1726151802913.8015,-0.96179199218,-0.14123535156,-0.1953125
1726151802933.8933,-0.96179199218,-0.14123535156,-0.1953125
1726151802953.9236,-0.96179199218,-0.14123535156,-0.1953125
1726151802973.9236,-0.96179199218,-0.14123535156,-0.1953125
1726151802993.8015,-0.96911621093,-0.14978027343,-0.17236328125
1726151803013.893,-0.96911621093,-0.14978027343,-0.17236328125
1726151803033.9236,-0.96911621093,-0.14978027343,-0.17236328125
1726151803053.9236,-0.96911621093,-0.14978027343,-0.17236328125
1726151803073.7708,-0.95690917968,-0.08288574218,-0.16271972656
1726151803093.893,-0.95690917968,-0.08288574218,-0.16271972656
1726151803113.9236,-0.95690917968,-0.08288574218,-0.16271972656
1726151803133.893,-0.95690917968,-0.08288574218,-0.16271972656
1726151803153.8015,-0.92626953125,-0.00170898437,-0.18737792968
1726151803173.8933,-0.92626953125,-0.00170898437,-0.18737792968
1726151803193.9238,-0.92626953125,-0.00170898437,-0.18737792968
1726151803213.893,-0.92626953125,-0.00170898437,-0.18737792968
1726151803233.8015,-0.91613769531,0.03930664062,-0.23327636718
1726151803253.9236,-0.91613769531,0.03930664062,-0.23327636718
1726151803273.893,-0.91613769531,0.03930664062,-0.23327636718
1726151803293.893,-0.91613769531,0.03930664062,-0.23327636718
1726151803313.8015,-0.91442871093,0.0615234375,-0.26098632812
1726151803333.893,-0.91442871093,0.0615234375,-0.26098632812
1726151803353.893,-0.91442871093,0.0615234375,-0.26098632812
1726151803373.9238,-0.91442871093,0.0615234375,-0.26098632812
1726151803393.8015,-0.91784667968,0.10314941406,-0.25720214843
1726151803413.8933,-0.91784667968,0.10314941406,-0.25720214843
1726151803433.8933,-0.91784667968,0.10314941406,-0.25720214843
1726151803453.9236,-0.91784667968,0.10314941406,-0.25720214843
1726151803473.7708,-0.92468261718,0.12158203125,-0.23876953125
1726151803493.9236,-0.92468261718,0.12158203125,-0.23876953125
1726151803513.893,-0.92468261718,0.12158203125,-0.23876953125
1726151803533.893,-0.92468261718,0.12158203125,-0.23876953125
1726151803553.8015,-1.03625488281,0.15246582031,-0.24169921875
1726151803573.893,-1.03625488281,0.15246582031,-0.24169921875
1726151803593.893,-1.03625488281,0.15246582031,-0.24169921875
1726151803613.9236,-1.03625488281,0.15246582031,-0.24169921875
1726151803633.7708,-1.09875488281,0.205078125,-0.25964355468
1726151803653.9238,-1.09875488281,0.205078125,-0.25964355468
1726151803673.8933,-1.09875488281,0.205078125,-0.25964355468
1726151803693.8933,-1.09875488281,0.205078125,-0.25964355468
1726151803713.8015,-1.03405761718,0.25146484375,-0.259765625
1726151803733.893,-1.03405761718,0.25146484375,-0.259765625
1726151803753.9236,-1.03405761718,0.25146484375,-0.259765625
1726151803773.893,-1.03405761718,0.25146484375,-0.259765625
1726151803793.8015,-0.96630859375,0.27099609375,-0.22741699218
1726151803813.9236,-0.96630859375,0.27099609375,-0.22741699218
1726151803833.893,-0.96630859375,0.27099609375,-0.22741699218
1726151803853.893,-0.96630859375,0.27099609375,-0.22741699218
1726151803873.8015,-1.00769042968,0.29675292968,-0.17687988281
1726151803893.8933,-1.00769042968,0.29675292968,-0.17687988281
1726151803913.9238,-1.00769042968,0.29675292968,-0.17687988281
1726151803933.9238,-1.00769042968,0.29675292968,-0.17687988281
1726151803953.8015,-1.02185058593,0.33068847656,-0.14916992187
1726151803973.954,-1.02185058593,0.33068847656,-0.14916992187
1726151803993.9236,-1.02185058593,0.33068847656,-0.14916992187
1726151804013.9236,-1.02185058593,0.33068847656,-0.14916992187
1726151804033.8015,-0.95336914062,0.37561035156,-0.16125488281
1726151804053.893,-0.95336914062,0.37561035156,-0.16125488281
1726151804073.9236,-0.95336914062,0.37561035156,-0.16125488281
1726151804093.893,-0.95336914062,0.37561035156,-0.16125488281
1726151804113.8015,-0.87768554687,0.41540527343,-0.17626953125
1726151804133.9238,-0.87768554687,0.41540527343,-0.17626953125
1726151804153.9238,-0.87768554687,0.41540527343,-0.17626953125
1726151804173.8933,-0.87768554687,0.41540527343,-0.17626953125
1726151804193.8015,-0.833984375,0.46630859375,-0.17504882812
1726151804213.9236,-0.833984375,0.46630859375,-0.17504882812
1726151804233.893,-0.833984375,0.46630859375,-0.17504882812
1726151804253.893,-0.833984375,0.46630859375,-0.17504882812
1726151804273.7708,-0.83447265625,0.509765625,-0.17749023437
1726151804293.9236,-0.83447265625,0.509765625,-0.17749023437
1726151804313.9236,-0.83447265625,0.509765625,-0.17749023437
1726151804333.9236,-0.83447265625,0.509765625,-0.17749023437
1726151804353.8015,-0.85034179687,0.5185546875,-0.21411132812
1726151804373.893,-0.85034179687,0.5185546875,-0.21411132812
1726151804393.9238,-0.85034179687,0.5185546875,-0.21411132812
1726151804413.9238,-0.85034179687,0.5185546875,-0.21411132812
1726151804433.8015,-0.91931152343,0.55712890625,-0.251953125
1726151804453.893,-0.91931152343,0.55712890625,-0.251953125
1726151804473.9236,-0.91931152343,0.55712890625,-0.251953125
1726151804493.893,-0.91931152343,0.55712890625,-0.251953125
1726151804513.8015,-0.92224121093,0.58337402343,-0.28637695312
1726151804533.9236,-0.92224121093,0.58337402343,-0.28637695312
1726151804553.893,-0.92224121093,0.58337402343,-0.28637695312
1726151804573.9236,-0.92224121093,0.58337402343,-0.28637695312
1726151804593.8015,-0.80676269531,0.58630371093,-0.29931640625
1726151804613.893,-0.80676269531,0.58630371093,-0.29931640625
1726151804633.9238,-0.80676269531,0.58630371093,-0.29931640625
1726151804653.9238,-0.80676269531,0.58630371093,-0.29931640625
1726151804673.8015,-0.78015136718,0.5908203125,-0.26257324218
1726151804693.9238,-0.78015136718,0.5908203125,-0.26257324218
1726151804713.9236,-0.78015136718,0.5908203125,-0.26257324218
1726151804733.954,-0.78015136718,0.5908203125,-0.26257324218
1726151804753.8015,-0.82397460937,0.560546875,-0.23498535156
1726151804773.893,-0.82397460937,0.560546875,-0.23498535156
1726151804793.9236,-0.82397460937,0.560546875,-0.23498535156
1726151804813.9236,-0.82397460937,0.560546875,-0.23498535156
1726151804833.8015,-0.86938476562,0.51416015625,-0.24096679687
1726151804853.9236,-0.86938476562,0.51416015625,-0.24096679687
1726151804873.9238,-0.86938476562,0.51416015625,-0.24096679687
1726151804893.9238,-0.86938476562,0.51416015625,-0.24096679687
1726151804913.8015,-0.86450195312,0.46325683593,-0.25622558593
1726151804933.8933,-0.86450195312,0.46325683593,-0.25622558593
1726151804953.9236,-0.86450195312,0.46325683593,-0.25622558593
1726151804973.893,-0.86450195312,0.46325683593,-0.25622558593
1726151804993.8015,-0.80908203125,0.4365234375,-0.26953125
1726151805013.893,-0.80908203125,0.4365234375,-0.26953125
1726151805033.9236,-0.80908203125,0.4365234375,-0.26953125
1726151805053.9236,-0.80908203125,0.4365234375,-0.26953125
1726151805073.8015,-0.78845214843,0.44274902343,-0.27783203125
1726151805093.9236,-0.78845214843,0.44274902343,-0.27783203125
1726151805113.893,-0.78845214843,0.44274902343,-0.27783203125
1726151805133.9238,-0.78845214843,0.44274902343,-0.27783203125
1726151805153.8015,-0.79345703125,0.44458007812,-0.3046875
1726151805173.9238,-0.79345703125,0.44458007812,-0.3046875
1726151805193.8933,-0.79345703125,0.44458007812,-0.3046875
1726151805213.9236,-0.79345703125,0.44458007812,-0.3046875
1726151805233.8015,-0.83337402343,0.40686035156,-0.31408691406
1726151805253.9236,-0.83337402343,0.40686035156,-0.31408691406
1726151805273.893,-0.83337402343,0.40686035156,-0.31408691406
1726151805293.9236,-0.83337402343,0.40686035156,-0.31408691406
1726151805313.8015,-0.95922851562,0.37268066406,-0.26110839843
1726151805333.9236,-0.95922851562,0.37268066406,-0.26110839843
1726151805353.9236,-0.95922851562,0.37268066406,-0.26110839843
1726151805373.893,-0.95922851562,0.37268066406,-0.26110839843
1726151805393.8015,-1.06799316406,0.37023925781,-0.20825195312
1726151805413.9238,-1.06799316406,0.37023925781,-0.20825195312
1726151805433.8933,-1.06799316406,0.37023925781,-0.20825195312
1726151805453.9236,-1.06799316406,0.37023925781,-0.20825195312
1726151805473.7708,-1.03540039062,0.34521484375,-0.18359375
1726151805493.9846,-1.03540039062,0.34521484375,-0.18359375
1726151805513.893,-1.03540039062,0.34521484375,-0.18359375
1726151805533.9236,-1.03540039062,0.34521484375,-0.18359375
1726151805553.8015,-0.96704101562,0.28967285156,-0.15124511718
1726151805573.9236,-0.96704101562,0.28967285156,-0.15124511718
1726151805593.893,-0.96704101562,0.28967285156,-0.15124511718
1726151805613.9236,-0.96704101562,0.28967285156,-0.15124511718
1726151805633.8015,-0.99450683593,0.22937011718,-0.09558105468
1726151805653.9238,-0.99450683593,0.22937011718,-0.09558105468
1726151805673.9238,-0.99450683593,0.22937011718,-0.09558105468
1726151805693.9238,-0.99450683593,0.22937011718,-0.09558105468
1726151805713.8015,-1.01147460937,0.18151855468,-0.0498046875
1726151805733.893,-1.01147460937,0.18151855468,-0.0498046875
1726151805753.9236,-1.01147460937,0.18151855468,-0.0498046875
1726151805773.893,-1.01147460937,0.18151855468,-0.0498046875
1726151805793.8015,-0.96936035156,0.14770507812,-0.04614257812
1726151805813.9236,-0.96936035156,0.14770507812,-0.04614257812
1726151805833.893,-0.96936035156,0.14770507812,-0.04614257812
1726151805853.9236,-0.96936035156,0.14770507812,-0.04614257812
1726151805873.9543,-0.95910644531,0.13500976562,-0.05590820312
1726151805893.8933,-0.95910644531,0.13500976562,-0.05590820312
1726151805913.8933,-0.95910644531,0.13500976562,-0.05590820312
1726151805933.9238,-0.95910644531,0.13500976562,-0.05590820312
1726151805953.8015,-0.982421875,0.13537597656,-0.05639648437
1726151805973.893,-0.982421875,0.13537597656,-0.05639648437
1726151805993.893,-0.982421875,0.13537597656,-0.05639648437
1726151806013.893,-0.982421875,0.13537597656,-0.05639648437
1726151806033.8015,-0.99865722656,0.12512207031,-0.07006835937
1726151806053.893,-0.99865722656,0.12512207031,-0.07006835937
1726151806073.9236,-0.99865722656,0.12512207031,-0.07006835937
1726151806093.893,-0.99865722656,0.12512207031,-0.07006835937
1726151806113.8015,-1.00927734375,0.12658691406,-0.09631347656
1726151806133.9238,-1.00927734375,0.12658691406,-0.09631347656
1726151806153.8933,-1.00927734375,0.12658691406,-0.09631347656
1726151806173.9238,-1.00927734375,0.12658691406,-0.09631347656
1726151806193.8015,-1.01831054687,0.15539550781,-0.11364746093
1726151806213.893,-1.01831054687,0.15539550781,-0.11364746093
1726151806233.9236,-1.01831054687,0.15539550781,-0.11364746093
1726151806253.9236,-1.01831054687,0.15539550781,-0.11364746093
1726151806273.8015,-1.07897949218,0.22180175781,-0.10607910156
1726151806293.9236,-1.07897949218,0.22180175781,-0.10607910156
1726151806313.9236,-1.07897949218,0.22180175781,-0.10607910156
1726151806333.9236,-1.07897949218,0.22180175781,-0.10607910156
1726151806353.8015,-1.04565429687,0.24365234375,-0.1318359375
1726151806373.893,-1.04565429687,0.24365234375,-0.1318359375
1726151806393.9238,-1.04565429687,0.24365234375,-0.1318359375
1726151806413.8933,-1.04565429687,0.24365234375,-0.1318359375
1726151806433.8015,-0.93420410156,0.26208496093,-0.19494628906
1726151806453.9236,-0.93420410156,0.26208496093,-0.19494628906
1726151806473.893,-0.93420410156,0.26208496093,-0.19494628906
1726151806493.9236,-0.93420410156,0.26208496093,-0.19494628906
1726151806513.8015,-0.90625,0.24670410156,-0.23156738281
1726151806533.9236,-0.90625,0.24670410156,-0.23156738281
1726151806556.336,-0.90625,0.24670410156,-0.23156738281
1726151806573.7708,-0.90625,0.24670410156,-0.23156738281
1726151806593.8015,-0.9609375,0.21557617187,-0.22265625
1726151806613.893,-0.9609375,0.21557617187,-0.22265625
1726151806633.893,-0.9609375,0.21557617187,-0.22265625
1726151806653.9238,-0.9609375,0.21557617187,-0.22265625
1726151806673.8015,-0.99267578125,0.21984863281,-0.23413085937
1726151806693.9238,-0.99267578125,0.21984863281,-0.23413085937
1726151806713.9236,-0.99267578125,0.21984863281,-0.23413085937
1726151806733.893,-0.99267578125,0.21984863281,-0.23413085937
1726151806753.8015,-0.96472167968,0.26452636718,-0.27697753906
1726151806773.9236,-0.96472167968,0.26452636718,-0.27697753906
1726151806793.893,-0.96472167968,0.26452636718,-0.27697753906
1726151806813.893,-0.96472167968,0.26452636718,-0.27697753906
1726151806833.8015,-0.93823242187,0.3271484375,-0.30737304687
1726151806853.893,-0.93823242187,0.3271484375,-0.30737304687
1726151806873.893,-0.93823242187,0.3271484375,-0.30737304687
1726151806893.8933,-0.93823242187,0.3271484375,-0.30737304687
1726151806913.8015,-0.89245605468,0.35107421875,-0.32055664062
1726151806933.8933,-0.89245605468,0.35107421875,-0.32055664062
1726151806953.9236,-0.89245605468,0.35107421875,-0.32055664062
1726151806973.893,-0.89245605468,0.35107421875,-0.32055664062
1726151806993.8015,-0.81909179687,0.35595703125,-0.3349609375
1726151807013.893,-0.81909179687,0.35595703125,-0.3349609375
1726151807033.9236,-0.81909179687,0.35595703125,-0.3349609375
1726151807053.9236,-0.81909179687,0.35595703125,-0.3349609375
1726151807073.8015,-0.75036621093,0.38745117187,-0.34899902343
1726151807093.9236,-0.75036621093,0.38745117187,-0.34899902343
1726151807113.9236,-0.75036621093,0.38745117187,-0.34899902343
1726151807133.893,-0.75036621093,0.38745117187,-0.34899902343
1726151807153.8015,-0.70788574218,0.45324707031,-0.37329101562
1726151807173.9238,-0.70788574218,0.45324707031,-0.37329101562
1726151807193.8933,-0.70788574218,0.45324707031,-0.37329101562
1726151807213.893,-0.70788574218,0.45324707031,-0.37329101562
1726151807233.8015,-0.74133300781,0.54858398437,-0.42114257812
1726151807253.893,-0.74133300781,0.54858398437,-0.42114257812
1726151807273.893,-0.74133300781,0.54858398437,-0.42114257812
1726151807293.9236,-0.74133300781,0.54858398437,-0.42114257812
1726151807313.8015,-0.83715820312,0.63049316406,-0.45275878906
1726151807333.9236,-0.83715820312,0.63049316406,-0.45275878906
1726151807353.893,-0.83715820312,0.63049316406,-0.45275878906
1726151807373.9238,-0.83715820312,0.63049316406,-0.45275878906
1726151807393.8015,-0.82238769531,0.65209960937,-0.44567871093
1726151807413.8933,-0.82238769531,0.65209960937,-0.44567871093
1726151807433.8933,-0.82238769531,0.65209960937,-0.44567871093
1726151807453.893,-0.82238769531,0.65209960937,-0.44567871093
1726151807473.8015,-0.79357910156,0.60266113281,-0.39538574218
1726151807493.893,-0.79357910156,0.60266113281,-0.39538574218
1726151807513.9236,-0.79357910156,0.60266113281,-0.39538574218
1726151807533.893,-0.79357910156,0.60266113281,-0.39538574218
1726151807553.8015,-0.85522460937,0.52856445312,-0.33764648437
1726151807573.893,-0.85522460937,0.52856445312,-0.33764648437
1726151807593.9236,-0.85522460937,0.52856445312,-0.33764648437
1726151807613.893,-0.85522460937,0.52856445312,-0.33764648437
1726151807633.8015,-0.85266113281,0.47534179687,-0.31372070312
1726151807653.9238,-0.85266113281,0.47534179687,-0.31372070312
1726151807673.8933,-0.85266113281,0.47534179687,-0.31372070312
1726151807693.9238,-0.85266113281,0.47534179687,-0.31372070312
1726151807713.8015,-0.79418945312,0.46398925781,-0.30163574218
1726151807733.9236,-0.79418945312,0.46398925781,-0.30163574218
1726151807753.893,-0.79418945312,0.46398925781,-0.30163574218
1726151807773.9236,-0.79418945312,0.46398925781,-0.30163574218
1726151807793.8015,-0.75231933593,0.49621582031,-0.29382324218
1726151807813.9236,-0.75231933593,0.49621582031,-0.29382324218
1726151807833.893,-0.75231933593,0.49621582031,-0.29382324218
1726151807853.9236,-0.75231933593,0.49621582031,-0.29382324218
1726151807873.8015,-0.74011230468,0.57373046875,-0.29125976562
1726151807893.9238,-0.74011230468,0.57373046875,-0.29125976562
1726151807913.9238,-0.74011230468,0.57373046875,-0.29125976562
1726151807933.8933,-0.74011230468,0.57373046875,-0.29125976562
1726151807953.8015,-0.73132324218,0.6630859375,-0.3193359375
1726151807973.893,-0.73132324218,0.6630859375,-0.3193359375
1726151807993.893,-0.73132324218,0.6630859375,-0.3193359375
1726151808013.893,-0.73132324218,0.6630859375,-0.3193359375
1726151808033.8015,-0.73449707031,0.71203613281,-0.34802246093
1726151808053.9236,-0.73449707031,0.71203613281,-0.34802246093
1726151808073.893,-0.73449707031,0.71203613281,-0.34802246093
1726151808093.9236,-0.73449707031,0.71203613281,-0.34802246093
1726151808113.8015,-0.74536132812,0.70361328125,-0.35095214843
1726151808133.893,-0.74536132812,0.70361328125,-0.35095214843
1726151808153.8933,-0.74536132812,0.70361328125,-0.35095214843
1726151808173.8933,-0.74536132812,0.70361328125,-0.35095214843
1726151808193.8015,-0.75256347656,0.64233398437,-0.35961914062
1726151808213.9236,-0.75256347656,0.64233398437,-0.35961914062
1726151808233.893,-0.75256347656,0.64233398437,-0.35961914062
1726151808253.893,-0.75256347656,0.64233398437,-0.35961914062
1726151808273.8015,-0.87268066406,0.57836914062,-0.33447265625
1726151808293.9236,-0.87268066406,0.57836914062,-0.33447265625
1726151808313.893,-0.87268066406,0.57836914062,-0.33447265625
1726151808333.9236,-0.87268066406,0.57836914062,-0.33447265625
1726151808353.8015,-0.94323730468,0.51623535156,-0.28833007812
1726151808373.893,-0.94323730468,0.51623535156,-0.28833007812
1726151808393.8933,-0.94323730468,0.51623535156,-0.28833007812
1726151808413.8933,-0.94323730468,0.51623535156,-0.28833007812
1726151808433.7708,-0.91247558593,0.42993164062,-0.25329589843
1726151808453.893,-0.91247558593,0.42993164062,-0.25329589843
1726151808473.9236,-0.91247558593,0.42993164062,-0.25329589843
1726151808493.9236,-0.91247558593,0.42993164062,-0.25329589843
1726151808513.8015,-0.92529296875,0.34375,-0.19836425781
1726151808533.9846,-0.92529296875,0.34375,-0.19836425781
1726151808553.9236,-0.92529296875,0.34375,-0.19836425781
1726151808573.9236,-0.92529296875,0.34375,-0.19836425781
1726151808593.8015,-0.92919921875,0.29418945312,-0.15710449218
1726151808613.893,-0.92919921875,0.29418945312,-0.15710449218
1726151808633.893,-0.92919921875,0.29418945312,-0.15710449218
1726151808653.9238,-0.92919921875,0.29418945312,-0.15710449218
1726151808673.8015,-0.9560546875,0.25341796875,-0.15563964843
1726151808693.9238,-0.9560546875,0.25341796875,-0.15563964843
1726151808713.893,-0.9560546875,0.25341796875,-0.15563964843
1726151808733.9236,-0.9560546875,0.25341796875,-0.15563964843
1726151808753.8015,-0.97058105468,0.21557617187,-0.1611328125
1726151808773.9236,-0.97058105468,0.21557617187,-0.1611328125
1726151808793.893,-0.97058105468,0.21557617187,-0.1611328125
1726151808813.9236,-0.97058105468,0.21557617187,-0.1611328125
1726151808833.8015,-0.96179199218,0.20007324218,-0.17834472656
1726151808853.9236,-0.96179199218,0.20007324218,-0.17834472656
1726151808873.9238,-0.96179199218,0.20007324218,-0.17834472656
1726151808893.9238,-0.96179199218,0.20007324218,-0.17834472656
1726151808913.832,-0.9482421875,0.20324707031,-0.20397949218
1726151808933.9238,-0.9482421875,0.20324707031,-0.20397949218
1726151808953.893,-0.9482421875,0.20324707031,-0.20397949218
1726151808973.893,-0.9482421875,0.20324707031,-0.20397949218
1726151808993.8015,-0.9326171875,0.24438476562,-0.21740722656
1726151809013.893,-0.9326171875,0.24438476562,-0.21740722656
1726151809033.9236,-0.9326171875,0.24438476562,-0.21740722656
1726151809053.893,-0.9326171875,0.24438476562,-0.21740722656
1726151809073.8015,-0.95373535156,0.25,-0.21716308593
1726151809093.9236,-0.95373535156,0.25,-0.21716308593
1726151809113.9236,-0.95373535156,0.25,-0.21716308593
1726151809133.893,-0.95373535156,0.25,-0.21716308593
1726151809153.8015,-1.00402832031,0.2587890625,-0.20654296875
1726151809173.8933,-1.00402832031,0.2587890625,-0.20654296875
1726151809193.8933,-1.00402832031,0.2587890625,-0.20654296875
1726151809213.9236,-1.00402832031,0.2587890625,-0.20654296875
1726151809233.8015,-1.08996582031,0.27026367187,-0.18176269531
1726151809253.9236,-1.08996582031,0.27026367187,-0.18176269531
1726151809273.893,-1.08996582031,0.27026367187,-0.18176269531
1726151809293.9236,-1.08996582031,0.27026367187,-0.18176269531
1726151809313.8015,-1.05700683593,0.26721191406,-0.1650390625
1726151809333.9236,-1.05700683593,0.26721191406,-0.1650390625
1726151809353.893,-1.05700683593,0.26721191406,-0.1650390625
1726151809373.893,-1.05700683593,0.26721191406,-0.1650390625
1726151809393.8015,-1.02600097656,0.23767089843,-0.158203125
1726151809413.9238,-1.02600097656,0.23767089843,-0.158203125
1726151809433.9238,-1.02600097656,0.23767089843,-0.158203125
1726151809453.893,-1.02600097656,0.23767089843,-0.158203125
1726151809473.8015,-1.06896972656,0.21875,-0.13317871093
1726151809493.9236,-1.06896972656,0.21875,-0.13317871093
1726151809513.9236,-1.06896972656,0.21875,-0.13317871093
1726151809533.9236,-1.06896972656,0.21875,-0.13317871093
1726151809553.8015,-1.01489257812,0.2275390625,-0.11840820312
1726151809573.9236,-1.01489257812,0.2275390625,-0.11840820312
1726151809593.9236,-1.01489257812,0.2275390625,-0.11840820312
1726151809613.9236,-1.01489257812,0.2275390625,-0.11840820312
1726151809633.8015,-0.93237304687,0.25463867187,-0.14587402343
1726151809653.9238,-0.93237304687,0.25463867187,-0.14587402343
1726151809673.8933,-0.93237304687,0.25463867187,-0.14587402343
1726151809693.9238,-0.93237304687,0.25463867187,-0.14587402343
1726151809713.8015,-0.89489746093,0.34228515625,-0.19201660156
1726151809733.9236,-0.89489746093,0.34228515625,-0.19201660156
1726151809753.893,-0.89489746093,0.34228515625,-0.19201660156
1726151809773.893,-0.89489746093,0.34228515625,-0.19201660156
1726151809793.8015,-0.884765625,0.44262695312,-0.23132324218
1726151809813.893,-0.884765625,0.44262695312,-0.23132324218
1726151809833.893,-0.884765625,0.44262695312,-0.23132324218
1726151809853.893,-0.884765625,0.44262695312,-0.23132324218
1726151809873.8015,-0.86755371093,0.49975585937,-0.26208496093
1726151809893.8933,-0.86755371093,0.49975585937,-0.26208496093
1726151809913.9238,-0.86755371093,0.49975585937,-0.26208496093
1726151809933.8933,-0.86755371093,0.49975585937,-0.26208496093
1726151809953.7708,-0.85949707031,0.53588867187,-0.30151367187
1726151809973.893,-0.85949707031,0.53588867187,-0.30151367187
1726151809993.9236,-0.85949707031,0.53588867187,-0.30151367187
1726151810013.9236,-0.85949707031,0.53588867187,-0.30151367187
1726151810033.8015,-0.943359375,0.55578613281,-0.326171875
1726151810053.9236,-0.943359375,0.55578613281,-0.326171875
1726151810073.893,-0.943359375,0.55578613281,-0.326171875
1726151810093.893,-0.943359375,0.55578613281,-0.326171875
1726151810113.8015,-0.91784667968,0.5400390625,-0.35424804687
1726151810133.9238,-0.91784667968,0.5400390625,-0.35424804687
1726151810153.9238,-0.91784667968,0.5400390625,-0.35424804687
1726151810173.8933,-0.91784667968,0.5400390625,-0.35424804687
1726151810193.8015,-0.78698730468,0.5087890625,-0.34130859375
1726151810213.893,-0.78698730468,0.5087890625,-0.34130859375
1726151810233.9236,-0.78698730468,0.5087890625,-0.34130859375
1726151810253.893,-0.78698730468,0.5087890625,-0.34130859375
1726151810273.8015,-0.81262207031,0.46081542968,-0.27282714843
1726151810293.9236,-0.81262207031,0.46081542968,-0.27282714843
1726151810313.9236,-0.81262207031,0.46081542968,-0.27282714843
1726151810333.893,-0.81262207031,0.46081542968,-0.27282714843
1726151810353.8015,-0.8349609375,0.41552734375,-0.29296875
1726151810373.9238,-0.8349609375,0.41552734375,-0.29296875
1726151810393.8933,-0.8349609375,0.41552734375,-0.29296875
1726151810413.9238,-0.8349609375,0.41552734375,-0.29296875
1726151810433.7708,-0.7734375,0.396484375,-0.36169433593
1726151810453.893,-0.7734375,0.396484375,-0.36169433593
1726151810473.9236,-0.7734375,0.396484375,-0.36169433593
1726151810493.9236,-0.7734375,0.396484375,-0.36169433593
1726151810513.8015,-0.75830078125,0.42102050781,-0.37817382812
1726151810533.893,-0.75830078125,0.42102050781,-0.37817382812
1726151810553.9236,-0.75830078125,0.42102050781,-0.37817382812
1726151810573.893,-0.75830078125,0.42102050781,-0.37817382812
1726151810593.8015,-0.78247070312,0.46789550781,-0.38159179687
1726151810613.893,-0.78247070312,0.46789550781,-0.38159179687
1726151810633.9238,-0.78247070312,0.46789550781,-0.38159179687
1726151810653.8933,-0.78247070312,0.46789550781,-0.38159179687
1726151810673.8015,-0.7958984375,0.47619628906,-0.37390136718
1726151810693.9238,-0.7958984375,0.47619628906,-0.37390136718
1726151810713.9236,-0.7958984375,0.47619628906,-0.37390136718
1726151810733.893,-0.7958984375,0.47619628906,-0.37390136718
1726151810753.8015,-0.83862304687,0.47375488281,-0.32238769531
1726151810773.893,-0.83862304687,0.47375488281,-0.32238769531
1726151810793.9236,-0.83862304687,0.47375488281,-0.32238769531
1726151810813.893,-0.83862304687,0.47375488281,-0.32238769531
1726151810833.8015,-0.89916992187,0.45910644531,-0.26708984375
1726151810853.893,-0.89916992187,0.45910644531,-0.26708984375
1726151810873.9238,-0.89916992187,0.45910644531,-0.26708984375
1726151810893.8933,-0.89916992187,0.45910644531,-0.26708984375
1726151810913.8015,-0.95031738281,0.43347167968,-0.23400878906
1726151810933.9238,-0.95031738281,0.43347167968,-0.23400878906
1726151810953.893,-0.95031738281,0.43347167968,-0.23400878906
1726151810973.9236,-0.95031738281,0.43347167968,-0.23400878906
1726151810993.8015,-0.98461914062,0.42358398437,-0.21447753906
1726151811013.9236,-0.98461914062,0.42358398437,-0.21447753906
1726151811033.9236,-0.98461914062,0.42358398437,-0.21447753906
1726151811053.9236,-0.98461914062,0.42358398437,-0.21447753906
1726151811073.8015,-0.96313476562,0.39611816406,-0.2021484375
1726151811093.9236,-0.96313476562,0.39611816406,-0.2021484375
1726151811113.9236,-0.96313476562,0.39611816406,-0.2021484375
1726151811133.9238,-0.96313476562,0.39611816406,-0.2021484375
1726151811153.8015,-0.96667480468,0.35620117187,-0.17028808593
1726151811173.8933,-0.96667480468,0.35620117187,-0.17028808593
1726151811193.8933,-0.96667480468,0.35620117187,-0.17028808593
1726151811213.9236,-0.96667480468,0.35620117187,-0.17028808593
1726151811233.8015,-0.98608398437,0.32189941406,-0.13464355468
1726151811253.9236,-0.98608398437,0.32189941406,-0.13464355468
1726151811273.9236,-0.98608398437,0.32189941406,-0.13464355468
1726151811293.9236,-0.98608398437,0.32189941406,-0.13464355468
1726151811313.8015,-0.95336914062,0.30285644531,-0.11694335937
1726151811333.9236,-0.95336914062,0.30285644531,-0.11694335937
1726151811353.893,-0.95336914062,0.30285644531,-0.11694335937
1726151811373.893,-0.95336914062,0.30285644531,-0.11694335937
1726151811393.8015,-0.943359375,0.31689453125,-0.10668945312
1726151811413.9238,-0.943359375,0.31689453125,-0.10668945312
1726151811433.8933,-0.943359375,0.31689453125,-0.10668945312
1726151811453.9236,-0.943359375,0.31689453125,-0.10668945312
1726151811473.8015,-0.96472167968,0.32653808593,-0.10180664062
1726151811493.893,-0.96472167968,0.32653808593,-0.10180664062
1726151811513.9236,-0.96472167968,0.32653808593,-0.10180664062
1726151811533.9236,-0.96472167968,0.32653808593,-0.10180664062
1726151811553.8015,-0.97155761718,0.31530761718,-0.11730957031
1726151811573.9236,-0.97155761718,0.31530761718,-0.11730957031
1726151811593.893,-0.97155761718,0.31530761718,-0.11730957031
1726151811613.9236,-0.97155761718,0.31530761718,-0.11730957031
1726151811633.8015,-0.96838378906,0.29663085937,-0.14428710937
1726151811653.9238,-0.96838378906,0.29663085937,-0.14428710937
1726151811673.8933,-0.96838378906,0.29663085937,-0.14428710937
1726151811693.8933,-0.96838378906,0.29663085937,-0.14428710937
1726151811713.8015,-0.962890625,0.26281738281,-0.13720703125
1726151811733.9236,-0.962890625,0.26281738281,-0.13720703125
1726151811753.9236,-0.962890625,0.26281738281,-0.13720703125
1726151811773.893,-0.962890625,0.26281738281,-0.13720703125
1726151811793.8015,-1.18103027343,0.16064453125,-0.14416503906
1726151811813.893,-1.18103027343,0.16064453125,-0.14416503906
1726151811833.9236,-1.18103027343,0.16064453125,-0.14416503906
1726151811853.893,-1.18103027343,0.16064453125,-0.14416503906
1726151811873.8015,-1.04528808593,0.02966308593,-0.115234375
1726151811893.9238,-1.04528808593,0.02966308593,-0.115234375
1726151811913.9238,-1.04528808593,0.02966308593,-0.115234375
1726151811933.8933,-1.04528808593,0.02966308593,-0.115234375
1726151811953.832,-1.02062988281,-0.06701660156,-0.07873535156
1726151811973.893,-1.02062988281,-0.06701660156,-0.07873535156
1726151811993.9236,-1.02062988281,-0.06701660156,-0.07873535156
1726151812013.893,-1.02062988281,-0.06701660156,-0.07873535156
1726151812033.8015,-0.99658203125,-0.13500976562,-0.1357421875
1726151812053.893,-0.99658203125,-0.13500976562,-0.1357421875
1726151812073.9236,-0.99658203125,-0.13500976562,-0.1357421875
1726151812093.9236,-0.99658203125,-0.13500976562,-0.1357421875
1726151812113.8015,-0.9697265625,-0.15734863281,-0.19885253906
1726151812133.9238,-0.9697265625,-0.15734863281,-0.19885253906
1726151812153.8933,-0.9697265625,-0.15734863281,-0.19885253906
1726151812173.8933,-0.9697265625,-0.15734863281,-0.19885253906
1726151812193.8015,-0.94262695312,-0.09790039062,-0.23754882812
1726151812213.9236,-0.94262695312,-0.09790039062,-0.23754882812
1726151812233.893,-0.94262695312,-0.09790039062,-0.23754882812
1726151812253.9236,-0.94262695312,-0.09790039062,-0.23754882812
1726151812273.8015,-0.92260742187,-0.009765625,-0.24633789062
1726151812293.9236,-0.92260742187,-0.009765625,-0.24633789062
1726151812313.893,-0.92260742187,-0.009765625,-0.24633789062
1726151812333.893,-0.92260742187,-0.009765625,-0.24633789062
1726151812353.8015,-0.93212890625,0.09069824218,-0.26708984375
1726151812373.9238,-0.93212890625,0.09069824218,-0.26708984375
1726151812393.9238,-0.93212890625,0.09069824218,-0.26708984375
1726151812413.8933,-0.93212890625,0.09069824218,-0.26708984375
1726151812433.7708,-0.92407226562,0.15014648437,-0.31213378906
1726151812453.9236,-0.92407226562,0.15014648437,-0.31213378906
1726151812473.893,-0.92407226562,0.15014648437,-0.31213378906
1726151812493.9236,-0.92407226562,0.15014648437,-0.31213378906
1726151812513.8015,-0.89733886718,0.19555664062,-0.33837890625
1726151812533.9236,-0.89733886718,0.19555664062,-0.33837890625
1726151812553.893,-0.89733886718,0.19555664062,-0.33837890625
1726151869759.267,-0.94030761718,0.1689453125,-0.22204589843
1726151869767.9695,-0.94030761718,0.1689453125,-0.22204589843
1726151869776.641,-0.94030761718,0.1689453125,-0.22204589843
1726151869785.3743,-0.94030761718,0.1689453125,-0.22204589843
1726151869794.0457,-0.94030761718,0.1689453125,-0.22204589843
1726151869802.7483,-0.94030761718,0.1689453125,-0.22204589843
1726151869816.3967,-0.94555664062,0.16687011718,-0.2265625
1726151869825.099,-0.94555664062,0.16687011718,-0.2265625
1726151869833.7405,-0.94555664062,0.16687011718,-0.2265625
1726151869842.4124,-0.94555664062,0.16687011718,-0.2265625
1726151869851.0535,-0.94555664062,0.16687011718,-0.2265625
1726151869859.7559,-0.94555664062,0.16687011718,-0.2265625
1726151869868.336,-0.94555664062,0.16687011718,-0.2265625
1726151869876.8855,-0.94555664062,0.16687011718,-0.2265625
1726151869885.5266,-0.94555664062,0.16687011718,-0.2265625
1726151869899.206,-0.91882324218,0.13354492187,-0.23486328125
1726151869907.9695,-0.91882324218,0.13354492187,-0.23486328125
1726151869916.733,-0.91882324218,0.13354492187,-0.23486328125
1726151869925.5266,-0.91882324218,0.13354492187,-0.23486328125
1726151869934.2903,-0.91882324218,0.13354492187,-0.23486328125
1726151869943.1145,-0.91882324218,0.13354492187,-0.23486328125
1726151869951.878,-0.91882324218,0.13354492187,-0.23486328125
1726151869960.641,-0.91882324218,0.13354492187,-0.23486328125
1726151869974.3816,-0.91674804687,0.11596679687,-0.2314453125
1726151869983.1755,-0.91674804687,0.11596679687,-0.2314453125
1726151869991.9082,-0.91674804687,0.11596679687,-0.2314453125
1726151870000.6104,-0.91674804687,0.11596679687,-0.2314453125
1726151870009.3127,-0.91674804687,0.11596679687,-0.2314453125
1726151870018.1067,-0.91674804687,0.11596679687,-0.2314453125
1726151870026.809,-0.91674804687,0.11596679687,-0.2314453125
1726151870035.603,-0.91674804687,0.11596679687,-0.2314453125
1726151870044.336,-0.91674804687,0.11596679687,-0.2314453125
1726151870057.9236,-0.94079589843,0.13171386718,-0.23718261718
1726151870066.687,-0.94079589843,0.13171386718,-0.23718261718
1726151870075.359,-0.94079589843,0.13171386718,-0.23718261718
1726151870084.0916,-0.94079589843,0.13171386718,-0.23718261718
1726151870092.794,-0.94079589843,0.13171386718,-0.23718261718
1726151870101.4963,-0.94079589843,0.13171386718,-0.23718261718
1726151870110.229,-0.94079589843,0.13171386718,-0.23718261718
1726151870118.962,-0.94079589843,0.13171386718,-0.23718261718
1726151870127.6335,-0.94079589843,0.13171386718,-0.23718261718
1726151870141.7405,-1.02917480468,0.16723632812,-0.19616699218
1726151870150.504,-1.02917480468,0.16723632812,-0.19616699218
1726151870159.206,-1.02917480468,0.16723632812,-0.19616699218
1726151870167.9387,-1.02917480468,0.16723632812,-0.19616699218
1726151870176.7632,-1.02917480468,0.16723632812,-0.19616699218
1726151870185.5266,-1.02917480468,0.16723632812,-0.19616699218
1726151870194.351,-1.02917480468,0.16723632812,-0.19616699218
1726151870203.1145,-1.02917480468,0.16723632812,-0.19616699218
1726151870216.916,-1.08081054687,0.18469238281,-0.19262695312
1726151870225.6487,-1.08081054687,0.18469238281,-0.19262695312
1726151870234.412,-1.08081054687,0.18469238281,-0.19262695312
1726151870243.145,-1.08081054687,0.18469238281,-0.19262695312
1726151870251.9387,-1.08081054687,0.18469238281,-0.19262695312
1726151870260.7634,-1.08081054687,0.18469238281,-0.19262695312
1726151870269.5266,-1.08081054687,0.18469238281,-0.19262695312
1726151870278.3203,-1.08081054687,0.18469238281,-0.19262695312
1726151870287.1145,-1.08081054687,0.18469238281,-0.19262695312
1726151870300.916,-0.99340820312,0.15441894531,-0.20764160156
1726151870309.5571,-0.99340820312,0.15441894531,-0.20764160156
1726151870318.3818,-0.99340820312,0.15441894531,-0.20764160156
1726151870327.084,-0.99340820312,0.15441894531,-0.20764160156
1726151870335.817,-0.99340820312,0.15441894531,-0.20764160156
1726151870344.58,-0.99340820312,0.15441894531,-0.20764160156
1726151870353.2825,-0.99340820312,0.15441894531,-0.20764160156
1726151870362.1067,-0.99340820312,0.15441894531,-0.20764160156
1726151870375.8474,-1.02966308593,0.12670898437,-0.203125
1726151870384.519,-1.02966308593,0.12670898437,-0.203125
1726151870393.13,-1.02966308593,0.12670898437,-0.203125
1726151870401.7405,-1.02966308593,0.12670898437,-0.203125
1726151870410.351,-1.02966308593,0.12670898437,-0.203125
1726151870419.0227,-1.02966308593,0.12670898437,-0.203125
1726151870427.6335,-1.02966308593,0.12670898437,-0.203125
1726151870436.2747,-1.02966308593,0.12670898437,-0.203125
1726151870444.916,-1.02966308593,0.12670898437,-0.203125
1726151870458.4731,-1.02368164062,0.10437011718,-0.1875
1726151870467.0227,-1.02368164062,0.10437011718,-0.1875
1726151870475.6335,-1.02368164062,0.10437011718,-0.1875
1726151870484.183,-1.02368164062,0.10437011718,-0.1875
1726151870492.7632,-1.02368164062,0.10437011718,-0.1875
1726151870501.3435,-1.02368164062,0.10437011718,-0.1875
1726151870509.9236,-1.02368164062,0.10437011718,-0.1875
1726151870518.4731,-1.02368164062,0.10437011718,-0.1875
1726151870527.4504,-1.02368164062,0.10437011718,-0.1875
1726151870541.0076,-0.96154785156,0.13781738281,-0.16455078125
1726151870549.832,-0.96154785156,0.13781738281,-0.16455078125
1726151870558.504,-0.96154785156,0.13781738281,-0.16455078125
1726151870567.2363,-0.96154785156,0.13781738281,-0.16455078125
1726151870576.0,-0.96154785156,0.13781738281,-0.16455078125
1726151870584.458,-0.96154785156,0.13781738281,-0.16455078125
1726151870593.1604,-0.96154785156,0.13781738281,-0.16455078125
1726151870601.9846,-0.96154785156,0.13781738281,-0.16455078125
1726151870615.7559,-0.93359375,0.20336914062,-0.13610839843
1726151870624.3357,-0.93359375,0.20336914062,-0.13610839843
1726151870633.0383,-0.93359375,0.20336914062,-0.13610839843
1726151870641.6792,-0.93359375,0.20336914062,-0.13610839843
1726151870650.3816,-0.93359375,0.20336914062,-0.13610839843
1726151870659.0227,-0.93359375,0.20336914062,-0.13610839843
1726151870667.6943,-0.93359375,0.20336914062,-0.13610839843
1726151870676.3357,-0.93359375,0.20336914062,-0.13610839843
1726151870685.038,-0.93359375,0.20336914062,-0.13610839843
1726151870698.626,-0.92578125,0.23083496093,-0.14892578125
1726151870707.1145,-0.92578125,0.23083496093,-0.14892578125
1726151870715.603,-0.92578125,0.23083496093,-0.14892578125
1726151870724.1523,-0.92578125,0.23083496093,-0.14892578125
1726151870732.641,-0.92578125,0.23083496093,-0.14892578125
1726151870741.1604,-0.92578125,0.23083496093,-0.14892578125
1726151870749.6794,-0.92578125,0.23083496093,-0.14892578125
1726151870758.229,-0.92578125,0.23083496093,-0.14892578125
1726151870766.7175,-0.92578125,0.23083496093,-0.14892578125
1726151870780.183,-0.94604492187,0.24780273437,-0.18298339843
1726151870788.977,-0.94604492187,0.24780273437,-0.18298339843
1726151870797.7708,-0.94604492187,0.24780273437,-0.18298339843
1726151870806.5037,-0.94604492187,0.24780273437,-0.18298339843
1726151870815.3284,-0.94604492187,0.24780273437,-0.18298339843
1726151870824.0916,-0.94604492187,0.24780273437,-0.18298339843
1726151870832.916,-0.94604492187,0.24780273437,-0.18298339843
1726151870841.6184,-0.94604492187,0.24780273437,-0.18298339843
1726151870855.359,-1.01184082031,0.26513671875,-0.20520019531
1726151870864.1523,-1.01184082031,0.26513671875,-0.20520019531
1726151870872.916,-1.01184082031,0.26513671875,-0.20520019531
1726151870881.618,-1.01184082031,0.26513671875,-0.20520019531
1726151870890.351,-1.01184082031,0.26513671875,-0.20520019531
1726151870899.1755,-1.01184082031,0.26513671875,-0.20520019531
1726151870908.3054,-1.01184082031,0.26513671875,-0.20520019531
1726151870917.1296,-1.01184082031,0.26513671875,-0.20520019531
1726151870925.893,-1.01184082031,0.26513671875,-0.20520019531
1726151870939.664,-1.10717773437,0.28881835937,-0.22705078125
1726151870948.3054,-1.10717773437,0.28881835937,-0.22705078125
1726151870957.099,-1.10717773437,0.28881835937,-0.22705078125
1726151870965.8623,-1.10717773437,0.28881835937,-0.22705078125
1726151870974.6565,-1.10717773437,0.28881835937,-0.22705078125
1726151870983.4504,-1.10717773437,0.28881835937,-0.22705078125
1726151870992.2136,-1.10717773437,0.28881835937,-0.22705078125
1726151871001.038,-1.10717773437,0.28881835937,-0.22705078125
1726151871014.7175,-1.1015625,0.30920410156,-0.24548339843
1726151871023.3894,-1.1015625,0.30920410156,-0.24548339843
1726151871032.0305,-1.1015625,0.30920410156,-0.24548339843
1726151871040.733,-1.1015625,0.30920410156,-0.24548339843
1726151871049.374,-1.1015625,0.30920410156,-0.24548339843
1726151871058.0151,-1.1015625,0.30920410156,-0.24548339843
1726151871066.6565,-1.1015625,0.30920410156,-0.24548339843
1726151871075.3284,-1.1015625,0.30920410156,-0.24548339843
1726151871083.9692,-1.1015625,0.30920410156,-0.24548339843
1726151871097.6487,-0.94360351562,0.28540039062,-0.2509765625
1726151871106.351,-0.94360351562,0.28540039062,-0.2509765625
1726151871115.145,-0.94360351562,0.28540039062,-0.2509765625
1726151871123.8777,-0.94360351562,0.28540039062,-0.2509765625
1726151871132.6719,-0.94360351562,0.28540039062,-0.2509765625
1726151871141.2517,-0.94360351562,0.28540039062,-0.2509765625
1726151871150.0151,-0.94360351562,0.28540039062,-0.2509765625
1726151871158.7783,-0.94360351562,0.28540039062,-0.2509765625
1726151871167.5115,-0.94360351562,0.28540039062,-0.2509765625
1726151871181.2825,-0.90026855468,0.24719238281,-0.23583984375
1726151871190.046,-0.90026855468,0.24719238281,-0.23583984375
1726151871198.8396,-0.90026855468,0.24719238281,-0.23583984375
1726151871207.6335,-0.90026855468,0.24719238281,-0.23583984375
1726151871216.458,-0.90026855468,0.24719238281,-0.23583984375
1726151871225.191,-0.90026855468,0.24719238281,-0.23583984375
1726151871234.0151,-0.90026855468,0.24719238281,-0.23583984375
1726151871242.7783,-0.90026855468,0.24719238281,-0.23583984375
1726151871256.58,-0.955078125,0.2470703125,-0.24548339843
1726151871265.191,-0.955078125,0.2470703125,-0.24548339843
1726151871273.9236,-0.955078125,0.2470703125,-0.24548339843
1726151871282.5955,-0.955078125,0.2470703125,-0.24548339843
1726151871291.664,-0.955078125,0.2470703125,-0.24548339843
1726151871300.275,-0.955078125,0.2470703125,-0.24548339843
1726151871308.9463,-0.955078125,0.2470703125,-0.24548339843
1726151871317.6487,-0.955078125,0.2470703125,-0.24548339843
1726151871326.29,-0.955078125,0.2470703125,-0.24548339843
1726151871339.9387,-0.92224121093,0.2939453125,-0.27697753906
1726151871348.6716,-0.92224121093,0.2939453125,-0.27697753906
1726151871357.4353,-0.92224121093,0.2939453125,-0.27697753906
1726151871366.1375,-0.92224121093,0.2939453125,-0.27697753906
1726151871374.9312,-0.92224121093,0.2939453125,-0.27697753906
1726151871383.6335,-0.92224121093,0.2939453125,-0.27697753906
1726151871392.3967,-0.92224121093,0.2939453125,-0.27697753906
1726151871401.1296,-0.92224121093,0.2939453125,-0.27697753906
1726151871414.8704,-0.85266113281,0.34704589843,-0.27404785156
1726151871423.603,-0.85266113281,0.34704589843,-0.27404785156
1726151871432.3967,-0.85266113281,0.34704589843,-0.27404785156
1726151871441.16,-0.85266113281,0.34704589843,-0.27404785156
1726151871449.8933,-0.85266113281,0.34704589843,-0.27404785156
1726151871458.6565,-0.85266113281,0.34704589843,-0.27404785156
1726151871467.4504,-0.85266113281,0.34704589843,-0.27404785156
1726151871476.244,-0.85266113281,0.34704589843,-0.27404785156
1726151871484.916,-0.85266113281,0.34704589843,-0.27404785156
1726151871498.626,-0.82336425781,0.39270019531,-0.27258300781
1726151871507.359,-0.82336425781,0.39270019531,-0.27258300781
1726151871516.1523,-0.82336425781,0.39270019531,-0.27258300781
1726151871524.916,-0.82336425781,0.39270019531,-0.27258300781
1726151871533.6487,-0.82336425781,0.39270019531,-0.27258300781
1726151871542.4124,-0.82336425781,0.39270019531,-0.27258300781
1726151871551.206,-0.82336425781,0.39270019531,-0.27258300781
1726151871559.9387,-0.82336425781,0.39270019531,-0.27258300781
1726151871568.702,-0.80139160156,0.41198730468,-0.29284667968
1726151871582.4124,-0.80139160156,0.41198730468,-0.29284667968
1726151871591.206,-0.80139160156,0.41198730468,-0.29284667968
1726151871599.9387,-0.80139160156,0.41198730468,-0.29284667968
1726151871608.702,-0.80139160156,0.41198730468,-0.29284667968
1726151871617.4658,-0.80139160156,0.41198730468,-0.29284667968
1726151871626.168,-0.80139160156,0.41198730468,-0.29284667968
1726151871634.8704,-0.80139160156,0.41198730468,-0.29284667968
1726151871643.6335,-0.80139160156,0.41198730468,-0.29284667968
1726151871657.4043,-0.76403808593,0.4208984375,-0.31372070312
1726151871666.1067,-0.76403808593,0.4208984375,-0.31372070312
1726151871675.267,-0.76403808593,0.4208984375,-0.31372070312
1726151871683.9695,-0.76403808593,0.4208984375,-0.31372070312
1726151871692.7634,-0.76403808593,0.4208984375,-0.31372070312
1726151871701.496,-0.76403808593,0.4208984375,-0.31372070312
1726151871710.168,-0.76403808593,0.4208984375,-0.31372070312
1726151871718.809,-0.76403808593,0.4208984375,-0.31372070312
1726151871727.5725,-0.76403808593,0.4208984375,-0.31372070312
1726151871741.2825,-0.78833007812,0.41882324218,-0.33081054687
1726151871750.1067,-0.78833007812,0.41882324218,-0.33081054687
1726151871758.87,-0.78833007812,0.41882324218,-0.33081054687
1726151871767.6643,-0.78833007812,0.41882324218,-0.33081054687
1726151871776.458,-0.78833007812,0.41882324218,-0.33081054687
1726151871785.191,-0.78833007812,0.41882324218,-0.33081054687
1726151871794.0151,-0.78833007812,0.41882324218,-0.33081054687
1726151871802.7788,-0.78833007812,0.41882324218,-0.33081054687
1726151871816.5496,-0.92468261718,0.41369628906,-0.33044433593
1726151871825.3435,-0.92468261718,0.41369628906,-0.33044433593
1726151871834.168,-0.92468261718,0.41369628906,-0.33044433593
1726151871842.87,-0.92468261718,0.41369628906,-0.33044433593
1726151871851.664,-0.92468261718,0.41369628906,-0.33044433593
1726151871860.3054,-0.92468261718,0.41369628906,-0.33044433593
1726151871869.1604,-0.92468261718,0.41369628906,-0.33044433593
1726151871877.9238,-0.92468261718,0.41369628906,-0.33044433593
1726151871886.6565,-0.92468261718,0.41369628906,-0.33044433593
1726151871900.3967,-1.01745605468,0.42590332031,-0.30627441406
1726151871909.191,-1.01745605468,0.42590332031,-0.30627441406
1726151871917.9846,-1.01745605468,0.42590332031,-0.30627441406
1726151871926.7783,-1.01745605468,0.42590332031,-0.30627441406
1726151871935.603,-1.01745605468,0.42590332031,-0.30627441406
1726151871944.336,-1.01745605468,0.42590332031,-0.30627441406
1726151871953.0078,-1.01745605468,0.42590332031,-0.30627441406
1726151871961.6487,-1.01745605468,0.42590332031,-0.30627441406
1726151871975.4197,-0.92944335937,0.42944335937,-0.26574707031
1726151871984.183,-0.92944335937,0.42944335937,-0.26574707031
1726151871993.0076,-0.92944335937,0.42944335937,-0.26574707031
1726151872001.7405,-0.92944335937,0.42944335937,-0.26574707031
1726151872010.5647,-0.92944335937,0.42944335937,-0.26574707031
1726151872019.3284,-0.92944335937,0.42944335937,-0.26574707031
1726151872028.122,-0.92944335937,0.42944335937,-0.26574707031
1726151872036.8547,-0.92944335937,0.42944335937,-0.26574707031
1726151872045.6487,-0.92944335937,0.42944335937,-0.26574707031
1726151872059.7559,-0.88842773437,0.42175292968,-0.22399902343
1726151872068.4883,-0.88842773437,0.42175292968,-0.22399902343
1726151872077.3127,-0.88842773437,0.42175292968,-0.22399902343
1726151872086.076,-0.88842773437,0.42175292968,-0.22399902343
1726151872094.809,-0.88842773437,0.42175292968,-0.22399902343
1726151872103.5725,-0.88842773437,0.42175292968,-0.22399902343
1726151872112.3967,-0.88842773437,0.42175292968,-0.22399902343
1726151872121.16,-0.88842773437,0.42175292968,-0.22399902343
1726151872134.8398,-0.99743652343,0.37023925781,-0.15966796875
1726151872143.5115,-0.99743652343,0.37023925781,-0.15966796875
1726151872152.336,-0.99743652343,0.37023925781,-0.15966796875
1726151872160.977,-0.99743652343,0.37023925781,-0.15966796875
1726151872169.7708,-0.99743652343,0.37023925781,-0.15966796875
1726151872178.5647,-0.99743652343,0.37023925781,-0.15966796875
1726151872187.3894,-0.99743652343,0.37023925781,-0.15966796875
1726151872196.1523,-0.99743652343,0.37023925781,-0.15966796875
1726151872204.977,-0.99743652343,0.37023925781,-0.15966796875
1726151872218.748,-1.02331542968,0.28881835937,-0.11401367187
1726151872227.4504,-1.02331542968,0.28881835937,-0.11401367187
1726151872236.2747,-1.02331542968,0.28881835937,-0.11401367187
1726151872245.0383,-1.02331542968,0.28881835937,-0.11401367187
1726151872253.832,-1.02331542968,0.28881835937,-0.11401367187
1726151872262.504,-1.02331542968,0.28881835937,-0.11401367187
1726151872271.206,-1.02331542968,0.28881835937,-0.11401367187
1726151872279.9084,-1.02331542968,0.28881835937,-0.11401367187
1726151872288.7327,-0.970703125,0.24877929687,-0.1240234375
1726151872302.3513,-0.970703125,0.24877929687,-0.1240234375
1726151872311.084,-0.970703125,0.24877929687,-0.1240234375
1726151872319.6643,-0.970703125,0.24877929687,-0.1240234375
1726151872328.3967,-0.970703125,0.24877929687,-0.1240234375
1726151872337.0688,-0.970703125,0.24877929687,-0.1240234375
1726151872345.7708,-0.970703125,0.24877929687,-0.1240234375
1726151872354.4429,-0.970703125,0.24877929687,-0.1240234375
1726151872363.1755,-0.970703125,0.24877929687,-0.1240234375
1726151872376.8245,-0.962890625,0.26342773437,-0.13916015625
1726151872385.5266,-0.962890625,0.26342773437,-0.13916015625
1726151872394.2595,-0.962890625,0.26342773437,-0.13916015625
1726151872402.9312,-0.962890625,0.26342773437,-0.13916015625
1726151872411.664,-0.962890625,0.26342773437,-0.13916015625
1726151872420.2136,-0.962890625,0.26342773437,-0.13916015625
1726151872428.916,-0.962890625,0.26342773437,-0.13916015625
1726151872437.9236,-0.962890625,0.26342773437,-0.13916015625
1726151872446.6565,-0.962890625,0.26342773437,-0.13916015625
1726151872460.2747,-0.970703125,0.30163574218,-0.14611816406
1726151872469.0078,-0.970703125,0.30163574218,-0.14611816406
1726151872477.5876,-0.970703125,0.30163574218,-0.14611816406
1726151872486.3513,-0.970703125,0.30163574218,-0.14611816406
1726151872495.0227,-0.970703125,0.30163574218,-0.14611816406
1726151872503.7559,-0.970703125,0.30163574218,-0.14611816406
1726151872512.3967,-0.970703125,0.30163574218,-0.14611816406
1726151872521.13,-0.970703125,0.30163574218,-0.14611816406
1726151872534.748,-0.98364257812,0.34130859375,-0.15356445312
1726151872543.4807,-0.98364257812,0.34130859375,-0.15356445312
1726151872552.2747,-0.98364257812,0.34130859375,-0.15356445312
1726151872561.0383,-0.98364257812,0.34130859375,-0.15356445312
1726151872569.8623,-0.98364257812,0.34130859375,-0.15356445312
1726151872587.45,-0.98364257812,0.34130859375,-0.15356445312
1726151872596.2139,-0.98364257812,0.34130859375,-0.15356445312
1726151872604.9463,-0.98364257812,0.34130859375,-0.15356445312
1726151872618.7175,-1.01794433593,0.36389160156,-0.15710449218
1726151872627.4504,-1.01794433593,0.36389160156,-0.15710449218
1726151872636.275,-1.01794433593,0.36389160156,-0.15710449218
1726151872645.038,-1.01794433593,0.36389160156,-0.15710449218
1726151872653.832,-1.01794433593,0.36389160156,-0.15710449218
1726151872662.5037,-1.01794433593,0.36389160156,-0.15710449218
1726151872671.3284,-1.01794433593,0.36389160156,-0.15710449218
1726151872680.1523,-1.01794433593,0.36389160156,-0.15710449218
1726151872688.916,-1.115234375,0.3359375,-0.16076660156
1726151872702.412,-1.115234375,0.3359375,-0.16076660156
1726151872710.901,-1.115234375,0.3359375,-0.16076660156
1726151872719.5115,-1.115234375,0.3359375,-0.16076660156
1726151872728.061,-1.115234375,0.3359375,-0.16076660156
1726151872736.702,-1.115234375,0.3359375,-0.16076660156
1726151872745.2214,-1.115234375,0.3359375,-0.16076660156
1726151872753.8623,-1.115234375,0.3359375,-0.16076660156
1726151872762.4124,-1.115234375,0.3359375,-0.16076660156
1726151872776.0,-1.09387207031,0.27185058593,-0.1865234375
1726151872784.3054,-1.09387207031,0.27185058593,-0.1865234375
1726151872793.038,-1.09387207031,0.27185058593,-0.1865234375
1726151872801.6794,-1.09387207031,0.27185058593,-0.1865234375
1726151872810.5955,-1.09387207031,0.27185058593,-0.1865234375
1726151872819.4807,-1.09387207031,0.27185058593,-0.1865234375
1726151872828.183,-1.09387207031,0.27185058593,-0.1865234375
1726151872836.8547,-1.09387207031,0.27185058593,-0.1865234375
1726151872845.5571,-1.09387207031,0.27185058593,-0.1865234375
1726151872859.2063,-0.91711425781,0.17834472656,-0.19738769531
1726151872867.9695,-0.91711425781,0.17834472656,-0.19738769531
1726151872876.733,-0.91711425781,0.17834472656,-0.19738769531
1726151872885.496,-0.91711425781,0.17834472656,-0.19738769531
1726151872894.1375,-0.91711425781,0.17834472656,-0.19738769531
1726151872902.9312,-0.91711425781,0.17834472656,-0.19738769531
1726151872911.725,-0.91711425781,0.17834472656,-0.19738769531
1726151872920.458,-0.91711425781,0.17834472656,-0.19738769531
1726151872929.191,-0.91284179687,0.087890625,-0.14904785156
1726151872942.8396,-0.91284179687,0.087890625,-0.14904785156
1726151872951.542,-0.91284179687,0.087890625,-0.14904785156
1726151872960.183,-0.91284179687,0.087890625,-0.14904785156
1726151872968.8855,-0.91284179687,0.087890625,-0.14904785156
1726151872977.5571,-0.91284179687,0.087890625,-0.14904785156
1726151872986.2595,-0.91284179687,0.087890625,-0.14904785156
1726151872994.9312,-0.91284179687,0.087890625,-0.14904785156
1726151873003.664,-0.91284179687,0.087890625,-0.14904785156
1726151873017.1604,-0.95642089843,-0.00817871093,-0.16638183593
1726151873025.9849,-0.95642089843,-0.00817871093,-0.16638183593
1726151873034.748,-0.95642089843,-0.00817871093,-0.16638183593
1726151873043.4807,-0.95642089843,-0.00817871093,-0.16638183593
1726151873052.2747,-0.95642089843,-0.00817871093,-0.16638183593
1726151873061.0688,-0.95642089843,-0.00817871093,-0.16638183593
1726151873069.8623,-0.95642089843,-0.00817871093,-0.16638183593
1726151873078.687,-0.95642089843,-0.00817871093,-0.16638183593
1726151873087.5115,-0.95642089843,-0.00817871093,-0.16638183593
1726151873101.252,-0.9697265625,0.01965332031,-0.1796875
1726151873109.8623,-0.9697265625,0.01965332031,-0.1796875
1726151873118.4731,-0.9697265625,0.01965332031,-0.1796875
1726151873127.145,-0.9697265625,0.01965332031,-0.1796875
1726151873135.7559,-0.9697265625,0.01965332031,-0.1796875
1726151873144.3665,-0.9697265625,0.01965332031,-0.1796875
1726151873152.977,-0.9697265625,0.01965332031,-0.1796875
1726151873161.6487,-0.9697265625,0.01965332031,-0.1796875
1726151873175.267,-0.96557617187,0.05029296875,-0.20361328125
1726151873184.0,-0.96557617187,0.05029296875,-0.20361328125
1726151873192.6108,-0.96557617187,0.05029296875,-0.20361328125
1726151873201.3127,-0.96557617187,0.05029296875,-0.20361328125
1726151873209.9543,-0.96557617187,0.05029296875,-0.20361328125
1726151873218.6565,-0.96557617187,0.05029296875,-0.20361328125
1726151873227.3284,-0.96557617187,0.05029296875,-0.20361328125
1726151873236.0305,-0.96557617187,0.05029296875,-0.20361328125
1726151873244.6719,-0.96557617187,0.05029296875,-0.20361328125
1726151873258.168,-0.94689941406,0.07507324218,-0.21374511718
1726151873266.8704,-0.94689941406,0.07507324218,-0.21374511718
1726151873275.664,-0.94689941406,0.07507324218,-0.21374511718
1726151873284.3054,-0.94689941406,0.07507324218,-0.21374511718
1726151873293.1296,-0.94689941406,0.07507324218,-0.21374511718
1726151873301.8933,-0.94689941406,0.07507324218,-0.21374511718
1726151873310.7175,-0.94689941406,0.07507324218,-0.21374511718
1726151873319.542,-0.94689941406,0.07507324218,-0.21374511718
1726151873328.2747,-0.94689941406,0.07507324218,-0.21374511718
1726151873342.0764,-0.93408203125,0.11474609375,-0.20812988281
1726151873350.7783,-0.93408203125,0.11474609375,-0.20812988281
1726151873359.5725,-0.93408203125,0.11474609375,-0.20812988281
1726151873368.3054,-0.93408203125,0.11474609375,-0.20812988281
1726151873377.099,-0.93408203125,0.11474609375,-0.20812988281
1726151873385.832,-0.93408203125,0.11474609375,-0.20812988281
1726151873394.5344,-0.93408203125,0.11474609375,-0.20812988281
1726151873403.267,-0.93408203125,0.11474609375,-0.20812988281
1726151873417.038,-0.94372558593,0.14367675781,-0.2001953125
1726151873425.71,-0.94372558593,0.14367675781,-0.2001953125
1726151873434.4429,-0.94372558593,0.14367675781,-0.2001953125
1726151873443.145,-0.94372558593,0.14367675781,-0.2001953125
1726151873451.9084,-0.94372558593,0.14367675781,-0.2001953125
1726151873460.641,-0.94372558593,0.14367675781,-0.2001953125
1726151873469.4048,-0.94372558593,0.14367675781,-0.2001953125
1726151873478.168,-0.94372558593,0.14367675781,-0.2001953125
1726151873486.809,-0.94372558593,0.14367675781,-0.2001953125
1726151873500.5496,-1.02014160156,0.15393066406,-0.1923828125
1726151873509.2825,-1.02014160156,0.15393066406,-0.1923828125
1726151873518.046,-1.02014160156,0.15393066406,-0.1923828125
1726151873526.7788,-1.02014160156,0.15393066406,-0.1923828125
1726151873535.542,-1.02014160156,0.15393066406,-0.1923828125
1726151873544.2444,-1.02014160156,0.15393066406,-0.1923828125
1726151873553.038,-1.02014160156,0.15393066406,-0.1923828125
1726151873561.7405,-1.02014160156,0.15393066406,-0.1923828125
1726151873575.878,-1.13293457031,0.17651367187,-0.17626953125
1726151873584.641,-1.13293457031,0.17651367187,-0.17626953125
1726151873593.4656,-1.13293457031,0.17651367187,-0.17626953125
1726151873602.2595,-1.13293457031,0.17651367187,-0.17626953125
1726151873611.084,-1.13293457031,0.17651367187,-0.17626953125
1726151873619.817,-1.13293457031,0.17651367187,-0.17626953125
1726151873628.6104,-1.13293457031,0.17651367187,-0.17626953125
1726151873637.4353,-1.13293457031,0.17651367187,-0.17626953125
1726151873646.1985,-1.13293457031,0.17651367187,-0.17626953125
1726151873660.0,-1.08435058593,0.17761230468,-0.16455078125
1726151873668.3665,-1.08435058593,0.17761230468,-0.16455078125
1726151873677.1907,-1.08435058593,0.17761230468,-0.16455078125
1726151873685.954,-1.08435058593,0.17761230468,-0.16455078125
1726151873694.748,-1.08435058593,0.17761230468,-0.16455078125
1726151873703.42,-1.08435058593,0.17761230468,-0.16455078125
1726151873712.183,-1.08435058593,0.17761230468,-0.16455078125
1726151873720.9463,-1.08435058593,0.17761230468,-0.16455078125
1726151873734.7175,-1.00854492187,0.15625,-0.15173339843
1726151873743.3284,-1.00854492187,0.15625,-0.15173339843
1726151873751.9387,-1.00854492187,0.15625,-0.15173339843
1726151873760.519,-1.00854492187,0.15625,-0.15173339843
1726151873769.1296,-1.00854492187,0.15625,-0.15173339843
1726151873777.71,-1.00854492187,0.15625,-0.15173339843
1726151873786.2903,-1.00854492187,0.15625,-0.15173339843
1726151873794.87,-1.00854492187,0.15625,-0.15173339843
1726151873803.4504,-1.00854492187,0.15625,-0.15173339843
1726151873817.0076,-1.03466796875,0.16723632812,-0.12487792968
1726151873825.832,-1.03466796875,0.16723632812,-0.12487792968
1726151873834.5647,-1.03466796875,0.16723632812,-0.12487792968
1726151873843.328,-1.03466796875,0.16723632812,-0.12487792968
1726151873852.0,-1.03466796875,0.16723632812,-0.12487792968
1726151873860.4275,-1.03466796875,0.16723632812,-0.12487792968
1726151873869.252,-1.03466796875,0.16723632812,-0.12487792968
1726151873877.9543,-1.03466796875,0.16723632812,-0.12487792968
1726151873886.7783,-1.03466796875,0.16723632812,-0.12487792968
1726151873900.5496,-1.01672363281,0.17651367187,-0.10412597656
1726151873909.374,-1.01672363281,0.17651367187,-0.10412597656
1726151873918.1067,-1.01672363281,0.17651367187,-0.10412597656
1726151873926.9312,-1.01672363281,0.17651367187,-0.10412597656
1726151873935.725,-1.01672363281,0.17651367187,-0.10412597656
1726151873944.58,-1.01672363281,0.17651367187,-0.10412597656
1726151873953.6184,-1.01672363281,0.17651367187,-0.10412597656
1726151873962.4426,-1.01672363281,0.17651367187,-0.10412597656
1726151873976.183,-0.98217773437,0.1787109375,-0.10900878906
1726151873984.916,-0.98217773437,0.1787109375,-0.10900878906
1726151873993.6487,-0.98217773437,0.1787109375,-0.10900878906
1726151874002.3816,-0.98217773437,0.1787109375,-0.10900878906
1726151874011.1755,-0.98217773437,0.1787109375,-0.10900878906
1726151874019.9084,-0.98217773437,0.1787109375,-0.10900878906
1726151874028.702,-0.98217773437,0.1787109375,-0.10900878906
1726151874037.4043,-0.98217773437,0.1787109375,-0.10900878906
1726151874046.1985,-0.98217773437,0.1787109375,-0.10900878906
1726151874059.9084,-0.94213867187,0.23083496093,-0.14672851562
1726151874068.7327,-0.94213867187,0.23083496093,-0.14672851562
1726151874077.4963,-0.94213867187,0.23083496093,-0.14672851562
1726151874086.3203,-0.94213867187,0.23083496093,-0.14672851562
1726151874095.084,-0.94213867187,0.23083496093,-0.14672851562
1726151874103.8167,-0.94213867187,0.23083496093,-0.14672851562
1726151874112.641,-0.94213867187,0.23083496093,-0.14672851562
1726151874121.435,-0.94213867187,0.23083496093,-0.14672851562
1726151874135.1755,-0.90368652343,0.30932617187,-0.21228027343
1726151874143.9695,-0.90368652343,0.30932617187,-0.21228027343
1726151874152.8245,-0.90368652343,0.30932617187,-0.21228027343
1726151874161.5876,-0.90368652343,0.30932617187,-0.21228027343
1726151874170.4124,-0.90368652343,0.30932617187,-0.21228027343
1726151874179.206,-0.90368652343,0.30932617187,-0.21228027343
1726151874188.0,-0.90368652343,0.30932617187,-0.21228027343
1726151874196.3967,-0.90368652343,0.30932617187,-0.21228027343
1726151874205.252,-0.90368652343,0.30932617187,-0.21228027343
1726151874218.9312,-0.91174316406,0.37719726562,-0.26159667968
1726151874227.7559,-0.91174316406,0.37719726562,-0.26159667968
1726151874236.458,-0.91174316406,0.37719726562,-0.26159667968
1726151874245.252,-0.91174316406,0.37719726562,-0.26159667968
1726151874254.0151,-0.91174316406,0.37719726562,-0.26159667968
1726151874262.809,-0.91174316406,0.37719726562,-0.26159667968
1726151874271.6335,-0.91174316406,0.37719726562,-0.26159667968
1726151874280.4275,-0.91174316406,0.37719726562,-0.26159667968
1726151874289.2517,-0.91174316406,0.37719726562,-0.26159667968
1726151874302.9924,-0.96142578125,0.43798828125,-0.27722167968
1726151874311.8167,-0.96142578125,0.43798828125,-0.27722167968
1726151874320.6108,-0.96142578125,0.43798828125,-0.27722167968
1726151874329.496,-0.96142578125,0.43798828125,-0.27722167968
1726151874338.5344,-0.96142578125,0.43798828125,-0.27722167968
1726151874347.3892,-0.96142578125,0.43798828125,-0.27722167968
1726151874356.1528,-0.96142578125,0.43798828125,-0.27722167968
1726151874364.977,-0.96142578125,0.43798828125,-0.27722167968
1726151874378.7788,-1.01489257812,0.47058105468,-0.28344726562
1726151874387.5725,-1.01489257812,0.47058105468,-0.28344726562
1726151874396.3967,-1.01489257812,0.47058105468,-0.28344726562
1726151874405.2214,-1.01489257812,0.47058105468,-0.28344726562
1726151874414.046,-1.01489257812,0.47058105468,-0.28344726562
1726151874422.809,-1.01489257812,0.47058105468,-0.28344726562
1726151874431.6335,-1.01489257812,0.47058105468,-0.28344726562
1726151874440.4275,-1.01489257812,0.47058105468,-0.28344726562
1726151874449.252,-1.01489257812,0.47058105468,-0.28344726562
1726151874462.9312,-0.94702148437,0.45971679687,-0.30310058593
1726151874471.7559,-0.94702148437,0.45971679687,-0.30310058593
1726151874480.458,-0.94702148437,0.45971679687,-0.30310058593
1726151874489.252,-0.94702148437,0.45971679687,-0.30310058593
1726151874497.954,-0.94702148437,0.45971679687,-0.30310058593
1726151874506.7175,-0.94702148437,0.45971679687,-0.30310058593
1726151874515.542,-0.94702148437,0.45971679687,-0.30310058593
1726151874524.275,-0.94702148437,0.45971679687,-0.30310058593
1726151874538.046,-0.86535644531,0.42956542968,-0.30493164062
1726151874546.7783,-0.86535644531,0.42956542968,-0.30493164062
1726151874555.5725,-0.86535644531,0.42956542968,-0.30493164062
1726151874564.336,-0.86535644531,0.42956542968,-0.30493164062
1726151874573.0076,-0.86535644531,0.42956542968,-0.30493164062
1726151874581.7708,-0.86535644531,0.42956542968,-0.30493164062
1726151874590.5647,-0.86535644531,0.42956542968,-0.30493164062
1726151874599.3284,-0.86535644531,0.42956542968,-0.30493164062
1726151874608.1523,-0.86535644531,0.42956542968,-0.30493164062
1726151874621.8623,-0.88562011718,0.41662597656,-0.28601074218
1726151874630.6565,-0.88562011718,0.41662597656,-0.28601074218
1726151874639.4197,-0.88562011718,0.41662597656,-0.28601074218
1726151874648.2136,-0.88562011718,0.41662597656,-0.28601074218
1726151874657.0383,-0.88562011718,0.41662597656,-0.28601074218
1726151874665.8015,-0.88562011718,0.41662597656,-0.28601074218
1726151874674.5955,-0.88562011718,0.41662597656,-0.28601074218
1726151874683.3586,-0.88562011718,0.41662597656,-0.28601074218
1726151874697.16,-0.86169433593,0.43664550781,-0.29077148437
1726151874705.8015,-0.86169433593,0.43664550781,-0.29077148437
1726151874714.992,-0.86169433593,0.43664550781,-0.29077148437
1726151874723.6335,-0.86169433593,0.43664550781,-0.29077148437
1726151874732.4275,-0.86169433593,0.43664550781,-0.29077148437
1726151874741.191,-0.86169433593,0.43664550781,-0.29077148437
1726151874750.0151,-0.86169433593,0.43664550781,-0.29077148437
1726151874758.748,-0.86169433593,0.43664550781,-0.29077148437
1726151874767.4807,-0.86169433593,0.43664550781,-0.29077148437
1726151874781.2214,-0.7890625,0.46362304687,-0.29711914062
1726151874789.893,-0.7890625,0.46362304687,-0.29711914062
1726151874798.504,-0.7890625,0.46362304687,-0.29711914062
1726151874807.0532,-0.7890625,0.46362304687,-0.29711914062
1726151874815.664,-0.7890625,0.46362304687,-0.29711914062
1726151874824.183,-0.7890625,0.46362304687,-0.29711914062
1726151874832.8245,-0.7890625,0.46362304687,-0.29711914062
1726151874841.4658,-0.7890625,0.46362304687,-0.29711914062
1726151874855.0227,-0.7353515625,0.49914550781,-0.30114746093
1726151874863.725,-0.7353515625,0.49914550781,-0.30114746093
1726151874872.4275,-0.7353515625,0.49914550781,-0.30114746093
1726151874881.099,-0.7353515625,0.49914550781,-0.30114746093
1726151874889.8015,-0.7353515625,0.49914550781,-0.30114746093
1726151874898.4731,-0.7353515625,0.49914550781,-0.30114746093
1726151874907.1755,-0.7353515625,0.49914550781,-0.30114746093
1726151874915.817,-0.7353515625,0.49914550781,-0.30114746093
1726151874924.5496,-0.7353515625,0.49914550781,-0.30114746093
1726151874938.168,-0.7060546875,0.53869628906,-0.31030273437
1726151874946.8704,-0.7060546875,0.53869628906,-0.31030273437
1726151874955.5725,-0.7060546875,0.53869628906,-0.31030273437
1726151874964.3054,-0.7060546875,0.53869628906,-0.31030273437
1726151874973.0076,-0.7060546875,0.53869628906,-0.31030273437
1726151874981.7708,-0.7060546875,0.53869628906,-0.31030273437
1726151874990.4429,-0.7060546875,0.53869628906,-0.31030273437
1726151874999.206,-0.7060546875,0.53869628906,-0.31030273437
1726151875007.878,-0.7060546875,0.53869628906,-0.31030273437
1726151875021.5571,-0.67260742187,0.55505371093,-0.33129882812
1726151875030.3203,-0.67260742187,0.55505371093,-0.33129882812
1726151875039.084,-0.67260742187,0.55505371093,-0.33129882812
1726151875047.786,-0.67260742187,0.55505371093,-0.33129882812
1726151875056.519,-0.67260742187,0.55505371093,-0.33129882812
1726151875065.3127,-0.67260742187,0.55505371093,-0.33129882812
1726151875074.046,-0.67260742187,0.55505371093,-0.33129882812
1726151875082.809,-0.67260742187,0.55505371093,-0.33129882812
1726151875096.8855,-0.64672851562,0.58142089843,-0.36608886718
1726151875105.6792,-0.64672851562,0.58142089843,-0.36608886718
1726151875114.4429,-0.64672851562,0.58142089843,-0.36608886718
1726151875123.267,-0.64672851562,0.58142089843,-0.36608886718
1726151875132.0305,-0.64672851562,0.58142089843,-0.36608886718
1726151875140.8242,-0.64672851562,0.58142089843,-0.36608886718
1726151875149.496,-0.64672851562,0.58142089843,-0.36608886718
1726151875158.1982,-0.64672851562,0.58142089843,-0.36608886718
1726151875166.9312,-0.64672851562,0.58142089843,-0.36608886718
1726151875180.702,-0.6533203125,0.6240234375,-0.4072265625
1726151875189.2825,-0.6533203125,0.6240234375,-0.4072265625
1726151875197.9846,-0.6533203125,0.6240234375,-0.4072265625
1726151875206.5955,-0.6533203125,0.6240234375,-0.4072265625
1726151875215.267,-0.6533203125,0.6240234375,-0.4072265625
1726151875223.9084,-0.6533203125,0.6240234375,-0.4072265625
1726151875232.58,-0.6533203125,0.6240234375,-0.4072265625
1726151875241.1604,-0.6533203125,0.6240234375,-0.4072265625
1726151875249.8015,-0.68566894531,0.65417480468,-0.43481445312
1726151875263.542,-0.68566894531,0.65417480468,-0.43481445312
1726151875272.244,-0.68566894531,0.65417480468,-0.43481445312
1726151875280.977,-0.68566894531,0.65417480468,-0.43481445312
1726151875289.7405,-0.68566894531,0.65417480468,-0.43481445312
1726151875298.5344,-0.68566894531,0.65417480468,-0.43481445312
1726151875307.328,-0.68566894531,0.65417480468,-0.43481445312
1726151875315.9695,-0.68566894531,0.65417480468,-0.43481445312
1726151875324.7327,-0.68566894531,0.65417480468,-0.43481445312
1726151875338.4731,-0.75073242187,0.6630859375,-0.42895507812
1726151875347.206,-0.75073242187,0.6630859375,-0.42895507812
1726151875355.9387,-0.75073242187,0.6630859375,-0.42895507812
1726151875364.641,-0.75073242187,0.6630859375,-0.42895507812
1726151875373.4043,-0.75073242187,0.6630859375,-0.42895507812
1726151875382.1067,-0.75073242187,0.6630859375,-0.42895507812
1726151875390.8704,-0.75073242187,0.6630859375,-0.42895507812
1726151875399.5725,-0.75073242187,0.6630859375,-0.42895507812
1726151875408.336,-0.75073242187,0.6630859375,-0.42895507812
1726151875430.901,-0.85302734375,0.64111328125,-0.38244628906
1726151875439.6335,-0.85302734375,0.64111328125,-0.38244628906
1726151875448.458,-0.85302734375,0.64111328125,-0.38244628906
1726151875457.16,-0.85302734375,0.64111328125,-0.38244628906
1726151875465.8623,-0.85302734375,0.64111328125,-0.38244628906
1726151875475.0227,-0.85302734375,0.64111328125,-0.38244628906
1726151875483.817,-0.85302734375,0.64111328125,-0.38244628906
1726151875497.5266,-0.85070800781,0.57568359375,-0.32946777343
1726151875506.3208,-0.85070800781,0.57568359375,-0.32946777343
1726151875515.0535,-0.85070800781,0.57568359375,-0.32946777343
1726151875523.8474,-0.85070800781,0.57568359375,-0.32946777343
1726151875532.58,-0.85070800781,0.57568359375,-0.32946777343
1726151875541.3127,-0.85070800781,0.57568359375,-0.32946777343
1726151875550.0457,-0.85070800781,0.57568359375,-0.32946777343
1726151875558.8398,-0.85070800781,0.57568359375,-0.32946777343
1726151875567.542,-0.85070800781,0.57568359375,-0.32946777343
1726151875581.2214,-0.82043457031,0.50036621093,-0.29541015625
1726151875590.0151,-0.82043457031,0.50036621093,-0.29541015625
1726151875598.7483,-0.82043457031,0.50036621093,-0.29541015625
1726151875607.5115,-0.82043457031,0.50036621093,-0.29541015625
1726151875616.2444,-0.82043457031,0.50036621093,-0.29541015625
1726151875625.038,-0.82043457031,0.50036621093,-0.29541015625
1726151875633.71,-0.82043457031,0.50036621093,-0.29541015625
1726151875642.4731,-0.82043457031,0.50036621093,-0.29541015625
1726151875656.1528,-0.904296875,0.45690917968,-0.24609375
1726151875664.7634,-0.904296875,0.45690917968,-0.24609375
1726151875673.3435,-0.904296875,0.45690917968,-0.24609375
1726151875681.954,-0.904296875,0.45690917968,-0.24609375
1726151875690.4731,-0.904296875,0.45690917968,-0.24609375
1726151875699.084,-0.904296875,0.45690917968,-0.24609375
1726151875707.5725,-0.904296875,0.45690917968,-0.24609375
1726151875716.183,-0.904296875,0.45690917968,-0.24609375
1726151875724.7634,-0.904296875,0.45690917968,-0.24609375
1726151875738.351,-0.89611816406,0.41650390625,-0.20288085937
1726151875747.1145,-0.89611816406,0.41650390625,-0.20288085937
1726151875755.9084,-0.89611816406,0.41650390625,-0.20288085937
1726151875764.641,-0.89611816406,0.41650390625,-0.20288085937
1726151875773.4656,-0.89611816406,0.41650390625,-0.20288085937
1726151875782.2595,-0.89611816406,0.41650390625,-0.20288085937
1726151875790.992,-0.89611816406,0.41650390625,-0.20288085937
1726151875799.664,-0.89611816406,0.41650390625,-0.20288085937
1726151875808.3052,-0.89611816406,0.41650390625,-0.20288085937
1726151875822.046,-0.91772460937,0.43347167968,-0.18212890625
1726151875830.748,-0.91772460937,0.43347167968,-0.18212890625
1726151875839.4504,-0.91772460937,0.43347167968,-0.18212890625
1726151875848.2136,-0.91772460937,0.43347167968,-0.18212890625
1726151875857.1604,-0.91772460937,0.43347167968,-0.18212890625
1726151875866.076,-0.91772460937,0.43347167968,-0.18212890625
1726151875874.809,-0.91772460937,0.43347167968,-0.18212890625
1726151875883.5725,-0.91772460937,0.43347167968,-0.18212890625
1726151875897.3435,-0.95275878906,0.44445800781,-0.16003417968
1726151875906.0764,-0.95275878906,0.44445800781,-0.16003417968
1726151875914.8704,-0.95275878906,0.44445800781,-0.16003417968
1726151875923.603,-0.95275878906,0.44445800781,-0.16003417968
1726151875932.3967,-0.95275878906,0.44445800781,-0.16003417968
1726151875941.191,-0.95275878906,0.44445800781,-0.16003417968
1726151875949.9238,-0.95275878906,0.44445800781,-0.16003417968
1726151875958.6565,-0.95275878906,0.44445800781,-0.16003417968
1726151875967.3894,-0.95275878906,0.44445800781,-0.16003417968
1726151875981.1604,-0.94714355468,0.44018554687,-0.13708496093
1726151875989.9238,-0.94714355468,0.44018554687,-0.13708496093
1726151875998.6565,-0.94714355468,0.44018554687,-0.13708496093
1726151876007.42,-0.94714355468,0.44018554687,-0.13708496093
1726151876016.183,-0.94714355468,0.44018554687,-0.13708496093
1726151876024.9463,-0.94714355468,0.44018554687,-0.13708496093
1726151876033.7708,-0.94714355468,0.44018554687,-0.13708496093
1726151876042.5344,-0.94714355468,0.44018554687,-0.13708496093
1726151876056.3054,-0.97485351562,0.45178222656,-0.12231445312
1726151876065.0686,-0.97485351562,0.45178222656,-0.12231445312
1726151876073.8623,-0.97485351562,0.45178222656,-0.12231445312
1726151876082.626,-0.97485351562,0.45178222656,-0.12231445312
1726151876091.3894,-0.97485351562,0.45178222656,-0.12231445312
1726151876100.2139,-0.97485351562,0.45178222656,-0.12231445312
1726151876108.916,-0.97485351562,0.45178222656,-0.12231445312
1726151876117.6184,-0.97485351562,0.45178222656,-0.12231445312
1726151876126.3816,-0.97485351562,0.45178222656,-0.12231445312
1726151876140.183,-1.07421875,0.47485351562,-0.12158203125
1726151876148.8547,-1.07421875,0.47485351562,-0.12158203125
1726151876157.5571,-1.07421875,0.47485351562,-0.12158203125
1726151876166.229,-1.07421875,0.47485351562,-0.12158203125
1726151876174.962,-1.07421875,0.47485351562,-0.12158203125
1726151876183.603,-1.07421875,0.47485351562,-0.12158203125
1726151876192.3054,-1.07421875,0.47485351562,-0.12158203125
1726151876200.977,-1.07421875,0.47485351562,-0.12158203125
1726151876209.71,-1.07421875,0.47485351562,-0.12158203125
1726151876223.2976,-1.09143066406,0.4658203125,-0.15991210937
1726151876232.0,-1.09143066406,0.4658203125,-0.15991210937
1726151876240.6719,-1.09143066406,0.4658203125,-0.15991210937
1726151876249.2214,-1.09143066406,0.4658203125,-0.15991210937
1726151876257.8623,-1.09143066406,0.4658203125,-0.15991210937
1726151876266.5647,-1.09143066406,0.4658203125,-0.15991210937
1726151876275.206,-1.09143066406,0.4658203125,-0.15991210937
1726151876283.878,-1.09143066406,0.4658203125,-0.15991210937
1726151876297.496,-0.95031738281,0.37927246093,-0.22155761718
1726151876306.1982,-0.95031738281,0.37927246093,-0.22155761718
1726151876314.9312,-0.95031738281,0.37927246093,-0.22155761718
1726151876323.725,-0.95031738281,0.37927246093,-0.22155761718
1726151876332.5496,-0.95031738281,0.37927246093,-0.22155761718
1726151876341.3435,-0.95031738281,0.37927246093,-0.22155761718
1726151876350.168,-0.95031738281,0.37927246093,-0.22155761718
1726151876358.8398,-0.95031738281,0.37927246093,-0.22155761718
1726151876367.542,-0.95031738281,0.37927246093,-0.22155761718
1726151876381.2517,-0.90649414062,0.2294921875,-0.24194335937
1726151876390.046,-0.90649414062,0.2294921875,-0.24194335937
1726151876398.748,-0.90649414062,0.2294921875,-0.24194335937
1726151876407.4807,-0.90649414062,0.2294921875,-0.24194335937
1726151876416.2139,-0.90649414062,0.2294921875,-0.24194335937
1726151876424.9463,-0.90649414062,0.2294921875,-0.24194335937
1726151876433.6794,-0.90649414062,0.2294921875,-0.24194335937
1726151876442.4731,-0.90649414062,0.2294921875,-0.24194335937
1726151876456.183,-0.97668457031,0.08666992187,-0.23168945312
1726151876464.977,-0.97668457031,0.08666992187,-0.23168945312
1726151876473.8015,-0.97668457031,0.08666992187,-0.23168945312
1726151876482.5955,-0.97668457031,0.08666992187,-0.23168945312
1726151876491.4197,-0.97668457031,0.08666992187,-0.23168945312
1726151876500.183,-0.97668457031,0.08666992187,-0.23168945312
1726151876508.9773,-0.97668457031,0.08666992187,-0.23168945312
1726151876517.7405,-0.97668457031,0.08666992187,-0.23168945312
1726151876526.5647,-0.97668457031,0.08666992187,-0.23168945312
1726151876540.3054,-0.98449707031,0.02014160156,-0.21948242187
1726151876549.099,-0.98449707031,0.02014160156,-0.21948242187
1726151876557.832,-0.98449707031,0.02014160156,-0.21948242187
1726151876566.534,-0.98449707031,0.02014160156,-0.21948242187
1726151876575.2363,-0.98449707031,0.02014160156,-0.21948242187
1726151876584.0305,-0.98449707031,0.02014160156,-0.21948242187
1726151876592.7634,-0.98449707031,0.02014160156,-0.21948242187
1726151876601.5571,-0.98449707031,0.02014160156,-0.21948242187
1726151876610.351,-0.96301269531,0.04321289062,-0.21594238281
1726151876624.4883,-0.96301269531,0.04321289062,-0.21594238281
1726151876633.2825,-0.96301269531,0.04321289062,-0.21594238281
1726151876642.0457,-0.96301269531,0.04321289062,-0.21594238281
1726151876650.8704,-0.96301269531,0.04321289062,-0.21594238281
1726151876659.6335,-0.96301269531,0.04321289062,-0.21594238281
1726151876668.458,-0.96301269531,0.04321289062,-0.21594238281
1726151876677.16,-0.96301269531,0.04321289062,-0.21594238281
1726151876685.8623,-0.96301269531,0.04321289062,-0.21594238281
1726151876699.6335,-0.94262695312,0.10510253906,-0.23205566406
1726151876708.4275,-0.94262695312,0.10510253906,-0.23205566406
1726151876717.1907,-0.94262695312,0.10510253906,-0.23205566406
1726151876726.0151,-0.94262695312,0.10510253906,-0.23205566406
1726151876734.7783,-0.94262695312,0.10510253906,-0.23205566406
1726151876743.603,-0.94262695312,0.10510253906,-0.23205566406
1726151876752.4275,-0.94262695312,0.10510253906,-0.23205566406
1726151876761.191,-0.94262695312,0.10510253906,-0.23205566406
1726151876769.9846,-0.94262695312,0.10510253906,-0.23205566406
1726151876783.725,-0.91845703125,0.14953613281,-0.24060058593
1726151876792.5496,-0.91845703125,0.14953613281,-0.24060058593
1726151876801.3435,-0.91845703125,0.14953613281,-0.24060058593
1726151876810.168,-0.91845703125,0.14953613281,-0.24060058593
1726151876818.809,-0.91845703125,0.14953613281,-0.24060058593
1726151876827.6335,-0.91845703125,0.14953613281,-0.24060058593
1726151876836.4275,-0.91845703125,0.14953613281,-0.24060058593
1726151876845.2212,-0.91845703125,0.14953613281,-0.24060058593
1726151876858.962,-0.90930175781,0.16613769531,-0.23205566406
1726151876867.725,-0.90930175781,0.16613769531,-0.23205566406
1726151876876.4883,-0.90930175781,0.16613769531,-0.23205566406
1726151876885.3127,-0.90930175781,0.16613769531,-0.23205566406
1726151876894.1067,-0.90930175781,0.16613769531,-0.23205566406
1726151876902.87,-0.90930175781,0.16613769531,-0.23205566406
1726151876911.6335,-0.90930175781,0.16613769531,-0.23205566406
1726151876920.3967,-0.90930175781,0.16613769531,-0.23205566406
1726151876929.191,-0.90930175781,0.16613769531,-0.23205566406
1726151876942.9312,-0.93115234375,0.16967773437,-0.22180175781
1726151876951.7559,-0.93115234375,0.16967773437,-0.22180175781
1726151876960.458,-0.93115234375,0.16967773437,-0.22180175781
1726151876969.2214,-0.93115234375,0.16967773437,-0.22180175781
1726151876978.0151,-0.93115234375,0.16967773437,-0.22180175781
1726151876986.8398,-0.93115234375,0.16967773437,-0.22180175781
1726151876995.878,-0.93115234375,0.16967773437,-0.22180175781
1726151877004.6719,-0.93115234375,0.16967773437,-0.22180175781
1726151877018.2595,-0.99133300781,0.17138671875,-0.22326660156
1726151877027.0535,-0.99133300781,0.17138671875,-0.22326660156
1726151877035.878,-0.99133300781,0.17138671875,-0.22326660156
1726151877044.6108,-0.99133300781,0.17138671875,-0.22326660156
1726151877053.4043,-0.99133300781,0.17138671875,-0.22326660156
1726151877062.1375,-0.99133300781,0.17138671875,-0.22326660156
1726151877070.9617,-0.99133300781,0.17138671875,-0.22326660156
1726151877079.725,-0.99133300781,0.17138671875,-0.22326660156
1726151877088.519,-0.99133300781,0.17138671875,-0.22326660156
1726151877102.2595,-1.12158203125,0.20336914062,-0.23864746093
1726151877111.0535,-1.12158203125,0.20336914062,-0.23864746093
1726151877119.817,-1.12158203125,0.20336914062,-0.23864746093
1726151877128.641,-1.12158203125,0.20336914062,-0.23864746093
1726151877137.4048,-1.12158203125,0.20336914062,-0.23864746093
1726151877146.2595,-1.12158203125,0.20336914062,-0.23864746093
1726151877155.0227,-1.12158203125,0.20336914062,-0.23864746093
1726151877163.8474,-1.12158203125,0.20336914062,-0.23864746093
1726151877177.6487,-1.08837890625,0.21728515625,-0.24670410156
1726151877186.412,-1.08837890625,0.21728515625,-0.24670410156
1726151877195.1755,-1.08837890625,0.21728515625,-0.24670410156
1726151877203.9387,-1.08837890625,0.21728515625,-0.24670410156
1726151877212.7634,-1.08837890625,0.21728515625,-0.24670410156
1726151877221.5266,-1.08837890625,0.21728515625,-0.24670410156
1726151877230.3818,-1.08837890625,0.21728515625,-0.24670410156
1726151877239.084,-1.08837890625,0.21728515625,-0.24670410156
1726151877247.8474,-1.08837890625,0.21728515625,-0.24670410156
1726151877261.588,-0.99267578125,0.20080566406,-0.22241210937
1726151877270.3203,-0.99267578125,0.20080566406,-0.22241210937
1726151877279.084,-0.99267578125,0.20080566406,-0.22241210937
1726151877287.786,-0.99267578125,0.20080566406,-0.22241210937
1726151877296.519,-0.99267578125,0.20080566406,-0.22241210937
1726151877305.3127,-0.99267578125,0.20080566406,-0.22241210937
1726151877314.1375,-0.99267578125,0.20080566406,-0.22241210937
1726151877322.901,-0.99267578125,0.20080566406,-0.22241210937
1726151877336.641,-1.05346679687,0.18798828125,-0.15795898437
1726151877345.4043,-1.05346679687,0.18798828125,-0.15795898437
1726151877354.229,-1.05346679687,0.18798828125,-0.15795898437
1726151877362.992,-1.05346679687,0.18798828125,-0.15795898437
1726151877371.817,-1.05346679687,0.18798828125,-0.15795898437
1726151877380.8242,-1.05346679687,0.18798828125,-0.15795898437
1726151877389.5266,-1.05346679687,0.18798828125,-0.15795898437
1726151877398.3203,-1.05346679687,0.18798828125,-0.15795898437
1726151877407.1145,-1.05346679687,0.18798828125,-0.15795898437
1726151877420.8547,-1.06298828125,0.19970703125,-0.10168457031
1726151877429.6487,-1.06298828125,0.19970703125,-0.10168457031
1726151877438.4426,-1.06298828125,0.19970703125,-0.10168457031
1726151877447.2363,-1.06298828125,0.19970703125,-0.10168457031
1726151877456.061,-1.06298828125,0.19970703125,-0.10168457031
1726151877464.8245,-1.06298828125,0.19970703125,-0.10168457031
1726151877473.618,-1.06298828125,0.19970703125,-0.10168457031
1726151877482.3203,-1.06298828125,0.19970703125,-0.10168457031
1726151877496.0916,-0.99548339843,0.21459960937,-0.09533691406
1726151877504.8547,-0.99548339843,0.21459960937,-0.09533691406
1726151877513.6487,-0.99548339843,0.21459960937,-0.09533691406
1726151877522.4124,-0.99548339843,0.21459960937,-0.09533691406
1726151877531.206,-0.99548339843,0.21459960937,-0.09533691406
1726151877539.9084,-0.99548339843,0.21459960937,-0.09533691406
1726151877548.702,-0.99548339843,0.21459960937,-0.09533691406
1726151877557.4043,-0.99548339843,0.21459960937,-0.09533691406
1726151877566.1985,-0.99548339843,0.21459960937,-0.09533691406
1726151877579.9387,-0.92858886718,0.23498535156,-0.14038085937
1726151877588.7327,-0.92858886718,0.23498535156,-0.14038085937
1726151877597.4963,-0.92858886718,0.23498535156,-0.14038085937
1726151877606.29,-0.92858886718,0.23498535156,-0.14038085937
1726151877615.0535,-0.92858886718,0.23498535156,-0.14038085937
1726151877623.786,-0.92858886718,0.23498535156,-0.14038085937
1726151877632.58,-0.92858886718,0.23498535156,-0.14038085937
1726151877641.2517,-0.92858886718,0.23498535156,-0.14038085937
1726151877650.0764,-0.92858886718,0.23498535156,-0.14038085937
1726151877663.8167,-0.9150390625,0.30078125,-0.19055175781
1726151877672.458,-0.9150390625,0.30078125,-0.19055175781
1726151877681.0686,-0.9150390625,0.30078125,-0.19055175781
1726151877689.7405,-0.9150390625,0.30078125,-0.19055175781
1726151877698.351,-0.9150390625,0.30078125,-0.19055175781
1726151877707.0227,-0.9150390625,0.30078125,-0.19055175781
1726151877715.664,-0.9150390625,0.30078125,-0.19055175781
1726151877724.2139,-0.9150390625,0.30078125,-0.19055175781
1726151877737.7708,-0.9453125,0.36694335937,-0.22216796875
1726151877746.4731,-0.9453125,0.36694335937,-0.22216796875
1726151877755.4504,-0.9453125,0.36694335937,-0.22216796875
1726151877764.1223,-0.9453125,0.36694335937,-0.22216796875
1726151877772.7632,-0.9453125,0.36694335937,-0.22216796875
1726151877781.4656,-0.9453125,0.36694335937,-0.22216796875
1726151877790.1067,-0.9453125,0.36694335937,-0.22216796875
1726151877798.7783,-0.9453125,0.36694335937,-0.22216796875
1726151877807.4197,-0.9453125,0.36694335937,-0.22216796875
1726151877821.0688,-1.06042480468,0.40625,-0.23706054687
1726151877829.6487,-1.06042480468,0.40625,-0.23706054687
1726151877838.2595,-1.06042480468,0.40625,-0.23706054687
1726151877846.9006,-1.06042480468,0.40625,-0.23706054687
1726151877855.4807,-1.06042480468,0.40625,-0.23706054687
1726151877864.061,-1.06042480468,0.40625,-0.23706054687
1726151877872.641,-1.06042480468,0.40625,-0.23706054687
1726151877881.2822,-1.06042480468,0.40625,-0.23706054687
1726151877889.8015,-1.06042480468,0.40625,-0.23706054687
1726151877903.4197,-1.04223632812,0.40563964843,-0.25427246093
1726151877912.1528,-1.04223632812,0.40563964843,-0.25427246093
1726151877920.977,-1.04223632812,0.40563964843,-0.25427246093
1726151877929.7405,-1.04223632812,0.40563964843,-0.25427246093
1726151877938.534,-1.04223632812,0.40563964843,-0.25427246093
1726151877947.267,-1.04223632812,0.40563964843,-0.25427246093
1726151877956.0916,-1.04223632812,0.40563964843,-0.25427246093
1726151877964.8547,-1.04223632812,0.40563964843,-0.25427246093
1726151877978.626,-0.89624023437,0.38244628906,-0.28015136718
1726151877987.359,-0.89624023437,0.38244628906,-0.28015136718
1726151877996.1523,-0.89624023437,0.38244628906,-0.28015136718
1726151878004.916,-0.89624023437,0.38244628906,-0.28015136718
1726151878013.618,-0.89624023437,0.38244628906,-0.28015136718
1726151878022.3203,-0.89624023437,0.38244628906,-0.28015136718
1726151878031.1145,-0.89624023437,0.38244628906,-0.28015136718
1726151878039.9084,-0.89624023437,0.38244628906,-0.28015136718
1726151878048.641,-0.89624023437,0.38244628906,-0.28015136718
1726151878062.4124,-0.86877441406,0.36547851562,-0.30053710937
1726151878071.1145,-0.86877441406,0.36547851562,-0.30053710937
1726151878079.878,-0.86877441406,0.36547851562,-0.30053710937
1726151878088.58,-0.86877441406,0.36547851562,-0.30053710937
1726151878097.252,-0.86877441406,0.36547851562,-0.30053710937
1726151878105.893,-0.86877441406,0.36547851562,-0.30053710937
1726151878114.6565,-0.86877441406,0.36547851562,-0.30053710937
1726151878123.4197,-0.86877441406,0.36547851562,-0.30053710937
1726151878137.4963,-0.84020996093,0.36474609375,-0.32141113281
1726151878146.229,-0.84020996093,0.36474609375,-0.32141113281
1726151878155.0227,-0.84020996093,0.36474609375,-0.32141113281
1726151878163.786,-0.84020996093,0.36474609375,-0.32141113281
1726151878172.519,-0.84020996093,0.36474609375,-0.32141113281
1726151878181.2825,-0.84020996093,0.36474609375,-0.32141113281
1726151878190.0764,-0.84020996093,0.36474609375,-0.32141113281
1726151878198.809,-0.84020996093,0.36474609375,-0.32141113281
1726151878207.603,-0.84020996093,0.36474609375,-0.32141113281
1726151878221.3435,-0.80822753906,0.38220214843,-0.3291015625
1726151878230.0764,-0.80822753906,0.38220214843,-0.3291015625
1726151878238.8396,-0.80822753906,0.38220214843,-0.3291015625
1726151878256.5496,-0.80822753906,0.38220214843,-0.3291015625
1726151878265.3127,-0.80822753906,0.38220214843,-0.3291015625
1726151878274.0151,-0.80822753906,0.38220214843,-0.3291015625
1726151878282.7788,-0.80822753906,0.38220214843,-0.3291015625
1726151878296.458,-0.80688476562,0.40600585937,-0.33166503906
1726151878305.191,-0.80688476562,0.40600585937,-0.33166503906
1726151878313.9236,-0.80688476562,0.40600585937,-0.33166503906
1726151878322.7175,-0.80688476562,0.40600585937,-0.33166503906
1726151878331.42,-0.80688476562,0.40600585937,-0.33166503906
1726151878340.1528,-0.80688476562,0.40600585937,-0.33166503906
1726151878348.916,-0.80688476562,0.40600585937,-0.33166503906
1726151878357.588,-0.80688476562,0.40600585937,-0.33166503906
1726151878366.3203,-0.80688476562,0.40600585937,-0.33166503906
1726151878380.0305,-0.7822265625,0.42333984375,-0.34875488281
1726151878388.7634,-0.7822265625,0.42333984375,-0.34875488281
1726151878397.4658,-0.7822265625,0.42333984375,-0.34875488281
1726151878406.168,-0.7822265625,0.42333984375,-0.34875488281
1726151878414.809,-0.7822265625,0.42333984375,-0.34875488281
1726151878423.542,-0.7822265625,0.42333984375,-0.34875488281
1726151878432.2444,-0.7822265625,0.42333984375,-0.34875488281
1726151878441.0076,-0.7822265625,0.42333984375,-0.34875488281
1726151878449.71,-0.7822265625,0.42333984375,-0.34875488281
1726151878463.42,-0.75695800781,0.46240234375,-0.34924316406
1726151878472.0916,-0.75695800781,0.46240234375,-0.34924316406
1726151878480.8245,-0.75695800781,0.46240234375,-0.34924316406
1726151878489.5571,-0.75695800781,0.46240234375,-0.34924316406
1726151878498.3203,-0.75695800781,0.46240234375,-0.34924316406
1726151878507.42,-0.75695800781,0.46240234375,-0.34924316406
1726151878516.1523,-0.75695800781,0.46240234375,-0.34924316406
1726151878524.9463,-0.75695800781,0.46240234375,-0.34924316406
1726151878538.6565,-0.87780761718,0.47253417968,-0.31604003906
1726151878547.45,-0.87780761718,0.47253417968,-0.31604003906
1726151878556.1523,-0.87780761718,0.47253417968,-0.31604003906
1726151878564.9463,-0.87780761718,0.47253417968,-0.31604003906
1726151878573.6794,-0.87780761718,0.47253417968,-0.31604003906
1726151878582.504,-0.87780761718,0.47253417968,-0.31604003906
1726151878591.145,-0.87780761718,0.47253417968,-0.31604003906
1726151878599.9387,-0.87780761718,0.47253417968,-0.31604003906
1726151878608.702,-0.87780761718,0.47253417968,-0.31604003906
1726151878622.412,-0.99877929687,0.46472167968,-0.27868652343
1726151878631.084,-0.99877929687,0.46472167968,-0.27868652343
1726151878639.8167,-0.99877929687,0.46472167968,-0.27868652343
1726151878648.58,-0.99877929687,0.46472167968,-0.27868652343
1726151878657.3435,-0.99877929687,0.46472167968,-0.27868652343
1726151878666.0764,-0.99877929687,0.46472167968,-0.27868652343
1726151878674.901,-0.99877929687,0.46472167968,-0.27868652343
1726151878683.725,-0.99877929687,0.46472167968,-0.27868652343
1726151878697.435,-0.95202636718,0.44970703125,-0.26330566406
1726151878706.229,-0.95202636718,0.44970703125,-0.26330566406
1726151878714.9617,-0.95202636718,0.44970703125,-0.26330566406
1726151878723.7559,-0.95202636718,0.44970703125,-0.26330566406
1726151878732.458,-0.95202636718,0.44970703125,-0.26330566406
1726151878741.191,-0.95202636718,0.44970703125,-0.26330566406
1726151878749.954,-0.95202636718,0.44970703125,-0.26330566406
1726151878758.687,-0.95202636718,0.44970703125,-0.26330566406
1726151878767.42,-0.95202636718,0.44970703125,-0.26330566406
1726151878781.13,-0.94787597656,0.39782714843,-0.23425292968
1726151878789.832,-0.94787597656,0.39782714843,-0.23425292968
1726151878798.5344,-0.94787597656,0.39782714843,-0.23425292968
1726151878807.267,-0.94787597656,0.39782714843,-0.23425292968
1726151878816.0305,-0.94787597656,0.39782714843,-0.23425292968
1726151878824.7632,-0.94787597656,0.39782714843,-0.23425292968
1726151878833.5266,-0.94787597656,0.39782714843,-0.23425292968
1726151878842.2595,-0.94787597656,0.39782714843,-0.23425292968
1726151878850.962,-0.94787597656,0.39782714843,-0.23425292968
1726151878864.6716,-0.99609375,0.31213378906,-0.20520019531
1726151878873.3127,-0.99609375,0.31213378906,-0.20520019531
1726151878882.0151,-0.99609375,0.31213378906,-0.20520019531
1726151878891.0535,-0.99609375,0.31213378906,-0.20520019531
1726151878899.7556,-0.99609375,0.31213378906,-0.20520019531
1726151878908.3967,-0.99609375,0.31213378906,-0.20520019531
1726151878917.099,-0.99609375,0.31213378906,-0.20520019531
1726151878925.7405,-0.99609375,0.31213378906,-0.20520019531
1726151878939.4197,-0.97155761718,0.27941894531,-0.18835449218
1726151878948.183,-0.97155761718,0.27941894531,-0.18835449218
1726151878956.977,-0.97155761718,0.27941894531,-0.18835449218
1726151878965.7405,-0.97155761718,0.27941894531,-0.18835449218
1726151878974.5647,-0.97155761718,0.27941894531,-0.18835449218
1726151878983.3284,-0.97155761718,0.27941894531,-0.18835449218
1726151878992.122,-0.97155761718,0.27941894531,-0.18835449218
1726151879000.8547,-0.97155761718,0.27941894531,-0.18835449218
1726151879009.6487,-0.97155761718,0.27941894531,-0.18835449218
1726151879023.3894,-0.94348144531,0.28918457031,-0.17431640625
1726151879032.183,-0.94348144531,0.28918457031,-0.17431640625
1726151879041.0076,-0.94348144531,0.28918457031,-0.17431640625
1726151879049.7708,-0.94348144531,0.28918457031,-0.17431640625
1726151879058.5647,-0.94348144531,0.28918457031,-0.17431640625
1726151879067.328,-0.94348144531,0.28918457031,-0.17431640625
1726151879075.9695,-0.94348144531,0.28918457031,-0.17431640625
1726151879084.7327,-0.94348144531,0.28918457031,-0.17431640625
1726151879098.504,-0.95227050781,0.31469726562,-0.14697265625
1726151879107.1755,-0.95227050781,0.31469726562,-0.14697265625
1726151879115.9695,-0.95227050781,0.31469726562,-0.14697265625
1726151879124.7632,-0.95227050781,0.31469726562,-0.14697265625
1726151879133.5571,-0.95227050781,0.31469726562,-0.14697265625
1726151879142.3203,-0.95227050781,0.31469726562,-0.14697265625
1726151879151.145,-0.95227050781,0.31469726562,-0.14697265625
1726151879159.9082,-0.95227050781,0.31469726562,-0.14697265625
1726151879168.641,-0.95227050781,0.31469726562,-0.14697265625
1726151879182.412,-0.966796875,0.35986328125,-0.12585449218
1726151879191.084,-0.966796875,0.35986328125,-0.12585449218
1726151879199.786,-0.966796875,0.35986328125,-0.12585449218
1726151879208.458,-0.966796875,0.35986328125,-0.12585449218
1726151879217.1907,-0.966796875,0.35986328125,-0.12585449218
1726151879225.893,-0.966796875,0.35986328125,-0.12585449218
1726151879234.6565,-0.966796875,0.35986328125,-0.12585449218
1726151879243.3894,-0.966796875,0.35986328125,-0.12585449218
1726151879257.099,-0.9755859375,0.38098144531,-0.134765625
1726151879265.7708,-0.9755859375,0.38098144531,-0.134765625
1726151879274.9006,-0.9755859375,0.38098144531,-0.134765625
1726151879283.5725,-0.9755859375,0.38098144531,-0.134765625
1726151879292.2747,-0.9755859375,0.38098144531,-0.134765625
1726151879300.977,-0.9755859375,0.38098144531,-0.134765625
1726151879309.6794,-0.9755859375,0.38098144531,-0.134765625
1726151879318.351,-0.9755859375,0.38098144531,-0.134765625
1726151879327.084,-0.9755859375,0.38098144531,-0.134765625
1726151879340.6719,-1.01623535156,0.341796875,-0.15661621093
1726151879349.2825,-1.01623535156,0.341796875,-0.15661621093
1726151879357.9849,-1.01623535156,0.341796875,-0.15661621093
1726151879366.7175,-1.01623535156,0.341796875,-0.15661621093
1726151879375.4807,-1.01623535156,0.341796875,-0.15661621093
1726151879384.183,-1.01623535156,0.341796875,-0.15661621093
1726151879392.9463,-1.01623535156,0.341796875,-0.15661621093
1726151879401.6487,-1.01623535156,0.341796875,-0.15661621093
1726151879410.4124,-1.01623535156,0.341796875,-0.15661621093
1726151879424.0916,-1.14562988281,0.28491210937,-0.16052246093
1726151879432.916,-1.14562988281,0.28491210937,-0.16052246093
1726151879441.5876,-1.14562988281,0.28491210937,-0.16052246093
1726151879450.4124,-1.14562988281,0.28491210937,-0.16052246093
1726151879459.1755,-1.14562988281,0.28491210937,-0.16052246093
1726151879468.0,-1.14562988281,0.28491210937,-0.16052246093
1726151879476.3665,-1.14562988281,0.28491210937,-0.16052246093
1726151879485.191,-1.14562988281,0.28491210937,-0.16052246093
1726151879498.9312,-1.07055664062,0.19482421875,-0.18115234375
1726151879507.7864,-1.07055664062,0.19482421875,-0.18115234375
1726151879516.5496,-1.07055664062,0.19482421875,-0.18115234375
1726151879525.374,-1.07055664062,0.19482421875,-0.18115234375
1726151879534.1375,-1.07055664062,0.19482421875,-0.18115234375
1726151879542.901,-1.07055664062,0.19482421875,-0.18115234375
1726151879551.725,-1.07055664062,0.19482421875,-0.18115234375
1726151879560.4883,-1.07055664062,0.19482421875,-0.18115234375
1726151879569.3127,-1.07055664062,0.19482421875,-0.18115234375
1726151879583.0535,-0.91772460937,0.07263183593,-0.1845703125
1726151879591.8474,-0.91772460937,0.07263183593,-0.1845703125
1726151879600.5803,-0.91772460937,0.07263183593,-0.1845703125
1726151879609.3435,-0.91772460937,0.07263183593,-0.1845703125
1726151879618.0764,-0.91772460937,0.07263183593,-0.1845703125
1726151879626.87,-0.91772460937,0.07263183593,-0.1845703125
1726151879635.5725,-0.91772460937,0.07263183593,-0.1845703125
1726151879644.3665,-0.91772460937,0.07263183593,-0.1845703125
1726151879658.4426,-0.96423339843,-0.0166015625,-0.16735839843
1726151879667.206,-0.96423339843,-0.0166015625,-0.16735839843
1726151879675.9387,-0.96423339843,-0.0166015625,-0.16735839843
1726151879684.6716,-0.96423339843,-0.0166015625,-0.16735839843
1726151879693.4353,-0.96423339843,-0.0166015625,-0.16735839843
1726151879702.168,-0.96423339843,-0.0166015625,-0.16735839843
1726151879710.8398,-0.96423339843,-0.0166015625,-0.16735839843
1726151879719.4504,-0.96423339843,-0.0166015625,-0.16735839843
1726151879728.2139,-0.96423339843,-0.0166015625,-0.16735839843
1726151879741.8623,-0.98693847656,-0.05102539062,-0.16760253906
1726151879750.7175,-0.98693847656,-0.05102539062,-0.16760253906
1726151879759.5115,-0.98693847656,-0.05102539062,-0.16760253906
1726151879768.336,-0.98693847656,-0.05102539062,-0.16760253906
1726151879777.0076,-0.98693847656,-0.05102539062,-0.16760253906
1726151879785.8323,-0.98693847656,-0.05102539062,-0.16760253906
1726151879794.626,-0.98693847656,-0.05102539062,-0.16760253906
1726151879803.42,-0.98693847656,-0.05102539062,-0.16760253906
1726151879817.13,-0.97253417968,-0.0244140625,-0.16357421875
1726151879825.832,-0.97253417968,-0.0244140625,-0.16357421875
1726151879834.5344,-0.97253417968,-0.0244140625,-0.16357421875
1726151879843.267,-0.97253417968,-0.0244140625,-0.16357421875
1726151879852.061,-0.97253417968,-0.0244140625,-0.16357421875
1726151879860.8245,-0.97253417968,-0.0244140625,-0.16357421875
1726151879869.6184,-0.97253417968,-0.0244140625,-0.16357421875
1726151879878.3513,-0.97253417968,-0.0244140625,-0.16357421875
1726151879887.145,-0.97253417968,-0.0244140625,-0.16357421875
1726151879900.8547,-0.9658203125,0.02453613281,-0.18359375
1726151879909.5269,-0.9658203125,0.02453613281,-0.18359375
1726151879918.1372,-0.9658203125,0.02453613281,-0.18359375
1726151879926.809,-0.9658203125,0.02453613281,-0.18359375
1726151879935.4197,-0.9658203125,0.02453613281,-0.18359375
1726151879944.0916,-0.9658203125,0.02453613281,-0.18359375
1726151879952.7024,-0.9658203125,0.02453613281,-0.18359375
1726151879961.374,-0.9658203125,0.02453613281,-0.18359375
1726151879969.9543,-0.9658203125,0.02453613281,-0.18359375
1726151879983.603,-0.95227050781,0.03381347656,-0.21069335937
1726151879992.3967,-0.95227050781,0.03381347656,-0.21069335937
1726151880001.1604,-0.95227050781,0.03381347656,-0.21069335937
1726151880009.954,-0.95227050781,0.03381347656,-0.21069335937
1726151880018.626,-0.95227050781,0.03381347656,-0.21069335937
1726151880027.3894,-0.95227050781,0.03381347656,-0.21069335937
1726151880036.336,-0.95227050781,0.03381347656,-0.21069335937
1726151880045.191,-0.95227050781,0.03381347656,-0.21069335937
1726151880058.901,-0.94482421875,0.02673339843,-0.20764160156
1726151880067.6943,-0.94482421875,0.02673339843,-0.20764160156
1726151880076.4275,-0.94482421875,0.02673339843,-0.20764160156
1726151880085.2212,-0.94482421875,0.02673339843,-0.20764160156
1726151880093.9849,-0.94482421875,0.02673339843,-0.20764160156
1726151880102.748,-0.94482421875,0.02673339843,-0.20764160156
1726151880111.42,-0.94482421875,0.02673339843,-0.20764160156
1726151880120.1223,-0.94482421875,0.02673339843,-0.20764160156
1726151880128.916,-0.94482421875,0.02673339843,-0.20764160156
1726151880142.5647,-0.95190429687,0.04528808593,-0.17602539062
1726151880151.359,-0.95190429687,0.04528808593,-0.17602539062
1726151880160.0916,-0.95190429687,0.04528808593,-0.17602539062
1726151880168.8547,-0.95190429687,0.04528808593,-0.17602539062
1726151880177.5876,-0.95190429687,0.04528808593,-0.17602539062
1726151880186.3816,-0.95190429687,0.04528808593,-0.17602539062
1726151880195.145,-0.95190429687,0.04528808593,-0.17602539062
1726151880203.9387,-0.95190429687,0.04528808593,-0.17602539062
1726151880217.6487,-0.95617675781,0.07470703125,-0.14770507812
1726151880226.3818,-0.95617675781,0.07470703125,-0.14770507812
1726151880235.0227,-0.95617675781,0.07470703125,-0.14770507812
1726151880243.725,-0.95617675781,0.07470703125,-0.14770507812
1726151880252.4275,-0.95617675781,0.07470703125,-0.14770507812
1726151880261.1604,-0.95617675781,0.07470703125,-0.14770507812
1726151880269.893,-0.95617675781,0.07470703125,-0.14770507812
1726151880278.5647,-0.95617675781,0.07470703125,-0.14770507812
1726151880287.2976,-0.95617675781,0.07470703125,-0.14770507812
1726151880300.9463,-1.01342773437,0.09057617187,-0.14599609375
1726151880309.7405,-1.01342773437,0.09057617187,-0.14599609375
1726151880318.504,-1.01342773437,0.09057617187,-0.14599609375
1726151880327.206,-1.01342773437,0.09057617187,-0.14599609375
1726151880335.9084,-1.01342773437,0.09057617187,-0.14599609375
1726151880344.702,-1.01342773437,0.09057617187,-0.14599609375
1726151880353.4043,-1.01342773437,0.09057617187,-0.14599609375
1726151880362.1985,-1.01342773437,0.09057617187,-0.14599609375
1726151880370.962,-1.01342773437,0.09057617187,-0.14599609375
1726151880384.6716,-1.14636230468,0.10107421875,-0.14526367187
1726151880393.435,-1.14636230468,0.10107421875,-0.14526367187
1726151880402.229,-1.14636230468,0.10107421875,-0.14526367187
1726151880411.206,-1.14636230468,0.10107421875,-0.14526367187
1726151880420.122,-1.14636230468,0.10107421875,-0.14526367187
1726151880428.8855,-1.14636230468,0.10107421875,-0.14526367187
1726151880437.6487,-1.14636230468,0.10107421875,-0.14526367187
1726151880446.4731,-1.14636230468,0.10107421875,-0.14526367187
1726151880460.2136,-1.10522460937,0.09143066406,-0.16357421875
1726151880469.0383,-1.10522460937,0.09143066406,-0.16357421875
1726151880477.8015,-1.10522460937,0.09143066406,-0.16357421875
1726151880486.5955,-1.10522460937,0.09143066406,-0.16357421875
1726151880495.3586,-1.10522460937,0.09143066406,-0.16357421875
1726151880504.183,-1.10522460937,0.09143066406,-0.16357421875
1726151880512.9463,-1.10522460937,0.09143066406,-0.16357421875
1726151880521.7405,-1.10522460937,0.09143066406,-0.16357421875
1726151880530.5037,-1.10522460937,0.09143066406,-0.16357421875
1726151880544.3054,-0.9912109375,0.04736328125,-0.18566894531
1726151880553.0686,-0.9912109375,0.04736328125,-0.18566894531
1726151880561.8015,-0.9912109375,0.04736328125,-0.18566894531
1726151880570.5955,-0.9912109375,0.04736328125,-0.18566894531
1726151880579.2979,-0.9912109375,0.04736328125,-0.18566894531
1726151880588.061,-0.9912109375,0.04736328125,-0.18566894531
1726151880596.7634,-0.9912109375,0.04736328125,-0.18566894531
1726151880605.5571,-0.9912109375,0.04736328125,-0.18566894531
1726151880619.2368,-1.02453613281,0.0205078125,-0.17211914062
1726151880628.0305,-1.02453613281,0.0205078125,-0.17211914062
1726151880636.7634,-1.02453613281,0.0205078125,-0.17211914062
1726151880645.5266,-1.02453613281,0.0205078125,-0.17211914062
1726151880654.29,-1.02453613281,0.0205078125,-0.17211914062
1726151880663.0227,-1.02453613281,0.0205078125,-0.17211914062
1726151880671.7559,-1.02453613281,0.0205078125,-0.17211914062
1726151880680.4883,-1.02453613281,0.0205078125,-0.17211914062
1726151880689.191,-1.02453613281,0.0205078125,-0.17211914062
1726151880702.962,-1.03283691406,0.01318359375,-0.14904785156
1726151880711.725,-1.03283691406,0.01318359375,-0.14904785156
1726151880720.4883,-1.03283691406,0.01318359375,-0.14904785156
1726151880729.2825,-1.03283691406,0.01318359375,-0.14904785156
1726151880738.0457,-1.03283691406,0.01318359375,-0.14904785156
1726151880746.8704,-1.03283691406,0.01318359375,-0.14904785156
1726151880755.6335,-1.03283691406,0.01318359375,-0.14904785156
1726151880764.4275,-1.03283691406,0.01318359375,-0.14904785156
1726151880778.168,-0.97937011718,0.05358886718,-0.12683105468
1726151880786.8704,-0.97937011718,0.05358886718,-0.12683105468
1726151880796.0,-0.97937011718,0.05358886718,-0.12683105468
1726151880804.4275,-0.97937011718,0.05358886718,-0.12683105468
1726151880813.191,-0.97937011718,0.05358886718,-0.12683105468
1726151880822.0151,-0.97937011718,0.05358886718,-0.12683105468
1726151880830.7783,-0.97937011718,0.05358886718,-0.12683105468
1726151880839.603,-0.97937011718,0.05358886718,-0.12683105468
1726151880848.3665,-0.97937011718,0.05358886718,-0.12683105468
1726151880862.1372,-0.99194335937,0.13806152343,-0.1123046875
1726151880870.9312,-0.99194335937,0.13806152343,-0.1123046875
1726151880879.6943,-0.99194335937,0.13806152343,-0.1123046875
1726151880888.4883,-0.99194335937,0.13806152343,-0.1123046875
1726151880897.252,-0.99194335937,0.13806152343,-0.1123046875
1726151880905.9846,-0.99194335937,0.13806152343,-0.1123046875
1726151880914.7483,-0.99194335937,0.13806152343,-0.1123046875
1726151880923.542,-0.99194335937,0.13806152343,-0.1123046875
1726151880932.275,-1.02697753906,0.212890625,-0.12744140625
1726151880945.954,-1.02697753906,0.212890625,-0.12744140625
1726151880954.5647,-1.02697753906,0.212890625,-0.12744140625
1726151880963.267,-1.02697753906,0.212890625,-0.12744140625
1726151880971.9387,-1.02697753906,0.212890625,-0.12744140625
1726151880980.641,-1.02697753906,0.212890625,-0.12744140625
1726151880989.2825,-1.02697753906,0.212890625,-0.12744140625
1726151880997.9846,-1.02697753906,0.212890625,-0.12744140625
1726151881006.6565,-1.02697753906,0.212890625,-0.12744140625
1726151881020.3054,-1.01196289062,0.24780273437,-0.185546875
1726151881029.0076,-1.01196289062,0.24780273437,-0.185546875
1726151881037.7405,-1.01196289062,0.24780273437,-0.185546875
1726151881046.4731,-1.01196289062,0.24780273437,-0.185546875
1726151881055.145,-1.01196289062,0.24780273437,-0.185546875
1726151881063.9084,-1.01196289062,0.24780273437,-0.185546875
1726151881081.6794,-1.01196289062,0.24780273437,-0.185546875
1726151881090.412,-1.01196289062,0.24780273437,-0.185546875
1726151881104.0,-1.02124023437,0.29626464843,-0.26550292968
1726151881112.4275,-1.02124023437,0.29626464843,-0.26550292968
1726151881121.2212,-1.02124023437,0.29626464843,-0.26550292968
1726151881130.0151,-1.02124023437,0.29626464843,-0.26550292968
1726151881138.7788,-1.02124023437,0.29626464843,-0.26550292968
1726151881147.603,-1.02124023437,0.29626464843,-0.26550292968
1726151881156.3967,-1.02124023437,0.29626464843,-0.26550292968
1726151881165.4043,-1.02124023437,0.29626464843,-0.26550292968
1726151881179.3586,-0.89990234375,0.26794433593,-0.2509765625
1726151881188.0916,-0.89990234375,0.26794433593,-0.2509765625
1726151881196.916,-0.89990234375,0.26794433593,-0.2509765625
1726151881205.588,-0.89990234375,0.26794433593,-0.2509765625
1726151881214.29,-0.89990234375,0.26794433593,-0.2509765625
1726151881222.9924,-0.89990234375,0.26794433593,-0.2509765625
1726151881231.786,-0.89990234375,0.26794433593,-0.2509765625
1726151881240.4883,-0.89990234375,0.26794433593,-0.2509765625
1726151881249.3127,-0.89990234375,0.26794433593,-0.2509765625
1726151881263.0227,-0.90795898437,0.2880859375,-0.25561523437
1726151881271.786,-0.90795898437,0.2880859375,-0.25561523437
1726151881280.4883,-0.90795898437,0.2880859375,-0.25561523437
1726151881289.2517,-0.90795898437,0.2880859375,-0.25561523437
1726151881297.9849,-0.90795898437,0.2880859375,-0.25561523437
1726151881306.748,-0.90795898437,0.2880859375,-0.25561523437
1726151881315.42,-0.90795898437,0.2880859375,-0.25561523437
1726151881324.0916,-0.90795898437,0.2880859375,-0.25561523437
1726151881337.832,-0.91271972656,0.3046875,-0.2890625
1726151881346.229,-0.91271972656,0.3046875,-0.2890625
1726151881354.8398,-0.91271972656,0.3046875,-0.2890625
1726151881363.2363,-0.91271972656,0.3046875,-0.2890625
1726151881371.817,-0.91271972656,0.3046875,-0.2890625
1726151881380.3662,-0.91271972656,0.3046875,-0.2890625
1726151881388.8855,-0.91271972656,0.3046875,-0.2890625
1726151881397.4353,-0.91271972656,0.3046875,-0.2890625
1726151881406.0151,-0.91271972656,0.3046875,-0.2890625
1726151881419.5115,-0.84411621093,0.33337402343,-0.31091308593
1726151881428.3054,-0.84411621093,0.33337402343,-0.31091308593
1726151881437.0686,-0.84411621093,0.33337402343,-0.31091308593
1726151881445.893,-0.84411621093,0.33337402343,-0.31091308593
1726151881454.6255,-0.84411621093,0.33337402343,-0.31091308593
1726151881463.4504,-0.84411621093,0.33337402343,-0.31091308593
1726151881472.183,-0.84411621093,0.33337402343,-0.31091308593
1726151881481.0076,-0.84411621093,0.33337402343,-0.31091308593
1726151881489.7405,-0.84411621093,0.33337402343,-0.31091308593
1726151881503.542,-0.79016113281,0.39990234375,-0.34924316406
1726151881512.0916,-0.79016113281,0.39990234375,-0.34924316406
1726151881520.7634,-0.79016113281,0.39990234375,-0.34924316406
1726151881529.374,-0.79016113281,0.39990234375,-0.34924316406
1726151881537.9849,-0.79016113281,0.39990234375,-0.34924316406
1726151881546.992,-0.79016113281,0.39990234375,-0.34924316406
1726151881555.4807,-0.79016113281,0.39990234375,-0.34924316406
1726151881564.0916,-0.79016113281,0.39990234375,-0.34924316406
1726151881577.6184,-0.76611328125,0.49865722656,-0.39318847656
1726151881586.412,-0.76611328125,0.49865722656,-0.39318847656
1726151881595.1145,-0.76611328125,0.49865722656,-0.39318847656
1726151881603.9387,-0.76611328125,0.49865722656,-0.39318847656
1726151881612.7024,-0.76611328125,0.49865722656,-0.39318847656
1726151881621.5266,-0.76611328125,0.49865722656,-0.39318847656
1726151881630.29,-0.76611328125,0.49865722656,-0.39318847656
1726151881639.0532,-0.76611328125,0.49865722656,-0.39318847656
1726151881647.817,-0.76611328125,0.49865722656,-0.39318847656
1726151881661.618,-0.72985839843,0.56762695312,-0.41577148437
1726151881670.3203,-0.72985839843,0.56762695312,-0.41577148437
1726151881679.1145,-0.72985839843,0.56762695312,-0.41577148437
1726151881687.878,-0.72985839843,0.56762695312,-0.41577148437
1726151881696.641,-0.72985839843,0.56762695312,-0.41577148437
1726151881705.374,-0.72985839843,0.56762695312,-0.41577148437
1726151881714.1372,-0.72985839843,0.56762695312,-0.41577148437
1726151881722.87,-0.72985839843,0.56762695312,-0.41577148437
1726151881731.603,-0.72985839843,0.56762695312,-0.41577148437
1726151881745.3435,-0.7275390625,0.59143066406,-0.40856933593
1726151881754.076,-0.7275390625,0.59143066406,-0.40856933593
1726151881762.7783,-0.7275390625,0.59143066406,-0.40856933593
1726151881771.4807,-0.7275390625,0.59143066406,-0.40856933593
1726151881780.2444,-0.7275390625,0.59143066406,-0.40856933593
1726151881788.9463,-0.7275390625,0.59143066406,-0.40856933593
1726151881797.71,-0.7275390625,0.59143066406,-0.40856933593
1726151881806.3816,-0.7275390625,0.59143066406,-0.40856933593
1726151881820.0916,-0.76916503906,0.62133789062,-0.38232421875
1726151881828.8245,-0.76916503906,0.62133789062,-0.38232421875
1726151881837.6184,-0.76916503906,0.62133789062,-0.38232421875
1726151881846.3816,-0.76916503906,0.62133789062,-0.38232421875
1726151881855.1755,-0.76916503906,0.62133789062,-0.38232421875
1726151881863.9387,-0.76916503906,0.62133789062,-0.38232421875
1726151881872.733,-0.76916503906,0.62133789062,-0.38232421875
1726151881881.496,-0.76916503906,0.62133789062,-0.38232421875
1726151881890.1985,-0.76916503906,0.62133789062,-0.38232421875
1726151881903.9084,-0.83862304687,0.63208007812,-0.33984375
1726151881912.5498,-0.83862304687,0.63208007812,-0.33984375
1726151881921.1296,-0.83862304687,0.63208007812,-0.33984375
1726151881930.046,-0.83862304687,0.63208007812,-0.33984375
1726151881938.626,-0.83862304687,0.63208007812,-0.33984375
1726151881947.1755,-0.83862304687,0.63208007812,-0.33984375
1726151881955.8167,-0.83862304687,0.63208007812,-0.33984375
1726151881964.3665,-0.83862304687,0.63208007812,-0.33984375
1726151881977.9846,-0.78662109375,0.59753417968,-0.29504394531
1726151881986.7175,-0.78662109375,0.59753417968,-0.29504394531
1726151881995.5115,-0.78662109375,0.59753417968,-0.29504394531
1726151882004.275,-0.78662109375,0.59753417968,-0.29504394531
1726151882013.0686,-0.78662109375,0.59753417968,-0.29504394531
1726151882021.8015,-0.78662109375,0.59753417968,-0.29504394531
1726151882030.5952,-0.78662109375,0.59753417968,-0.29504394531
1726151882039.3284,-0.78662109375,0.59753417968,-0.29504394531
1726151882048.1523,-0.78662109375,0.59753417968,-0.29504394531
1726151882061.8628,-0.70825195312,0.56787109375,-0.24487304687
1726151882070.5344,-0.70825195312,0.56787109375,-0.24487304687
1726151882079.1755,-0.70825195312,0.56787109375,-0.24487304687
1726151882087.8777,-0.70825195312,0.56787109375,-0.24487304687
1726151882096.519,-0.70825195312,0.56787109375,-0.24487304687
1726151882105.2212,-0.70825195312,0.56787109375,-0.24487304687
1726151882113.8623,-0.70825195312,0.56787109375,-0.24487304687
1726151882122.5647,-0.70825195312,0.56787109375,-0.24487304687
1726151882131.2363,-0.70825195312,0.56787109375,-0.24487304687
1726151882144.8855,-0.80297851562,0.58215332031,-0.20385742187
1726151882153.6184,-0.80297851562,0.58215332031,-0.20385742187
1726151882162.3816,-0.80297851562,0.58215332031,-0.20385742187
1726151882171.084,-0.80297851562,0.58215332031,-0.20385742187
1726151882179.786,-0.80297851562,0.58215332031,-0.20385742187
1726151882188.519,-0.80297851562,0.58215332031,-0.20385742187
1726151882197.2517,-0.80297851562,0.58215332031,-0.20385742187
1726151882206.0151,-0.80297851562,0.58215332031,-0.20385742187
1726151882219.6943,-0.83984375,0.58361816406,-0.19396972656
1726151882228.3967,-0.83984375,0.58361816406,-0.19396972656
1726151882237.0076,-0.83984375,0.58361816406,-0.19396972656
1726151882245.6794,-0.83984375,0.58361816406,-0.19396972656
1726151882254.3203,-0.83984375,0.58361816406,-0.19396972656
1726151882262.9924,-0.83984375,0.58361816406,-0.19396972656
1726151882271.6335,-0.83984375,0.58361816406,-0.19396972656
1726151882280.3054,-0.83984375,0.58361816406,-0.19396972656
1726151882288.9463,-0.83984375,0.58361816406,-0.19396972656
1726151882302.962,-0.79235839843,0.57080078125,-0.20300292968
1726151882311.6335,-0.79235839843,0.57080078125,-0.20300292968
1726151882320.4275,-0.79235839843,0.57080078125,-0.20300292968
1726151882329.16,-0.79235839843,0.57080078125,-0.20300292968
1726151882337.832,-0.79235839843,0.57080078125,-0.20300292968
1726151882346.4426,-0.79235839843,0.57080078125,-0.20300292968
1726151882355.2363,-0.79235839843,0.57080078125,-0.20300292968
1726151882363.9695,-0.79235839843,0.57080078125,-0.20300292968
1726151882372.7634,-0.79528808593,0.58972167968,-0.20520019531
1726151882386.504,-0.79528808593,0.58972167968,-0.20520019531
1726151882395.2063,-0.79528808593,0.58972167968,-0.20520019531
1726151882404.0,-0.79528808593,0.58972167968,-0.20520019531
1726151882412.3665,-0.79528808593,0.58972167968,-0.20520019531
1726151882421.1907,-0.79528808593,0.58972167968,-0.20520019531
1726151882429.9543,-0.79528808593,0.58972167968,-0.20520019531
1726151882438.7783,-0.79528808593,0.58972167968,-0.20520019531
1726151882447.5115,-0.79528808593,0.58972167968,-0.20520019531
1726151882461.3127,-0.830078125,0.60913085937,-0.19262695312
1726151882469.9849,-0.830078125,0.60913085937,-0.19262695312
1726151882478.7175,-0.830078125,0.60913085937,-0.19262695312
1726151882487.42,-0.830078125,0.60913085937,-0.19262695312
1726151882496.122,-0.830078125,0.60913085937,-0.19262695312
1726151882504.7634,-0.830078125,0.60913085937,-0.19262695312
1726151882513.496,-0.830078125,0.60913085937,-0.19262695312
1726151882522.1067,-0.830078125,0.60913085937,-0.19262695312
1726151882530.809,-0.830078125,0.60913085937,-0.19262695312
1726151882544.4888,-0.86596679687,0.59411621093,-0.18359375
1726151882553.2214,-0.86596679687,0.59411621093,-0.18359375
1726151882561.8933,-0.86596679687,0.59411621093,-0.18359375
1726151882570.626,-0.86596679687,0.59411621093,-0.18359375
1726151882579.3284,-0.86596679687,0.59411621093,-0.18359375
1726151882588.0305,-0.86596679687,0.59411621093,-0.18359375
1726151882596.7634,-0.86596679687,0.59411621093,-0.18359375
1726151882605.4656,-0.86596679687,0.59411621093,-0.18359375
1726151882619.2063,-0.9150390625,0.55383300781,-0.18359375
1726151882627.8167,-0.9150390625,0.55383300781,-0.18359375
1726151882636.4883,-0.9150390625,0.55383300781,-0.18359375
1726151882645.1296,-0.9150390625,0.55383300781,-0.18359375
1726151882653.8015,-0.9150390625,0.55383300781,-0.18359375
1726151882662.4426,-0.9150390625,0.55383300781,-0.18359375
1726151882671.1145,-0.9150390625,0.55383300781,-0.18359375
1726151882679.9387,-0.9150390625,0.55383300781,-0.18359375
1726151882688.794,-0.9150390625,0.55383300781,-0.18359375
1726151882702.3203,-1.00573730468,0.49951171875,-0.1982421875
1726151882711.084,-1.00573730468,0.49951171875,-0.1982421875
1726151882719.725,-1.00573730468,0.49951171875,-0.1982421875
1726151882728.4883,-1.00573730468,0.49951171875,-0.1982421875
1726151882737.1907,-1.00573730468,0.49951171875,-0.1982421875
1726151882745.9543,-1.00573730468,0.49951171875,-0.1982421875
1726151882754.687,-1.00573730468,0.49951171875,-0.1982421875
1726151882763.4504,-1.00573730468,0.49951171875,-0.1982421875
1726151882772.183,-1.00573730468,0.49951171875,-0.1982421875
1726151882785.9543,-1.09484863281,0.43981933593,-0.19250488281
1726151882794.7783,-1.09484863281,0.43981933593,-0.19250488281
1726151882803.5725,-1.09484863281,0.43981933593,-0.19250488281
1726151882812.3967,-1.09484863281,0.43981933593,-0.19250488281
1726151882821.191,-1.09484863281,0.43981933593,-0.19250488281
1726151882830.0457,-1.09484863281,0.43981933593,-0.19250488281
1726151882838.809,-1.09484863281,0.43981933593,-0.19250488281
1726151882847.6335,-1.09484863281,0.43981933593,-0.19250488281
1726151882861.4043,-1.0625,0.37548828125,-0.16064453125
1726151882869.9846,-1.0625,0.37548828125,-0.16064453125
1726151882878.504,-1.0625,0.37548828125,-0.16064453125
1726151882886.9924,-1.0625,0.37548828125,-0.16064453125
1726151882895.542,-1.0625,0.37548828125,-0.16064453125
1726151882904.0916,-1.0625,0.37548828125,-0.16064453125
1726151882912.6108,-1.0625,0.37548828125,-0.16064453125
1726151882921.1907,-1.0625,0.37548828125,-0.16064453125
1726151882929.7405,-1.0625,0.37548828125,-0.16064453125
1726151882943.2976,-0.91296386718,0.29858398437,-0.14672851562
1726151882952.0613,-0.91296386718,0.29858398437,-0.14672851562
1726151882960.916,-0.91296386718,0.29858398437,-0.14672851562
1726151882969.6184,-0.91296386718,0.29858398437,-0.14672851562
1726151882978.4426,-0.91296386718,0.29858398437,-0.14672851562
1726151882987.2368,-0.91296386718,0.29858398437,-0.14672851562
1726151882996.061,-0.91296386718,0.29858398437,-0.14672851562
1726151883004.8855,-0.91296386718,0.29858398437,-0.14672851562
1726151883018.626,-0.87854003906,0.22412109375,-0.15283203125
1726151883027.3894,-0.87854003906,0.22412109375,-0.15283203125
1726151883036.1523,-0.87854003906,0.22412109375,-0.15283203125
1726151883044.9468,-0.87854003906,0.22412109375,-0.15283203125
1726151883053.71,-0.87854003906,0.22412109375,-0.15283203125
1726151883062.8704,-0.87854003906,0.22412109375,-0.15283203125
1726151883071.6335,-0.87854003906,0.22412109375,-0.15283203125
1726151883080.458,-0.87854003906,0.22412109375,-0.15283203125
1726151883089.16,-0.87854003906,0.22412109375,-0.15283203125
1726151883102.8396,-0.95227050781,0.15185546875,-0.17553710937
1726151883111.603,-0.95227050781,0.15185546875,-0.17553710937
1726151883120.4275,-0.95227050781,0.15185546875,-0.17553710937
1726151883129.2214,-0.95227050781,0.15185546875,-0.17553710937
1726151883138.046,-0.95227050781,0.15185546875,-0.17553710937
1726151883146.809,-0.95227050781,0.15185546875,-0.17553710937
1726151883155.5725,-0.95227050781,0.15185546875,-0.17553710937
1726151883164.3665,-0.95227050781,0.15185546875,-0.17553710937
1726151883173.13,-0.96472167968,0.07446289062,-0.22045898437
1726151883186.8704,-0.96472167968,0.07446289062,-0.22045898437
1726151883195.664,-0.96472167968,0.07446289062,-0.22045898437
1726151883204.336,-0.96472167968,0.07446289062,-0.22045898437
1726151883212.977,-0.96472167968,0.07446289062,-0.22045898437
1726151883221.8015,-0.96472167968,0.07446289062,-0.22045898437
1726151883230.5647,-0.96472167968,0.07446289062,-0.22045898437
1726151883239.3894,-0.96472167968,0.07446289062,-0.22045898437
1726151883248.183,-0.96472167968,0.07446289062,-0.22045898437
1726151883261.9849,-0.98400878906,0.03527832031,-0.2529296875
1726151883270.7175,-0.98400878906,0.03527832031,-0.2529296875
1726151883279.4807,-0.98400878906,0.03527832031,-0.2529296875
1726151883288.2747,-0.98400878906,0.03527832031,-0.2529296875
1726151883297.0076,-0.98400878906,0.03527832031,-0.2529296875
1726151883305.7708,-0.98400878906,0.03527832031,-0.2529296875
1726151883314.504,-0.98400878906,0.03527832031,-0.2529296875
1726151883323.1755,-0.98400878906,0.03527832031,-0.2529296875
1726151883331.817,-0.98400878906,0.03527832031,-0.2529296875
1726151883345.5571,-0.99829101562,0.02221679687,-0.25964355468
1726151883354.351,-0.99829101562,0.02221679687,-0.25964355468
1726151883363.1755,-0.99829101562,0.02221679687,-0.25964355468
1726151883371.9387,-0.99829101562,0.02221679687,-0.25964355468
1726151883380.7937,-0.99829101562,0.02221679687,-0.25964355468
1726151883389.588,-0.99829101562,0.02221679687,-0.25964355468
1726151883398.3203,-0.99829101562,0.02221679687,-0.25964355468
1726151883407.1145,-0.99829101562,0.02221679687,-0.25964355468
1726151883420.8855,-0.97473144531,0.03381347656,-0.25451660156
1726151883429.71,-0.97473144531,0.03381347656,-0.25451660156
1726151883438.7783,-0.97473144531,0.03381347656,-0.25451660156
1726151883447.6335,-0.97473144531,0.03381347656,-0.25451660156
1726151883456.3967,-0.97473144531,0.03381347656,-0.25451660156
1726151883465.2214,-0.97473144531,0.03381347656,-0.25451660156
1726151883474.0151,-0.97473144531,0.03381347656,-0.25451660156
1726151883482.8396,-0.97473144531,0.03381347656,-0.25451660156
1726151883491.603,-0.97473144531,0.03381347656,-0.25451660156
1726151883505.4043,-0.95947265625,0.06213378906,-0.24475097656
1726151883514.168,-0.95947265625,0.06213378906,-0.24475097656
1726151883522.8704,-0.95947265625,0.06213378906,-0.24475097656
1726151883531.6335,-0.95947265625,0.06213378906,-0.24475097656
1726151883540.4275,-0.95947265625,0.06213378906,-0.24475097656
1726151883549.1907,-0.95947265625,0.06213378906,-0.24475097656
1726151883557.9849,-0.95947265625,0.06213378906,-0.24475097656
1726151883566.7783,-0.95947265625,0.06213378906,-0.24475097656
1726151883580.4883,-0.9482421875,0.07116699218,-0.2236328125
1726151883589.252,-0.9482421875,0.07116699218,-0.2236328125
1726151883597.8623,-0.9482421875,0.07116699218,-0.2236328125
1726151883606.5955,-0.9482421875,0.07116699218,-0.2236328125
1726151883615.2979,-0.9482421875,0.07116699218,-0.2236328125
1726151883623.9695,-0.9482421875,0.07116699218,-0.2236328125
1726151883632.6719,-0.9482421875,0.07116699218,-0.2236328125
1726151883641.2825,-0.9482421875,0.07116699218,-0.2236328125
1726151883649.954,-0.9482421875,0.07116699218,-0.2236328125
1726151883663.6335,-0.93676757812,0.087890625,-0.19384765625
1726151883672.336,-0.93676757812,0.087890625,-0.19384765625
1726151883680.9463,-0.93676757812,0.087890625,-0.19384765625
1726151883689.6184,-0.93676757812,0.087890625,-0.19384765625
1726151883698.3203,-0.93676757812,0.087890625,-0.19384765625
1726151883707.0227,-0.93676757812,0.087890625,-0.19384765625
1726151883715.725,-0.93676757812,0.087890625,-0.19384765625
1726151883724.3967,-0.93676757812,0.087890625,-0.19384765625
1726151883733.1296,-0.97729492187,0.10302734375,-0.18310546875
1726151883746.8398,-0.97729492187,0.10302734375,-0.18310546875
1726151883755.4807,-0.97729492187,0.10302734375,-0.18310546875
1726151883764.275,-0.97729492187,0.10302734375,-0.18310546875
1726151883773.0076,-0.97729492187,0.10302734375,-0.18310546875
1726151883781.8015,-0.97729492187,0.10302734375,-0.18310546875
1726151883790.534,-0.97729492187,0.10302734375,-0.18310546875
1726151883799.2979,-0.97729492187,0.10302734375,-0.18310546875
1726151883808.0,-0.97729492187,0.10302734375,-0.18310546875
1726151883821.7708,-1.06213378906,0.07934570312,-0.19812011718
1726151883830.5037,-1.06213378906,0.07934570312,-0.19812011718
1726151883839.2979,-1.06213378906,0.07934570312,-0.19812011718
1726151883848.0305,-1.06213378906,0.07934570312,-0.19812011718
1726151883856.8245,-1.06213378906,0.07934570312,-0.19812011718
1726151883865.5876,-1.06213378906,0.07934570312,-0.19812011718
1726151883874.3818,-1.06213378906,0.07934570312,-0.19812011718
1726151883883.084,-1.06213378906,0.07934570312,-0.19812011718
1726151883891.817,-1.06213378906,0.07934570312,-0.19812011718
1726151883905.5876,-1.02526855468,0.03967285156,-0.21643066406
1726151883923.4807,-1.02526855468,0.03967285156,-0.21643066406
1726151883932.275,-1.02526855468,0.03967285156,-0.21643066406
1726151883941.038,-1.02526855468,0.03967285156,-0.21643066406
1726151883949.8015,-1.02526855468,0.03967285156,-0.21643066406
1726151883958.5647,-1.02526855468,0.03967285156,-0.21643066406
1726151883967.3894,-1.02526855468,0.03967285156,-0.21643066406
1726151883981.13,-1.05395507812,0.08361816406,-0.19885253906
1726151883989.8933,-1.05395507812,0.08361816406,-0.19885253906
1726151883998.6565,-1.05395507812,0.08361816406,-0.19885253906
1726151884007.4807,-1.05395507812,0.08361816406,-0.19885253906
1726151884016.2747,-1.05395507812,0.08361816406,-0.19885253906
1726151884025.0383,-1.05395507812,0.08361816406,-0.19885253906
1726151884033.832,-1.05395507812,0.08361816406,-0.19885253906
1726151884042.504,-1.05395507812,0.08361816406,-0.19885253906
1726151884051.1755,-1.05395507812,0.08361816406,-0.19885253906
1726151884064.916,-1.01940917968,0.14477539062,-0.15319824218
1726151884073.6794,-1.01940917968,0.14477539062,-0.15319824218
1726151884082.4429,-1.01940917968,0.14477539062,-0.15319824218
1726151884091.2363,-1.01940917968,0.14477539062,-0.15319824218
1726151884100.0305,-1.01940917968,0.14477539062,-0.15319824218
1726151884108.8245,-1.01940917968,0.14477539062,-0.15319824218
1726151884117.588,-1.01940917968,0.14477539062,-0.15319824218
1726151884126.3203,-1.01940917968,0.14477539062,-0.15319824218
1726151884140.061,-1.00744628906,0.18579101562,-0.10375976562
1726151884148.8547,-1.00744628906,0.18579101562,-0.10375976562
1726151884157.6792,-1.00744628906,0.18579101562,-0.10375976562
1726151884166.4426,-1.00744628906,0.18579101562,-0.10375976562
1726151884175.267,-1.00744628906,0.18579101562,-0.10375976562
1726151884184.0305,-1.00744628906,0.18579101562,-0.10375976562
1726151884192.8245,-1.00744628906,0.18579101562,-0.10375976562
1726151884201.7405,-1.00744628906,0.18579101562,-0.10375976562
1726151884210.7788,-1.00744628906,0.18579101562,-0.10375976562
1726151884224.519,-1.01550292968,0.24145507812,-0.09106445312
1726151884233.2822,-1.01550292968,0.24145507812,-0.09106445312
1726151884242.0151,-1.01550292968,0.24145507812,-0.09106445312
1726151884250.809,-1.01550292968,0.24145507812,-0.09106445312
1726151884259.542,-1.01550292968,0.24145507812,-0.09106445312
1726151884268.3054,-1.01550292968,0.24145507812,-0.09106445312
1726151884277.099,-1.01550292968,0.24145507812,-0.09106445312
1726151884285.8323,-1.01550292968,0.24145507812,-0.09106445312
1726151884299.603,-0.98474121093,0.29028320312,-0.13415527343
1726151884308.3662,-0.98474121093,0.29028320312,-0.13415527343
1726151884317.1604,-0.98474121093,0.29028320312,-0.13415527343
1726151884325.9236,-0.98474121093,0.29028320312,-0.13415527343
1726151884334.748,-0.98474121093,0.29028320312,-0.13415527343
1726151884343.45,-0.98474121093,0.29028320312,-0.13415527343
1726151884352.2444,-0.98474121093,0.29028320312,-0.13415527343
1726151884361.0078,-0.98474121093,0.29028320312,-0.13415527343
1726151884369.71,-0.98474121093,0.29028320312,-0.13415527343
1726151884383.4197,-0.94958496093,0.3349609375,-0.21374511718
1726151884392.183,-0.94958496093,0.3349609375,-0.21374511718
1726151884400.916,-0.94958496093,0.3349609375,-0.21374511718
1726151884409.6184,-0.94958496093,0.3349609375,-0.21374511718
1726151884418.412,-0.94958496093,0.3349609375,-0.21374511718
1726151884427.0535,-0.94958496093,0.3349609375,-0.21374511718
1726151884435.8167,-0.94958496093,0.3349609375,-0.21374511718
1726151884444.5496,-0.94958496093,0.3349609375,-0.21374511718
1726151884453.3127,-0.92590332031,0.3974609375,-0.28625488281
1726151884467.0227,-0.92590332031,0.3974609375,-0.28625488281
1726151884475.786,-0.92590332031,0.3974609375,-0.28625488281
1726151884484.458,-0.92590332031,0.3974609375,-0.28625488281
1726151884493.2212,-0.92590332031,0.3974609375,-0.28625488281
1726151884501.9543,-0.92590332031,0.3974609375,-0.28625488281
1726151884510.7175,-0.92590332031,0.3974609375,-0.28625488281
1726151884519.4807,-0.92590332031,0.3974609375,-0.28625488281
1726151884528.244,-0.92590332031,0.3974609375,-0.28625488281
1726151884541.8933,-0.95349121093,0.44958496093,-0.32214355468
1726151884550.7175,-0.95349121093,0.44958496093,-0.32214355468
1726151884559.5115,-0.95349121093,0.44958496093,-0.32214355468
1726151884568.3052,-0.95349121093,0.44958496093,-0.32214355468
1726151884577.099,-0.95349121093,0.44958496093,-0.32214355468
1726151884585.9846,-0.95349121093,0.44958496093,-0.32214355468
1726151884595.084,-0.95349121093,0.44958496093,-0.32214355468
1726151884603.786,-0.95349121093,0.44958496093,-0.32214355468
1726151884612.5496,-0.95349121093,0.44958496093,-0.32214355468
1726151884626.3203,-0.99133300781,0.48327636718,-0.33984375
1726151884635.0227,-0.99133300781,0.48327636718,-0.33984375
1726151884643.725,-0.99133300781,0.48327636718,-0.33984375
1726151884652.458,-0.99133300781,0.48327636718,-0.33984375
1726151884661.099,-0.99133300781,0.48327636718,-0.33984375
1726151884669.832,-0.99133300781,0.48327636718,-0.33984375
1726151884678.412,-0.99133300781,0.48327636718,-0.33984375
1726151884687.084,-0.99133300781,0.48327636718,-0.33984375
1726151884700.6716,-0.8984375,0.49267578125,-0.33459472656
1726151884709.3435,-0.8984375,0.49267578125,-0.33459472656
1726151884717.954,-0.8984375,0.49267578125,-0.33459472656
1726151884726.5955,-0.8984375,0.49267578125,-0.33459472656
1726151884735.2363,-0.8984375,0.49267578125,-0.33459472656
1726151884743.9084,-0.8984375,0.49267578125,-0.33459472656
1726151884752.5496,-0.8984375,0.49267578125,-0.33459472656
1726151884761.2214,-0.8984375,0.49267578125,-0.33459472656
1726151884769.832,-0.8984375,0.49267578125,-0.33459472656
1726151884783.3894,-0.84057617187,0.46166992187,-0.30712890625
1726151884792.122,-0.84057617187,0.46166992187,-0.30712890625
1726151884800.8855,-0.84057617187,0.46166992187,-0.30712890625
1726151884809.71,-0.84057617187,0.46166992187,-0.30712890625
1726151884818.4124,-0.84057617187,0.46166992187,-0.30712890625
1726151884827.2363,-0.84057617187,0.46166992187,-0.30712890625
1726151884836.0,-0.84057617187,0.46166992187,-0.30712890625
1726151884844.3967,-0.84057617187,0.46166992187,-0.30712890625
1726151884853.1604,-0.84057617187,0.46166992187,-0.30712890625
1726151884866.9312,-0.841796875,0.41906738281,-0.29748535156
1726151884875.603,-0.841796875,0.41906738281,-0.29748535156
1726151884884.336,-0.841796875,0.41906738281,-0.29748535156
1726151884892.916,-0.841796875,0.41906738281,-0.29748535156
1726151884901.5876,-0.841796875,0.41906738281,-0.29748535156
1726151884910.29,-0.841796875,0.41906738281,-0.29748535156
1726151884918.9617,-0.841796875,0.41906738281,-0.29748535156
1726151884927.664,-0.841796875,0.41906738281,-0.29748535156
1726151884941.252,-0.78393554687,0.42102050781,-0.31066894531
1726151884949.9238,-0.78393554687,0.42102050781,-0.31066894531
1726151884958.687,-0.78393554687,0.42102050781,-0.31066894531
1726151884967.817,-0.78393554687,0.42102050781,-0.31066894531
1726151884976.641,-0.78393554687,0.42102050781,-0.31066894531
1726151884985.4043,-0.78393554687,0.42102050781,-0.31066894531
1726151884994.229,-0.78393554687,0.42102050781,-0.31066894531
1726151885003.0227,-0.78393554687,0.42102050781,-0.31066894531
1726151885011.786,-0.78393554687,0.42102050781,-0.31066894531
1726151885025.5269,-0.74645996093,0.46997070312,-0.33447265625
1726151885034.2595,-0.74645996093,0.46997070312,-0.33447265625
1726151885043.0535,-0.74645996093,0.46997070312,-0.33447265625
1726151885051.786,-0.74645996093,0.46997070312,-0.33447265625
1726151885060.5498,-0.74645996093,0.46997070312,-0.33447265625
1726151885069.252,-0.74645996093,0.46997070312,-0.33447265625
1726151885077.9849,-0.74645996093,0.46997070312,-0.33447265625
1726151885086.7175,-0.74645996093,0.46997070312,-0.33447265625
1726151885100.4888,-0.73425292968,0.52197265625,-0.3623046875
1726151885109.191,-0.73425292968,0.52197265625,-0.3623046875
1726151885117.9543,-0.73425292968,0.52197265625,-0.3623046875
1726151885126.6565,-0.73425292968,0.52197265625,-0.3623046875
1726151885135.42,-0.73425292968,0.52197265625,-0.3623046875
1726151885144.061,-0.73425292968,0.52197265625,-0.3623046875
1726151885152.8245,-0.73425292968,0.52197265625,-0.3623046875
1726151885161.5266,-0.73425292968,0.52197265625,-0.3623046875
1726151885170.29,-0.73425292968,0.52197265625,-0.3623046875
1726151885184.0,-0.72546386718,0.53369140625,-0.38891601562
1726151885192.336,-0.72546386718,0.53369140625,-0.38891601562
1726151885201.0076,-0.72546386718,0.53369140625,-0.38891601562
1726151885209.71,-0.72546386718,0.53369140625,-0.38891601562
1726151885218.4731,-0.72546386718,0.53369140625,-0.38891601562
1726151885227.206,-0.72546386718,0.53369140625,-0.38891601562
1726151885235.9387,-0.72546386718,0.53369140625,-0.38891601562
1726151885244.6719,-0.72546386718,0.53369140625,-0.38891601562
1726151885253.3127,-0.72546386718,0.53369140625,-0.38891601562
1726151885267.0227,-0.7109375,0.5380859375,-0.39709472656
1726151885275.664,-0.7109375,0.5380859375,-0.39709472656
1726151885284.1223,-0.7109375,0.5380859375,-0.39709472656
1726151885292.7634,-0.7109375,0.5380859375,-0.39709472656
1726151885301.374,-0.7109375,0.5380859375,-0.39709472656
1726151885309.9846,-0.7109375,0.5380859375,-0.39709472656
1726151885318.5647,-0.7109375,0.5380859375,-0.39709472656
1726151885327.206,-0.7109375,0.5380859375,-0.39709472656
1726151885340.794,-0.72607421875,0.54223632812,-0.39672851562
1726151885349.7708,-0.72607421875,0.54223632812,-0.39672851562
1726151885358.3818,-0.72607421875,0.54223632812,-0.39672851562
1726151885367.0535,-0.72607421875,0.54223632812,-0.39672851562
1726151885375.6948,-0.72607421875,0.54223632812,-0.39672851562
1726151885384.3665,-0.72607421875,0.54223632812,-0.39672851562
1726151885393.0076,-0.72607421875,0.54223632812,-0.39672851562
1726151885401.6792,-0.72607421875,0.54223632812,-0.39672851562
1726151885410.3203,-0.72607421875,0.54223632812,-0.39672851562
1726151885423.9695,-0.78833007812,0.52233886718,-0.38928222656
1726151885432.733,-0.78833007812,0.52233886718,-0.38928222656
1726151885441.5571,-0.78833007812,0.52233886718,-0.38928222656
1726151885450.3208,-0.78833007812,0.52233886718,-0.38928222656
1726151885459.1145,-0.78833007812,0.52233886718,-0.38928222656
1726151885467.9387,-0.78833007812,0.52233886718,-0.38928222656
1726151885476.702,-0.78833007812,0.52233886718,-0.38928222656
1726151885485.4658,-0.78833007812,0.52233886718,-0.38928222656
1726151885499.1755,-0.8955078125,0.47229003906,-0.35656738281
1726151885507.9387,-0.8955078125,0.47229003906,-0.35656738281
1726151885516.641,-0.8955078125,0.47229003906,-0.35656738281
1726151885525.4048,-0.8955078125,0.47229003906,-0.35656738281
1726151885534.1375,-0.8955078125,0.47229003906,-0.35656738281
1726151885542.901,-0.8955078125,0.47229003906,-0.35656738281
1726151885551.603,-0.8955078125,0.47229003906,-0.35656738281
1726151885560.3967,-0.8955078125,0.47229003906,-0.35656738281
1726151885569.099,-0.8955078125,0.47229003906,-0.35656738281
1726151885582.8398,-0.96423339843,0.43334960937,-0.29870605468
1726151885591.5115,-0.96423339843,0.43334960937,-0.29870605468
1726151885600.3054,-0.96423339843,0.43334960937,-0.29870605468
1726151885609.0686,-0.96423339843,0.43334960937,-0.29870605468
1726151885617.8628,-0.96423339843,0.43334960937,-0.29870605468
1726151885626.626,-0.96423339843,0.43334960937,-0.29870605468
1726151885635.359,-0.96423339843,0.43334960937,-0.29870605468
1726151885644.1523,-0.96423339843,0.43334960937,-0.29870605468
1726151885652.916,-0.96423339843,0.43334960937,-0.29870605468
1726151885666.626,-0.92761230468,0.39123535156,-0.24658203125
1726151885675.1145,-0.92761230468,0.39123535156,-0.24658203125
1726151885683.664,-0.92761230468,0.39123535156,-0.24658203125
1726151885692.0613,-0.92761230468,0.39123535156,-0.24658203125
1726151885700.641,-0.92761230468,0.39123535156,-0.24658203125
1726151885709.1604,-0.92761230468,0.39123535156,-0.24658203125
1726151885717.6487,-0.92761230468,0.39123535156,-0.24658203125
1726151885726.5955,-0.92761230468,0.39123535156,-0.24658203125
1726151885740.0916,-0.92822265625,0.34558105468,-0.21923828125
1726151885748.8855,-0.92822265625,0.34558105468,-0.21923828125
1726151885757.6794,-0.92822265625,0.34558105468,-0.21923828125
1726151885766.4429,-0.92822265625,0.34558105468,-0.21923828125
1726151885775.267,-0.92822265625,0.34558105468,-0.21923828125
1726151885784.0,-0.92822265625,0.34558105468,-0.21923828125
1726151885792.4275,-0.92822265625,0.34558105468,-0.21923828125
1726151885801.191,-0.92822265625,0.34558105468,-0.21923828125
1726151885810.0151,-0.92822265625,0.34558105468,-0.21923828125
1726151885823.725,-0.99926757812,0.34411621093,-0.18981933593
1726151885832.58,-0.99926757812,0.34411621093,-0.18981933593
1726151885841.2825,-0.99926757812,0.34411621093,-0.18981933593
1726151885850.1067,-0.99926757812,0.34411621093,-0.18981933593
1726151885858.901,-0.99926757812,0.34411621093,-0.18981933593
1726151885867.725,-0.99926757812,0.34411621093,-0.18981933593
1726151885876.519,-0.99926757812,0.34411621093,-0.18981933593
1726151885885.3435,-0.99926757812,0.34411621093,-0.18981933593
1726151885894.1375,-1.00744628906,0.34753417968,-0.17297363281
1726151885907.9387,-1.00744628906,0.34753417968,-0.17297363281
1726151885916.7632,-1.00744628906,0.34753417968,-0.17297363281
1726151885925.5266,-1.00744628906,0.34753417968,-0.17297363281
1726151885934.3818,-1.00744628906,0.34753417968,-0.17297363281
1726151885943.1145,-1.00744628906,0.34753417968,-0.17297363281
1726151885951.9695,-1.00744628906,0.34753417968,-0.17297363281
1726151885960.733,-1.00744628906,0.34753417968,-0.17297363281
1726151885969.588,-1.00744628906,0.34753417968,-0.17297363281
1726151885983.267,-0.96960449218,0.33874511718,-0.1806640625
1726151885992.061,-0.96960449218,0.33874511718,-0.1806640625
1726151886000.794,-0.96960449218,0.33874511718,-0.1806640625
1726151886009.5266,-0.96960449218,0.33874511718,-0.1806640625
1726151886018.29,-0.96960449218,0.33874511718,-0.1806640625
1726151886027.0227,-0.96960449218,0.33874511718,-0.1806640625
1726151886035.7556,-0.96960449218,0.33874511718,-0.1806640625
1726151886044.5498,-0.96960449218,0.33874511718,-0.1806640625
1726151886053.3127,-0.96960449218,0.33874511718,-0.1806640625
1726151886066.992,-0.95300292968,0.33984375,-0.19055175781
1726151886075.603,-0.95300292968,0.33984375,-0.19055175781
1726151886084.2747,-0.95300292968,0.33984375,-0.19055175781
1726151886092.977,-0.95300292968,0.33984375,-0.19055175781
1726151886102.076,-0.95300292968,0.33984375,-0.19055175781
1726151886110.7175,-0.95300292968,0.33984375,-0.19055175781
1726151886119.3894,-0.95300292968,0.33984375,-0.19055175781
1726151886128.122,-0.95300292968,0.33984375,-0.19055175781
1726151886141.7405,-0.95568847656,0.34240722656,-0.18994140625
1726151886150.5647,-0.95568847656,0.34240722656,-0.18994140625
1726151886159.328,-0.95568847656,0.34240722656,-0.18994140625
1726151886168.0,-0.95568847656,0.34240722656,-0.18994140625
1726151886176.3662,-0.95568847656,0.34240722656,-0.18994140625
1726151886185.1604,-0.95568847656,0.34240722656,-0.18994140625
1726151886193.9238,-0.95568847656,0.34240722656,-0.18994140625
1726151886202.6565,-0.95568847656,0.34240722656,-0.18994140625
1726151886211.42,-0.95568847656,0.34240722656,-0.18994140625
1726151886225.1604,-0.9755859375,0.32275390625,-0.2021484375
1726151886233.8623,-0.9755859375,0.32275390625,-0.2021484375
1726151886242.5955,-0.9755859375,0.32275390625,-0.2021484375
1726151886251.3586,-0.9755859375,0.32275390625,-0.2021484375
1726151886260.061,-0.9755859375,0.32275390625,-0.2021484375
1726151886268.7937,-0.9755859375,0.32275390625,-0.2021484375
1726151886277.496,-0.9755859375,0.32275390625,-0.2021484375
1726151886286.168,-0.9755859375,0.32275390625,-0.2021484375
1726151886299.7559,-1.01525878906,0.2958984375,-0.21728515625
1726151886308.458,-1.01525878906,0.2958984375,-0.21728515625
1726151886317.1604,-1.01525878906,0.2958984375,-0.21728515625
1726151886325.954,-1.01525878906,0.2958984375,-0.21728515625
1726151886334.6565,-1.01525878906,0.2958984375,-0.21728515625
1726151886343.45,-1.01525878906,0.2958984375,-0.21728515625
1726151886352.1523,-1.01525878906,0.2958984375,-0.21728515625
1726151886360.9468,-1.01525878906,0.2958984375,-0.21728515625
1726151886369.71,-1.01525878906,0.2958984375,-0.21728515625
1726151886383.4197,-1.11181640625,0.27502441406,-0.20971679687
1726151886392.183,-1.11181640625,0.27502441406,-0.20971679687
1726151886401.038,-1.11181640625,0.27502441406,-0.20971679687
1726151886409.7405,-1.11181640625,0.27502441406,-0.20971679687
1726151886418.5647,-1.11181640625,0.27502441406,-0.20971679687
1726151886427.3894,-1.11181640625,0.27502441406,-0.20971679687
1726151886436.1523,-1.11181640625,0.27502441406,-0.20971679687
1726151886445.0076,-1.11181640625,0.27502441406,-0.20971679687
1726151886453.7708,-1.11181640625,0.27502441406,-0.20971679687
1726151886467.5725,-1.08081054687,0.25280761718,-0.21411132812
1726151886476.702,-1.08081054687,0.25280761718,-0.21411132812
1726151886485.4658,-1.08081054687,0.25280761718,-0.21411132812
1726151886494.1985,-1.08081054687,0.25280761718,-0.21411132812
1726151886503.0227,-1.08081054687,0.25280761718,-0.21411132812
1726151886511.8167,-1.08081054687,0.25280761718,-0.21411132812
1726151886520.641,-1.08081054687,0.25280761718,-0.21411132812
1726151886529.435,-1.08081054687,0.25280761718,-0.21411132812
1726151886543.2368,-0.93322753906,0.10949707031,-0.18005371093
1726151886552.0305,-0.93322753906,0.10949707031,-0.18005371093
1726151886560.794,-0.93322753906,0.10949707031,-0.18005371093
1726151886569.5571,-0.93322753906,0.10949707031,-0.18005371093
1726151886578.3203,-0.93322753906,0.10949707031,-0.18005371093
1726151886587.145,-0.93322753906,0.10949707031,-0.18005371093
1726151886595.878,-0.93322753906,0.10949707031,-0.18005371093
1726151886604.6716,-0.93322753906,0.10949707031,-0.18005371093
1726151886613.435,-0.93322753906,0.10949707031,-0.18005371093
1726151886627.206,-0.97766113281,0.05163574218,-0.15795898437
1726151886635.878,-0.97766113281,0.05163574218,-0.15795898437
1726151886644.6104,-0.97766113281,0.05163574218,-0.15795898437
1726151886653.2825,-0.97766113281,0.05163574218,-0.15795898437
1726151886662.0457,-0.97766113281,0.05163574218,-0.15795898437
1726151886670.748,-0.97766113281,0.05163574218,-0.15795898437
1726151886679.45,-0.97766113281,0.05163574218,-0.15795898437
1726151886688.122,-0.97766113281,0.05163574218,-0.15795898437
1726151886701.8015,-0.96618652343,0.0224609375,-0.15283203125
1726151886710.5647,-0.96618652343,0.0224609375,-0.15283203125
1726151886719.2976,-0.96618652343,0.0224609375,-0.15283203125
1726151886728.0916,-0.96618652343,0.0224609375,-0.15283203125
1726151886736.7634,-0.96618652343,0.0224609375,-0.15283203125
1726151886745.5269,-0.96618652343,0.0224609375,-0.15283203125
1726151886763.5115,-0.96618652343,0.0224609375,-0.15283203125
1726151886772.2747,-0.96618652343,0.0224609375,-0.15283203125
1726151886785.9849,-0.93359375,0.03283691406,-0.18286132812
1726151886794.687,-0.93359375,0.03283691406,-0.18286132812
1726151886803.359,-0.93359375,0.03283691406,-0.18286132812
1726151886812.0305,-0.93359375,0.03283691406,-0.18286132812
1726151886820.7024,-0.93359375,0.03283691406,-0.18286132812
1726151886829.374,-0.93359375,0.03283691406,-0.18286132812
1726151886838.0151,-0.93359375,0.03283691406,-0.18286132812
1726151886846.687,-0.93359375,0.03283691406,-0.18286132812
1726151886860.733,-0.92578125,0.06176757812,-0.23327636718
1726151886869.3435,-0.92578125,0.06176757812,-0.23327636718
1726151886877.9849,-0.92578125,0.06176757812,-0.23327636718
1726151886886.5955,-0.92578125,0.06176757812,-0.23327636718
1726151886895.2368,-0.92578125,0.06176757812,-0.23327636718
1726151886903.8472,-0.92578125,0.06176757812,-0.23327636718
1726151886912.4883,-0.92578125,0.06176757812,-0.23327636718
1726151886921.099,-0.92578125,0.06176757812,-0.23327636718
1726151886929.7405,-0.92578125,0.06176757812,-0.23327636718
1726151886943.328,-0.95031738281,0.09289550781,-0.25671386718
1726151886951.9695,-0.95031738281,0.09289550781,-0.25671386718
1726151886960.733,-0.95031738281,0.09289550781,-0.25671386718
1726151886969.5571,-0.95031738281,0.09289550781,-0.25671386718
1726151886978.29,-0.95031738281,0.09289550781,-0.25671386718
1726151886987.0535,-0.95031738281,0.09289550781,-0.25671386718
1726151886995.8167,-0.95031738281,0.09289550781,-0.25671386718
1726151887004.6108,-0.95031738281,0.09289550781,-0.25671386718
1726151887013.374,-0.95031738281,0.09289550781,-0.25671386718
1726151887027.084,-0.97314453125,0.15014648437,-0.25622558593
1726151887035.7556,-0.97314453125,0.15014648437,-0.25622558593
1726151887044.5193,-0.97314453125,0.15014648437,-0.25622558593
1726151887053.3127,-0.97314453125,0.15014648437,-0.25622558593
1726151887062.046,-0.97314453125,0.15014648437,-0.25622558593
1726151887070.7783,-0.97314453125,0.15014648437,-0.25622558593
1726151887079.5115,-0.97314453125,0.15014648437,-0.25622558593
1726151887088.3052,-0.97314453125,0.15014648437,-0.25622558593
1726151887102.0151,-1.02233886718,0.2060546875,-0.23413085937
1726151887110.809,-1.02233886718,0.2060546875,-0.23413085937
1726151887119.5115,-1.02233886718,0.2060546875,-0.23413085937
1726151887128.275,-1.02233886718,0.2060546875,-0.23413085937
1726151887137.0078,-1.02233886718,0.2060546875,-0.23413085937
1726151887145.6487,-1.02233886718,0.2060546875,-0.23413085937
1726151887154.3818,-1.02233886718,0.2060546875,-0.23413085937
1726151887163.1145,-1.02233886718,0.2060546875,-0.23413085937
1726151887171.8474,-1.02233886718,0.2060546875,-0.23413085937
1726151887185.588,-1.09643554687,0.23413085937,-0.20300292968
1726151887194.29,-1.09643554687,0.23413085937,-0.20300292968
1726151887203.0227,-1.09643554687,0.23413085937,-0.20300292968
1726151887211.817,-1.09643554687,0.23413085937,-0.20300292968
1726151887220.6104,-1.09643554687,0.23413085937,-0.20300292968
1726151887229.4353,-1.09643554687,0.23413085937,-0.20300292968
1726151887238.5647,-1.09643554687,0.23413085937,-0.20300292968
1726151887247.359,-1.09643554687,0.23413085937,-0.20300292968
1726151887261.13,-1.04235839843,0.22436523437,-0.18640136718
1726151887269.893,-1.04235839843,0.22436523437,-0.18640136718
1726151887278.6565,-1.04235839843,0.22436523437,-0.18640136718
1726151887287.4807,-1.04235839843,0.22436523437,-0.18640136718
1726151887296.2444,-1.04235839843,0.22436523437,-0.18640136718
1726151887305.0688,-1.04235839843,0.22436523437,-0.18640136718
1726151887313.832,-1.04235839843,0.22436523437,-0.18640136718
1726151887322.5344,-1.04235839843,0.22436523437,-0.18640136718
1726151887331.328,-1.04235839843,0.22436523437,-0.18640136718
1726151887344.9463,-0.97644042968,0.19372558593,-0.18286132812
1726151887353.7708,-0.97644042968,0.19372558593,-0.18286132812
1726151887362.5647,-0.97644042968,0.19372558593,-0.18286132812
1726151887371.3894,-0.97644042968,0.19372558593,-0.18286132812
1726151887380.183,-0.97644042968,0.19372558593,-0.18286132812
1726151887389.0076,-0.97644042968,0.19372558593,-0.18286132812
1726151887397.7708,-0.97644042968,0.19372558593,-0.18286132812
1726151887406.5955,-0.97644042968,0.19372558593,-0.18286132812
1726151887420.3357,-1.01135253906,0.19506835937,-0.14782714843
1726151887429.191,-1.01135253906,0.19506835937,-0.14782714843
1726151887437.954,-1.01135253906,0.19506835937,-0.14782714843
1726151887446.748,-1.01135253906,0.19506835937,-0.14782714843
1726151887455.45,-1.01135253906,0.19506835937,-0.14782714843
1726151887464.2444,-1.01135253906,0.19506835937,-0.14782714843
1726151887473.0076,-1.01135253906,0.19506835937,-0.14782714843
1726151887481.832,-1.01135253906,0.19506835937,-0.14782714843
1726151887490.5647,-1.01135253906,0.19506835937,-0.14782714843
1726151887504.336,-1.00891113281,0.21545410156,-0.10009765625
1726151887513.0076,-1.00891113281,0.21545410156,-0.10009765625
1726151887521.7708,-1.00891113281,0.21545410156,-0.10009765625
1726151887530.5952,-1.00891113281,0.21545410156,-0.10009765625
1726151887539.359,-1.00891113281,0.21545410156,-0.10009765625
1726151887548.183,-1.00891113281,0.21545410156,-0.10009765625
1726151887556.9463,-1.00891113281,0.21545410156,-0.10009765625
1726151887565.8015,-1.00891113281,0.21545410156,-0.10009765625
1726151887574.5647,-0.97338867187,0.24792480468,-0.10498046875
1726151887588.3665,-0.97338867187,0.24792480468,-0.10498046875
1726151887597.1604,-0.97338867187,0.24792480468,-0.10498046875
1726151887605.9846,-0.97338867187,0.24792480468,-0.10498046875
1726151887614.901,-0.97338867187,0.24792480468,-0.10498046875
1726151887623.9695,-0.97338867187,0.24792480468,-0.10498046875
1726151887632.794,-0.97338867187,0.24792480468,-0.10498046875
1726151887641.5266,-0.97338867187,0.24792480468,-0.10498046875
1726151887650.351,-0.97338867187,0.24792480468,-0.10498046875
1726151887664.0916,-0.94958496093,0.29125976562,-0.14794921875
1726151887672.916,-0.94958496093,0.29125976562,-0.14794921875
1726151887681.5876,-0.94958496093,0.29125976562,-0.14794921875
1726151887690.3818,-0.94958496093,0.29125976562,-0.14794921875
1726151887699.084,-0.94958496093,0.29125976562,-0.14794921875
1726151887707.8474,-0.94958496093,0.29125976562,-0.14794921875
1726151887716.58,-0.94958496093,0.29125976562,-0.14794921875
1726151887725.3127,-0.94958496093,0.29125976562,-0.14794921875
1726151887734.076,-0.94958496093,0.29125976562,-0.14794921875
1726151887747.7864,-0.9248046875,0.33435058593,-0.19409179687
1726151887756.5496,-0.9248046875,0.33435058593,-0.19409179687
1726151887765.2825,-0.9248046875,0.33435058593,-0.19409179687
1726151887774.076,-0.9248046875,0.33435058593,-0.19409179687
1726151887782.748,-0.9248046875,0.33435058593,-0.19409179687
1726151887791.4807,-0.9248046875,0.33435058593,-0.19409179687
1726151887800.2139,-0.9248046875,0.33435058593,-0.19409179687
1726151887808.9463,-0.9248046875,0.33435058593,-0.19409179687
1726151887822.626,-0.92590332031,0.39624023437,-0.23327636718
1726151887831.1755,-0.92590332031,0.39624023437,-0.23327636718
1726151887839.6948,-0.92590332031,0.39624023437,-0.23327636718
1726151887848.244,-0.92590332031,0.39624023437,-0.23327636718
1726151887856.7024,-0.92590332031,0.39624023437,-0.23327636718
1726151887865.2825,-0.92590332031,0.39624023437,-0.23327636718
1726151887873.8015,-0.92590332031,0.39624023437,-0.23327636718
1726151887882.351,-0.92590332031,0.39624023437,-0.23327636718
1726151887890.8704,-0.92590332031,0.39624023437,-0.23327636718
1726151887904.3967,-0.9638671875,0.4375,-0.24536132812
1726151887912.8855,-0.9638671875,0.4375,-0.24536132812
1726151887921.435,-0.9638671875,0.4375,-0.24536132812
1726151887929.9543,-0.9638671875,0.4375,-0.24536132812
1726151887938.5037,-0.9638671875,0.4375,-0.24536132812
1726151887946.9924,-0.9638671875,0.4375,-0.24536132812
1726151887955.542,-0.9638671875,0.4375,-0.24536132812
1726151887964.0,-0.9638671875,0.4375,-0.24536132812
1726151887972.183,-0.9638671875,0.4375,-0.24536132812
1726151887985.6487,-1.01916503906,0.44116210937,-0.23840332031
1726151887994.5955,-1.01916503906,0.44116210937,-0.23840332031
1726151888003.1145,-1.01916503906,0.44116210937,-0.23840332031
1726151888011.6943,-1.01916503906,0.44116210937,-0.23840332031
1726151888020.183,-1.01916503906,0.44116210937,-0.23840332031
1726151888028.702,-1.01916503906,0.44116210937,-0.23840332031
1726151888037.2214,-1.01916503906,0.44116210937,-0.23840332031
1726151888045.7708,-1.01916503906,0.44116210937,-0.23840332031
1726151888054.3203,-1.01916503906,0.44116210937,-0.23840332031
1726151888068.061,-0.95629882812,0.41052246093,-0.25183105468
1726151888076.8855,-0.95629882812,0.41052246093,-0.25183105468
1726151888085.6792,-0.95629882812,0.41052246093,-0.25183105468
1726151888094.4429,-0.95629882812,0.41052246093,-0.25183105468
1726151888103.267,-0.95629882812,0.41052246093,-0.25183105468
1726151888112.0305,-0.95629882812,0.41052246093,-0.25183105468
1726151888120.8547,-0.95629882812,0.41052246093,-0.25183105468
1726151888129.588,-0.95629882812,0.41052246093,-0.25183105468
1726151888143.328,-0.84875488281,0.36706542968,-0.26025390625
1726151888151.6335,-0.84875488281,0.36706542968,-0.26025390625
1726151888160.183,-0.84875488281,0.36706542968,-0.26025390625
1726151888168.6719,-0.84875488281,0.36706542968,-0.26025390625
1726151888177.038,-0.84875488281,0.36706542968,-0.26025390625
1726151888185.496,-0.84875488281,0.36706542968,-0.26025390625
1726151888193.9238,-0.84875488281,0.36706542968,-0.26025390625
1726151888202.351,-0.84875488281,0.36706542968,-0.26025390625
1726151888210.8398,-0.84875488281,0.36706542968,-0.26025390625
1726151888224.2444,-0.85180664062,0.33630371093,-0.26098632812
1726151888233.0076,-0.85180664062,0.33630371093,-0.26098632812
1726151888241.8015,-0.85180664062,0.33630371093,-0.26098632812
1726151888250.5952,-0.85180664062,0.33630371093,-0.26098632812
1726151888259.359,-0.85180664062,0.33630371093,-0.26098632812
1726151888268.183,-0.85180664062,0.33630371093,-0.26098632812
1726151888276.916,-0.85180664062,0.33630371093,-0.26098632812
1726151888285.6487,-0.85180664062,0.33630371093,-0.26098632812
1726151888294.412,-0.85180664062,0.33630371093,-0.26098632812
1726151888308.122,-0.86364746093,0.35229492187,-0.32287597656
1726151888316.8547,-0.86364746093,0.35229492187,-0.32287597656
1726151888325.6792,-0.86364746093,0.35229492187,-0.32287597656
1726151888334.4429,-0.86364746093,0.35229492187,-0.32287597656
1726151888343.2363,-0.86364746093,0.35229492187,-0.32287597656
1726151888352.0,-0.86364746093,0.35229492187,-0.32287597656
1726151888360.4275,-0.86364746093,0.35229492187,-0.32287597656
1726151888369.3435,-0.86364746093,0.35229492187,-0.32287597656
1726151888383.3586,-0.86499023437,0.41906738281,-0.37670898437
1726151888392.122,-0.86499023437,0.41906738281,-0.37670898437
1726151888400.8855,-0.86499023437,0.41906738281,-0.37670898437
1726151888409.6794,-0.86499023437,0.41906738281,-0.37670898437
1726151888418.4426,-0.86499023437,0.41906738281,-0.37670898437
1726151888427.267,-0.86499023437,0.41906738281,-0.37670898437
1726151888436.0305,-0.86499023437,0.41906738281,-0.37670898437
1726151888444.8547,-0.86499023437,0.41906738281,-0.37670898437
1726151888453.6184,-0.86499023437,0.41906738281,-0.37670898437
1726151888467.3894,-0.84887695312,0.47839355468,-0.35595703125
1726151888476.1523,-0.84887695312,0.47839355468,-0.35595703125
1726151888484.977,-0.84887695312,0.47839355468,-0.35595703125
1726151888493.7405,-0.84887695312,0.47839355468,-0.35595703125
1726151888502.5647,-0.84887695312,0.47839355468,-0.35595703125
1726151888511.3586,-0.84887695312,0.47839355468,-0.35595703125
1726151888520.183,-0.84887695312,0.47839355468,-0.35595703125
1726151888528.9463,-0.84887695312,0.47839355468,-0.35595703125
1726151888542.748,-0.81750488281,0.49255371093,-0.32641601562
1726151888551.4807,-0.81750488281,0.49255371093,-0.32641601562
1726151888560.2444,-0.81750488281,0.49255371093,-0.32641601562
1726151888569.0686,-0.81750488281,0.49255371093,-0.32641601562
1726151888577.832,-0.81750488281,0.49255371093,-0.32641601562
1726151888586.534,-0.81750488281,0.49255371093,-0.32641601562
1726151888595.267,-0.81750488281,0.49255371093,-0.32641601562
1726151888604.0916,-0.81750488281,0.49255371093,-0.32641601562
1726151888612.8855,-0.81750488281,0.49255371093,-0.32641601562
1726151888626.6565,-0.79345703125,0.47094726562,-0.31799316406
1726151888635.42,-0.79345703125,0.47094726562,-0.31799316406
1726151888644.1523,-0.79345703125,0.47094726562,-0.31799316406
1726151888652.916,-0.79345703125,0.47094726562,-0.31799316406
1726151888661.6794,-0.79345703125,0.47094726562,-0.31799316406
1726151888670.4429,-0.79345703125,0.47094726562,-0.31799316406
1726151888679.267,-0.79345703125,0.47094726562,-0.31799316406
1726151888688.0916,-0.79345703125,0.47094726562,-0.31799316406
1726151888701.8015,-0.78430175781,0.45361328125,-0.32434082031
1726151888710.5955,-0.78430175781,0.45361328125,-0.32434082031
1726151888719.328,-0.78430175781,0.45361328125,-0.32434082031
1726151888727.9387,-0.78430175781,0.45361328125,-0.32434082031
1726151888736.702,-0.78430175781,0.45361328125,-0.32434082031
1726151888745.6794,-0.78430175781,0.45361328125,-0.32434082031
1726151888754.534,-0.78430175781,0.45361328125,-0.32434082031
1726151888763.2979,-0.78430175781,0.45361328125,-0.32434082031
1726151888771.9695,-0.78430175781,0.45361328125,-0.32434082031
1726151888785.7405,-0.77905273437,0.44970703125,-0.34191894531
1726151888794.504,-0.77905273437,0.44970703125,-0.34191894531
1726151888803.2063,-0.77905273437,0.44970703125,-0.34191894531
1726151888811.9695,-0.77905273437,0.44970703125,-0.34191894531
1726151888820.794,-0.77905273437,0.44970703125,-0.34191894531
1726151888829.496,-0.77905273437,0.44970703125,-0.34191894531
1726151888838.1985,-0.77905273437,0.44970703125,-0.34191894531
1726151888846.9617,-0.77905273437,0.44970703125,-0.34191894531
1726151888860.733,-0.77868652343,0.46142578125,-0.36376953125
1726151888869.5266,-0.77868652343,0.46142578125,-0.36376953125
1726151888878.3208,-0.77868652343,0.46142578125,-0.36376953125
1726151888887.1145,-0.77868652343,0.46142578125,-0.36376953125
1726151888895.878,-0.77868652343,0.46142578125,-0.36376953125
1726151888904.641,-0.77868652343,0.46142578125,-0.36376953125
1726151888913.374,-0.77868652343,0.46142578125,-0.36376953125
1726151888922.1375,-0.77868652343,0.46142578125,-0.36376953125
1726151888930.901,-0.77868652343,0.46142578125,-0.36376953125
1726151888944.6719,-0.8701171875,0.46057128906,-0.36145019531
1726151888953.252,-0.8701171875,0.46057128906,-0.36145019531
1726151888961.9236,-0.8701171875,0.46057128906,-0.36145019531
1726151888970.6565,-0.8701171875,0.46057128906,-0.36145019531
1726151888979.3894,-0.8701171875,0.46057128906,-0.36145019531
1726151888988.0916,-0.8701171875,0.46057128906,-0.36145019531
1726151888996.794,-0.8701171875,0.46057128906,-0.36145019531
1726151889005.4658,-0.8701171875,0.46057128906,-0.36145019531
1726151889014.1985,-0.8701171875,0.46057128906,-0.36145019531
1726151889027.878,-1.01501464843,0.45397949218,-0.31970214843
1726151889036.641,-1.01501464843,0.45397949218,-0.31970214843
1726151889045.4658,-1.01501464843,0.45397949218,-0.31970214843
1726151889054.168,-1.01501464843,0.45397949218,-0.31970214843
1726151889062.901,-1.01501464843,0.45397949218,-0.31970214843
1726151889071.664,-1.01501464843,0.45397949218,-0.31970214843
1726151889080.336,-1.01501464843,0.45397949218,-0.31970214843
1726151889089.0076,-1.01501464843,0.45397949218,-0.31970214843
1726151889102.7783,-0.95947265625,0.42907714843,-0.26684570312
1726151889111.542,-0.95947265625,0.42907714843,-0.26684570312
1726151889120.3054,-0.95947265625,0.42907714843,-0.26684570312
1726151889129.2214,-0.95947265625,0.42907714843,-0.26684570312
1726151889138.2595,-0.95947265625,0.42907714843,-0.26684570312
1726151889146.962,-0.95947265625,0.42907714843,-0.26684570312
1726151889155.725,-0.95947265625,0.42907714843,-0.26684570312
1726151889164.4883,-0.95947265625,0.42907714843,-0.26684570312
1726151889173.3127,-0.95947265625,0.42907714843,-0.26684570312
1726151889187.0535,-0.89404296875,0.38916015625,-0.23693847656
1726151889195.8777,-0.89404296875,0.38916015625,-0.23693847656
1726151889204.7024,-0.89404296875,0.38916015625,-0.23693847656
1726151889213.4656,-0.89404296875,0.38916015625,-0.23693847656
1726151889222.29,-0.89404296875,0.38916015625,-0.23693847656
1726151889230.9924,-0.89404296875,0.38916015625,-0.23693847656
1726151889239.817,-0.89404296875,0.38916015625,-0.23693847656
1726151889248.5803,-0.89404296875,0.38916015625,-0.23693847656
1726151889262.3818,-0.97143554687,0.35656738281,-0.17053222656
1726151889271.1145,-0.97143554687,0.35656738281,-0.17053222656
1726151889279.9084,-0.97143554687,0.35656738281,-0.17053222656
1726151889288.6716,-0.97143554687,0.35656738281,-0.17053222656
1726151889297.4656,-0.97143554687,0.35656738281,-0.17053222656
1726151889306.229,-0.97143554687,0.35656738281,-0.17053222656
1726151889315.0227,-0.97143554687,0.35656738281,-0.17053222656
1726151889323.7864,-0.97143554687,0.35656738281,-0.17053222656
1726151889332.6104,-0.97143554687,0.35656738281,-0.17053222656
1726151889346.3816,-0.94653320312,0.36071777343,-0.150390625
1726151889355.084,-0.94653320312,0.36071777343,-0.150390625
1726151889363.7556,-0.94653320312,0.36071777343,-0.150390625
1726151889372.4275,-0.94653320312,0.36071777343,-0.150390625
1726151889381.16,-0.94653320312,0.36071777343,-0.150390625
1726151889389.7405,-0.94653320312,0.36071777343,-0.150390625
1726151889398.4426,-0.94653320312,0.36071777343,-0.150390625
1726151889407.1145,-0.94653320312,0.36071777343,-0.150390625
1726151889420.794,-0.95886230468,0.34387207031,-0.15454101562
1726151889429.5571,-0.95886230468,0.34387207031,-0.15454101562
1726151889438.3816,-0.95886230468,0.34387207031,-0.15454101562
1726151889447.145,-0.95886230468,0.34387207031,-0.15454101562
1726151889456.0,-0.95886230468,0.34387207031,-0.15454101562
1726151889464.3967,-0.95886230468,0.34387207031,-0.15454101562
1726151889473.2212,-0.95886230468,0.34387207031,-0.15454101562
1726151889481.9846,-0.95886230468,0.34387207031,-0.15454101562
1726151889490.809,-0.95886230468,0.34387207031,-0.15454101562
1726151889504.7024,-0.97094726562,0.32763671875,-0.15026855468
1726151889513.7708,-0.97094726562,0.32763671875,-0.15026855468
1726151889522.5955,-0.97094726562,0.32763671875,-0.15026855468
1726151889531.3892,-0.97094726562,0.32763671875,-0.15026855468
1726151889540.2139,-0.97094726562,0.32763671875,-0.15026855468
1726151889548.9463,-0.97094726562,0.32763671875,-0.15026855468
1726151889557.8015,-0.97094726562,0.32763671875,-0.15026855468
1726151889566.5647,-0.97094726562,0.32763671875,-0.15026855468
1726151889575.3894,-0.97961425781,0.29711914062,-0.14099121093
1726151889589.1296,-0.97961425781,0.29711914062,-0.14099121093
1726151889597.9543,-0.97961425781,0.29711914062,-0.14099121093
1726151889616.1223,-0.97961425781,0.29711914062,-0.14099121093
1726151889624.9463,-0.97961425781,0.29711914062,-0.14099121093
1726151889633.7708,-0.97961425781,0.29711914062,-0.14099121093
1726151889642.534,-0.97961425781,0.29711914062,-0.14099121093
1726151889651.2979,-0.97961425781,0.29711914062,-0.14099121093
1726151889665.0076,-1.00146484375,0.26721191406,-0.13244628906
1726151889673.8323,-1.00146484375,0.26721191406,-0.13244628906
1726151889682.5955,-1.00146484375,0.26721191406,-0.13244628906
1726151889691.42,-1.00146484375,0.26721191406,-0.13244628906
1726151889700.0916,-1.00146484375,0.26721191406,-0.13244628906
1726151889708.916,-1.00146484375,0.26721191406,-0.13244628906
1726151889717.5876,-1.00146484375,0.26721191406,-0.13244628906
1726151889726.4124,-1.00146484375,0.26721191406,-0.13244628906
1726151889735.1755,-1.00146484375,0.26721191406,-0.13244628906
1726151889748.9468,-1.08044433593,0.24182128906,-0.13269042968
1726151889757.71,-1.08044433593,0.24182128906,-0.13269042968
1726151889766.4731,-1.08044433593,0.24182128906,-0.13269042968
1726151889775.267,-1.08044433593,0.24182128906,-0.13269042968
1726151889784.0305,-1.08044433593,0.24182128906,-0.13269042968
1726151889792.8547,-1.08044433593,0.24182128906,-0.13269042968
1726151889801.588,-1.08044433593,0.24182128906,-0.13269042968
1726151889810.3203,-1.08044433593,0.24182128906,-0.13269042968
1726151889824.061,-1.1943359375,0.19665527343,-0.13171386718
1726151889832.8245,-1.1943359375,0.19665527343,-0.13171386718
1726151889841.5269,-1.1943359375,0.19665527343,-0.13171386718
1726151889850.29,-1.1943359375,0.19665527343,-0.13171386718
1726151889858.9924,-1.1943359375,0.19665527343,-0.13171386718
1726151889867.7556,-1.1943359375,0.19665527343,-0.13171386718
1726151889876.4883,-1.1943359375,0.19665527343,-0.13171386718
1726151889885.252,-1.1943359375,0.19665527343,-0.13171386718
1726151889894.29,-1.1943359375,0.19665527343,-0.13171386718
1726151889908.0,-1.07971191406,0.1484375,-0.17077636718
1726151889916.2139,-1.07971191406,0.1484375,-0.17077636718
1726151889924.8547,-1.07971191406,0.1484375,-0.17077636718
1726151889933.4658,-1.07971191406,0.1484375,-0.17077636718
1726151889942.1067,-1.07971191406,0.1484375,-0.17077636718
1726151889950.7483,-1.07971191406,0.1484375,-0.17077636718
1726151889959.3586,-1.07971191406,0.1484375,-0.17077636718
1726151889968.0305,-1.07971191406,0.1484375,-0.17077636718
1726151889981.6184,-0.92297363281,0.03955078125,-0.18701171875
1726151889990.4124,-0.92297363281,0.03955078125,-0.18701171875
1726151889999.1755,-0.92297363281,0.03955078125,-0.18701171875
1726151890007.9695,-0.92297363281,0.03955078125,-0.18701171875
1726151890016.702,-0.92297363281,0.03955078125,-0.18701171875
1726151890025.4658,-0.92297363281,0.03955078125,-0.18701171875
1726151890034.168,-0.92297363281,0.03955078125,-0.18701171875
1726151890042.8704,-0.92297363281,0.03955078125,-0.18701171875
1726151890051.603,-0.92297363281,0.03955078125,-0.18701171875
1726151890065.374,-0.94787597656,-0.04357910156,-0.18933105468
1726151890074.1067,-0.94787597656,-0.04357910156,-0.18933105468
1726151890082.9312,-0.94787597656,-0.04357910156,-0.18933105468
1726151890091.6943,-0.94787597656,-0.04357910156,-0.18933105468
1726151890100.458,-0.94787597656,-0.04357910156,-0.18933105468
1726151890109.2214,-0.94787597656,-0.04357910156,-0.18933105468
1726151890117.9849,-0.94787597656,-0.04357910156,-0.18933105468
1726151890126.809,-0.94787597656,-0.04357910156,-0.18933105468
1726151890135.5725,-0.93969726562,-0.02819824218,-0.22900390625
1726151890149.3435,-0.93969726562,-0.02819824218,-0.22900390625
1726151890158.1067,-0.93969726562,-0.02819824218,-0.22900390625
1726151890166.901,-0.93969726562,-0.02819824218,-0.22900390625
1726151890175.6643,-0.93969726562,-0.02819824218,-0.22900390625
1726151890184.458,-0.93969726562,-0.02819824218,-0.22900390625
1726151890193.191,-0.93969726562,-0.02819824218,-0.22900390625
1726151890201.9846,-0.93969726562,-0.02819824218,-0.22900390625
1726151890210.7483,-0.93969726562,-0.02819824218,-0.22900390625
1726151890224.458,-0.9140625,0.02795410156,-0.26318359375
1726151890233.0686,-0.9140625,0.02795410156,-0.26318359375
1726151890241.6794,-0.9140625,0.02795410156,-0.26318359375
1726151890250.3203,-0.9140625,0.02795410156,-0.26318359375
1726151890258.9312,-0.9140625,0.02795410156,-0.26318359375
1726151890267.6033,-0.9140625,0.02795410156,-0.26318359375
1726151890276.58,-0.9140625,0.02795410156,-0.26318359375
1726151890285.191,-0.9140625,0.02795410156,-0.26318359375
1726151890293.8015,-0.9140625,0.02795410156,-0.26318359375
1726151890307.4197,-0.95104980468,0.07604980468,-0.29467773437
1726151890316.122,-0.95104980468,0.07604980468,-0.29467773437
1726151890324.8242,-0.95104980468,0.07604980468,-0.29467773437
1726151890333.4043,-0.95104980468,0.07604980468,-0.29467773437
1726151890342.1375,-0.95104980468,0.07604980468,-0.29467773437
1726151890350.8396,-0.95104980468,0.07604980468,-0.29467773437
1726151890359.5725,-0.95104980468,0.07604980468,-0.29467773437
1726151890368.275,-0.95104980468,0.07604980468,-0.29467773437
1726151890381.9846,-0.9443359375,0.09216308593,-0.29797363281
1726151890390.7175,-0.9443359375,0.09216308593,-0.29797363281
1726151890399.4807,-0.9443359375,0.09216308593,-0.29797363281
1726151890408.183,-0.9443359375,0.09216308593,-0.29797363281
1726151890416.8855,-0.9443359375,0.09216308593,-0.29797363281
1726151890425.6184,-0.9443359375,0.09216308593,-0.29797363281
1726151890434.3513,-0.9443359375,0.09216308593,-0.29797363281
1726151890443.1145,-0.9443359375,0.09216308593,-0.29797363281
1726151890451.817,-0.9443359375,0.09216308593,-0.29797363281
1726151890465.5571,-0.87036132812,0.13830566406,-0.28491210937
1726151890474.3203,-0.87036132812,0.13830566406,-0.28491210937
1726151890483.1145,-0.87036132812,0.13830566406,-0.28491210937
1726151890491.8777,-0.87036132812,0.13830566406,-0.28491210937
1726151890500.7024,-0.87036132812,0.13830566406,-0.28491210937
1726151890509.4656,-0.87036132812,0.13830566406,-0.28491210937
1726151890518.2595,-0.87036132812,0.13830566406,-0.28491210937
1726151890527.0227,-0.87036132812,0.13830566406,-0.28491210937
1726151890535.817,-0.84521484375,0.19738769531,-0.26000976562
1726151890549.5876,-0.84521484375,0.19738769531,-0.26000976562
1726151890558.3203,-0.84521484375,0.19738769531,-0.26000976562
1726151890567.145,-0.84521484375,0.19738769531,-0.26000976562
1726151890575.878,-0.84521484375,0.19738769531,-0.26000976562
1726151890584.641,-0.84521484375,0.19738769531,-0.26000976562
1726151890593.374,-0.84521484375,0.19738769531,-0.26000976562
1726151890602.1372,-0.84521484375,0.19738769531,-0.26000976562
1726151890610.87,-0.84521484375,0.19738769531,-0.26000976562
1726151890624.6104,-0.85534667968,0.23327636718,-0.24938964843
1726151890633.374,-0.85534667968,0.23327636718,-0.24938964843
1726151890642.1372,-0.85534667968,0.23327636718,-0.24938964843
1726151890651.267,-0.85534667968,0.23327636718,-0.24938964843
1726151890660.0916,-0.85534667968,0.23327636718,-0.24938964843
1726151890668.8547,-0.85534667968,0.23327636718,-0.24938964843
1726151890677.6487,-0.85534667968,0.23327636718,-0.24938964843
1726151890686.4429,-0.85534667968,0.23327636718,-0.24938964843
1726151890695.206,-0.85534667968,0.23327636718,-0.24938964843
1726151890708.977,-0.87670898437,0.25622558593,-0.26538085937
1726151890717.618,-0.87670898437,0.25622558593,-0.26538085937
1726151890726.3203,-0.87670898437,0.25622558593,-0.26538085937
1726151890734.992,-0.87670898437,0.25622558593,-0.26538085937
1726151890743.603,-0.87670898437,0.25622558593,-0.26538085937
1726151890752.3052,-0.87670898437,0.25622558593,-0.26538085937
1726151890761.0076,-0.87670898437,0.25622558593,-0.26538085937
1726151890769.7097,-0.87670898437,0.25622558593,-0.26538085937
1726151890783.3894,-1.05139160156,0.26806640625,-0.27587890625
1726151890792.183,-1.05139160156,0.26806640625,-0.27587890625
1726151890800.977,-1.05139160156,0.26806640625,-0.27587890625
1726151890809.7405,-1.05139160156,0.26806640625,-0.27587890625
1726151890818.5344,-1.05139160156,0.26806640625,-0.27587890625
1726151890827.328,-1.05139160156,0.26806640625,-0.27587890625
1726151890835.9695,-1.05139160156,0.26806640625,-0.27587890625
1726151890844.7327,-1.05139160156,0.26806640625,-0.27587890625
1726151890853.5269,-1.05139160156,0.26806640625,-0.27587890625
1726151890867.328,-1.17248535156,0.28186035156,-0.26928710937
1726151890875.9387,-1.17248535156,0.28186035156,-0.26928710937
1726151890884.7632,-1.17248535156,0.28186035156,-0.26928710937
1726151890893.5269,-1.17248535156,0.28186035156,-0.26928710937
1726151890902.3816,-1.17248535156,0.28186035156,-0.26928710937
1726151890911.145,-1.17248535156,0.28186035156,-0.26928710937
1726151890919.9695,-1.17248535156,0.28186035156,-0.26928710937
1726151890928.7634,-1.17248535156,0.28186035156,-0.26928710937
1726151890942.5344,-1.03503417968,0.27990722656,-0.26635742187
1726151890951.3284,-1.03503417968,0.27990722656,-0.26635742187
1726151890960.1523,-1.03503417968,0.27990722656,-0.26635742187
1726151890968.916,-1.03503417968,0.27990722656,-0.26635742187
1726151890977.6487,-1.03503417968,0.27990722656,-0.26635742187
1726151890986.4124,-1.03503417968,0.27990722656,-0.26635742187
1726151890995.206,-1.03503417968,0.27990722656,-0.26635742187
1726151891004.0,-1.03503417968,0.27990722656,-0.26635742187
1726151891012.3662,-1.03503417968,0.27990722656,-0.26635742187
1726151891026.504,-0.96264648437,0.31970214843,-0.29406738281
1726151891035.1755,-0.96264648437,0.31970214843,-0.29406738281
1726151891043.9695,-0.96264648437,0.31970214843,-0.29406738281
1726151891052.7327,-0.96264648437,0.31970214843,-0.29406738281
1726151891061.588,-0.96264648437,0.31970214843,-0.29406738281
1726151891070.2595,-0.96264648437,0.31970214843,-0.29406738281
1726151891079.084,-0.96264648437,0.31970214843,-0.29406738281
1726151891087.786,-0.96264648437,0.31970214843,-0.29406738281
1726151891101.4963,-1.00805664062,0.41027832031,-0.32995605468
1726151891110.229,-1.00805664062,0.41027832031,-0.32995605468
1726151891118.962,-1.00805664062,0.41027832031,-0.32995605468
1726151891127.6335,-1.00805664062,0.41027832031,-0.32995605468
1726151891136.3967,-1.00805664062,0.41027832031,-0.32995605468
1726151891145.099,-1.00805664062,0.41027832031,-0.32995605468
1726151891153.8623,-1.00805664062,0.41027832031,-0.32995605468
1726151891162.5955,-1.00805664062,0.41027832031,-0.32995605468
1726151891171.359,-1.00805664062,0.41027832031,-0.32995605468
1726151891185.099,-0.97924804687,0.4482421875,-0.35607910156
1726151891193.8015,-0.97924804687,0.4482421875,-0.35607910156
1726151891202.5344,-0.97924804687,0.4482421875,-0.35607910156
1726151891211.267,-0.97924804687,0.4482421875,-0.35607910156
1726151891220.061,-0.97924804687,0.4482421875,-0.35607910156
1726151891228.7634,-0.97924804687,0.4482421875,-0.35607910156
1726151891237.5266,-0.97924804687,0.4482421875,-0.35607910156
1726151891246.229,-0.97924804687,0.4482421875,-0.35607910156
1726151891255.0227,-0.97924804687,0.4482421875,-0.35607910156
1726151891268.702,-0.89074707031,0.45446777343,-0.37036132812
1726151891277.4043,-0.89074707031,0.45446777343,-0.37036132812
1726151891286.0764,-0.89074707031,0.45446777343,-0.37036132812
1726151891294.809,-0.89074707031,0.45446777343,-0.37036132812
1726151891303.5115,-0.89074707031,0.45446777343,-0.37036132812
1726151891312.2136,-0.89074707031,0.45446777343,-0.37036132812
1726151891320.916,-0.89074707031,0.45446777343,-0.37036132812
1726151891329.5571,-0.89074707031,0.45446777343,-0.37036132812
1726151891343.206,-0.80578613281,0.48449707031,-0.35400390625
1726151891351.9695,-0.80578613281,0.48449707031,-0.35400390625
1726151891360.733,-0.80578613281,0.48449707031,-0.35400390625
1726151891369.5266,-0.80578613281,0.48449707031,-0.35400390625
1726151891378.3208,-0.80578613281,0.48449707031,-0.35400390625
1726151891387.0535,-0.80578613281,0.48449707031,-0.35400390625
1726151891395.8474,-0.80578613281,0.48449707031,-0.35400390625
1726151891404.977,-0.80578613281,0.48449707031,-0.35400390625
1726151891413.8015,-0.80578613281,0.48449707031,-0.35400390625
1726151891427.5115,-0.71923828125,0.50048828125,-0.35583496093
1726151891436.3357,-0.71923828125,0.50048828125,-0.35583496093
1726151891445.099,-0.71923828125,0.50048828125,-0.35583496093
1726151891453.9236,-0.71923828125,0.50048828125,-0.35583496093
1726151891462.687,-0.71923828125,0.50048828125,-0.35583496093
1726151891471.5115,-0.71923828125,0.50048828125,-0.35583496093
1726151891480.275,-0.71923828125,0.50048828125,-0.35583496093
1726151891489.099,-0.71923828125,0.50048828125,-0.35583496093
1726151891502.8398,-0.64758300781,0.50390625,-0.38171386718
1726151891511.3892,-0.64758300781,0.50390625,-0.38171386718
1726151891520.0,-0.64758300781,0.50390625,-0.38171386718
1726151891528.244,-0.64758300781,0.50390625,-0.38171386718
1726151891536.794,-0.64758300781,0.50390625,-0.38171386718
1726151891545.4353,-0.64758300781,0.50390625,-0.38171386718
1726151891554.046,-0.64758300781,0.50390625,-0.38171386718
1726151891562.687,-0.64758300781,0.50390625,-0.38171386718
1726151891571.328,-0.64758300781,0.50390625,-0.38171386718
1726151891584.7937,-0.65161132812,0.54296875,-0.39892578125
1726151891593.4656,-0.65161132812,0.54296875,-0.39892578125
1726151891602.1675,-0.65161132812,0.54296875,-0.39892578125
1726151891610.901,-0.65161132812,0.54296875,-0.39892578125
1726151891619.542,-0.65161132812,0.54296875,-0.39892578125
1726151891628.244,-0.65161132812,0.54296875,-0.39892578125
1726151891636.8245,-0.65161132812,0.54296875,-0.39892578125
1726151891645.5571,-0.65161132812,0.54296875,-0.39892578125
1726151891654.229,-0.65161132812,0.54296875,-0.39892578125
1726151891667.9084,-0.80786132812,0.61218261718,-0.40393066406
1726151891676.641,-0.80786132812,0.61218261718,-0.40393066406
1726151891685.4043,-0.80786132812,0.61218261718,-0.40393066406
1726151891694.168,-0.80786132812,0.61218261718,-0.40393066406
1726151891702.87,-0.80786132812,0.61218261718,-0.40393066406
1726151891711.5725,-0.80786132812,0.61218261718,-0.40393066406
1726151891720.336,-0.80786132812,0.61218261718,-0.40393066406
1726151891728.9773,-0.80786132812,0.61218261718,-0.40393066406
1726151891742.7175,-0.85986328125,0.60388183593,-0.3916015625
1726151891751.45,-0.85986328125,0.60388183593,-0.3916015625
1726151891760.2139,-0.85986328125,0.60388183593,-0.3916015625
1726151891768.916,-0.85986328125,0.60388183593,-0.3916015625
1726151891777.6184,-0.85986328125,0.60388183593,-0.3916015625
1726151891786.7175,-0.85986328125,0.60388183593,-0.3916015625
1726151891795.4807,-0.85986328125,0.60388183593,-0.3916015625
1726151891804.2139,-0.85986328125,0.60388183593,-0.3916015625
1726151891812.9463,-0.85986328125,0.60388183593,-0.3916015625
1726151891826.687,-0.76525878906,0.53332519531,-0.35766601562
1726151891835.4504,-0.76525878906,0.53332519531,-0.35766601562
1726151891844.244,-0.76525878906,0.53332519531,-0.35766601562
1726151891852.9463,-0.76525878906,0.53332519531,-0.35766601562
1726151891861.7708,-0.76525878906,0.53332519531,-0.35766601562
1726151891870.5344,-0.76525878906,0.53332519531,-0.35766601562
1726151891879.3284,-0.76525878906,0.53332519531,-0.35766601562
1726151891888.0916,-0.76525878906,0.53332519531,-0.35766601562
1726151891901.893,-0.806640625,0.46704101562,-0.31689453125
1726151891910.5647,-0.806640625,0.46704101562,-0.31689453125
1726151891919.2976,-0.806640625,0.46704101562,-0.31689453125
1726151891928.0,-0.806640625,0.46704101562,-0.31689453125
1726151891936.3662,-0.806640625,0.46704101562,-0.31689453125
1726151891945.0076,-0.806640625,0.46704101562,-0.31689453125
1726151891953.7405,-0.806640625,0.46704101562,-0.31689453125
1726151891962.4426,-0.806640625,0.46704101562,-0.31689453125
1726151891971.1453,-0.806640625,0.46704101562,-0.31689453125
1726151891984.8245,-0.88427734375,0.40905761718,-0.29467773437
1726151891993.618,-0.88427734375,0.40905761718,-0.29467773437
1726151892002.351,-0.88427734375,0.40905761718,-0.29467773437
1726151892011.145,-0.88427734375,0.40905761718,-0.29467773437
1726151892019.9387,-0.88427734375,0.40905761718,-0.29467773437
1726151892028.702,-0.88427734375,0.40905761718,-0.29467773437
1726151892037.4656,-0.88427734375,0.40905761718,-0.29467773437
1726151892046.229,-0.88427734375,0.40905761718,-0.29467773437
1726151892055.0535,-0.88427734375,0.40905761718,-0.29467773437
1726151892068.794,-0.90173339843,0.39660644531,-0.220703125
1726151892077.4963,-0.90173339843,0.39660644531,-0.220703125
1726151892086.1985,-0.90173339843,0.39660644531,-0.220703125
1726151892094.962,-0.90173339843,0.39660644531,-0.220703125
1726151892103.603,-0.90173339843,0.39660644531,-0.220703125
1726151892112.3665,-0.90173339843,0.39660644531,-0.220703125
1726151892121.0686,-0.90173339843,0.39660644531,-0.220703125
1726151892129.8015,-0.90173339843,0.39660644531,-0.220703125
1726151892143.4807,-0.92053222656,0.39404296875,-0.23742675781
1726151892152.3054,-0.92053222656,0.39404296875,-0.23742675781
1726151892161.252,-0.92053222656,0.39404296875,-0.23742675781
1726151892170.229,-0.92053222656,0.39404296875,-0.23742675781
1726151892179.0535,-0.92053222656,0.39404296875,-0.23742675781
1726151892187.8474,-0.92053222656,0.39404296875,-0.23742675781
1726151892196.6716,-0.92053222656,0.39404296875,-0.23742675781
1726151892205.435,-0.92053222656,0.39404296875,-0.23742675781
1726151892214.2595,-0.92053222656,0.39404296875,-0.23742675781
1726151892228.0305,-0.92175292968,0.40417480468,-0.25036621093
1726151892236.8547,-0.92175292968,0.40417480468,-0.25036621093
1726151892245.6487,-0.92175292968,0.40417480468,-0.25036621093
1726151892254.4731,-0.92175292968,0.40417480468,-0.25036621093
1726151892263.2363,-0.92175292968,0.40417480468,-0.25036621093
1726151892272.0916,-0.92175292968,0.40417480468,-0.25036621093
1726151892280.8547,-0.92175292968,0.40417480468,-0.25036621093
1726151892289.6792,-0.92175292968,0.40417480468,-0.25036621093
1726151892303.4504,-0.92443847656,0.37353515625,-0.25219726562
1726151892312.2747,-0.92443847656,0.37353515625,-0.25219726562
1726151892321.099,-0.92443847656,0.37353515625,-0.25219726562
1726151892329.893,-0.92443847656,0.37353515625,-0.25219726562
1726151892338.7175,-0.92443847656,0.37353515625,-0.25219726562
1726151892347.4807,-0.92443847656,0.37353515625,-0.25219726562
1726151892356.3054,-0.92443847656,0.37353515625,-0.25219726562
1726151892365.099,-0.92443847656,0.37353515625,-0.25219726562
1726151892373.9238,-0.92443847656,0.37353515625,-0.25219726562
1726151892387.603,-0.97778320312,0.31225585937,-0.24572753906
1726151892396.4275,-0.97778320312,0.31225585937,-0.24572753906
1726151892405.2214,-0.97778320312,0.31225585937,-0.24572753906
1726151892414.046,-0.97778320312,0.31225585937,-0.24572753906
1726151892422.809,-0.97778320312,0.31225585937,-0.24572753906
1726151892431.6335,-0.97778320312,0.31225585937,-0.24572753906
1726151892449.9849,-0.97778320312,0.31225585937,-0.24572753906
1726151892463.725,-1.10266113281,0.23364257812,-0.20837402343
1726151892472.5496,-1.10266113281,0.23364257812,-0.20837402343
1726151892481.3435,-1.10266113281,0.23364257812,-0.20837402343
1726151892490.168,-1.10266113281,0.23364257812,-0.20837402343
1726151892498.8396,-1.10266113281,0.23364257812,-0.20837402343
1726151892507.6643,-1.10266113281,0.23364257812,-0.20837402343
1726151892516.4275,-1.10266113281,0.23364257812,-0.20837402343
1726151892525.252,-1.10266113281,0.23364257812,-0.20837402343
1726151892533.954,-1.10266113281,0.23364257812,-0.20837402343
1726151892548.0305,-1.14013671875,0.12512207031,-0.1669921875
1726151892556.733,-1.14013671875,0.12512207031,-0.1669921875
1726151892565.496,-1.14013671875,0.12512207031,-0.1669921875
1726151892574.1375,-1.14013671875,0.12512207031,-0.1669921875
1726151892582.8398,-1.14013671875,0.12512207031,-0.1669921875
1726151892591.4807,-1.14013671875,0.12512207031,-0.1669921875
1726151892600.183,-1.14013671875,0.12512207031,-0.1669921875
1726151892608.916,-1.14013671875,0.12512207031,-0.1669921875
1726151892622.4731,-1.07727050781,0.04736328125,-0.13940429687
1726151892631.2979,-1.07727050781,0.04736328125,-0.13940429687
1726151892640.0,-1.07727050781,0.04736328125,-0.13940429687
1726151892648.4275,-1.07727050781,0.04736328125,-0.13940429687
1726151892657.1604,-1.07727050781,0.04736328125,-0.13940429687
1726151892665.9846,-1.07727050781,0.04736328125,-0.13940429687
1726151892674.7483,-1.07727050781,0.04736328125,-0.13940429687
1726151892683.542,-1.07727050781,0.04736328125,-0.13940429687
1726151892692.275,-1.07727050781,0.04736328125,-0.13940429687
1726151892706.046,-1.044921875,-0.00439453125,-0.10668945312
1726151892714.7175,-1.044921875,-0.00439453125,-0.10668945312
1726151892723.4504,-1.044921875,-0.00439453125,-0.10668945312
1726151892732.183,-1.044921875,-0.00439453125,-0.10668945312
1726151892740.8855,-1.044921875,-0.00439453125,-0.10668945312
1726151892749.6487,-1.044921875,-0.00439453125,-0.10668945312
1726151892758.351,-1.044921875,-0.00439453125,-0.10668945312
1726151892767.1145,-1.044921875,-0.00439453125,-0.10668945312
1726151892775.8167,-1.044921875,-0.00439453125,-0.10668945312
1726151892789.5266,-1.00891113281,-0.0390625,-0.07373046875
1726151892798.1985,-1.00891113281,-0.0390625,-0.07373046875
1726151892806.9006,-1.00891113281,-0.0390625,-0.07373046875
1726151892815.542,-1.00891113281,-0.0390625,-0.07373046875
1726151892824.2136,-1.00891113281,-0.0390625,-0.07373046875
1726151892832.8855,-1.00891113281,-0.0390625,-0.07373046875
1726151892841.588,-1.00891113281,-0.0390625,-0.07373046875
1726151892850.1985,-1.00891113281,-0.0390625,-0.07373046875
1726151892863.8777,-0.97863769531,0.00622558593,-0.05102539062
1726151892872.6104,-0.97863769531,0.00622558593,-0.05102539062
1726151892881.4043,-0.97863769531,0.00622558593,-0.05102539062
1726151892890.1375,-0.97863769531,0.00622558593,-0.05102539062
1726151892898.9312,-0.97863769531,0.00622558593,-0.05102539062
1726151892907.725,-0.97863769531,0.00622558593,-0.05102539062
1726151892916.4888,-0.97863769531,0.00622558593,-0.05102539062
1726151892925.2825,-0.97863769531,0.00622558593,-0.05102539062
1726151892934.3818,-0.97863769531,0.00622558593,-0.05102539062
1726151892948.0916,-0.96337890625,0.06384277343,-0.04150390625
1726151892956.8245,-0.96337890625,0.06384277343,-0.04150390625
1726151892965.6184,-0.96337890625,0.06384277343,-0.04150390625
1726151892974.351,-0.96337890625,0.06384277343,-0.04150390625
1726151892983.1145,-0.96337890625,0.06384277343,-0.04150390625
1726151892991.8472,-0.96337890625,0.06384277343,-0.04150390625
1726151893000.6104,-0.96337890625,0.06384277343,-0.04150390625
1726151893009.3435,-0.96337890625,0.06384277343,-0.04150390625
1726151893023.084,-0.94799804687,0.12719726562,-0.04016113281
1726151893031.7556,-0.94799804687,0.12719726562,-0.04016113281
1726151893040.58,-0.94799804687,0.12719726562,-0.04016113281
1726151893049.2825,-0.94799804687,0.12719726562,-0.04016113281
1726151893058.046,-0.94799804687,0.12719726562,-0.04016113281
1726151893066.809,-0.94799804687,0.12719726562,-0.04016113281
1726151893075.542,-0.94799804687,0.12719726562,-0.04016113281
1726151893084.2747,-0.94799804687,0.12719726562,-0.04016113281
1726151893093.038,-0.94799804687,0.12719726562,-0.04016113281
1726151893106.7783,-0.98254394531,0.15148925781,-0.04577636718
1726151893115.5115,-0.98254394531,0.15148925781,-0.04577636718
1726151893124.3052,-0.98254394531,0.15148925781,-0.04577636718
1726151893133.0383,-0.98254394531,0.15148925781,-0.04577636718
1726151893141.832,-0.98254394531,0.15148925781,-0.04577636718
1726151893150.4731,-0.98254394531,0.15148925781,-0.04577636718
1726151893159.2976,-0.98254394531,0.15148925781,-0.04577636718
1726151893168.061,-0.98254394531,0.15148925781,-0.04577636718
1726151893176.8855,-1.10705566406,0.11706542968,-0.06506347656
1726151893190.626,-1.10705566406,0.11706542968,-0.06506347656
1726151893199.3586,-1.10705566406,0.11706542968,-0.06506347656
1726151893208.1528,-1.10705566406,0.11706542968,-0.06506347656
1726151893216.8855,-1.10705566406,0.11706542968,-0.06506347656
1726151893225.71,-1.10705566406,0.11706542968,-0.06506347656
1726151893234.412,-1.10705566406,0.11706542968,-0.06506347656
1726151893243.1145,-1.10705566406,0.11706542968,-0.06506347656
1726151893251.8777,-1.10705566406,0.11706542968,-0.06506347656
1726151893265.6487,-1.1484375,0.080078125,-0.10437011718
1726151893274.229,-1.1484375,0.080078125,-0.10437011718
1726151893282.8704,-1.1484375,0.080078125,-0.10437011718
1726151893291.4197,-1.1484375,0.080078125,-0.10437011718
1726151893300.0305,-1.1484375,0.080078125,-0.10437011718
1726151893308.58,-1.1484375,0.080078125,-0.10437011718
1726151893317.4963,-1.1484375,0.080078125,-0.10437011718
1726151893326.0457,-1.1484375,0.080078125,-0.10437011718
1726151893334.687,-1.1484375,0.080078125,-0.10437011718
1726151893348.244,-0.99047851562,0.05139160156,-0.15808105468
1726151893357.0078,-0.99047851562,0.05139160156,-0.15808105468
1726151893365.618,-0.99047851562,0.05139160156,-0.15808105468
1726151893374.4124,-0.99047851562,0.05139160156,-0.15808105468
1726151893383.206,-0.99047851562,0.05139160156,-0.15808105468
1726151893391.9387,-0.99047851562,0.05139160156,-0.15808105468
1726151893400.7632,-0.99047851562,0.05139160156,-0.15808105468
1726151893409.5571,-0.99047851562,0.05139160156,-0.15808105468
1726151893423.3586,-0.93359375,0.03076171875,-0.17163085937
1726151893432.0305,-0.93359375,0.03076171875,-0.17163085937
1726151893440.7327,-0.93359375,0.03076171875,-0.17163085937
1726151893449.374,-0.93359375,0.03076171875,-0.17163085937
1726151893458.076,-0.93359375,0.03076171875,-0.17163085937
1726151893466.687,-0.93359375,0.03076171875,-0.17163085937
1726151893475.3892,-0.93359375,0.03076171875,-0.17163085937
1726151893484.061,-0.93359375,0.03076171875,-0.17163085937
1726151893492.7632,-0.93359375,0.03076171875,-0.17163085937
1726151893506.4124,-1.0341796875,0.04919433593,-0.18322753906
1726151893515.1755,-1.0341796875,0.04919433593,-0.18322753906
1726151893523.9084,-1.0341796875,0.04919433593,-0.18322753906
1726151893532.702,-1.0341796875,0.04919433593,-0.18322753906
1726151893541.4043,-1.0341796875,0.04919433593,-0.18322753906
1726151893550.168,-1.0341796875,0.04919433593,-0.18322753906
1726151893558.8704,-1.0341796875,0.04919433593,-0.18322753906
1726151893567.603,-1.0341796875,0.04919433593,-0.18322753906
1726151893576.3665,-1.0341796875,0.04919433593,-0.18322753906
1726151893590.0764,-1.06127929687,0.12463378906,-0.232421875
1726151893598.8398,-1.06127929687,0.12463378906,-0.232421875
1726151893607.4807,-1.06127929687,0.12463378906,-0.232421875
1726151893616.2444,-1.06127929687,0.12463378906,-0.232421875
1726151893624.977,-1.06127929687,0.12463378906,-0.232421875
1726151893633.7405,-1.06127929687,0.12463378906,-0.232421875
1726151893642.4731,-1.06127929687,0.12463378906,-0.232421875
1726151893651.206,-1.06127929687,0.12463378906,-0.232421875
1726151893664.8547,-1.017578125,0.22436523437,-0.28967285156
1726151893673.6184,-1.017578125,0.22436523437,-0.28967285156
1726151893682.3203,-1.017578125,0.22436523437,-0.28967285156
1726151893691.0535,-1.017578125,0.22436523437,-0.28967285156
1726151893700.1523,-1.017578125,0.22436523437,-0.28967285156
1726151893708.8547,-1.017578125,0.22436523437,-0.28967285156
1726151893717.5571,-1.017578125,0.22436523437,-0.28967285156
1726151893726.29,-1.017578125,0.22436523437,-0.28967285156
1726151893735.0227,-1.017578125,0.22436523437,-0.28967285156
1726151893748.7024,-0.93579101562,0.30737304687,-0.32165527343
1726151893757.496,-0.93579101562,0.30737304687,-0.32165527343
1726151893766.168,-0.93579101562,0.30737304687,-0.32165527343
1726151893774.9006,-0.93579101562,0.30737304687,-0.32165527343
1726151893783.6643,-0.93579101562,0.30737304687,-0.32165527343
1726151893792.458,-0.93579101562,0.30737304687,-0.32165527343
1726151893801.191,-0.93579101562,0.30737304687,-0.32165527343
1726151893809.9846,-0.93579101562,0.30737304687,-0.32165527343
1726151893823.725,-0.83813476562,0.37731933593,-0.31982421875
1726151893832.519,-0.83813476562,0.37731933593,-0.31982421875
1726151893841.252,-0.83813476562,0.37731933593,-0.31982421875
1726151893849.954,-0.83813476562,0.37731933593,-0.31982421875
1726151893858.687,-0.83813476562,0.37731933593,-0.31982421875
1726151893867.4504,-0.83813476562,0.37731933593,-0.31982421875
1726151893876.183,-0.83813476562,0.37731933593,-0.31982421875
1726151893884.977,-0.83813476562,0.37731933593,-0.31982421875
1726151893893.71,-0.83813476562,0.37731933593,-0.31982421875
1726151893907.42,-0.75512695312,0.46105957031,-0.32836914062
1726151893916.1223,-0.75512695312,0.46105957031,-0.32836914062
1726151893924.8547,-0.75512695312,0.46105957031,-0.32836914062
1726151893933.6487,-0.75512695312,0.46105957031,-0.32836914062
1726151893942.351,-0.75512695312,0.46105957031,-0.32836914062
1726151893951.1145,-0.75512695312,0.46105957031,-0.32836914062
1726151893959.8472,-0.75512695312,0.46105957031,-0.32836914062
1726151893968.6108,-0.75512695312,0.46105957031,-0.32836914062
1726151893982.3203,-0.70703125,0.53857421875,-0.3271484375
1726151893990.992,-0.70703125,0.53857421875,-0.3271484375
1726151893999.4807,-0.70703125,0.53857421875,-0.3271484375
1726151894008.1223,-0.70703125,0.53857421875,-0.3271484375
1726151894016.7634,-0.70703125,0.53857421875,-0.3271484375
1726151894025.4048,-0.70703125,0.53857421875,-0.3271484375
1726151894034.0457,-0.70703125,0.53857421875,-0.3271484375
1726151894042.7175,-0.70703125,0.53857421875,-0.3271484375
1726151894051.328,-0.70703125,0.53857421875,-0.3271484375
1726151894064.794,-0.70642089843,0.59985351562,-0.32763671875
1726151894073.5266,-0.70642089843,0.59985351562,-0.32763671875
1726151894082.626,-0.70642089843,0.59985351562,-0.32763671875
1726151894091.328,-0.70642089843,0.59985351562,-0.32763671875
1726151894099.9387,-0.70642089843,0.59985351562,-0.32763671875
1726151894108.6716,-0.70642089843,0.59985351562,-0.32763671875
1726151894117.4658,-0.70642089843,0.59985351562,-0.32763671875
1726151894126.168,-0.70642089843,0.59985351562,-0.32763671875
1726151894134.8704,-0.70642089843,0.59985351562,-0.32763671875
1726151894148.58,-0.74475097656,0.65539550781,-0.32678222656
1726151894157.252,-0.74475097656,0.65539550781,-0.32678222656
1726151894165.9236,-0.74475097656,0.65539550781,-0.32678222656
1726151894174.687,-0.74475097656,0.65539550781,-0.32678222656
1726151894183.4504,-0.74475097656,0.65539550781,-0.32678222656
1726151894192.183,-0.74475097656,0.65539550781,-0.32678222656
1726151894200.9463,-0.74475097656,0.65539550781,-0.32678222656
1726151894209.6794,-0.74475097656,0.65539550781,-0.32678222656
1726151894223.42,-0.763671875,0.65014648437,-0.30249023437
1726151894232.0305,-0.763671875,0.65014648437,-0.30249023437
1726151894240.7634,-0.763671875,0.65014648437,-0.30249023437
1726151894249.4353,-0.763671875,0.65014648437,-0.30249023437
1726151894258.1985,-0.763671875,0.65014648437,-0.30249023437
1726151894266.8704,-0.763671875,0.65014648437,-0.30249023437
1726151894275.603,-0.763671875,0.65014648437,-0.30249023437
1726151894284.275,-0.763671875,0.65014648437,-0.30249023437
1726151894292.977,-0.763671875,0.65014648437,-0.30249023437
1726151894306.6255,-0.72253417968,0.61120605468,-0.27648925781
1726151894315.42,-0.72253417968,0.61120605468,-0.27648925781
1726151894324.0916,-0.72253417968,0.61120605468,-0.27648925781
1726151894332.8855,-0.72253417968,0.61120605468,-0.27648925781
1726151894341.6184,-0.72253417968,0.61120605468,-0.27648925781
1726151894350.412,-0.72253417968,0.61120605468,-0.27648925781
1726151894359.084,-0.72253417968,0.61120605468,-0.27648925781
1726151894367.786,-0.72253417968,0.61120605468,-0.27648925781
1726151894376.4883,-0.72253417968,0.61120605468,-0.27648925781
1726151894390.2595,-0.73449707031,0.5576171875,-0.24255371093
1726151894398.9617,-0.73449707031,0.5576171875,-0.24255371093
1726151894407.603,-0.73449707031,0.5576171875,-0.24255371093
1726151894416.275,-0.73449707031,0.5576171875,-0.24255371093
1726151894424.9463,-0.73449707031,0.5576171875,-0.24255371093
1726151894433.6184,-0.73449707031,0.5576171875,-0.24255371093
1726151894442.29,-0.73449707031,0.5576171875,-0.24255371093
1726151894450.9312,-0.73449707031,0.5576171875,-0.24255371093
1726151894464.916,-0.84753417968,0.52526855468,-0.17248535156
1726151894473.6792,-0.84753417968,0.52526855468,-0.17248535156
1726151894482.4731,-0.84753417968,0.52526855468,-0.17248535156
1726151894491.2976,-0.84753417968,0.52526855468,-0.17248535156
1726151894500.061,-0.84753417968,0.52526855468,-0.17248535156
1726151894508.8547,-0.84753417968,0.52526855468,-0.17248535156
1726151894517.6184,-0.84753417968,0.52526855468,-0.17248535156
1726151894526.4429,-0.84753417968,0.52526855468,-0.17248535156
1726151894535.2363,-0.84753417968,0.52526855468,-0.17248535156
1726151894549.038,-0.9033203125,0.517578125,-0.12524414062
1726151894557.6487,-0.9033203125,0.517578125,-0.12524414062
1726151894566.351,-0.9033203125,0.517578125,-0.12524414062
1726151894575.0227,-0.9033203125,0.517578125,-0.12524414062
1726151894583.725,-0.9033203125,0.517578125,-0.12524414062
1726151894592.4275,-0.9033203125,0.517578125,-0.12524414062
1726151894601.099,-0.9033203125,0.517578125,-0.12524414062
1726151894609.8015,-0.9033203125,0.517578125,-0.12524414062
1726151894623.4197,-0.89086914062,0.47424316406,-0.13549804687
1726151894632.2444,-0.89086914062,0.47424316406,-0.13549804687
1726151894641.038,-0.89086914062,0.47424316406,-0.13549804687
1726151894649.8015,-0.89086914062,0.47424316406,-0.13549804687
1726151894658.5647,-0.89086914062,0.47424316406,-0.13549804687
1726151894667.42,-0.89086914062,0.47424316406,-0.13549804687
1726151894676.122,-0.89086914062,0.47424316406,-0.13549804687
1726151894684.8855,-0.89086914062,0.47424316406,-0.13549804687
1726151894693.6794,-0.89086914062,0.47424316406,-0.13549804687
1726151894707.4504,-0.9287109375,0.45825195312,-0.12670898437
1726151894716.1523,-0.9287109375,0.45825195312,-0.12670898437
1726151894724.916,-0.9287109375,0.45825195312,-0.12670898437
1726151894733.5571,-0.9287109375,0.45825195312,-0.12670898437
1726151894742.3203,-0.9287109375,0.45825195312,-0.12670898437
1726151894751.0532,-0.9287109375,0.45825195312,-0.12670898437
1726151894759.7864,-0.9287109375,0.45825195312,-0.12670898437
1726151894768.519,-0.9287109375,0.45825195312,-0.12670898437
1726151894777.252,-0.9912109375,0.45812988281,-0.09240722656
1726151894790.9312,-0.9912109375,0.45812988281,-0.09240722656
1726151894799.6335,-0.9912109375,0.45812988281,-0.09240722656
1726151894808.3662,-0.9912109375,0.45812988281,-0.09240722656
1726151894817.0688,-0.9912109375,0.45812988281,-0.09240722656
1726151894825.832,-0.9912109375,0.45812988281,-0.09240722656
1726151894834.504,-0.9912109375,0.45812988281,-0.09240722656
1726151894843.542,-0.9912109375,0.45812988281,-0.09240722656
1726151894852.2139,-0.9912109375,0.45812988281,-0.09240722656
1726151894865.9236,-1.01098632812,0.44970703125,-0.07849121093
1726151894874.687,-1.01098632812,0.44970703125,-0.07849121093
1726151894883.542,-1.01098632812,0.44970703125,-0.07849121093
1726151894892.275,-1.01098632812,0.44970703125,-0.07849121093
1726151894901.099,-1.01098632812,0.44970703125,-0.07849121093
1726151894909.893,-1.01098632812,0.44970703125,-0.07849121093
1726151894918.687,-1.01098632812,0.44970703125,-0.07849121093
1726151894927.5115,-1.01098632812,0.44970703125,-0.07849121093
1726151894936.2747,-1.01098632812,0.44970703125,-0.07849121093
1726151894950.0764,-0.98205566406,0.42175292968,-0.08544921875
1726151894958.8396,-0.98205566406,0.42175292968,-0.08544921875
1726151894967.664,-0.98205566406,0.42175292968,-0.08544921875
1726151894976.3357,-0.98205566406,0.42175292968,-0.08544921875
1726151894985.1604,-0.98205566406,0.42175292968,-0.08544921875
1726151894993.9236,-0.98205566406,0.42175292968,-0.08544921875
1726151895002.7783,-0.98205566406,0.42175292968,-0.08544921875
1726151895011.5725,-0.98205566406,0.42175292968,-0.08544921875
1726151895025.374,-0.98376464843,0.38269042968,-0.09191894531
1726151895034.1375,-0.98376464843,0.38269042968,-0.09191894531
1726151895042.962,-0.98376464843,0.38269042968,-0.09191894531
1726151895051.7556,-0.98376464843,0.38269042968,-0.09191894531
1726151895060.5498,-0.98376464843,0.38269042968,-0.09191894531
1726151895069.3435,-0.98376464843,0.38269042968,-0.09191894531
1726151895078.1375,-0.98376464843,0.38269042968,-0.09191894531
1726151895086.992,-0.98376464843,0.38269042968,-0.09191894531
1726151895095.6335,-0.98376464843,0.38269042968,-0.09191894531
1726151895109.435,-1.02526855468,0.330078125,-0.09387207031
1726151895118.1375,-1.02526855468,0.330078125,-0.09387207031
1726151895126.9006,-1.02526855468,0.330078125,-0.09387207031
1726151895135.603,-1.02526855468,0.330078125,-0.09387207031
1726151895144.3665,-1.02526855468,0.330078125,-0.09387207031
1726151895153.0688,-1.02526855468,0.330078125,-0.09387207031
1726151895161.832,-1.02526855468,0.330078125,-0.09387207031
1726151895170.4429,-1.02526855468,0.330078125,-0.09387207031
1726151895184.183,-1.07373046875,0.28991699218,-0.10424804687
1726151895193.0078,-1.07373046875,0.28991699218,-0.10424804687
1726151895201.6487,-1.07373046875,0.28991699218,-0.10424804687
1726151895210.504,-1.07373046875,0.28991699218,-0.10424804687
1726151895219.542,-1.07373046875,0.28991699218,-0.10424804687
1726151895228.336,-1.07373046875,0.28991699218,-0.10424804687
1726151895237.0076,-1.07373046875,0.28991699218,-0.10424804687
1726151895245.832,-1.07373046875,0.28991699218,-0.10424804687
1726151895254.534,-1.07373046875,0.28991699218,-0.10424804687
1726151895268.3054,-1.00256347656,0.25659179687,-0.1455078125
1726151895286.626,-1.00256347656,0.25659179687,-0.1455078125
1726151895295.3894,-1.00256347656,0.25659179687,-0.1455078125
1726151895304.1528,-1.00256347656,0.25659179687,-0.1455078125
1726151895312.916,-1.00256347656,0.25659179687,-0.1455078125
1726151895321.6184,-1.00256347656,0.25659179687,-0.1455078125
1726151895330.3816,-1.00256347656,0.25659179687,-0.1455078125
1726151895344.1523,-0.91003417968,0.197265625,-0.16162109375
1726151895352.8547,-0.91003417968,0.197265625,-0.16162109375
1726151895361.618,-0.91003417968,0.197265625,-0.16162109375
1726151895370.29,-0.91003417968,0.197265625,-0.16162109375
1726151895379.0227,-0.91003417968,0.197265625,-0.16162109375
1726151895387.725,-0.91003417968,0.197265625,-0.16162109375
1726151895396.4888,-0.91003417968,0.197265625,-0.16162109375
1726151895405.191,-0.91003417968,0.197265625,-0.16162109375
1726151895413.9543,-0.91003417968,0.197265625,-0.16162109375
1726151895427.6335,-0.93981933593,0.10607910156,-0.15148925781
1726151895436.458,-0.93981933593,0.10607910156,-0.15148925781
1726151895445.252,-0.93981933593,0.10607910156,-0.15148925781
1726151895453.954,-0.93981933593,0.10607910156,-0.15148925781
1726151895462.748,-0.93981933593,0.10607910156,-0.15148925781
1726151895471.4504,-0.93981933593,0.10607910156,-0.15148925781
1726151895480.275,-0.93981933593,0.10607910156,-0.15148925781
1726151895489.0383,-0.93981933593,0.10607910156,-0.15148925781
1726151895497.832,-0.98486328125,-0.01257324218,-0.16760253906
1726151895511.45,-0.98486328125,-0.01257324218,-0.16760253906
1726151895520.2444,-0.98486328125,-0.01257324218,-0.16760253906
1726151895529.0076,-0.98486328125,-0.01257324218,-0.16760253906
1726151895537.832,-0.98486328125,-0.01257324218,-0.16760253906
1726151895546.5037,-0.98486328125,-0.01257324218,-0.16760253906
1726151895555.328,-0.98486328125,-0.01257324218,-0.16760253906
1726151895563.9387,-0.98486328125,-0.01257324218,-0.16760253906
1726151895572.7634,-0.98486328125,-0.01257324218,-0.16760253906
1726151895586.5647,-0.99340820312,-0.08557128906,-0.16772460937
1726151895595.359,-0.99340820312,-0.08557128906,-0.16772460937
1726151895604.5496,-0.99340820312,-0.08557128906,-0.16772460937
1726151895613.3435,-0.99340820312,-0.08557128906,-0.16772460937
1726151895622.1675,-0.99340820312,-0.08557128906,-0.16772460937
1726151895630.9312,-0.99340820312,-0.08557128906,-0.16772460937
1726151895639.7556,-0.99340820312,-0.08557128906,-0.16772460937
1726151895648.5496,-0.99340820312,-0.08557128906,-0.16772460937
1726151895657.374,-0.99340820312,-0.08557128906,-0.16772460937
1726151895671.084,-0.97766113281,-0.06762695312,-0.16479492187
1726151895679.8472,-0.97766113281,-0.06762695312,-0.16479492187
1726151895688.6719,-0.97766113281,-0.06762695312,-0.16479492187
1726151895697.3127,-0.97766113281,-0.06762695312,-0.16479492187
1726151895706.1067,-0.97766113281,-0.06762695312,-0.16479492187
1726151895714.9006,-0.97766113281,-0.06762695312,-0.16479492187
1726151895723.725,-0.97766113281,-0.06762695312,-0.16479492187
1726151895732.5496,-0.97766113281,-0.06762695312,-0.16479492187
1726151895746.3513,-0.96606445312,-0.00915527343,-0.18420410156
1726151895755.1145,-0.96606445312,-0.00915527343,-0.18420410156
1726151895763.9387,-0.96606445312,-0.00915527343,-0.18420410156
1726151895772.7327,-0.96606445312,-0.00915527343,-0.18420410156
1726151895781.5571,-0.96606445312,-0.00915527343,-0.18420410156
1726151895790.3203,-0.96606445312,-0.00915527343,-0.18420410156
1726151895799.145,-0.96606445312,-0.00915527343,-0.18420410156
1726151895807.9387,-0.96606445312,-0.00915527343,-0.18420410156
1726151895816.7634,-0.96606445312,-0.00915527343,-0.18420410156
1726151895830.5647,-0.94299316406,0.03894042968,-0.2109375
1726151895839.1755,-0.94299316406,0.03894042968,-0.2109375
1726151895847.8472,-0.94299316406,0.03894042968,-0.2109375
1726151895856.4883,-0.94299316406,0.03894042968,-0.2109375
1726151895865.16,-0.94299316406,0.03894042968,-0.2109375
1726151895873.6794,-0.94299316406,0.03894042968,-0.2109375
1726151895882.3816,-0.94299316406,0.03894042968,-0.2109375
1726151895890.9924,-0.94299316406,0.03894042968,-0.2109375
1726151895904.641,-0.9072265625,0.05725097656,-0.22241210937
1726151895913.374,-0.9072265625,0.05725097656,-0.22241210937
1726151895922.1067,-0.9072265625,0.05725097656,-0.22241210937
1726151895930.809,-0.9072265625,0.05725097656,-0.22241210937
1726151895939.5725,-0.9072265625,0.05725097656,-0.22241210937
1726151895948.3054,-0.9072265625,0.05725097656,-0.22241210937
1726151895957.099,-0.9072265625,0.05725097656,-0.22241210937
1726151895965.8015,-0.9072265625,0.05725097656,-0.22241210937
1726151895974.5952,-0.9072265625,0.05725097656,-0.22241210937
1726151895988.6719,-0.92492675781,0.06787109375,-0.2099609375
1726151895997.2825,-0.92492675781,0.06787109375,-0.2099609375
1726151896006.0151,-0.92492675781,0.06787109375,-0.2099609375
1726151896014.809,-0.92492675781,0.06787109375,-0.2099609375
1726151896023.5725,-0.92492675781,0.06787109375,-0.2099609375
1726151896032.3052,-0.92492675781,0.06787109375,-0.2099609375
1726151896041.099,-0.92492675781,0.06787109375,-0.2099609375
1726151896049.832,-0.92492675781,0.06787109375,-0.2099609375
1726151896063.4807,-0.98107910156,0.08740234375,-0.19274902343
1726151896072.275,-0.98107910156,0.08740234375,-0.19274902343
1726151896081.0688,-0.98107910156,0.08740234375,-0.19274902343
1726151896089.832,-0.98107910156,0.08740234375,-0.19274902343
1726151896098.5344,-0.98107910156,0.08740234375,-0.19274902343
1726151896107.2976,-0.98107910156,0.08740234375,-0.19274902343
1726151896116.1223,-0.98107910156,0.08740234375,-0.19274902343
1726151896124.916,-0.98107910156,0.08740234375,-0.19274902343
1726151896133.6487,-0.98107910156,0.08740234375,-0.19274902343
1726151896147.3894,-1.08959960937,0.12255859375,-0.17749023437
1726151896156.2139,-1.08959960937,0.12255859375,-0.17749023437
1726151896164.9463,-1.08959960937,0.12255859375,-0.17749023437
1726151896173.7708,-1.08959960937,0.12255859375,-0.17749023437
1726151896182.5955,-1.08959960937,0.12255859375,-0.17749023437
1726151896191.359,-1.08959960937,0.12255859375,-0.17749023437
1726151896200.2136,-1.08959960937,0.12255859375,-0.17749023437
1726151896208.977,-1.08959960937,0.12255859375,-0.17749023437
1726151896217.7708,-1.06518554687,0.14099121093,-0.18286132812
1726151896231.5115,-1.06518554687,0.14099121093,-0.18286132812
1726151896240.336,-1.06518554687,0.14099121093,-0.18286132812
1726151896248.9773,-1.06518554687,0.14099121093,-0.18286132812
1726151896257.832,-1.06518554687,0.14099121093,-0.18286132812
1726151896266.504,-1.06518554687,0.14099121093,-0.18286132812
1726151896275.206,-1.06518554687,0.14099121093,-0.18286132812
1726151896283.9387,-1.06518554687,0.14099121093,-0.18286132812
1726151896292.7634,-1.06518554687,0.14099121093,-0.18286132812
1726151896306.5037,-0.99963378906,0.11840820312,-0.18420410156
1726151896315.267,-0.99963378906,0.11840820312,-0.18420410156
1726151896324.061,-0.99963378906,0.11840820312,-0.18420410156
1726151896332.8245,-0.99963378906,0.11840820312,-0.18420410156
1726151896341.6184,-0.99963378906,0.11840820312,-0.18420410156
1726151896350.3816,-0.99963378906,0.11840820312,-0.18420410156
1726151896359.267,-0.99963378906,0.11840820312,-0.18420410156
1726151896368.336,-0.99963378906,0.11840820312,-0.18420410156
1726151896377.0078,-0.99963378906,0.11840820312,-0.18420410156
1726151896390.626,-1.05041503906,0.10266113281,-0.14318847656
1726151896399.4197,-1.05041503906,0.10266113281,-0.14318847656
1726151896408.2444,-1.05041503906,0.10266113281,-0.14318847656
1726151896417.0686,-1.05041503906,0.10266113281,-0.14318847656
1726151896425.8623,-1.05041503906,0.10266113281,-0.14318847656
1726151896434.6873,-1.05041503906,0.10266113281,-0.14318847656
1726151896443.5115,-1.05041503906,0.10266113281,-0.14318847656
1726151896452.3054,-1.05041503906,0.10266113281,-0.14318847656
1726151896466.1067,-1.04577636718,0.11511230468,-0.09912109375
1726151896474.87,-1.04577636718,0.11511230468,-0.09912109375
1726151896483.664,-1.04577636718,0.11511230468,-0.09912109375
1726151896492.3357,-1.04577636718,0.11511230468,-0.09912109375
1726151896501.1604,-1.04577636718,0.11511230468,-0.09912109375
1726151896509.9236,-1.04577636718,0.11511230468,-0.09912109375
1726151896518.748,-1.04577636718,0.11511230468,-0.09912109375
1726151896527.4504,-1.04577636718,0.11511230468,-0.09912109375
1726151896536.3054,-1.04577636718,0.11511230468,-0.09912109375
1726151896550.0457,-1.015625,0.15734863281,-0.09411621093
1726151896558.7175,-1.015625,0.15734863281,-0.09411621093
1726151896567.328,-1.015625,0.15734863281,-0.09411621093
1726151896575.8474,-1.015625,0.15734863281,-0.09411621093
1726151896584.458,-1.015625,0.15734863281,-0.09411621093
1726151896593.0686,-1.015625,0.15734863281,-0.09411621093
1726151896601.7405,-1.015625,0.15734863281,-0.09411621093
1726151896610.351,-1.015625,0.15734863281,-0.09411621093
1726151896623.9695,-0.99523925781,0.21142578125,-0.12939453125
1726151896632.7634,-0.99523925781,0.21142578125,-0.12939453125
1726151896641.618,-0.99523925781,0.21142578125,-0.12939453125
1726151896650.3816,-0.99523925781,0.21142578125,-0.12939453125
1726151896659.206,-0.99523925781,0.21142578125,-0.12939453125
1726151896667.9695,-0.99523925781,0.21142578125,-0.12939453125
1726151896676.7937,-0.99523925781,0.21142578125,-0.12939453125
1726151896685.6184,-0.99523925781,0.21142578125,-0.12939453125
1726151896694.4429,-0.99523925781,0.21142578125,-0.12939453125
1726151896708.2139,-0.98791503906,0.27844238281,-0.18542480468
1726151896717.0076,-0.98791503906,0.27844238281,-0.18542480468
1726151896725.8015,-0.98791503906,0.27844238281,-0.18542480468
1726151896734.687,-0.98791503906,0.27844238281,-0.18542480468
1726151896743.817,-0.98791503906,0.27844238281,-0.18542480468
1726151896752.6104,-0.98791503906,0.27844238281,-0.18542480468
1726151896761.435,-0.98791503906,0.27844238281,-0.18542480468
1726151896770.1985,-0.98791503906,0.27844238281,-0.18542480468
1726151896784.0,-0.99487304687,0.35021972656,-0.24072265625
1726151896792.3665,-0.99487304687,0.35021972656,-0.24072265625
1726151896801.191,-0.99487304687,0.35021972656,-0.24072265625
1726151896809.9236,-0.99487304687,0.35021972656,-0.24072265625
1726151896818.7175,-0.99487304687,0.35021972656,-0.24072265625
1726151896827.4807,-0.99487304687,0.35021972656,-0.24072265625
1726151896836.275,-0.99487304687,0.35021972656,-0.24072265625
1726151896845.038,-0.99487304687,0.35021972656,-0.24072265625
1726151896853.7708,-0.99487304687,0.35021972656,-0.24072265625
1726151896867.5115,-1.02624511718,0.37121582031,-0.2841796875
1726151896876.275,-1.02624511718,0.37121582031,-0.2841796875
1726151896885.0686,-1.02624511718,0.37121582031,-0.2841796875
1726151896893.832,-1.02624511718,0.37121582031,-0.2841796875
1726151896902.534,-1.02624511718,0.37121582031,-0.2841796875
1726151896911.2363,-1.02624511718,0.37121582031,-0.2841796875
1726151896920.0305,-1.02624511718,0.37121582031,-0.2841796875
1726151896928.7634,-1.02624511718,0.37121582031,-0.2841796875
1726151896937.5571,-1.02624511718,0.37121582031,-0.2841796875
1726151896951.267,-1.04089355468,0.35498046875,-0.31079101562
1726151896960.122,-1.04089355468,0.35498046875,-0.31079101562
1726151896968.8245,-1.04089355468,0.35498046875,-0.31079101562
1726151896977.6487,-1.04089355468,0.35498046875,-0.31079101562
1726151896986.4124,-1.04089355468,0.35498046875,-0.31079101562
1726151896995.2363,-1.04089355468,0.35498046875,-0.31079101562
1726151897004.0305,-1.04089355468,0.35498046875,-0.31079101562
1726151897012.8547,-1.04089355468,0.35498046875,-0.31079101562
1726151897026.626,-0.91638183593,0.32348632812,-0.31896972656
1726151897035.3894,-0.91638183593,0.32348632812,-0.31896972656
1726151897044.2139,-0.91638183593,0.32348632812,-0.31896972656
1726151897052.9463,-0.91638183593,0.32348632812,-0.31896972656
1726151897061.7708,-0.91638183593,0.32348632812,-0.31896972656
1726151897070.5344,-0.91638183593,0.32348632812,-0.31896972656
1726151897079.3894,-0.91638183593,0.32348632812,-0.31896972656
1726151897088.1523,-0.91638183593,0.32348632812,-0.31896972656
1726151897096.977,-0.91638183593,0.32348632812,-0.31896972656
1726151897110.748,-0.81140136718,0.29309082031,-0.29675292968
1726151897119.878,-0.81140136718,0.29309082031,-0.29675292968
1726151897128.6104,-0.81140136718,0.29309082031,-0.29675292968
1726151897137.4353,-0.81140136718,0.29309082031,-0.29675292968
1726151897146.1985,-0.81140136718,0.29309082031,-0.29675292968
1726151897155.0227,-0.81140136718,0.29309082031,-0.29675292968
1726151897163.8474,-0.81140136718,0.29309082031,-0.29675292968
1726151897172.6108,-0.81140136718,0.29309082031,-0.29675292968
1726151897186.4429,-0.85314941406,0.32897949218,-0.30407714843
1726151897195.206,-0.85314941406,0.32897949218,-0.30407714843
1726151897204.0,-0.85314941406,0.32897949218,-0.30407714843
1726151897212.3665,-0.85314941406,0.32897949218,-0.30407714843
1726151897221.191,-0.85314941406,0.32897949218,-0.30407714843
1726151897229.9849,-0.85314941406,0.32897949218,-0.30407714843
1726151897238.809,-0.85314941406,0.32897949218,-0.30407714843
1726151897247.603,-0.85314941406,0.32897949218,-0.30407714843
1726151897256.4275,-0.85314941406,0.32897949218,-0.30407714843
1726151897270.1675,-0.84338378906,0.4228515625,-0.3564453125
1726151897278.9312,-0.84338378906,0.4228515625,-0.3564453125
1726151897287.6335,-0.84338378906,0.4228515625,-0.3564453125
1726151897296.3967,-0.84338378906,0.4228515625,-0.3564453125
1726151897305.099,-0.84338378906,0.4228515625,-0.3564453125
1726151897313.832,-0.84338378906,0.4228515625,-0.3564453125
1726151897322.4731,-0.84338378906,0.4228515625,-0.3564453125
1726151897331.206,-0.84338378906,0.4228515625,-0.3564453125
1726151897344.8855,-0.75134277343,0.49060058593,-0.37463378906
1726151897353.6487,-0.75134277343,0.49060058593,-0.37463378906
1726151897362.4426,-0.75134277343,0.49060058593,-0.37463378906
1726151897371.206,-0.75134277343,0.49060058593,-0.37463378906
1726151897379.9692,-0.75134277343,0.49060058593,-0.37463378906
1726151897388.733,-0.75134277343,0.49060058593,-0.37463378906
1726151897397.5269,-0.75134277343,0.49060058593,-0.37463378906
1726151897406.29,-0.75134277343,0.49060058593,-0.37463378906
1726151897415.0535,-0.75134277343,0.49060058593,-0.37463378906
1726151897428.7634,-0.716796875,0.52734375,-0.35498046875
1726151897437.4043,-0.716796875,0.52734375,-0.35498046875
1726151897445.9849,-0.716796875,0.52734375,-0.35498046875
1726151897454.6255,-0.716796875,0.52734375,-0.35498046875
1726151897463.2363,-0.716796875,0.52734375,-0.35498046875
1726151897471.878,-0.716796875,0.52734375,-0.35498046875
1726151897480.458,-0.716796875,0.52734375,-0.35498046875
1726151897489.0688,-0.716796875,0.52734375,-0.35498046875
1726151897498.0151,-0.716796875,0.52734375,-0.35498046875
1726151897511.603,-0.70471191406,0.55810546875,-0.33752441406
1726151897520.336,-0.70471191406,0.55810546875,-0.33752441406
1726151897529.038,-0.70471191406,0.55810546875,-0.33752441406
1726151897537.7405,-0.70471191406,0.55810546875,-0.33752441406
1726151897546.534,-0.70471191406,0.55810546875,-0.33752441406
1726151897555.2976,-0.70471191406,0.55810546875,-0.33752441406
1726151897564.0308,-0.70471191406,0.55810546875,-0.33752441406
1726151897572.8245,-0.70471191406,0.55810546875,-0.33752441406
1726151897586.534,-0.68884277343,0.57238769531,-0.33874511718
1726151897595.2979,-0.68884277343,0.57238769531,-0.33874511718
1726151897604.0,-0.68884277343,0.57238769531,-0.33874511718
1726151897612.3967,-0.68884277343,0.57238769531,-0.33874511718
1726151897621.16,-0.68884277343,0.57238769531,-0.33874511718
1726151897629.8623,-0.68884277343,0.57238769531,-0.33874511718
1726151897638.626,-0.68884277343,0.57238769531,-0.33874511718
1726151897647.3894,-0.68884277343,0.57238769531,-0.33874511718
1726151897656.1223,-0.68884277343,0.57238769531,-0.33874511718
1726151897669.893,-0.71362304687,0.58850097656,-0.3583984375
1726151897678.626,-0.71362304687,0.58850097656,-0.3583984375
1726151897687.359,-0.71362304687,0.58850097656,-0.3583984375
1726151897696.061,-0.71362304687,0.58850097656,-0.3583984375
1726151897704.8245,-0.71362304687,0.58850097656,-0.3583984375
1726151897713.5266,-0.71362304687,0.58850097656,-0.3583984375
1726151897722.29,-0.71362304687,0.58850097656,-0.3583984375
1726151897730.9924,-0.71362304687,0.58850097656,-0.3583984375
1726151897744.6719,-0.90319824218,0.6162109375,-0.3359375
1726151897753.16,-0.90319824218,0.6162109375,-0.3359375
1726151897761.6794,-0.90319824218,0.6162109375,-0.3359375
1726151897770.351,-0.90319824218,0.6162109375,-0.3359375
1726151897778.9924,-0.90319824218,0.6162109375,-0.3359375
1726151897787.664,-0.90319824218,0.6162109375,-0.3359375
1726151897796.122,-0.90319824218,0.6162109375,-0.3359375
1726151897804.794,-0.90319824218,0.6162109375,-0.3359375
1726151897813.374,-0.90319824218,0.6162109375,-0.3359375
1726151897826.9617,-0.86572265625,0.59326171875,-0.31616210937
1726151897835.725,-0.86572265625,0.59326171875,-0.31616210937
1726151897844.5496,-0.86572265625,0.59326171875,-0.31616210937
1726151897853.3127,-0.86572265625,0.59326171875,-0.31616210937
1726151897862.1067,-0.86572265625,0.59326171875,-0.31616210937
1726151897870.9312,-0.86572265625,0.59326171875,-0.31616210937
1726151897880.0305,-0.86572265625,0.59326171875,-0.31616210937
1726151897888.794,-0.86572265625,0.59326171875,-0.31616210937
1726151897897.5571,-0.86572265625,0.59326171875,-0.31616210937
1726151897911.267,-0.82946777343,0.53771972656,-0.2880859375
1726151897920.061,-0.82946777343,0.53771972656,-0.2880859375
1726151897928.794,-0.82946777343,0.53771972656,-0.2880859375
1726151897937.496,-0.82946777343,0.53771972656,-0.2880859375
1726151897946.1985,-0.82946777343,0.53771972656,-0.2880859375
1726151897954.9312,-0.82946777343,0.53771972656,-0.2880859375
1726151897963.725,-0.82946777343,0.53771972656,-0.2880859375
1726151897972.458,-0.82946777343,0.53771972656,-0.2880859375
1726151897986.1985,-0.88977050781,0.47741699218,-0.23327636718
1726151897994.992,-0.88977050781,0.47741699218,-0.23327636718
1726151898003.664,-0.88977050781,0.47741699218,-0.23327636718
1726151898012.3052,-0.88977050781,0.47741699218,-0.23327636718
1726151898021.13,-0.88977050781,0.47741699218,-0.23327636718
1726151898029.8623,-0.88977050781,0.47741699218,-0.23327636718
1726151898038.687,-0.88977050781,0.47741699218,-0.23327636718
1726151898047.45,-0.88977050781,0.47741699218,-0.23327636718
1726151898056.2139,-0.88977050781,0.47741699218,-0.23327636718
1726151898069.9236,-0.89172363281,0.43786621093,-0.21411132812
1726151898078.687,-0.89172363281,0.43786621093,-0.21411132812
1726151898087.4807,-0.89172363281,0.43786621093,-0.21411132812
1726151898096.2139,-0.89172363281,0.43786621093,-0.21411132812
1726151898114.6565,-0.89172363281,0.43786621093,-0.21411132812
1726151898123.3892,-0.89172363281,0.43786621093,-0.21411132812
1726151898132.183,-0.89172363281,0.43786621093,-0.21411132812
1726151898145.893,-0.86669921875,0.42663574218,-0.22900390625
1726151898154.687,-0.86669921875,0.42663574218,-0.22900390625
1726151898163.4807,-0.86669921875,0.42663574218,-0.22900390625
1726151898172.275,-0.86669921875,0.42663574218,-0.22900390625
1726151898181.0686,-0.86669921875,0.42663574218,-0.22900390625
1726151898189.8933,-0.86669921875,0.42663574218,-0.22900390625
1726151898198.6565,-0.86669921875,0.42663574218,-0.22900390625
1726151898207.4807,-0.86669921875,0.42663574218,-0.22900390625
1726151898216.2747,-0.86669921875,0.42663574218,-0.22900390625
1726151898230.046,-0.8935546875,0.42883300781,-0.21618652343
1726151898238.7783,-0.8935546875,0.42883300781,-0.21618652343
1726151898247.5115,-0.8935546875,0.42883300781,-0.21618652343
1726151898256.6716,-0.8935546875,0.42883300781,-0.21618652343
1726151898265.374,-0.8935546875,0.42883300781,-0.21618652343
1726151898274.1067,-0.8935546875,0.42883300781,-0.21618652343
1726151898282.8398,-0.8935546875,0.42883300781,-0.21618652343
1726151898291.542,-0.8935546875,0.42883300781,-0.21618652343
1726151898305.2214,-0.9404296875,0.43603515625,-0.19873046875
1726151898313.9846,-0.9404296875,0.43603515625,-0.19873046875
1726151898322.7175,-0.9404296875,0.43603515625,-0.19873046875
1726151898331.4504,-0.9404296875,0.43603515625,-0.19873046875
1726151898340.183,-0.9404296875,0.43603515625,-0.19873046875
1726151898348.9463,-0.9404296875,0.43603515625,-0.19873046875
1726151898357.71,-0.9404296875,0.43603515625,-0.19873046875
1726151898366.3816,-0.9404296875,0.43603515625,-0.19873046875
1726151898375.145,-0.9404296875,0.43603515625,-0.19873046875
1726151898388.8245,-0.98840332031,0.439453125,-0.19799804687
1726151898397.5571,-0.98840332031,0.439453125,-0.19799804687
1726151898406.2595,-0.98840332031,0.439453125,-0.19799804687
1726151898414.9924,-0.98840332031,0.439453125,-0.19799804687
1726151898423.6943,-0.98840332031,0.439453125,-0.19799804687
1726151898432.4275,-0.98840332031,0.439453125,-0.19799804687
1726151898441.1296,-0.98840332031,0.439453125,-0.19799804687
1726151898449.8933,-0.98840332031,0.439453125,-0.19799804687
1726151898458.5955,-1.04821777343,0.4169921875,-0.19860839843
1726151898472.3662,-1.04821777343,0.4169921875,-0.19860839843
1726151898481.0686,-1.04821777343,0.4169921875,-0.19860839843
1726151898489.8628,-1.04821777343,0.4169921875,-0.19860839843
1726151898498.626,-1.04821777343,0.4169921875,-0.19860839843
1726151898507.359,-1.04821777343,0.4169921875,-0.19860839843
1726151898516.1523,-1.04821777343,0.4169921875,-0.19860839843
1726151898524.916,-1.04821777343,0.4169921875,-0.19860839843
1726151898533.6487,-1.04821777343,0.4169921875,-0.19860839843
1726151898547.3892,-1.02197265625,0.39196777343,-0.203125
1726151898555.817,-1.02197265625,0.39196777343,-0.203125
1726151898564.183,-1.02197265625,0.39196777343,-0.203125
1726151898572.6104,-1.02197265625,0.39196777343,-0.203125
1726151898581.0078,-1.02197265625,0.39196777343,-0.203125
1726151898589.252,-1.02197265625,0.39196777343,-0.203125
1726151898597.6184,-1.02197265625,0.39196777343,-0.203125
1726151898605.9846,-1.02197265625,0.39196777343,-0.203125
1726151898614.4429,-1.02197265625,0.39196777343,-0.203125
1726151898627.786,-0.88354492187,0.35632324218,-0.20837402343
1726151898636.7024,-0.88354492187,0.35632324218,-0.20837402343
1726151898645.7405,-0.88354492187,0.35632324218,-0.20837402343
1726151898654.5344,-0.88354492187,0.35632324218,-0.20837402343
1726151898663.328,-0.88354492187,0.35632324218,-0.20837402343
1726151898671.9387,-0.88354492187,0.35632324218,-0.20837402343
1726151898680.7632,-0.88354492187,0.35632324218,-0.20837402343
1726151898689.5571,-0.88354492187,0.35632324218,-0.20837402343
1726151898698.3816,-0.88354492187,0.35632324218,-0.20837402343
1726151898712.1528,-0.84716796875,0.28857421875,-0.2138671875
1726151898720.9463,-0.84716796875,0.28857421875,-0.2138671875
1726151898729.71,-0.84716796875,0.28857421875,-0.2138671875
1726151898738.4731,-0.84716796875,0.28857421875,-0.2138671875
1726151898747.2368,-0.84716796875,0.28857421875,-0.2138671875
1726151898756.061,-0.84716796875,0.28857421875,-0.2138671875
1726151898764.8245,-0.84716796875,0.28857421875,-0.2138671875
1726151898773.618,-0.84716796875,0.28857421875,-0.2138671875
1726151898787.2976,-0.92614746093,0.21740722656,-0.24353027343
1726151898796.122,-0.92614746093,0.21740722656,-0.24353027343
1726151898804.8547,-0.92614746093,0.21740722656,-0.24353027343
1726151898813.6184,-0.92614746093,0.21740722656,-0.24353027343
1726151898822.4429,-0.92614746093,0.21740722656,-0.24353027343
1726151898831.206,-0.92614746093,0.21740722656,-0.24353027343
1726151898839.9695,-0.92614746093,0.21740722656,-0.24353027343
1726151898848.702,-0.92614746093,0.21740722656,-0.24353027343
1726151898857.4658,-0.92614746093,0.21740722656,-0.24353027343
1726151898871.145,-0.962890625,0.15197753906,-0.28454589843
1726151898879.9082,-0.962890625,0.15197753906,-0.28454589843
1726151898888.519,-0.962890625,0.15197753906,-0.28454589843
1726151898897.2825,-0.962890625,0.15197753906,-0.28454589843
1726151898905.9846,-0.962890625,0.15197753906,-0.28454589843
1726151898914.7175,-0.962890625,0.15197753906,-0.28454589843
1726151898923.3892,-0.962890625,0.15197753906,-0.28454589843
1726151898932.1528,-0.962890625,0.15197753906,-0.28454589843
1726151898945.8015,-0.97485351562,0.13488769531,-0.31298828125
1726151898954.5647,-0.97485351562,0.13488769531,-0.31298828125
1726151898963.2976,-0.97485351562,0.13488769531,-0.31298828125
1726151898972.0,-0.97485351562,0.13488769531,-0.31298828125
1726151898980.3967,-0.97485351562,0.13488769531,-0.31298828125
1726151898989.099,-0.97485351562,0.13488769531,-0.31298828125
1726151898997.832,-0.97485351562,0.13488769531,-0.31298828125
1726151899006.4429,-0.97485351562,0.13488769531,-0.31298828125
1726151899015.42,-0.97485351562,0.13488769531,-0.31298828125
1726151899029.16,-0.9814453125,0.10412597656,-0.32934570312
1726151899037.832,-0.9814453125,0.10412597656,-0.32934570312
1726151899046.4731,-0.9814453125,0.10412597656,-0.32934570312
1726151899055.2363,-0.9814453125,0.10412597656,-0.32934570312
1726151899063.9695,-0.9814453125,0.10412597656,-0.32934570312
1726151899072.733,-0.9814453125,0.10412597656,-0.32934570312
1726151899081.4658,-0.9814453125,0.10412597656,-0.32934570312
1726151899090.1985,-0.9814453125,0.10412597656,-0.32934570312
1726151899098.9312,-0.95849609375,0.060546875,-0.31823730468
1726151899112.6719,-0.95849609375,0.060546875,-0.31823730468
1726151899121.2212,-0.95849609375,0.060546875,-0.31823730468
1726151899129.9846,-0.95849609375,0.060546875,-0.31823730468
1726151899138.7175,-0.95849609375,0.060546875,-0.31823730468
1726151899147.3894,-0.95849609375,0.060546875,-0.31823730468
1726151899156.1528,-0.95849609375,0.060546875,-0.31823730468
1726151899164.8547,-0.95849609375,0.060546875,-0.31823730468
1726151899173.6184,-0.95849609375,0.060546875,-0.31823730468
1726151899187.2979,-0.92700195312,0.07983398437,-0.28393554687
1726151899196.0916,-0.92700195312,0.07983398437,-0.28393554687
1726151899204.8547,-0.92700195312,0.07983398437,-0.28393554687
1726151899213.6792,-0.92700195312,0.07983398437,-0.28393554687
1726151899222.4429,-0.92700195312,0.07983398437,-0.28393554687
1726151899231.2368,-0.92700195312,0.07983398437,-0.28393554687
1726151899240.0305,-0.92700195312,0.07983398437,-0.28393554687
1726151899248.8245,-0.92700195312,0.07983398437,-0.28393554687
1726151899257.5876,-0.92700195312,0.07983398437,-0.28393554687
1726151899271.3892,-0.91430664062,0.12744140625,-0.22619628906
1726151899280.183,-0.91430664062,0.12744140625,-0.22619628906
1726151899288.9463,-0.91430664062,0.12744140625,-0.22619628906
1726151899297.7405,-0.91430664062,0.12744140625,-0.22619628906
1726151899306.5037,-0.91430664062,0.12744140625,-0.22619628906
1726151899315.3284,-0.91430664062,0.12744140625,-0.22619628906
1726151899324.061,-0.91430664062,0.12744140625,-0.22619628906
1726151899332.8855,-0.91430664062,0.12744140625,-0.22619628906
1726151899346.626,-0.90637207031,0.15478515625,-0.18054199218
1726151899355.359,-0.90637207031,0.15478515625,-0.18054199218
1726151899364.0916,-0.90637207031,0.15478515625,-0.18054199218
1726151899372.8855,-0.90637207031,0.15478515625,-0.18054199218
1726151899381.618,-0.90637207031,0.15478515625,-0.18054199218
1726151899390.3816,-0.90637207031,0.15478515625,-0.18054199218
1726151899399.542,-0.90637207031,0.15478515625,-0.18054199218
1726151899408.2444,-0.90637207031,0.15478515625,-0.18054199218
1726151899417.038,-0.90637207031,0.15478515625,-0.18054199218
1726151899430.7175,-0.94738769531,0.13208007812,-0.16857910156
1726151899439.542,-0.94738769531,0.13208007812,-0.16857910156
1726151899448.275,-0.94738769531,0.13208007812,-0.16857910156
1726151899457.099,-0.94738769531,0.13208007812,-0.16857910156
1726151899465.8623,-0.94738769531,0.13208007812,-0.16857910156
1726151899474.687,-0.94738769531,0.13208007812,-0.16857910156
1726151899483.4504,-0.94738769531,0.13208007812,-0.16857910156
1726151899492.244,-0.94738769531,0.13208007812,-0.16857910156
1726151899505.8933,-1.03442382812,0.09448242187,-0.16516113281
1726151899514.748,-1.03442382812,0.09448242187,-0.16516113281
1726151899523.4807,-1.03442382812,0.09448242187,-0.16516113281
1726151899532.2747,-1.03442382812,0.09448242187,-0.16516113281
1726151899541.099,-1.03442382812,0.09448242187,-0.16516113281
1726151899549.893,-1.03442382812,0.09448242187,-0.16516113281
1726151899558.7175,-1.03442382812,0.09448242187,-0.16516113281
1726151899567.5115,-1.03442382812,0.09448242187,-0.16516113281
1726151899576.3665,-1.03442382812,0.09448242187,-0.16516113281
1726151899590.1067,-1.0478515625,0.05603027343,-0.16247558593
1726151899598.901,-1.0478515625,0.05603027343,-0.16247558593
1726151899607.6335,-1.0478515625,0.05603027343,-0.16247558593
1726151899616.4275,-1.0478515625,0.05603027343,-0.16247558593
1726151899625.16,-1.0478515625,0.05603027343,-0.16247558593
1726151899633.832,-1.0478515625,0.05603027343,-0.16247558593
1726151899642.5037,-1.0478515625,0.05603027343,-0.16247558593
1726151899651.267,-1.0478515625,0.05603027343,-0.16247558593
1726151899665.038,-1.02490234375,0.02770996093,-0.18518066406
1726151899673.7708,-1.02490234375,0.02770996093,-0.18518066406
1726151899682.5955,-1.02490234375,0.02770996093,-0.18518066406
1726151899691.359,-1.02490234375,0.02770996093,-0.18518066406
1726151899700.183,-1.02490234375,0.02770996093,-0.18518066406
1726151899708.916,-1.02490234375,0.02770996093,-0.18518066406
1726151899717.6487,-1.02490234375,0.02770996093,-0.18518066406
1726151899726.4429,-1.02490234375,0.02770996093,-0.18518066406
1726151899735.2363,-1.02490234375,0.02770996093,-0.18518066406
1726151899748.9773,-1.05895996093,0.04675292968,-0.20935058593
1726151899757.8015,-1.05895996093,0.04675292968,-0.20935058593
1726151899766.5344,-1.05895996093,0.04675292968,-0.20935058593
1726151899775.4504,-1.05895996093,0.04675292968,-0.20935058593
1726151899784.4883,-1.05895996093,0.04675292968,-0.20935058593
1726151899793.252,-1.05895996093,0.04675292968,-0.20935058593
1726151899801.9849,-1.05895996093,0.04675292968,-0.20935058593
1726151899810.748,-1.05895996093,0.04675292968,-0.20935058593
1726151899819.4807,-1.06030273437,0.07751464843,-0.18408203125
1726151899832.977,-1.06030273437,0.07751464843,-0.18408203125
1726151899841.5571,-1.06030273437,0.07751464843,-0.18408203125
1726151899850.1067,-1.06030273437,0.07751464843,-0.18408203125
1726151899858.687,-1.06030273437,0.07751464843,-0.18408203125
1726151899867.206,-1.06030273437,0.07751464843,-0.18408203125
1726151899875.7864,-1.06030273437,0.07751464843,-0.18408203125
1726151899884.336,-1.06030273437,0.07751464843,-0.18408203125
1726151899892.7634,-1.06030273437,0.07751464843,-0.18408203125
1726151899906.29,-1.00048828125,0.09606933593,-0.14624023437
1726151899915.0535,-1.00048828125,0.09606933593,-0.14624023437
1726151899923.8167,-1.00048828125,0.09606933593,-0.14624023437
1726151899932.641,-1.00048828125,0.09606933593,-0.14624023437
1726151899941.435,-1.00048828125,0.09606933593,-0.14624023437
1726151899950.2595,-1.00048828125,0.09606933593,-0.14624023437
1726151899959.0227,-1.00048828125,0.09606933593,-0.14624023437
1726151899967.8474,-1.00048828125,0.09606933593,-0.14624023437
1726151899976.6104,-1.00048828125,0.09606933593,-0.14624023437
1726151899990.3818,-0.9736328125,0.14538574218,-0.1337890625
1726151899999.0535,-0.9736328125,0.14538574218,-0.1337890625
1726151900007.817,-0.9736328125,0.14538574218,-0.1337890625
1726151900016.5496,-0.9736328125,0.14538574218,-0.1337890625
1726151900025.2825,-0.9736328125,0.14538574218,-0.1337890625
1726151900034.0151,-0.9736328125,0.14538574218,-0.1337890625
1726151900042.7175,-0.9736328125,0.14538574218,-0.1337890625
1726151900051.4807,-0.9736328125,0.14538574218,-0.1337890625
1726151900065.16,-0.96533203125,0.21423339843,-0.14892578125
1726151900073.8623,-0.96533203125,0.21423339843,-0.14892578125
1726151900082.626,-0.96533203125,0.21423339843,-0.14892578125
1726151900091.42,-0.96533203125,0.21423339843,-0.14892578125
1726151900100.0916,-0.96533203125,0.21423339843,-0.14892578125
1726151900108.8547,-0.96533203125,0.21423339843,-0.14892578125
1726151900117.588,-0.96533203125,0.21423339843,-0.14892578125
1726151900126.3203,-0.96533203125,0.21423339843,-0.14892578125
1726151900135.084,-0.96533203125,0.21423339843,-0.14892578125
1726151900148.794,-0.96142578125,0.25256347656,-0.16943359375
1726151900157.9236,-0.96142578125,0.25256347656,-0.16943359375
1726151900166.7175,-0.96142578125,0.25256347656,-0.16943359375
1726151900175.5115,-0.96142578125,0.25256347656,-0.16943359375
1726151900184.275,-0.96142578125,0.25256347656,-0.16943359375
1726151900193.0688,-0.96142578125,0.25256347656,-0.16943359375
1726151900201.832,-0.96142578125,0.25256347656,-0.16943359375
1726151900210.5344,-0.96142578125,0.25256347656,-0.16943359375
1726151900219.2976,-0.98876953125,0.29345703125,-0.19580078125
1726151900233.0686,-0.98876953125,0.29345703125,-0.19580078125
1726151900241.832,-0.98876953125,0.29345703125,-0.19580078125
1726151900250.534,-0.98876953125,0.29345703125,-0.19580078125
1726151900259.2363,-0.98876953125,0.29345703125,-0.19580078125
1726151900268.0613,-0.98876953125,0.29345703125,-0.19580078125
1726151900276.794,-0.98876953125,0.29345703125,-0.19580078125
1726151900285.588,-0.98876953125,0.29345703125,-0.19580078125
1726151900294.3203,-0.98876953125,0.29345703125,-0.19580078125
1726151900308.0305,-1.05676269531,0.33850097656,-0.23718261718
1726151900316.8547,-1.05676269531,0.33850097656,-0.23718261718
1726151900325.618,-1.05676269531,0.33850097656,-0.23718261718
1726151900334.412,-1.05676269531,0.33850097656,-0.23718261718
1726151900343.0835,-1.05676269531,0.33850097656,-0.23718261718
1726151900351.9084,-1.05676269531,0.33850097656,-0.23718261718
1726151900360.7024,-1.05676269531,0.33850097656,-0.23718261718
1726151900369.496,-1.05676269531,0.33850097656,-0.23718261718
1726151900378.1985,-1.05676269531,0.33850097656,-0.23718261718
1726151900391.9695,-1.03845214843,0.36584472656,-0.28881835937
1726151900400.7632,-1.03845214843,0.36584472656,-0.28881835937
1726151900409.588,-1.03845214843,0.36584472656,-0.28881835937
1726151900418.29,-1.03845214843,0.36584472656,-0.28881835937
1726151900427.084,-1.03845214843,0.36584472656,-0.28881835937
1726151900435.8167,-1.03845214843,0.36584472656,-0.28881835937
1726151900444.6104,-1.03845214843,0.36584472656,-0.28881835937
1726151900453.4048,-1.03845214843,0.36584472656,-0.28881835937
1726151900467.145,-0.9130859375,0.3544921875,-0.3212890625
1726151900475.8777,-0.9130859375,0.3544921875,-0.3212890625
1726151900484.519,-0.9130859375,0.3544921875,-0.3212890625
1726151900493.1907,-0.9130859375,0.3544921875,-0.3212890625
1726151900501.8623,-0.9130859375,0.3544921875,-0.3212890625
1726151900510.5647,-0.9130859375,0.3544921875,-0.3212890625
1726151900519.2363,-0.9130859375,0.3544921875,-0.3212890625
1726151900528.1523,-0.9130859375,0.3544921875,-0.3212890625
1726151900536.977,-0.9130859375,0.3544921875,-0.3212890625
1726151900550.6565,-0.93798828125,0.32653808593,-0.294921875
1726151900559.359,-0.93798828125,0.32653808593,-0.294921875
1726151900568.122,-0.93798828125,0.32653808593,-0.294921875
1726151900576.8245,-0.93798828125,0.32653808593,-0.294921875
1726151900585.5571,-0.93798828125,0.32653808593,-0.294921875
1726151900594.3203,-0.93798828125,0.32653808593,-0.294921875
1726151900603.0227,-0.93798828125,0.32653808593,-0.294921875
1726151900611.7864,-0.93798828125,0.32653808593,-0.294921875
1726151900625.4656,-0.912109375,0.33093261718,-0.31579589843
1726151900634.229,-0.912109375,0.33093261718,-0.31579589843
1726151900642.9312,-0.912109375,0.33093261718,-0.31579589843
1726151900651.664,-0.912109375,0.33093261718,-0.31579589843
1726151900660.244,-0.912109375,0.33093261718,-0.31579589843
1726151900668.9463,-0.912109375,0.33093261718,-0.31579589843
1726151900677.6487,-0.912109375,0.33093261718,-0.31579589843
1726151900686.3816,-0.912109375,0.33093261718,-0.31579589843
1726151900695.0835,-0.912109375,0.33093261718,-0.31579589843
1726151900708.794,-0.8427734375,0.36120605468,-0.34741210937
1726151900717.4656,-0.8427734375,0.36120605468,-0.34741210937
1726151900726.229,-0.8427734375,0.36120605468,-0.34741210937
1726151900734.9617,-0.8427734375,0.36120605468,-0.34741210937
1726151900743.725,-0.8427734375,0.36120605468,-0.34741210937
1726151900752.4883,-0.8427734375,0.36120605468,-0.34741210937
1726151900761.2214,-0.8427734375,0.36120605468,-0.34741210937
1726151900769.9846,-0.8427734375,0.36120605468,-0.34741210937
1726151900778.7175,-0.8427734375,0.36120605468,-0.34741210937
1726151900792.458,-0.76147460937,0.41809082031,-0.37048339843
1726151900801.1604,-0.76147460937,0.41809082031,-0.37048339843
1726151900809.954,-0.76147460937,0.41809082031,-0.37048339843
1726151900818.626,-0.76147460937,0.41809082031,-0.37048339843
1726151900827.3892,-0.76147460937,0.41809082031,-0.37048339843
1726151900836.122,-0.76147460937,0.41809082031,-0.37048339843
1726151900844.8547,-0.76147460937,0.41809082031,-0.37048339843
1726151900853.6184,-0.76147460937,0.41809082031,-0.37048339843
1726151900867.3586,-0.72253417968,0.48413085937,-0.37915039062
1726151900876.0916,-0.72253417968,0.48413085937,-0.37915039062
1726151900884.794,-0.72253417968,0.48413085937,-0.37915039062
1726151900893.5269,-0.72253417968,0.48413085937,-0.37915039062
1726151900902.2595,-0.72253417968,0.48413085937,-0.37915039062
1726151900911.42,-0.72253417968,0.48413085937,-0.37915039062
1726151900929.7708,-0.72253417968,0.48413085937,-0.37915039062
1726151900938.5647,-0.72253417968,0.48413085937,-0.37915039062
1726151900952.275,-0.73974609375,0.55151367187,-0.35815429687
1726151900961.038,-0.73974609375,0.55151367187,-0.35815429687
1726151900969.7405,-0.73974609375,0.55151367187,-0.35815429687
1726151900978.5037,-0.73974609375,0.55151367187,-0.35815429687
1726151900987.267,-0.73974609375,0.55151367187,-0.35815429687
1726151900996.0305,-0.73974609375,0.55151367187,-0.35815429687
1726151901004.794,-0.73974609375,0.55151367187,-0.35815429687
1726151901013.5266,-0.73974609375,0.55151367187,-0.35815429687
1726151901027.267,-0.8125,0.630859375,-0.31713867187
1726151901035.725,-0.8125,0.630859375,-0.31713867187
1726151901044.2139,-0.8125,0.630859375,-0.31713867187
1726151901052.6104,-0.8125,0.630859375,-0.31713867187
1726151901061.0383,-0.8125,0.630859375,-0.31713867187
1726151901069.496,-0.8125,0.630859375,-0.31713867187
1726151901077.8623,-0.8125,0.630859375,-0.31713867187
1726151901086.3203,-0.8125,0.630859375,-0.31713867187
1726151901094.7783,-0.8125,0.630859375,-0.31713867187
1726151901108.244,-0.79943847656,0.66259765625,-0.29797363281
1726151901116.916,-0.79943847656,0.66259765625,-0.29797363281
1726151901125.618,-0.79943847656,0.66259765625,-0.29797363281
1726151901134.3513,-0.79943847656,0.66259765625,-0.29797363281
1726151901143.084,-0.79943847656,0.66259765625,-0.29797363281
1726151901151.817,-0.79943847656,0.66259765625,-0.29797363281
1726151901160.5496,-0.79943847656,0.66259765625,-0.29797363281
1726151901169.3435,-0.79943847656,0.66259765625,-0.29797363281
1726151901178.076,-0.79943847656,0.66259765625,-0.29797363281
1726151901191.7559,-0.72668457031,0.6357421875,-0.27966308593
1726151901200.3967,-0.72668457031,0.6357421875,-0.27966308593
1726151901209.13,-0.72668457031,0.6357421875,-0.27966308593
1726151901217.832,-0.72668457031,0.6357421875,-0.27966308593
1726151901226.504,-0.72668457031,0.6357421875,-0.27966308593
1726151901235.1145,-0.72668457031,0.6357421875,-0.27966308593
1726151901243.878,-0.72668457031,0.6357421875,-0.27966308593
1726151901252.5496,-0.72668457031,0.6357421875,-0.27966308593
1726151901266.2903,-0.76159667968,0.59924316406,-0.23352050781
1726151901274.962,-0.76159667968,0.59924316406,-0.23352050781
1726151901283.6643,-0.76159667968,0.59924316406,-0.23352050781
1726151901292.7327,-0.76159667968,0.59924316406,-0.23352050781
1726151901301.4658,-0.76159667968,0.59924316406,-0.23352050781
1726151901310.168,-0.76159667968,0.59924316406,-0.23352050781
1726151901318.7783,-0.76159667968,0.59924316406,-0.23352050781
1726151901327.5115,-0.76159667968,0.59924316406,-0.23352050781
1726151901336.2139,-0.76159667968,0.59924316406,-0.23352050781
1726151901349.8623,-0.79760742187,0.58020019531,-0.19543457031
1726151901358.5955,-0.79760742187,0.58020019531,-0.19543457031
1726151901367.3586,-0.79760742187,0.58020019531,-0.19543457031
1726151901376.061,-0.79760742187,0.58020019531,-0.19543457031
1726151901384.794,-0.79760742187,0.58020019531,-0.19543457031
1726151901393.4658,-0.79760742187,0.58020019531,-0.19543457031
1726151901402.1985,-0.79760742187,0.58020019531,-0.19543457031
1726151901410.901,-0.79760742187,0.58020019531,-0.19543457031
1726151901419.6335,-0.79760742187,0.58020019531,-0.19543457031
1726151901433.3435,-0.78942871093,0.56701660156,-0.19226074218
1726151901442.1067,-0.78942871093,0.56701660156,-0.19226074218
1726151901450.8398,-0.78942871093,0.56701660156,-0.19226074218
1726151901459.542,-0.78942871093,0.56701660156,-0.19226074218
1726151901468.2444,-0.78942871093,0.56701660156,-0.19226074218
1726151901477.0076,-0.78942871093,0.56701660156,-0.19226074218
1726151901485.7405,-0.78942871093,0.56701660156,-0.19226074218
1726151901494.5037,-0.78942871093,0.56701660156,-0.19226074218
1726151901508.275,-0.81372070312,0.54846191406,-0.20739746093
1726151901516.977,-0.81372070312,0.54846191406,-0.20739746093
1726151901525.7708,-0.81372070312,0.54846191406,-0.20739746093
1726151901534.4731,-0.81372070312,0.54846191406,-0.20739746093
1726151901543.267,-0.81372070312,0.54846191406,-0.20739746093
1726151901551.9695,-0.81372070312,0.54846191406,-0.20739746093
1726151901560.7634,-0.81372070312,0.54846191406,-0.20739746093
1726151901569.496,-0.81372070312,0.54846191406,-0.20739746093
1726151901578.1985,-0.81372070312,0.54846191406,-0.20739746093
1726151901591.9084,-0.84790039062,0.53662109375,-0.21655273437
1726151901600.733,-0.84790039062,0.53662109375,-0.21655273437
1726151901609.496,-0.84790039062,0.53662109375,-0.21655273437
1726151901618.1985,-0.84790039062,0.53662109375,-0.21655273437
1726151901626.962,-0.84790039062,0.53662109375,-0.21655273437
1726151901635.725,-0.84790039062,0.53662109375,-0.21655273437
1726151901644.4883,-0.84790039062,0.53662109375,-0.21655273437
1726151901653.2825,-0.84790039062,0.53662109375,-0.21655273437
1726151901667.0535,-0.89306640625,0.52380371093,-0.19787597656
1726151901676.2136,-0.89306640625,0.52380371093,-0.19787597656
1726151901685.0076,-0.89306640625,0.52380371093,-0.19787597656
1726151901693.7708,-0.89306640625,0.52380371093,-0.19787597656
1726151901702.5647,-0.89306640625,0.52380371093,-0.19787597656
1726151901711.3284,-0.89306640625,0.52380371093,-0.19787597656
1726151901720.122,-0.89306640625,0.52380371093,-0.19787597656
1726151901728.8245,-0.89306640625,0.52380371093,-0.19787597656
1726151901737.618,-0.89306640625,0.52380371093,-0.19787597656
1726151901751.2976,-0.94018554687,0.5439453125,-0.17468261718
1726151901760.061,-0.94018554687,0.5439453125,-0.17468261718
1726151901768.7632,-0.94018554687,0.5439453125,-0.17468261718
1726151901777.5571,-0.94018554687,0.5439453125,-0.17468261718
1726151901786.2903,-0.94018554687,0.5439453125,-0.17468261718
1726151901795.0535,-0.94018554687,0.5439453125,-0.17468261718
1726151901803.8474,-0.94018554687,0.5439453125,-0.17468261718
1726151901812.58,-0.94018554687,0.5439453125,-0.17468261718
1726151901826.2595,-1.02783203125,0.55126953125,-0.16687011718
1726151901835.0227,-1.02783203125,0.55126953125,-0.16687011718
1726151901843.8472,-1.02783203125,0.55126953125,-0.16687011718
1726151901852.6104,-1.02783203125,0.55126953125,-0.16687011718
1726151901861.435,-1.02783203125,0.55126953125,-0.16687011718
1726151901870.229,-1.02783203125,0.55126953125,-0.16687011718
1726151901879.0535,-1.02783203125,0.55126953125,-0.16687011718
1726151901887.817,-1.02783203125,0.55126953125,-0.16687011718
1726151901896.641,-1.02783203125,0.55126953125,-0.16687011718
1726151901910.3818,-1.07604980468,0.48376464843,-0.18310546875
1726151901919.1755,-1.07604980468,0.48376464843,-0.18310546875
1726151901927.9695,-1.07604980468,0.48376464843,-0.18310546875
1726151901936.7632,-1.07604980468,0.48376464843,-0.18310546875
1726151901945.6184,-1.07604980468,0.48376464843,-0.18310546875
1726151901954.3816,-1.07604980468,0.48376464843,-0.18310546875
1726151901963.2363,-1.07604980468,0.48376464843,-0.18310546875
1726151901972.0308,-1.07604980468,0.48376464843,-0.18310546875
1726151901985.832,-0.9462890625,0.38342285156,-0.22814941406
1726151901994.5037,-0.9462890625,0.38342285156,-0.22814941406
1726151902003.2979,-0.9462890625,0.38342285156,-0.22814941406
1726151902011.9695,-0.9462890625,0.38342285156,-0.22814941406
1726151902020.7634,-0.9462890625,0.38342285156,-0.22814941406
1726151902029.496,-0.9462890625,0.38342285156,-0.22814941406
1726151902038.1985,-0.9462890625,0.38342285156,-0.22814941406
1726151902046.9617,-0.9462890625,0.38342285156,-0.22814941406
1726151902056.122,-0.9462890625,0.38342285156,-0.22814941406
1726151902069.832,-0.87854003906,0.2626953125,-0.25122070312
1726151902078.4429,-0.87854003906,0.2626953125,-0.25122070312
1726151902087.2363,-0.87854003906,0.2626953125,-0.25122070312
1726151902095.9695,-0.87854003906,0.2626953125,-0.25122070312
1726151902104.7327,-0.87854003906,0.2626953125,-0.25122070312
1726151902113.4656,-0.87854003906,0.2626953125,-0.25122070312
1726151902122.229,-0.87854003906,0.2626953125,-0.25122070312
1726151902130.962,-0.87854003906,0.2626953125,-0.25122070312
1726151902139.6943,-0.87854003906,0.2626953125,-0.25122070312
1726151902153.4043,-0.9365234375,0.14074707031,-0.25891113281
1726151902162.168,-0.9365234375,0.14074707031,-0.25891113281
1726151902170.809,-0.9365234375,0.14074707031,-0.25891113281
1726151902179.5725,-0.9365234375,0.14074707031,-0.25891113281
1726151902188.3054,-0.9365234375,0.14074707031,-0.25891113281
1726151902197.099,-0.9365234375,0.14074707031,-0.25891113281
1726151902205.8623,-0.9365234375,0.14074707031,-0.25891113281
1726151902214.5952,-0.9365234375,0.14074707031,-0.25891113281
1726151902228.3665,-0.94592285156,0.0703125,-0.26452636718
1726151902237.0076,-0.94592285156,0.0703125,-0.26452636718
1726151902245.71,-0.94592285156,0.0703125,-0.26452636718
1726151902254.3203,-0.94592285156,0.0703125,-0.26452636718
1726151902263.0227,-0.94592285156,0.0703125,-0.26452636718
1726151902271.664,-0.94592285156,0.0703125,-0.26452636718
1726151902280.2444,-0.94592285156,0.0703125,-0.26452636718
1726151902288.916,-0.94592285156,0.0703125,-0.26452636718
1726151902297.5269,-0.94592285156,0.0703125,-0.26452636718
1726151902311.145,-0.94396972656,0.05200195312,-0.26098632812
1726151902319.9387,-0.94396972656,0.05200195312,-0.26098632812
1726151902328.702,-0.94396972656,0.05200195312,-0.26098632812
1726151902337.4963,-0.94396972656,0.05200195312,-0.26098632812
1726151902346.2595,-0.94396972656,0.05200195312,-0.26098632812
1726151902355.084,-0.94396972656,0.05200195312,-0.26098632812
1726151902363.8167,-0.94396972656,0.05200195312,-0.26098632812
1726151902372.6104,-0.94396972656,0.05200195312,-0.26098632812
1726151902386.29,-0.95361328125,0.05395507812,-0.25512695312
1726151902395.0227,-0.95361328125,0.05395507812,-0.25512695312
1726151902403.8472,-0.95361328125,0.05395507812,-0.25512695312
1726151902412.6108,-0.95361328125,0.05395507812,-0.25512695312
1726151902421.435,-0.95361328125,0.05395507812,-0.25512695312
1726151902430.5344,-0.95361328125,0.05395507812,-0.25512695312
1726151902439.3586,-0.95361328125,0.05395507812,-0.25512695312
1726151902448.122,-0.95361328125,0.05395507812,-0.25512695312
1726151902456.916,-0.95361328125,0.05395507812,-0.25512695312
1726151902470.5647,-0.95068359375,0.07055664062,-0.24609375
1726151902479.2976,-0.95068359375,0.07055664062,-0.24609375
1726151902487.9695,-0.95068359375,0.07055664062,-0.24609375
1726151902496.702,-0.95068359375,0.07055664062,-0.24609375
1726151902505.374,-0.95068359375,0.07055664062,-0.24609375
1726151902514.0151,-0.95068359375,0.07055664062,-0.24609375
1726151902522.7175,-0.95068359375,0.07055664062,-0.24609375
1726151902531.3892,-0.95068359375,0.07055664062,-0.24609375
1726151902540.0916,-0.95068359375,0.07055664062,-0.24084472656
1726151902553.832,-0.94836425781,0.06884765625,-0.24084472656
1726151902562.5647,-0.94836425781,0.06884765625,-0.24084472656
1726151902571.3586,-0.94836425781,0.06884765625,-0.24084472656
1726151902580.183,-0.94836425781,0.06884765625,-0.24084472656
1726151902588.9463,-0.94836425781,0.06884765625,-0.24084472656
1726151902597.7708,-0.94836425781,0.06884765625,-0.24084472656
1726151902606.534,-0.94836425781,0.06884765625,-0.24084472656
1726151902615.3284,-0.94836425781,0.06884765625,-0.24084472656
1726151902629.0686,-0.95556640625,0.06176757812,-0.22387695312
1726151902637.8933,-0.95556640625,0.06176757812,-0.22387695312
1726151902646.7175,-0.95556640625,0.06176757812,-0.22387695312
1726151902655.4807,-0.95556640625,0.06176757812,-0.22387695312
1726151902664.2747,-0.95556640625,0.06176757812,-0.22387695312
1726151902673.0383,-0.95556640625,0.06176757812,-0.22387695312
1726151902681.8623,-0.95556640625,0.06176757812,-0.22387695312
1726151902690.6565,-0.95556640625,0.06176757812,-0.22387695312
1726151902699.4807,-0.95556640625,0.06176757812,-0.22387695312
1726151902713.2212,-0.95483398437,0.05334472656,-0.20959472656
1726151902722.046,-0.95483398437,0.05334472656,-0.20959472656
1726151902730.7788,-0.95483398437,0.05334472656,-0.20959472656
1726151902739.603,-0.95483398437,0.05334472656,-0.20959472656
1726151902748.3665,-0.95483398437,0.05334472656,-0.20959472656
1726151902757.2214,-0.95483398437,0.05334472656,-0.20959472656
1726151902766.046,-0.95483398437,0.05334472656,-0.20959472656
1726151902774.7783,-0.95483398437,0.05334472656,-0.20959472656
1726151902788.58,-0.94396972656,0.056640625,-0.21545410156
1726151902797.191,-0.94396972656,0.056640625,-0.21545410156
1726151902805.9236,-0.94396972656,0.056640625,-0.21545410156
1726151902814.9924,-0.94396972656,0.056640625,-0.21545410156
1726151902823.6948,-0.94396972656,0.056640625,-0.21545410156
1726151902832.3967,-0.94396972656,0.056640625,-0.21545410156
1726151902841.13,-0.94396972656,0.056640625,-0.21545410156
1726151902849.7708,-0.94396972656,0.056640625,-0.21545410156
1726151902858.504,-0.94396972656,0.056640625,-0.21545410156
1726151902872.061,-0.97644042968,0.10400390625,-0.22241210937
1726151902880.8547,-0.97644042968,0.10400390625,-0.22241210937
1726151902889.6184,-0.97644042968,0.10400390625,-0.22241210937
1726151902898.412,-0.97644042968,0.10400390625,-0.22241210937
1726151902907.145,-0.97644042968,0.10400390625,-0.22241210937
1726151902915.9387,-0.97644042968,0.10400390625,-0.22241210937
1726151902924.7634,-0.97644042968,0.10400390625,-0.22241210937
1726151902933.5269,-0.97644042968,0.10400390625,-0.22241210937
1726151902947.2979,-1.04370117187,0.169921875,-0.21936035156
1726151902956.0,-1.04370117187,0.169921875,-0.21936035156
1726151902964.3665,-1.04370117187,0.169921875,-0.21936035156
1726151902973.099,-1.04370117187,0.169921875,-0.21936035156
1726151902981.8623,-1.04370117187,0.169921875,-0.21936035156
1726151902990.5955,-1.04370117187,0.169921875,-0.21936035156
1726151902999.359,-1.04370117187,0.169921875,-0.21936035156
1726151903008.0916,-1.04370117187,0.169921875,-0.21936035156
1726151903016.794,-1.04370117187,0.169921875,-0.21936035156
1726151903030.4426,-1.03869628906,0.18603515625,-0.21276855468
1726151903039.267,-1.03869628906,0.18603515625,-0.21276855468
1726151903048.0305,-1.03869628906,0.18603515625,-0.21276855468
1726151903056.8547,-1.03869628906,0.18603515625,-0.21276855468
1726151903065.6792,-1.03869628906,0.18603515625,-0.21276855468
1726151903074.4429,-1.03869628906,0.18603515625,-0.21276855468
1726151903083.267,-1.03869628906,0.18603515625,-0.21276855468
1726151903092.0305,-1.03869628906,0.18603515625,-0.21276855468
1726151903105.8015,-1.01538085937,0.15808105468,-0.22119140625
1726151903114.5955,-1.01538085937,0.15808105468,-0.22119140625
1726151903123.4197,-1.01538085937,0.15808105468,-0.22119140625
1726151903132.183,-1.01538085937,0.15808105468,-0.22119140625
1726151903141.0076,-1.01538085937,0.15808105468,-0.22119140625
1726151903149.7708,-1.01538085937,0.15808105468,-0.22119140625
1726151903158.5647,-1.01538085937,0.15808105468,-0.22119140625
1726151903167.359,-1.01538085937,0.15808105468,-0.22119140625
1726151903176.1523,-1.01538085937,0.15808105468,-0.22119140625
1726151903189.9543,-1.07019042968,0.15246582031,-0.19384765625
1726151903198.87,-1.07019042968,0.15246582031,-0.19384765625
1726151903207.42,-1.07019042968,0.15246582031,-0.19384765625
1726151903215.8777,-1.07019042968,0.15246582031,-0.19384765625
1726151903224.3967,-1.07019042968,0.15246582031,-0.19384765625
1726151903232.977,-1.07019042968,0.15246582031,-0.19384765625
1726151903241.496,-1.07019042968,0.15246582031,-0.19384765625
1726151903249.9849,-1.07019042968,0.15246582031,-0.19384765625
1726151903258.5344,-1.07019042968,0.15246582031,-0.19384765625
1726151903272.061,-1.0634765625,0.15295410156,-0.13732910156
1726151903280.794,-1.0634765625,0.15295410156,-0.13732910156
1726151903289.5571,-1.0634765625,0.15295410156,-0.13732910156
1726151903298.351,-1.0634765625,0.15295410156,-0.13732910156
1726151903307.084,-1.0634765625,0.15295410156,-0.13732910156
1726151903315.7864,-1.0634765625,0.15295410156,-0.13732910156
1726151903324.519,-1.0634765625,0.15295410156,-0.13732910156
1726151903333.3127,-1.0634765625,0.15295410156,-0.13732910156
1726151903347.0227,-0.98217773437,0.15625,-0.11926269531
1726151903355.6335,-0.98217773437,0.15625,-0.11926269531
1726151903364.183,-0.98217773437,0.15625,-0.11926269531
1726151903372.794,-0.98217773437,0.15625,-0.11926269531
1726151903381.3435,-0.98217773437,0.15625,-0.11926269531
1726151903389.9849,-0.98217773437,0.15625,-0.11926269531
1726151903398.534,-0.98217773437,0.15625,-0.11926269531
1726151903407.145,-0.98217773437,0.15625,-0.11926269531
1726151903415.725,-0.98217773437,0.15625,-0.11926269531
1726151903429.3127,-0.94140625,0.23522949218,-0.18835449218
1726151903437.9846,-0.94140625,0.23522949218,-0.18835449218
1726151903446.687,-0.94140625,0.23522949218,-0.18835449218
1726151903455.3586,-0.94140625,0.23522949218,-0.18835449218
1726151903464.0916,-0.94140625,0.23522949218,-0.18835449218
1726151903472.7632,-0.94140625,0.23522949218,-0.18835449218
1726151903481.496,-0.94140625,0.23522949218,-0.18835449218
1726151903490.1375,-0.94140625,0.23522949218,-0.18835449218
1726151903498.809,-0.94140625,0.23522949218,-0.18835449218
1726151903512.4883,-0.92944335937,0.30310058593,-0.25671386718
1726151903521.2825,-0.92944335937,0.30310058593,-0.25671386718
1726151903530.076,-0.92944335937,0.30310058593,-0.25671386718
1726151903538.809,-0.92944335937,0.30310058593,-0.25671386718
1726151903547.6335,-0.92944335937,0.30310058593,-0.25671386718
1726151903556.3967,-0.92944335937,0.30310058593,-0.25671386718
1726151903565.2517,-0.92944335937,0.30310058593,-0.25671386718
1726151903574.412,-0.92944335937,0.30310058593,-0.25671386718
1726151903588.122,-0.94885253906,0.36071777343,-0.29797363281
1726151903596.8547,-0.94885253906,0.36071777343,-0.29797363281
1726151903605.71,-0.94885253906,0.36071777343,-0.29797363281
1726151903614.4429,-0.94885253906,0.36071777343,-0.29797363281
1726151903623.267,-0.94885253906,0.36071777343,-0.29797363281
1726151903632.0916,-0.94885253906,0.36071777343,-0.29797363281
1726151903640.8547,-0.94885253906,0.36071777343,-0.29797363281
1726151903649.6794,-0.94885253906,0.36071777343,-0.29797363281
1726151903658.4731,-0.94885253906,0.36071777343,-0.29797363281
1726151903672.275,-1.02465820312,0.40014648437,-0.31408691406
1726151903681.0076,-1.02465820312,0.40014648437,-0.31408691406
1726151903689.7708,-1.02465820312,0.40014648437,-0.31408691406
1726151903698.5037,-1.02465820312,0.40014648437,-0.31408691406
1726151903707.267,-1.02465820312,0.40014648437,-0.31408691406
1726151903716.0,-1.02465820312,0.40014648437,-0.31408691406
1726151903724.3967,-1.02465820312,0.40014648437,-0.31408691406
1726151903733.099,-1.02465820312,0.40014648437,-0.31408691406
1726151903746.8398,-1.02868652343,0.40600585937,-0.35278320312
1726151903765.4043,-1.02868652343,0.40600585937,-0.35278320312
1726151903774.168,-1.02868652343,0.40600585937,-0.35278320312
1726151903782.8704,-1.02868652343,0.40600585937,-0.35278320312
1726151903791.6335,-1.02868652343,0.40600585937,-0.35278320312
1726151903800.458,-1.02868652343,0.40600585937,-0.35278320312
1726151903809.16,-1.02868652343,0.40600585937,-0.35278320312
1726151903817.8623,-1.02868652343,0.40600585937,-0.35278320312
1726151903831.5725,-0.90649414062,0.39001464843,-0.3583984375
1726151903840.336,-0.90649414062,0.39001464843,-0.3583984375
1726151903848.9463,-0.90649414062,0.39001464843,-0.3583984375
1726151903857.71,-0.90649414062,0.39001464843,-0.3583984375
1726151903866.412,-0.90649414062,0.39001464843,-0.3583984375
1726151903875.084,-0.90649414062,0.39001464843,-0.3583984375
1726151903883.7556,-0.90649414062,0.39001464843,-0.3583984375
1726151903892.519,-0.90649414062,0.39001464843,-0.3583984375
1726151903906.229,-0.84948730468,0.40539550781,-0.29113769531
1726151903915.0227,-0.84948730468,0.40539550781,-0.29113769531
1726151903923.8474,-0.84948730468,0.40539550781,-0.29113769531
1726151903932.5803,-0.84948730468,0.40539550781,-0.29113769531
1726151903941.4043,-0.84948730468,0.40539550781,-0.29113769531
1726151903950.168,-0.84948730468,0.40539550781,-0.29113769531
1726151903959.2363,-0.84948730468,0.40539550781,-0.29113769531
1726151903968.0,-0.84948730468,0.40539550781,-0.29113769531
1726151903976.4275,-0.84948730468,0.40539550781,-0.29113769531
1726151903990.168,-0.85009765625,0.39172363281,-0.26916503906
1726151903998.87,-0.85009765625,0.39172363281,-0.26916503906
1726151904007.5725,-0.85009765625,0.39172363281,-0.26916503906
1726151904016.3665,-0.85009765625,0.39172363281,-0.26916503906
1726151904025.13,-0.85009765625,0.39172363281,-0.26916503906
1726151904033.893,-0.85009765625,0.39172363281,-0.26916503906
1726151904042.626,-0.85009765625,0.39172363281,-0.26916503906
1726151904051.3892,-0.85009765625,0.39172363281,-0.26916503906
1726151904060.1528,-0.85009765625,0.39172363281,-0.26916503906
1726151904073.9236,-0.83154296875,0.38427734375,-0.29858398437
1726151904082.7483,-0.83154296875,0.38427734375,-0.29858398437
1726151904091.5115,-0.83154296875,0.38427734375,-0.29858398437
1726151904100.336,-0.83154296875,0.38427734375,-0.29858398437
1726151904108.977,-0.83154296875,0.38427734375,-0.29858398437
1726151904117.8015,-0.83154296875,0.38427734375,-0.29858398437
1726151904126.5647,-0.83154296875,0.38427734375,-0.29858398437
1726151904135.359,-0.83154296875,0.38427734375,-0.29858398437
1726151904149.099,-0.80419921875,0.43090820312,-0.32165527343
1726151904157.893,-0.80419921875,0.43090820312,-0.32165527343
1726151904166.626,-0.80419921875,0.43090820312,-0.32165527343
1726151904175.359,-0.80419921875,0.43090820312,-0.32165527343
1726151904184.122,-0.80419921875,0.43090820312,-0.32165527343
1726151904192.8855,-0.80419921875,0.43090820312,-0.32165527343
1726151904201.6487,-0.80419921875,0.43090820312,-0.32165527343
1726151904210.4124,-0.80419921875,0.43090820312,-0.32165527343
1726151904219.206,-0.80419921875,0.43090820312,-0.32165527343
1726151904232.916,-0.7705078125,0.46203613281,-0.36254882812
1726151904241.6184,-0.7705078125,0.46203613281,-0.36254882812
1726151904250.351,-0.7705078125,0.46203613281,-0.36254882812
1726151904259.1145,-0.7705078125,0.46203613281,-0.36254882812
1726151904267.817,-0.7705078125,0.46203613281,-0.36254882812
1726151904276.6104,-0.7705078125,0.46203613281,-0.36254882812
1726151904285.3127,-0.7705078125,0.46203613281,-0.36254882812
1726151904294.0764,-0.7705078125,0.46203613281,-0.36254882812
1726151904307.786,-0.74230957031,0.47546386718,-0.39208984375
1726151904316.4883,-0.74230957031,0.47546386718,-0.39208984375
1726151904325.1907,-0.74230957031,0.47546386718,-0.39208984375
1726151904334.229,-0.74230957031,0.47546386718,-0.39208984375
1726151904342.9312,-0.74230957031,0.47546386718,-0.39208984375
1726151904351.664,-0.74230957031,0.47546386718,-0.39208984375
1726151904360.2444,-0.74230957031,0.47546386718,-0.39208984375
1726151904368.977,-0.74230957031,0.47546386718,-0.39208984375
1726151904377.6487,-0.74230957031,0.47546386718,-0.39208984375
1726151904391.359,-0.73022460937,0.48693847656,-0.38293457031
1726151904399.8167,-0.73022460937,0.48693847656,-0.38293457031
1726151904408.336,-0.73022460937,0.48693847656,-0.38293457031
1726151904416.702,-0.73022460937,0.48693847656,-0.38293457031
1726151904425.191,-0.73022460937,0.48693847656,-0.38293457031
1726151904433.6487,-0.73022460937,0.48693847656,-0.38293457031
1726151904442.168,-0.73022460937,0.48693847656,-0.38293457031
1726151904450.5344,-0.73022460937,0.48693847656,-0.38293457031
1726151904459.0535,-0.73022460937,0.48693847656,-0.38293457031
1726151904472.519,-0.85595703125,0.51013183593,-0.34008789062
1726151904481.2825,-0.85595703125,0.51013183593,-0.34008789062
1726151904489.9849,-0.85595703125,0.51013183593,-0.34008789062
1726151904498.7175,-0.85595703125,0.51013183593,-0.34008789062
1726151904507.42,-0.85595703125,0.51013183593,-0.34008789062
1726151904516.0916,-0.85595703125,0.51013183593,-0.34008789062
1726151904524.794,-0.85595703125,0.51013183593,-0.34008789062
1726151904533.5266,-0.85595703125,0.51013183593,-0.34008789062
1726151904547.0227,-0.95629882812,0.51770019531,-0.29406738281
1726151904555.8474,-0.95629882812,0.51770019531,-0.29406738281
1726151904564.641,-0.95629882812,0.51770019531,-0.29406738281
1726151904573.435,-0.95629882812,0.51770019531,-0.29406738281
1726151904582.229,-0.95629882812,0.51770019531,-0.29406738281
1726151904590.962,-0.95629882812,0.51770019531,-0.29406738281
1726151904599.725,-0.95629882812,0.51770019531,-0.29406738281
1726151904608.4883,-0.95629882812,0.51770019531,-0.29406738281
1726151904617.3127,-0.95629882812,0.51770019531,-0.29406738281
1726151904631.0535,-0.90295410156,0.48681640625,-0.2548828125
1726151904639.8167,-0.90295410156,0.48681640625,-0.2548828125
1726151904648.5496,-0.90295410156,0.48681640625,-0.2548828125
1726151904657.3127,-0.90295410156,0.48681640625,-0.2548828125
1726151904666.046,-0.90295410156,0.48681640625,-0.2548828125
1726151904674.7788,-0.90295410156,0.48681640625,-0.2548828125
1726151904683.5115,-0.90295410156,0.48681640625,-0.2548828125
1726151904692.3054,-0.90295410156,0.48681640625,-0.2548828125
1726151904701.0686,-0.91259765625,0.44958496093,-0.20544433593
1726151904715.1755,-0.91259765625,0.44958496093,-0.20544433593
1726151904723.9695,-0.91259765625,0.44958496093,-0.20544433593
1726151904732.7327,-0.91259765625,0.44958496093,-0.20544433593
1726151904741.5571,-0.91259765625,0.44958496093,-0.20544433593
1726151904750.3203,-0.91259765625,0.44958496093,-0.20544433593
1726151904759.145,-0.91259765625,0.44958496093,-0.20544433593
1726151904767.9084,-0.91259765625,0.44958496093,-0.20544433593
1726151904776.733,-0.91259765625,0.44958496093,-0.20544433593
1726151904790.4731,-0.95764160156,0.41650390625,-0.15832519531
1726151904799.2979,-0.95764160156,0.41650390625,-0.15832519531
1726151904808.0,-0.95764160156,0.41650390625,-0.15832519531
1726151904816.4275,-0.95764160156,0.41650390625,-0.15832519531
1726151904825.2212,-0.95764160156,0.41650390625,-0.15832519531
1726151904834.046,-0.95764160156,0.41650390625,-0.15832519531
1726151904842.809,-0.95764160156,0.41650390625,-0.15832519531
1726151904851.5725,-0.95764160156,0.41650390625,-0.15832519531
1726151904860.3665,-0.95764160156,0.41650390625,-0.15832519531
1726151904874.1067,-0.94946289062,0.38549804687,-0.13842773437
1726151904882.9312,-0.94946289062,0.38549804687,-0.13842773437
1726151904891.725,-0.94946289062,0.38549804687,-0.13842773437
1726151904900.5496,-0.94946289062,0.38549804687,-0.13842773437
1726151904909.3127,-0.94946289062,0.38549804687,-0.13842773437
1726151904918.1372,-0.94946289062,0.38549804687,-0.13842773437
1726151904926.901,-0.94946289062,0.38549804687,-0.13842773437
1726151904935.6943,-0.94946289062,0.38549804687,-0.13842773437
1726151904949.435,-0.93835449218,0.38146972656,-0.13952636718
1726151904958.2595,-0.93835449218,0.38146972656,-0.13952636718
1726151904967.0535,-0.93835449218,0.38146972656,-0.13952636718
1726151904975.8777,-0.93835449218,0.38146972656,-0.13952636718
1726151904984.7024,-0.93835449218,0.38146972656,-0.13952636718
1726151904993.4656,-0.93835449218,0.38146972656,-0.13952636718
1726151905002.29,-0.93835449218,0.38146972656,-0.13952636718
1726151905010.992,-0.93835449218,0.38146972656,-0.13952636718
1726151905019.6943,-0.93835449218,0.38146972656,-0.13952636718
1726151905033.435,-0.94775390625,0.39099121093,-0.13806152343
1726151905042.229,-0.94775390625,0.39099121093,-0.13806152343
1726151905050.992,-0.94775390625,0.39099121093,-0.13806152343
1726151905059.664,-0.94775390625,0.39099121093,-0.13806152343
1726151905068.3052,-0.94775390625,0.39099121093,-0.13806152343
1726151905077.099,-0.94775390625,0.39099121093,-0.13806152343
1726151905085.893,-0.94775390625,0.39099121093,-0.13806152343
1726151905094.8398,-0.94775390625,0.39099121093,-0.13806152343
1726151905108.702,-0.95324707031,0.38916015625,-0.14465332031
1726151905117.4658,-0.95324707031,0.38916015625,-0.14465332031
1726151905126.2595,-0.95324707031,0.38916015625,-0.14465332031
1726151905135.0227,-0.95324707031,0.38916015625,-0.14465332031
1726151905143.8472,-0.95324707031,0.38916015625,-0.14465332031
1726151905152.6108,-0.95324707031,0.38916015625,-0.14465332031
1726151905161.435,-0.95324707031,0.38916015625,-0.14465332031
1726151905170.229,-0.95324707031,0.38916015625,-0.14465332031
1726151905179.0535,-0.95324707031,0.38916015625,-0.14465332031
1726151905192.794,-0.97448730468,0.38525390625,-0.17065429687
1726151905201.5876,-0.97448730468,0.38525390625,-0.17065429687
1726151905210.3513,-0.97448730468,0.38525390625,-0.17065429687
1726151905219.145,-0.97448730468,0.38525390625,-0.17065429687
1726151905227.9084,-0.97448730468,0.38525390625,-0.17065429687
1726151905236.7327,-0.97448730468,0.38525390625,-0.17065429687
1726151905245.5571,-0.97448730468,0.38525390625,-0.17065429687
1726151905254.351,-0.97448730468,0.38525390625,-0.17065429687
1726151905268.1528,-1.03344726562,0.35009765625,-0.19946289062
1726151905276.916,-1.03344726562,0.35009765625,-0.19946289062
1726151905285.6794,-1.03344726562,0.35009765625,-0.19946289062
1726151905294.4426,-1.03344726562,0.35009765625,-0.19946289062
1726151905303.267,-1.03344726562,0.35009765625,-0.19946289062
1726151905312.0305,-1.03344726562,0.35009765625,-0.19946289062
1726151905320.8547,-1.03344726562,0.35009765625,-0.19946289062
1726151905329.6487,-1.03344726562,0.35009765625,-0.19946289062
1726151905338.4731,-1.03344726562,0.35009765625,-0.19946289062
1726151905352.2139,-1.11926269531,0.28881835937,-0.20654296875
1726151905361.0078,-1.11926269531,0.28881835937,-0.20654296875
1726151905369.6794,-1.11926269531,0.28881835937,-0.20654296875
1726151905378.504,-1.11926269531,0.28881835937,-0.20654296875
1726151905387.2363,-1.11926269531,0.28881835937,-0.20654296875
1726151905396.0305,-1.11926269531,0.28881835937,-0.20654296875
1726151905404.8547,-1.11926269531,0.28881835937,-0.20654296875
1726151905413.6184,-1.11926269531,0.28881835937,-0.20654296875
1726151905427.359,-1.05297851562,0.20922851562,-0.22033691406
1726151905436.1523,-1.05297851562,0.20922851562,-0.22033691406
1726151905444.977,-1.05297851562,0.20922851562,-0.22033691406
1726151905453.7708,-1.05297851562,0.20922851562,-0.22033691406
1726151905462.5955,-1.05297851562,0.20922851562,-0.22033691406
1726151905471.3894,-1.05297851562,0.20922851562,-0.22033691406
1726151905480.58,-1.05297851562,0.20922851562,-0.22033691406
1726151905489.3127,-1.05297851562,0.20922851562,-0.22033691406
1726151905498.1375,-1.05297851562,0.20922851562,-0.22033691406
1726151905511.9082,-0.92932128906,0.11267089843,-0.22473144531
1726151905520.641,-0.92932128906,0.11267089843,-0.22473144531
1726151905529.4656,-0.92932128906,0.11267089843,-0.22473144531
1726151905538.2595,-0.92932128906,0.11267089843,-0.22473144531
1726151905547.0835,-0.92932128906,0.11267089843,-0.22473144531
1726151905555.8474,-0.92932128906,0.11267089843,-0.22473144531
1726151905564.6719,-0.92932128906,0.11267089843,-0.22473144531
1726151905573.2825,-0.92932128906,0.11267089843,-0.22473144531
1726151905587.0535,-0.9404296875,0.05310058593,-0.22045898437
1726151905595.817,-0.9404296875,0.05310058593,-0.22045898437
1726151905604.6104,-0.9404296875,0.05310058593,-0.22045898437
1726151905613.3127,-0.9404296875,0.05310058593,-0.22045898437
1726151905622.076,-0.9404296875,0.05310058593,-0.22045898437
1726151905630.809,-0.9404296875,0.05310058593,-0.22045898437
1726151905639.5112,-0.9404296875,0.05310058593,-0.22045898437
1726151905648.3054,-0.9404296875,0.05310058593,-0.22045898437
1726151905657.0383,-0.9404296875,0.05310058593,-0.22045898437
1726151905670.7783,-0.94140625,0.02526855468,-0.2373046875
1726151905679.4197,-0.94140625,0.02526855468,-0.2373046875
1726151905688.0916,-0.94140625,0.02526855468,-0.2373046875
1726151905696.7327,-0.94140625,0.02526855468,-0.2373046875
1726151905705.435,-0.94140625,0.02526855468,-0.2373046875
1726151905714.0457,-0.94140625,0.02526855468,-0.2373046875
1726151905722.748,-0.94140625,0.02526855468,-0.2373046875
1726151905731.3284,-0.94140625,0.02526855468,-0.2373046875
1726151905740.0305,-0.94140625,0.02526855468,-0.2373046875
1726151905753.618,-0.94714355468,0.02172851562,-0.25341796875
1726151905762.4124,-0.94714355468,0.02172851562,-0.25341796875
1726151905771.1755,-0.94714355468,0.02172851562,-0.25341796875
1726151905780.0,-0.94714355468,0.02172851562,-0.25341796875
1726151905788.3967,-0.94714355468,0.02172851562,-0.25341796875
1726151905797.2214,-0.94714355468,0.02172851562,-0.25341796875
1726151905806.0457,-0.94714355468,0.02172851562,-0.25341796875
1726151905814.8396,-0.94714355468,0.02172851562,-0.25341796875
1726151905828.641,-0.95812988281,0.03039550781,-0.26928710937
1726151905837.4043,-0.95812988281,0.03039550781,-0.26928710937
1726151905846.229,-0.95812988281,0.03039550781,-0.26928710937
1726151905855.3894,-0.95812988281,0.03039550781,-0.26928710937
1726151905864.183,-0.95812988281,0.03039550781,-0.26928710937
1726151905872.977,-0.95812988281,0.03039550781,-0.26928710937
1726151905881.8015,-0.95812988281,0.03039550781,-0.26928710937
1726151905890.5955,-0.95812988281,0.03039550781,-0.26928710937
1726151905899.4197,-0.95812988281,0.03039550781,-0.26928710937
1726151905913.1604,-0.94445800781,0.04174804687,-0.26940917968
1726151905921.954,-0.94445800781,0.04174804687,-0.26940917968
1726151905930.748,-0.94445800781,0.04174804687,-0.26940917968
1726151905939.45,-0.94445800781,0.04174804687,-0.26940917968
1726151905948.2139,-0.94445800781,0.04174804687,-0.26940917968
1726151905956.9463,-0.94445800781,0.04174804687,-0.26940917968
1726151905965.7708,-0.94445800781,0.04174804687,-0.26940917968
1726151905974.534,-0.94445800781,0.04174804687,-0.26940917968
1726151905988.275,-0.94128417968,0.04711914062,-0.26220703125
1726151905997.038,-0.94128417968,0.04711914062,-0.26220703125
1726151906005.832,-0.94128417968,0.04711914062,-0.26220703125
1726151906014.5037,-0.94128417968,0.04711914062,-0.26220703125
1726151906023.3284,-0.94128417968,0.04711914062,-0.26220703125
1726151906032.0916,-0.94128417968,0.04711914062,-0.26220703125
1726151906040.916,-0.94128417968,0.04711914062,-0.26220703125
1726151906049.6487,-0.94128417968,0.04711914062,-0.26220703125
1726151906058.4124,-0.94128417968,0.04711914062,-0.26220703125
1726151906072.2136,-0.94287109375,0.021484375,-0.23583984375
1726151906080.916,-0.94287109375,0.021484375,-0.23583984375
1726151906089.5876,-0.94287109375,0.021484375,-0.23583984375
1726151906098.29,-0.94287109375,0.021484375,-0.23583984375
1726151906106.9924,-0.94287109375,0.021484375,-0.23583984375
1726151906115.6948,-0.94287109375,0.021484375,-0.23583984375
1726151906124.458,-0.94287109375,0.021484375,-0.23583984375
1726151906133.13,-0.94287109375,0.021484375,-0.23583984375
1726151906141.832,-0.9384765625,-0.01342773437,-0.19653320312
1726151906155.4504,-0.9384765625,-0.01342773437,-0.19653320312
1726151906164.2136,-0.9384765625,-0.01342773437,-0.19653320312
1726151906172.9463,-0.9384765625,-0.01342773437,-0.19653320312
1726151906181.71,-0.9384765625,-0.01342773437,-0.19653320312
1726151906190.3818,-0.9384765625,-0.01342773437,-0.19653320312
1726151906199.084,-0.9384765625,-0.01342773437,-0.19653320312
1726151906207.7864,-0.9384765625,-0.01342773437,-0.19653320312
1726151906216.4883,-0.9384765625,-0.01342773437,-0.19653320312
1726151906230.229,-0.94152832031,-0.01513671875,-0.19067382812
1726151906239.3894,-0.94152832031,-0.01513671875,-0.19067382812
1726151906248.2444,-0.94152832031,-0.01513671875,-0.19067382812
1726151906257.038,-0.94152832031,-0.01513671875,-0.19067382812
1726151906265.832,-0.94152832031,-0.01513671875,-0.19067382812
1726151906274.5037,-0.94152832031,-0.01513671875,-0.19067382812
1726151906283.359,-0.94152832031,-0.01513671875,-0.19067382812
1726151906292.1523,-0.94152832031,-0.01513671875,-0.19067382812
1726151906301.0078,-0.94152832031,-0.01513671875,-0.19067382812
1726151906314.6565,-0.994140625,0.0361328125,-0.1982421875
1726151906323.3284,-0.994140625,0.0361328125,-0.1982421875
1726151906331.9695,-0.994140625,0.0361328125,-0.1982421875
1726151906340.641,-0.994140625,0.0361328125,-0.1982421875
1726151906349.3435,-0.994140625,0.0361328125,-0.1982421875
1726151906357.9849,-0.994140625,0.0361328125,-0.1982421875
1726151906366.687,-0.994140625,0.0361328125,-0.1982421875
1726151906375.2979,-0.994140625,0.0361328125,-0.1982421875
1726151906388.9463,-1.03845214843,0.06469726562,-0.20812988281
1726151906397.6794,-1.03845214843,0.06469726562,-0.20812988281
1726151906406.504,-1.03845214843,0.06469726562,-0.20812988281
1726151906415.1755,-1.03845214843,0.06469726562,-0.20812988281
1726151906423.9084,-1.03845214843,0.06469726562,-0.20812988281
1726151906432.7024,-1.03845214843,0.06469726562,-0.20812988281
1726151906441.5266,-1.03845214843,0.06469726562,-0.20812988281
1726151906450.3208,-1.03845214843,0.06469726562,-0.20812988281
1726151906459.145,-1.03845214843,0.06469726562,-0.20812988281
1726151906472.8855,-0.99548339843,-0.03076171875,-0.22106933593
1726151906481.6487,-0.99548339843,-0.03076171875,-0.22106933593
1726151906490.3818,-0.99548339843,-0.03076171875,-0.22106933593
1726151906499.1145,-0.99548339843,-0.03076171875,-0.22106933593
1726151906507.9084,-0.99548339843,-0.03076171875,-0.22106933593
1726151906516.6104,-0.99548339843,-0.03076171875,-0.22106933593
1726151906525.4048,-0.99548339843,-0.03076171875,-0.22106933593
1726151906534.1067,-0.99548339843,-0.03076171875,-0.22106933593
1726151906547.786,-1.07666015625,-0.04296875,-0.21142578125
1726151906556.458,-1.07666015625,-0.04296875,-0.21142578125
1726151906565.1907,-1.07666015625,-0.04296875,-0.21142578125
1726151906583.8167,-1.07666015625,-0.04296875,-0.21142578125
1726151906592.5496,-1.07666015625,-0.04296875,-0.21142578125
1726151906601.252,-1.07666015625,-0.04296875,-0.21142578125
1726151906609.9236,-1.07666015625,-0.04296875,-0.21142578125
1726151906619.0535,-1.07666015625,-0.04296875,-0.21142578125
1726151906632.7024,-1.05297851562,0.00646972656,-0.18920898437
1726151906641.5266,-1.05297851562,0.00646972656,-0.18920898437
1726151906650.29,-1.05297851562,0.00646972656,-0.18920898437
1726151906659.084,-1.05297851562,0.00646972656,-0.18920898437
1726151906667.7864,-1.05297851562,0.00646972656,-0.18920898437
1726151906676.6104,-1.05297851562,0.00646972656,-0.18920898437
1726151906685.374,-1.05297851562,0.00646972656,-0.18920898437
1726151906694.168,-1.05297851562,0.00646972656,-0.18920898437
1726151906707.817,-0.97094726562,0.07543945312,-0.17895507812
1726151906716.6104,-0.97094726562,0.07543945312,-0.17895507812
1726151906725.374,-0.97094726562,0.07543945312,-0.17895507812
1726151906734.1372,-0.97094726562,0.07543945312,-0.17895507812
1726151906742.901,-0.97094726562,0.07543945312,-0.17895507812
1726151906751.725,-0.97094726562,0.07543945312,-0.17895507812
1726151906760.519,-0.97094726562,0.07543945312,-0.17895507812
1726151906769.2822,-0.97094726562,0.07543945312,-0.17895507812
1726151906778.046,-0.97094726562,0.07543945312,-0.17895507812
1726151906791.7556,-0.98181152343,0.14929199218,-0.17822265625
1726151906800.5803,-0.98181152343,0.14929199218,-0.17822265625
1726151906809.3435,-0.98181152343,0.14929199218,-0.17822265625
1726151906818.168,-0.98181152343,0.14929199218,-0.17822265625
1726151906826.8396,-0.98181152343,0.14929199218,-0.17822265625
1726151906835.664,-0.98181152343,0.14929199218,-0.17822265625
1726151906844.3052,-0.98181152343,0.14929199218,-0.17822265625
1726151906853.099,-0.98181152343,0.14929199218,-0.17822265625
1726151906861.893,-0.98779296875,0.22644042968,-0.19677734375
1726151906875.6643,-0.98779296875,0.22644042968,-0.19677734375
1726151906884.4883,-0.98779296875,0.22644042968,-0.19677734375
1726151906893.2825,-0.98779296875,0.22644042968,-0.19677734375
1726151906902.076,-0.98779296875,0.22644042968,-0.19677734375
1726151906910.7783,-0.98779296875,0.22644042968,-0.19677734375
1726151906919.603,-0.98779296875,0.22644042968,-0.19677734375
1726151906928.3665,-0.98779296875,0.22644042968,-0.19677734375
1726151906937.2212,-0.98779296875,0.22644042968,-0.19677734375
1726151906950.962,-0.98547363281,0.30004882812,-0.22619628906
1726151906959.725,-0.98547363281,0.30004882812,-0.22619628906
1726151906968.4883,-0.98547363281,0.30004882812,-0.22619628906
1726151906977.3127,-0.98547363281,0.30004882812,-0.22619628906
1726151906986.046,-0.98547363281,0.30004882812,-0.22619628906
1726151906994.9617,-0.98547363281,0.30004882812,-0.22619628906
1726151907004.0,-0.98547363281,0.30004882812,-0.22619628906
1726151907012.3967,-0.98547363281,0.30004882812,-0.22619628906
1726151907021.191,-0.98547363281,0.30004882812,-0.22619628906
1726151907034.9312,-1.00622558593,0.33422851562,-0.25561523437
1726151907043.7559,-1.00622558593,0.33422851562,-0.25561523437
1726151907052.458,-1.00622558593,0.33422851562,-0.25561523437
1726151907061.2214,-1.00622558593,0.33422851562,-0.25561523437
1726151907070.0151,-1.00622558593,0.33422851562,-0.25561523437
1726151907078.8398,-1.00622558593,0.33422851562,-0.25561523437
1726151907087.5115,-1.00622558593,0.33422851562,-0.25561523437
1726151907096.336,-1.00622558593,0.33422851562,-0.25561523437
1726151907109.954,-1.04614257812,0.35131835937,-0.28063964843
1726151907118.7483,-1.04614257812,0.35131835937,-0.28063964843
1726151907127.5115,-1.04614257812,0.35131835937,-0.28063964843
1726151907136.336,-1.04614257812,0.35131835937,-0.28063964843
1726151907145.0076,-1.04614257812,0.35131835937,-0.28063964843
1726151907153.8015,-1.04614257812,0.35131835937,-0.28063964843
1726151907162.626,-1.04614257812,0.35131835937,-0.28063964843
1726151907171.3894,-1.04614257812,0.35131835937,-0.28063964843
1726151907180.2136,-1.04614257812,0.35131835937,-0.28063964843
1726151907193.9543,-1.00317382812,0.36340332031,-0.29248046875
1726151907202.7783,-1.00317382812,0.36340332031,-0.29248046875
1726151907211.542,-1.00317382812,0.36340332031,-0.29248046875
1726151907220.336,-1.00317382812,0.36340332031,-0.29248046875
1726151907228.9773,-1.00317382812,0.36340332031,-0.29248046875
1726151907237.832,-1.00317382812,0.36340332031,-0.29248046875
1726151907246.504,-1.00317382812,0.36340332031,-0.29248046875
1726151907255.206,-1.00317382812,0.36340332031,-0.29248046875
1726151907268.916,-0.89050292968,0.3544921875,-0.29272460937
1726151907277.6487,-0.89050292968,0.3544921875,-0.29272460937
1726151907286.4124,-0.89050292968,0.3544921875,-0.29272460937
1726151907295.1755,-0.89050292968,0.3544921875,-0.29272460937
1726151907303.9695,-0.89050292968,0.3544921875,-0.29272460937
1726151907312.733,-0.89050292968,0.3544921875,-0.29272460937
1726151907321.5269,-0.89050292968,0.3544921875,-0.29272460937
1726151907330.2595,-0.89050292968,0.3544921875,-0.29272460937
1726151907339.0535,-0.89050292968,0.3544921875,-0.29272460937
1726151907352.794,-0.92956542968,0.33679199218,-0.28649902343
1726151907361.5876,-0.92956542968,0.33679199218,-0.28649902343
1726151907370.351,-0.92956542968,0.33679199218,-0.28649902343
1726151907379.2063,-0.92956542968,0.33679199218,-0.28649902343
1726151907388.3054,-0.92956542968,0.33679199218,-0.28649902343
1726151907397.13,-0.92956542968,0.33679199218,-0.28649902343
1726151907405.8623,-0.92956542968,0.33679199218,-0.28649902343
1726151907414.687,-0.92956542968,0.33679199218,-0.28649902343
1726151907428.4883,-0.94787597656,0.35974121093,-0.31396484375
1726151907437.2517,-0.94787597656,0.35974121093,-0.31396484375
1726151907446.0764,-0.94787597656,0.35974121093,-0.31396484375
1726151907454.87,-0.94787597656,0.35974121093,-0.31396484375
1726151907463.6335,-0.94787597656,0.35974121093,-0.31396484375
1726151907472.4272,-0.94787597656,0.35974121093,-0.31396484375
1726151907481.252,-0.94787597656,0.35974121093,-0.31396484375
1726151907489.9543,-0.94787597656,0.35974121093,-0.31396484375
1726151907498.7783,-0.94787597656,0.35974121093,-0.31396484375
1726151907512.519,-0.83239746093,0.4111328125,-0.35278320312
1726151907521.3127,-0.83239746093,0.4111328125,-0.35278320312
1726151907530.0457,-0.83239746093,0.4111328125,-0.35278320312
1726151907538.809,-0.83239746093,0.4111328125,-0.35278320312
1726151907547.542,-0.83239746093,0.4111328125,-0.35278320312
1726151907556.3054,-0.83239746093,0.4111328125,-0.35278320312
1726151907565.099,-0.83239746093,0.4111328125,-0.35278320312
1726151907573.832,-0.83239746093,0.4111328125,-0.35278320312
1726151907587.4807,-0.74926757812,0.47888183593,-0.3740234375
1726151907596.2444,-0.74926757812,0.47888183593,-0.3740234375
1726151907605.038,-0.74926757812,0.47888183593,-0.3740234375
1726151907613.7405,-0.74926757812,0.47888183593,-0.3740234375
1726151907622.5037,-0.74926757812,0.47888183593,-0.3740234375
1726151907631.2363,-0.74926757812,0.47888183593,-0.3740234375
1726151907640.0305,-0.74926757812,0.47888183593,-0.3740234375
1726151907648.7634,-0.74926757812,0.47888183593,-0.3740234375
1726151907657.5571,-0.74926757812,0.47888183593,-0.3740234375
1726151907671.267,-0.70532226562,0.54479980468,-0.39331054687
1726151907680.0916,-0.70532226562,0.54479980468,-0.39331054687
1726151907688.8547,-0.70532226562,0.54479980468,-0.39331054687
1726151907697.6487,-0.70532226562,0.54479980468,-0.39331054687
1726151907706.4124,-0.70532226562,0.54479980468,-0.39331054687
1726151907715.2363,-0.70532226562,0.54479980468,-0.39331054687
1726151907724.0305,-0.70532226562,0.54479980468,-0.39331054687
1726151907732.7937,-0.70532226562,0.54479980468,-0.39331054687
1726151907741.6184,-0.70532226562,0.54479980468,-0.39331054687
1726151907755.3586,-0.65148925781,0.56726074218,-0.40954589843
1726151907764.4883,-0.65148925781,0.56726074218,-0.40954589843
1726151907773.1907,-0.65148925781,0.56726074218,-0.40954589843
1726151907781.9543,-0.65148925781,0.56726074218,-0.40954589843
1726151907790.6565,-0.65148925781,0.56726074218,-0.40954589843
1726151907799.42,-0.65148925781,0.56726074218,-0.40954589843
1726151907808.061,-0.65148925781,0.56726074218,-0.40954589843
1726151907816.794,-0.65148925781,0.56726074218,-0.40954589843
1726151907830.4426,-0.61083984375,0.59020996093,-0.42138671875
1726151907839.2368,-0.61083984375,0.59020996093,-0.42138671875
1726151907848.0,-0.61083984375,0.59020996093,-0.42138671875
1726151907856.4275,-0.61083984375,0.59020996093,-0.42138671875
1726151907865.16,-0.61083984375,0.59020996093,-0.42138671875
1726151907873.8623,-0.61083984375,0.59020996093,-0.42138671875
1726151907882.6565,-0.61083984375,0.59020996093,-0.42138671875
1726151907891.42,-0.61083984375,0.59020996093,-0.42138671875
1726151907900.1523,-0.61083984375,0.59020996093,-0.42138671875
1726151907913.8628,-0.58972167968,0.62280273437,-0.43408203125
1726151907922.6565,-0.58972167968,0.62280273437,-0.43408203125
1726151907931.3894,-0.58972167968,0.62280273437,-0.43408203125
1726151907940.183,-0.58972167968,0.62280273437,-0.43408203125
1726151907948.916,-0.58972167968,0.62280273437,-0.43408203125
1726151907957.6487,-0.58972167968,0.62280273437,-0.43408203125
1726151907966.3818,-0.58972167968,0.62280273437,-0.43408203125
1726151907975.1145,-0.58972167968,0.62280273437,-0.43408203125
1726151907988.8245,-0.62365722656,0.64953613281,-0.43688964843
1726151907997.6184,-0.62365722656,0.64953613281,-0.43688964843
1726151908006.3208,-0.62365722656,0.64953613281,-0.43688964843
1726151908015.1145,-0.62365722656,0.64953613281,-0.43688964843
1726151908023.8474,-0.62365722656,0.64953613281,-0.43688964843
1726151908032.6104,-0.62365722656,0.64953613281,-0.43688964843
1726151908041.3435,-0.62365722656,0.64953613281,-0.43688964843
1726151908050.1375,-0.62365722656,0.64953613281,-0.43688964843
1726151908058.901,-0.62365722656,0.64953613281,-0.43688964843
1726151908072.6104,-0.74365234375,0.65979003906,-0.40490722656
1726151908081.4353,-0.74365234375,0.65979003906,-0.40490722656
1726151908090.168,-0.74365234375,0.65979003906,-0.40490722656
1726151908098.8704,-0.74365234375,0.65979003906,-0.40490722656
1726151908107.6335,-0.74365234375,0.65979003906,-0.40490722656
1726151908116.4275,-0.74365234375,0.65979003906,-0.40490722656
1726151908125.1907,-0.74365234375,0.65979003906,-0.40490722656
1726151908134.0151,-0.74365234375,0.65979003906,-0.40490722656
1726151908148.0916,-0.771484375,0.61779785156,-0.34411621093
1726151908156.8245,-0.771484375,0.61779785156,-0.34411621093
1726151908165.496,-0.771484375,0.61779785156,-0.34411621093
1726151908174.1375,-0.771484375,0.61779785156,-0.34411621093
1726151908182.809,-0.771484375,0.61779785156,-0.34411621093
1726151908191.5115,-0.771484375,0.61779785156,-0.34411621093
1726151908200.2136,-0.771484375,0.61779785156,-0.34411621093
1726151908208.916,-0.771484375,0.61779785156,-0.34411621093
1726151908217.5571,-0.771484375,0.61779785156,-0.34411621093
1726151908231.2368,-0.79907226562,0.56481933593,-0.279296875
1726151908239.9695,-0.79907226562,0.56481933593,-0.279296875
1726151908248.7024,-0.79907226562,0.56481933593,-0.279296875
1726151908257.435,-0.79907226562,0.56481933593,-0.279296875
1726151908266.1375,-0.79907226562,0.56481933593,-0.279296875
1726151908274.9006,-0.79907226562,0.56481933593,-0.279296875
1726151908283.603,-0.79907226562,0.56481933593,-0.279296875
1726151908292.3665,-0.79907226562,0.56481933593,-0.279296875
1726151908301.0688,-0.79907226562,0.56481933593,-0.279296875
1726151908314.7783,-0.8828125,0.5400390625,-0.24182128906
1726151908323.3284,-0.8828125,0.5400390625,-0.24182128906
1726151908331.9695,-0.8828125,0.5400390625,-0.24182128906
1726151908340.5498,-0.8828125,0.5400390625,-0.24182128906
1726151908349.16,-0.8828125,0.5400390625,-0.24182128906
1726151908357.6184,-0.8828125,0.5400390625,-0.24182128906
1726151908366.2595,-0.8828125,0.5400390625,-0.24182128906
1726151908374.8398,-0.8828125,0.5400390625,-0.24182128906
1726151908388.336,-0.88122558593,0.51818847656,-0.24096679687
1726151908396.9468,-0.88122558593,0.51818847656,-0.24096679687
1726151908405.7708,-0.88122558593,0.51818847656,-0.24096679687
1726151908414.5344,-0.88122558593,0.51818847656,-0.24096679687
1726151908423.328,-0.88122558593,0.51818847656,-0.24096679687
1726151908431.9387,-0.88122558593,0.51818847656,-0.24096679687
1726151908440.7327,-0.88122558593,0.51818847656,-0.24096679687
1726151908449.4963,-0.88122558593,0.51818847656,-0.24096679687
1726151908458.3203,-0.88122558593,0.51818847656,-0.24096679687
1726151908472.0916,-0.86071777343,0.521484375,-0.24157714843
1726151908480.733,-0.86071777343,0.521484375,-0.24157714843
1726151908489.4963,-0.86071777343,0.521484375,-0.24157714843
1726151908498.1985,-0.86071777343,0.521484375,-0.24157714843
1726151908506.962,-0.86071777343,0.521484375,-0.24157714843
1726151908515.6335,-0.86071777343,0.521484375,-0.24157714843
1726151908524.7634,-0.86071777343,0.521484375,-0.24157714843
1726151908533.496,-0.86071777343,0.521484375,-0.24157714843
1726151908542.1375,-0.86071777343,0.521484375,-0.24157714843
1726151908555.817,-0.87097167968,0.55737304687,-0.21484375
1726151908564.5498,-0.87097167968,0.55737304687,-0.21484375
1726151908573.1604,-0.87097167968,0.55737304687,-0.21484375
1726151908581.8933,-0.87097167968,0.55737304687,-0.21484375
1726151908590.5344,-0.87097167968,0.55737304687,-0.21484375
1726151908599.267,-0.87097167968,0.55737304687,-0.21484375
1726151908607.9387,-0.87097167968,0.55737304687,-0.21484375
1726151908616.641,-0.87097167968,0.55737304687,-0.21484375
1726151908630.29,-0.87365722656,0.56896972656,-0.19396972656
1726151908639.084,-0.87365722656,0.56896972656,-0.19396972656
1726151908647.786,-0.87365722656,0.56896972656,-0.19396972656
1726151908656.5803,-0.87365722656,0.56896972656,-0.19396972656
1726151908665.4043,-0.87365722656,0.56896972656,-0.19396972656
1726151908674.168,-0.87365722656,0.56896972656,-0.19396972656
1726151908682.9006,-0.87365722656,0.56896972656,-0.19396972656
1726151908691.6948,-0.87365722656,0.56896972656,-0.19396972656
1726151908700.519,-0.87365722656,0.56896972656,-0.19396972656
1726151908714.2595,-0.86962890625,0.541015625,-0.18737792968
1726151908722.9924,-0.86962890625,0.541015625,-0.18737792968
1726151908731.6943,-0.86962890625,0.541015625,-0.18737792968
1726151908740.4275,-0.86962890625,0.541015625,-0.18737792968
1726151908749.13,-0.86962890625,0.541015625,-0.18737792968
1726151908757.8623,-0.86962890625,0.541015625,-0.18737792968
1726151908766.5344,-0.86962890625,0.541015625,-0.18737792968
1726151908775.2976,-0.86962890625,0.541015625,-0.18737792968
1726151908788.9463,-0.91052246093,0.51232910156,-0.18640136718
1726151908797.7708,-0.91052246093,0.51232910156,-0.18640136718
1726151908806.534,-0.91052246093,0.51232910156,-0.18640136718
1726151908815.2976,-0.91052246093,0.51232910156,-0.18640136718
1726151908824.122,-0.91052246093,0.51232910156,-0.18640136718
1726151908832.8547,-0.91052246093,0.51232910156,-0.18640136718
1726151908841.6794,-0.91052246093,0.51232910156,-0.18640136718
1726151908850.4731,-0.91052246093,0.51232910156,-0.18640136718
1726151908859.2979,-0.91052246093,0.51232910156,-0.18640136718
1726151908873.0076,-1.03381347656,0.46765136718,-0.1796875
1726151908881.7405,-1.03381347656,0.46765136718,-0.1796875
1726151908890.4124,-1.03381347656,0.46765136718,-0.1796875
1726151908899.1145,-1.03381347656,0.46765136718,-0.1796875
1726151908908.1523,-1.03381347656,0.46765136718,-0.1796875
1726151908916.8855,-1.03381347656,0.46765136718,-0.1796875
1726151908925.5266,-1.03381347656,0.46765136718,-0.1796875
1726151908934.2595,-1.03381347656,0.46765136718,-0.1796875
1726151908942.87,-1.08093261718,0.3916015625,-0.17028808593
1726151908956.519,-1.08093261718,0.3916015625,-0.17028808593
1726151908965.191,-1.08093261718,0.3916015625,-0.17028808593
1726151908973.9236,-1.08093261718,0.3916015625,-0.17028808593
1726151908982.5955,-1.08093261718,0.3916015625,-0.17028808593
1726151908991.328,-1.08093261718,0.3916015625,-0.17028808593
1726151908999.8474,-1.08093261718,0.3916015625,-0.17028808593
1726151909008.5193,-1.08093261718,0.3916015625,-0.17028808593
1726151909017.2214,-1.08093261718,0.3916015625,-0.17028808593
1726151909030.8396,-0.9736328125,0.298828125,-0.18151855468
1726151909039.5725,-0.9736328125,0.298828125,-0.18151855468
1726151909048.244,-0.9736328125,0.298828125,-0.18151855468
1726151909056.916,-0.9736328125,0.298828125,-0.18151855468
1726151909065.5266,-0.9736328125,0.298828125,-0.18151855468
1726151909074.2595,-0.9736328125,0.298828125,-0.18151855468
1726151909082.962,-0.9736328125,0.298828125,-0.18151855468
1726151909091.664,-0.9736328125,0.298828125,-0.18151855468
1726151909100.2139,-0.9736328125,0.298828125,-0.18151855468
1726151909113.893,-0.94543457031,0.17736816406,-0.17846679687
1726151909122.687,-0.94543457031,0.17736816406,-0.17846679687
1726151909131.4807,-0.94543457031,0.17736816406,-0.17846679687
1726151909140.2747,-0.94543457031,0.17736816406,-0.17846679687
1726151909149.099,-0.94543457031,0.17736816406,-0.17846679687
1726151909157.8623,-0.94543457031,0.17736816406,-0.17846679687
1726151909166.687,-0.94543457031,0.17736816406,-0.17846679687
1726151909175.4807,-0.94543457031,0.17736816406,-0.17846679687
1726151909189.2214,-0.97717285156,0.06872558593,-0.173828125
1726151909197.9846,-0.97717285156,0.06872558593,-0.173828125
1726151909206.7175,-0.97717285156,0.06872558593,-0.173828125
1726151909215.4807,-0.97717285156,0.06872558593,-0.173828125
1726151909224.183,-0.97717285156,0.06872558593,-0.173828125
1726151909232.9463,-0.97717285156,0.06872558593,-0.173828125
1726151909241.6794,-0.97717285156,0.06872558593,-0.173828125
1726151909250.4426,-0.97717285156,0.06872558593,-0.173828125
1726151909259.1755,-0.97717285156,0.06872558593,-0.173828125
1726151909272.916,-0.97521972656,0.02514648437,-0.1875
1726151909281.4043,-0.97521972656,0.02514648437,-0.1875
1726151909290.412,-0.97521972656,0.02514648437,-0.1875
1726151909298.9312,-0.97521972656,0.02514648437,-0.1875
1726151909307.5725,-0.97521972656,0.02514648437,-0.1875
1726151909316.1523,-0.97521972656,0.02514648437,-0.1875
1726151909324.7632,-0.97521972656,0.02514648437,-0.1875
1726151909333.374,-0.97521972656,0.02514648437,-0.1875
1726151909341.9238,-0.97521972656,0.02514648437,-0.1875
1726151909355.3894,-0.978515625,0.02685546875,-0.19787597656
1726151909364.122,-0.978515625,0.02685546875,-0.19787597656
1726151909372.8245,-0.978515625,0.02685546875,-0.19787597656
1726151909381.5266,-0.978515625,0.02685546875,-0.19787597656
1726151909390.2595,-0.978515625,0.02685546875,-0.19787597656
1726151909408.9463,-0.978515625,0.02685546875,-0.19787597656
1726151909417.6792,-0.978515625,0.02685546875,-0.19787597656
1726151909431.359,-0.94982910156,0.03698730468,-0.21630859375
1726151909440.1523,-0.94982910156,0.03698730468,-0.21630859375
1726151909448.916,-0.94982910156,0.03698730468,-0.21630859375
1726151909457.618,-0.94982910156,0.03698730468,-0.21630859375
1726151909466.351,-0.94982910156,0.03698730468,-0.21630859375
1726151909475.145,-0.94982910156,0.03698730468,-0.21630859375
1726151909483.9695,-0.94982910156,0.03698730468,-0.21630859375
1726151909492.7327,-0.94982910156,0.03698730468,-0.21630859375
1726151909501.5269,-0.94982910156,0.03698730468,-0.21630859375
1726151909515.2363,-0.94580078125,0.06042480468,-0.2216796875
1726151909524.0,-0.94580078125,0.06042480468,-0.2216796875
1726151909532.3665,-0.94580078125,0.06042480468,-0.2216796875
1726151909541.13,-0.94580078125,0.06042480468,-0.2216796875
1726151909549.832,-0.94580078125,0.06042480468,-0.2216796875
1726151909558.504,-0.94580078125,0.06042480468,-0.2216796875
1726151909567.145,-0.94580078125,0.06042480468,-0.2216796875
1726151909575.9084,-0.94580078125,0.06042480468,-0.2216796875
1726151909589.5876,-0.95654296875,0.07458496093,-0.18676757812
1726151909598.29,-0.95654296875,0.07458496093,-0.18676757812
1726151909606.9006,-0.95654296875,0.07458496093,-0.18676757812
1726151909615.603,-0.95654296875,0.07458496093,-0.18676757812
1726151909624.244,-0.95654296875,0.07458496093,-0.18676757812
1726151909632.8547,-0.95654296875,0.07458496093,-0.18676757812
1726151909641.5266,-0.95654296875,0.07458496093,-0.18676757812
1726151909650.1985,-0.95654296875,0.07458496093,-0.18676757812
1726151909658.9006,-0.95654296875,0.07458496093,-0.18676757812
1726151909672.916,-1.0,0.05090332031,-0.12878417968
1726151909681.2214,-1.0,0.05090332031,-0.12878417968
1726151909689.5269,-1.0,0.05090332031,-0.12878417968
1726151909697.8623,-1.0,0.05090332031,-0.12878417968
1726151909706.1985,-1.0,0.05090332031,-0.12878417968
1726151909714.534,-1.0,0.05090332031,-0.12878417968
1726151909722.8396,-1.0,0.05090332031,-0.12878417968
1726151909731.1755,-1.0,0.05090332031,-0.12878417968
1726151909739.42,-1.0,0.05090332031,-0.12878417968
1726151909752.641,-1.0546875,0.03259277343,-0.11010742187
1726151909761.2825,-1.0546875,0.03259277343,-0.11010742187
1726151909769.8623,-1.0546875,0.03259277343,-0.11010742187
1726151909778.504,-1.0546875,0.03259277343,-0.11010742187
1726151909786.9924,-1.0546875,0.03259277343,-0.11010742187
1726151909795.6335,-1.0546875,0.03259277343,-0.11010742187
1726151909804.2139,-1.0546875,0.03259277343,-0.11010742187
1726151909812.8245,-1.0546875,0.03259277343,-0.11010742187
1726151909821.4048,-1.0546875,0.03259277343,-0.11010742187
1726151909834.9924,-1.04370117187,0.02197265625,-0.12109375
1726151909843.725,-1.04370117187,0.02197265625,-0.12109375
1726151909852.3967,-1.04370117187,0.02197265625,-0.12109375
1726151909861.13,-1.04370117187,0.02197265625,-0.12109375
1726151909869.7708,-1.04370117187,0.02197265625,-0.12109375
1726151909878.504,-1.04370117187,0.02197265625,-0.12109375
1726151909887.084,-1.04370117187,0.02197265625,-0.12109375
1726151909895.7559,-1.04370117187,0.02197265625,-0.12109375
1726151909909.3127,-1.05004882812,-0.02673339843,-0.10656738281
1726151909918.1675,-1.05004882812,-0.02673339843,-0.10656738281
1726151909926.962,-1.05004882812,-0.02673339843,-0.10656738281
1726151909935.7556,-1.05004882812,-0.02673339843,-0.10656738281
1726151909944.5496,-1.05004882812,-0.02673339843,-0.10656738281
1726151909953.3435,-1.05004882812,-0.02673339843,-0.10656738281
1726151909961.9236,-1.05004882812,-0.02673339843,-0.10656738281
1726151909970.7788,-1.05004882812,-0.02673339843,-0.10656738281
1726151909979.603,-1.05004882812,-0.02673339843,-0.10656738281
1726151909993.374,-1.03112792968,-0.06201171875,-0.08715820312
1726151910002.168,-1.03112792968,-0.06201171875,-0.08715820312
1726151910010.87,-1.03112792968,-0.06201171875,-0.08715820312
1726151910019.664,-1.03112792968,-0.06201171875,-0.08715820312
1726151910028.3052,-1.03112792968,-0.06201171875,-0.08715820312
1726151910037.1604,-1.03112792968,-0.06201171875,-0.08715820312
1726151910046.3203,-1.03112792968,-0.06201171875,-0.08715820312
1726151910055.1755,-1.03112792968,-0.06201171875,-0.08715820312
1726151910068.9463,-0.97021484375,-0.02954101562,-0.07922363281
1726151910077.7708,-0.97021484375,-0.02954101562,-0.07922363281
1726151910086.534,-0.97021484375,-0.02954101562,-0.07922363281
1726151910095.3284,-0.97021484375,-0.02954101562,-0.07922363281
1726151910104.1523,-0.97021484375,-0.02954101562,-0.07922363281
1726151910112.9463,-0.97021484375,-0.02954101562,-0.07922363281
1726151910121.8015,-0.97021484375,-0.02954101562,-0.07922363281
1726151910130.5647,-0.97021484375,-0.02954101562,-0.07922363281
1726151910139.4197,-0.97021484375,-0.02954101562,-0.07922363281
1726151910153.1604,-0.96154785156,0.03051757812,-0.06298828125
1726151910161.9846,-0.96154785156,0.03051757812,-0.06298828125
1726151910170.748,-0.96154785156,0.03051757812,-0.06298828125
1726151910179.4807,-0.96154785156,0.03051757812,-0.06298828125
1726151910188.2444,-0.96154785156,0.03051757812,-0.06298828125
1726151910197.0686,-0.96154785156,0.03051757812,-0.06298828125
1726151910205.832,-0.96154785156,0.03051757812,-0.06298828125
1726151910214.534,-0.96154785156,0.03051757812,-0.06298828125
1726151910223.2976,-0.97106933593,0.08666992187,-0.06274414062
1726151910237.038,-0.97106933593,0.08666992187,-0.06274414062
1726151910245.8015,-0.97106933593,0.08666992187,-0.06274414062
1726151910254.5955,-0.97106933593,0.08666992187,-0.06274414062
1726151910263.3894,-0.97106933593,0.08666992187,-0.06274414062
1726151910272.183,-0.97106933593,0.08666992187,-0.06274414062
1726151910281.0076,-0.97106933593,0.08666992187,-0.06274414062
1726151910289.7708,-0.97106933593,0.08666992187,-0.06274414062
1726151910298.5647,-0.97106933593,0.08666992187,-0.06274414062
1726151910312.3054,-0.98083496093,0.14721679687,-0.08349609375
1726151910321.13,-0.98083496093,0.14721679687,-0.08349609375
1726151910329.8623,-0.98083496093,0.14721679687,-0.08349609375
1726151910338.687,-0.98083496093,0.14721679687,-0.08349609375
1726151910347.5115,-0.98083496093,0.14721679687,-0.08349609375
1726151910356.275,-0.98083496093,0.14721679687,-0.08349609375
1726151910365.099,-0.98083496093,0.14721679687,-0.08349609375
1726151910373.8623,-0.98083496093,0.14721679687,-0.08349609375
1726151910382.687,-0.98083496093,0.14721679687,-0.08349609375
1726151910396.3967,-1.00305175781,0.17651367187,-0.11596679687
1726151910405.252,-1.00305175781,0.17651367187,-0.11596679687
1726151910413.9238,-1.00305175781,0.17651367187,-0.11596679687
1726151910423.0535,-1.00305175781,0.17651367187,-0.11596679687
1726151910431.817,-1.00305175781,0.17651367187,-0.11596679687
1726151910440.641,-1.00305175781,0.17651367187,-0.11596679687
1726151910449.4043,-1.00305175781,0.17651367187,-0.11596679687
1726151910458.1985,-1.00305175781,0.17651367187,-0.11596679687
1726151910471.9695,-1.06970214843,0.19543457031,-0.15625
1726151910480.519,-1.06970214843,0.19543457031,-0.15625
1726151910489.13,-1.06970214843,0.19543457031,-0.15625
1726151910497.6184,-1.06970214843,0.19543457031,-0.15625
1726151910506.1985,-1.06970214843,0.19543457031,-0.15625
1726151910514.7175,-1.06970214843,0.19543457031,-0.15625
1726151910523.2979,-1.06970214843,0.19543457031,-0.15625
1726151910531.8167,-1.06970214843,0.19543457031,-0.15625
1726151910540.3967,-1.06970214843,0.19543457031,-0.15625
1726151910553.9236,-1.10693359375,0.21362304687,-0.1875
1726151910562.5647,-1.10693359375,0.21362304687,-0.1875
1726151910571.145,-1.10693359375,0.21362304687,-0.1875
1726151910579.7559,-1.10693359375,0.21362304687,-0.1875
1726151910588.2747,-1.10693359375,0.21362304687,-0.1875
1726151910596.8855,-1.10693359375,0.21362304687,-0.1875
1726151910605.4656,-1.10693359375,0.21362304687,-0.1875
1726151910614.1067,-1.10693359375,0.21362304687,-0.1875
1726151910622.687,-1.10693359375,0.21362304687,-0.1875
1726151910636.275,-1.009765625,0.20642089843,-0.22192382812
1726151910644.977,-1.009765625,0.20642089843,-0.22192382812
1726151910653.71,-1.009765625,0.20642089843,-0.22192382812
1726151910662.351,-1.009765625,0.20642089843,-0.22192382812
1726151910671.084,-1.009765625,0.20642089843,-0.22192382812
1726151910679.725,-1.009765625,0.20642089843,-0.22192382812
1726151910688.458,-1.009765625,0.20642089843,-0.22192382812
1726151910697.099,-1.009765625,0.20642089843,-0.22192382812
1726151910710.809,-0.93518066406,0.19470214843,-0.2275390625
1726151910719.542,-0.93518066406,0.19470214843,-0.2275390625
1726151910728.275,-0.93518066406,0.19470214843,-0.2275390625
1726151910737.0686,-0.93518066406,0.19470214843,-0.2275390625
1726151910745.8015,-0.93518066406,0.19470214843,-0.2275390625
1726151910754.5955,-0.93518066406,0.19470214843,-0.2275390625
1726151910763.3284,-0.93518066406,0.19470214843,-0.2275390625
1726151910772.122,-0.93518066406,0.19470214843,-0.2275390625
1726151910780.8245,-0.93518066406,0.19470214843,-0.2275390625
1726151910794.5955,-0.95874023437,0.19970703125,-0.20617675781
1726151910803.3894,-0.95874023437,0.19970703125,-0.20617675781
1726151910812.5496,-0.95874023437,0.19970703125,-0.20617675781
1726151910821.3127,-0.95874023437,0.19970703125,-0.20617675781
1726151910830.1067,-0.95874023437,0.19970703125,-0.20617675781
1726151910838.8704,-0.95874023437,0.19970703125,-0.20617675781
1726151910847.6943,-0.95874023437,0.19970703125,-0.20617675781
1726151910856.458,-0.95874023437,0.19970703125,-0.20617675781
1726151910870.1985,-0.97497558593,0.21350097656,-0.19714355468
1726151910878.9924,-0.97497558593,0.21350097656,-0.19714355468
1726151910887.786,-0.97497558593,0.21350097656,-0.19714355468
1726151910896.5803,-0.97497558593,0.21350097656,-0.19714355468
1726151910905.3435,-0.97497558593,0.21350097656,-0.19714355468
1726151910914.1375,-0.97497558593,0.21350097656,-0.19714355468
1726151910922.9312,-0.97497558593,0.21350097656,-0.19714355468
1726151910931.7559,-0.97497558593,0.21350097656,-0.19714355468
1726151910940.458,-0.97497558593,0.21350097656,-0.19714355468
1726151910954.1982,-0.97424316406,0.22204589843,-0.21069335937
1726151910962.962,-0.97424316406,0.22204589843,-0.21069335937
1726151910971.725,-0.97424316406,0.22204589843,-0.21069335937
1726151910980.519,-0.97424316406,0.22204589843,-0.21069335937
1726151910989.3127,-0.97424316406,0.22204589843,-0.21069335937
1726151910998.1375,-0.97424316406,0.22204589843,-0.21069335937
1726151911006.901,-0.97424316406,0.22204589843,-0.21069335937
1726151911015.725,-0.97424316406,0.22204589843,-0.21069335937
1726151911029.435,-0.955078125,0.2353515625,-0.24523925781
1726151911038.168,-0.955078125,0.2353515625,-0.24523925781
1726151911046.748,-0.955078125,0.2353515625,-0.24523925781
1726151911055.42,-0.955078125,0.2353515625,-0.24523925781
1726151911064.0,-0.955078125,0.2353515625,-0.24523925781
1726151911072.336,-0.955078125,0.2353515625,-0.24523925781
1726151911080.916,-0.955078125,0.2353515625,-0.24523925781
1726151911089.5571,-0.955078125,0.2353515625,-0.24523925781
1726151911098.229,-0.955078125,0.2353515625,-0.24523925781
1726151911111.9387,-0.92529296875,0.24792480468,-0.2666015625
1726151911120.6716,-0.92529296875,0.24792480468,-0.2666015625
1726151911129.496,-0.92529296875,0.24792480468,-0.2666015625
1726151911138.1375,-0.92529296875,0.24792480468,-0.2666015625
1726151911146.9312,-0.92529296875,0.24792480468,-0.2666015625
1726151911155.6643,-0.92529296875,0.24792480468,-0.2666015625
1726151911164.458,-0.92529296875,0.24792480468,-0.2666015625
1726151911173.2214,-0.92529296875,0.24792480468,-0.2666015625
1726151911182.3203,-0.92529296875,0.24792480468,-0.2666015625
1726151911196.0916,-0.90307617187,0.27136230468,-0.291015625
1726151911204.7634,-0.90307617187,0.27136230468,-0.291015625
1726151911213.496,-0.90307617187,0.27136230468,-0.291015625
1726151911222.1067,-0.90307617187,0.27136230468,-0.291015625
1726151911230.809,-0.90307617187,0.27136230468,-0.291015625
1726151911239.4807,-0.90307617187,0.27136230468,-0.291015625
1726151911248.2139,-0.90307617187,0.27136230468,-0.291015625
1726151911256.8855,-0.90307617187,0.27136230468,-0.291015625
1726151911270.5952,-0.88232421875,0.30322265625,-0.31604003906
1726151911279.359,-0.88232421875,0.30322265625,-0.31604003906
1726151911288.1523,-0.88232421875,0.30322265625,-0.31604003906
1726151911296.916,-0.88232421875,0.30322265625,-0.31604003906
1726151911305.6487,-0.88232421875,0.30322265625,-0.31604003906
1726151911314.3816,-0.88232421875,0.30322265625,-0.31604003906
1726151911323.2063,-0.88232421875,0.30322265625,-0.31604003906
1726151911332.0,-0.88232421875,0.30322265625,-0.31604003906
1726151911340.3665,-0.88232421875,0.30322265625,-0.31604003906
1726151911354.1375,-0.91540527343,0.34301757812,-0.32568359375
1726151911362.9312,-0.91540527343,0.34301757812,-0.32568359375
1726151911371.7559,-0.91540527343,0.34301757812,-0.32568359375
1726151911380.458,-0.91540527343,0.34301757812,-0.32568359375
1726151911389.252,-0.91540527343,0.34301757812,-0.32568359375
1726151911397.9543,-0.91540527343,0.34301757812,-0.32568359375
1726151911406.7783,-0.91540527343,0.34301757812,-0.32568359375
1726151911415.542,-0.91540527343,0.34301757812,-0.32568359375
1726151911429.2825,-0.95373535156,0.40441894531,-0.31970214843
1726151911438.0457,-0.95373535156,0.40441894531,-0.31970214843
1726151911446.8704,-0.95373535156,0.40441894531,-0.31970214843
1726151911455.6335,-0.95373535156,0.40441894531,-0.31970214843
1726151911464.458,-0.95373535156,0.40441894531,-0.31970214843
1726151911473.2212,-0.95373535156,0.40441894531,-0.31970214843
1726151911481.9846,-0.95373535156,0.40441894531,-0.31970214843
1726151911490.809,-0.95373535156,0.40441894531,-0.31970214843
1726151911499.5725,-0.95373535156,0.40441894531,-0.31970214843
1726151911513.374,-0.90490722656,0.45178222656,-0.29284667968
1726151911522.1067,-0.90490722656,0.45178222656,-0.29284667968
1726151911530.9006,-0.90490722656,0.45178222656,-0.29284667968
1726151911539.6943,-0.90490722656,0.45178222656,-0.29284667968
1726151911548.519,-0.90490722656,0.45178222656,-0.29284667968
1726151911557.2825,-0.90490722656,0.45178222656,-0.29284667968
1726151911566.4731,-0.90490722656,0.45178222656,-0.29284667968
1726151911575.2363,-0.90490722656,0.45178222656,-0.29284667968
1726151911589.038,-0.89978027343,0.48840332031,-0.26062011718
1726151911597.7405,-0.89978027343,0.48840332031,-0.26062011718
1726151911606.5647,-0.89978027343,0.48840332031,-0.26062011718
1726151911615.359,-0.89978027343,0.48840332031,-0.26062011718
1726151911624.122,-0.89978027343,0.48840332031,-0.26062011718
1726151911632.8855,-0.89978027343,0.48840332031,-0.26062011718
1726151911641.6792,-0.89978027343,0.48840332031,-0.26062011718
1726151911650.504,-0.89978027343,0.48840332031,-0.26062011718
1726151911659.1755,-0.89978027343,0.48840332031,-0.26062011718
1726151911672.9463,-0.91528320312,0.50964355468,-0.25073242187
1726151911681.71,-0.91528320312,0.50964355468,-0.25073242187
1726151911690.504,-0.91528320312,0.50964355468,-0.25073242187
1726151911699.1755,-0.91528320312,0.50964355468,-0.25073242187
1726151911707.9695,-0.91528320312,0.50964355468,-0.25073242187
1726151911716.7327,-0.91528320312,0.50964355468,-0.25073242187
1726151911725.5571,-0.91528320312,0.50964355468,-0.25073242187
1726151911734.3203,-0.91528320312,0.50964355468,-0.25073242187
1726151911743.1145,-0.91528320312,0.50964355468,-0.25073242187
1726151911756.916,-0.85986328125,0.48522949218,-0.26696777343
1726151911765.588,-0.85986328125,0.48522949218,-0.26696777343
1726151911774.3203,-0.85986328125,0.48522949218,-0.26696777343
1726151911783.084,-0.85986328125,0.48522949218,-0.26696777343
1726151911791.8167,-0.85986328125,0.48522949218,-0.26696777343
1726151911800.6108,-0.85986328125,0.48522949218,-0.26696777343
1726151911809.4043,-0.85986328125,0.48522949218,-0.26696777343
1726151911818.1985,-0.85986328125,0.48522949218,-0.26696777343
1726151911831.9695,-0.79345703125,0.47583007812,-0.29541015625
1726151911840.733,-0.79345703125,0.47583007812,-0.29541015625
1726151911849.5266,-0.79345703125,0.47583007812,-0.29541015625
1726151911858.2903,-0.79345703125,0.47583007812,-0.29541015625
1726151911867.084,-0.79345703125,0.47583007812,-0.29541015625
1726151911875.7559,-0.79345703125,0.47583007812,-0.29541015625
1726151911884.4883,-0.79345703125,0.47583007812,-0.29541015625
1726151911893.2825,-0.79345703125,0.47583007812,-0.29541015625
1726151911902.0151,-0.79345703125,0.47583007812,-0.29541015625
1726151911915.7559,-0.74890136718,0.50903320312,-0.3232421875
1726151911924.4275,-0.74890136718,0.50903320312,-0.3232421875
1726151911933.191,-0.74890136718,0.50903320312,-0.3232421875
1726151911942.2595,-0.74890136718,0.50903320312,-0.3232421875
1726151911951.0227,-0.74890136718,0.50903320312,-0.3232421875
1726151911959.7556,-0.74890136718,0.50903320312,-0.3232421875
1726151911968.519,-0.74890136718,0.50903320312,-0.3232421875
1726151911977.252,-0.74890136718,0.50903320312,-0.3232421875
1726151911990.9312,-0.74792480468,0.552734375,-0.33630371093
1726151911999.6335,-0.74792480468,0.552734375,-0.33630371093
1726151912008.3665,-0.74792480468,0.552734375,-0.33630371093
1726151912017.099,-0.74792480468,0.552734375,-0.33630371093
1726151912025.8323,-0.74792480468,0.552734375,-0.33630371093
1726151912034.5344,-0.74792480468,0.552734375,-0.33630371093
1726151912043.267,-0.74792480468,0.552734375,-0.33630371093
1726151912052.0,-0.74792480468,0.552734375,-0.33630371093
1726151912060.336,-0.74792480468,0.552734375,-0.33630371093
1726151912073.893,-0.79223632812,0.60852050781,-0.35693359375
1726151912082.6565,-0.79223632812,0.60852050781,-0.35693359375
1726151912091.4504,-0.79223632812,0.60852050781,-0.35693359375
1726151912100.2139,-0.79223632812,0.60852050781,-0.35693359375
1726151912108.9463,-0.79223632812,0.60852050781,-0.35693359375
1726151912117.6794,-0.79223632812,0.60852050781,-0.35693359375
1726151912126.4731,-0.79223632812,0.60852050781,-0.35693359375
1726151912135.2368,-0.79223632812,0.60852050781,-0.35693359375
1726151912144.0305,-0.83764648437,0.63806152343,-0.37109375
1726151912157.7097,-0.83764648437,0.63806152343,-0.37109375
1726151912166.4426,-0.83764648437,0.63806152343,-0.37109375
1726151912175.1145,-0.83764648437,0.63806152343,-0.37109375
1726151912183.8474,-0.83764648437,0.63806152343,-0.37109375
1726151912192.5193,-0.83764648437,0.63806152343,-0.37109375
1726151912201.252,-0.83764648437,0.63806152343,-0.37109375
1726151912209.8628,-0.83764648437,0.63806152343,-0.37109375
1726151912218.5955,-0.83764648437,0.63806152343,-0.37109375
1726151912242.4124,-0.7548828125,0.54919433593,-0.33142089843
1726151912251.145,-0.7548828125,0.54919433593,-0.33142089843
1726151912259.9084,-0.7548828125,0.54919433593,-0.33142089843
1726151912268.6104,-0.7548828125,0.54919433593,-0.33142089843
1726151912277.3435,-0.7548828125,0.54919433593,-0.33142089843
1726151912286.0764,-0.7548828125,0.54919433593,-0.33142089843
1726151912294.809,-0.7548828125,0.54919433593,-0.33142089843
1726151912303.542,-0.7548828125,0.54919433593,-0.33142089843
1726151912317.2214,-0.80810546875,0.46508789062,-0.30151367187
1726151912326.351,-0.80810546875,0.46508789062,-0.30151367187
1726151912335.145,-0.80810546875,0.46508789062,-0.30151367187
1726151912343.8777,-0.80810546875,0.46508789062,-0.30151367187
1726151912352.6719,-0.80810546875,0.46508789062,-0.30151367187
1726151912361.252,-0.80810546875,0.46508789062,-0.30151367187
1726151912369.9846,-0.80810546875,0.46508789062,-0.30151367187
1726151912378.7788,-0.80810546875,0.46508789062,-0.30151367187
1726151912392.4883,-0.80261230468,0.43835449218,-0.30847167968
1726151912401.2825,-0.80261230468,0.43835449218,-0.30847167968
1726151912410.0151,-0.80261230468,0.43835449218,-0.30847167968
1726151912418.809,-0.80261230468,0.43835449218,-0.30847167968
1726151912427.542,-0.80261230468,0.43835449218,-0.30847167968
1726151912436.2747,-0.80261230468,0.43835449218,-0.30847167968
1726151912445.038,-0.80261230468,0.43835449218,-0.30847167968
1726151912453.7708,-0.80261230468,0.43835449218,-0.30847167968
1726151912462.5344,-0.80261230468,0.43835449218,-0.30847167968
1726151912476.2747,-0.77917480468,0.44567871093,-0.31994628906
1726151912485.0076,-0.77917480468,0.44567871093,-0.31994628906
1726151912493.8015,-0.77917480468,0.44567871093,-0.31994628906
1726151912502.5344,-0.77917480468,0.44567871093,-0.31994628906
1726151912511.328,-0.77917480468,0.44567871093,-0.31994628906
1726151912519.9387,-0.77917480468,0.44567871093,-0.31994628906
1726151912528.6716,-0.77917480468,0.44567871093,-0.31994628906
1726151912537.4656,-0.77917480468,0.44567871093,-0.31994628906
1726151912551.1755,-0.77038574218,0.45642089843,-0.33569335937
1726151912559.9387,-0.77038574218,0.45642089843,-0.33569335937
1726151912568.6716,-0.77038574218,0.45642089843,-0.33569335937
1726151912577.4656,-0.77038574218,0.45642089843,-0.33569335937
1726151912586.229,-0.77038574218,0.45642089843,-0.33569335937
1726151912595.0227,-0.77038574218,0.45642089843,-0.33569335937
1726151912603.7556,-0.77038574218,0.45642089843,-0.33569335937
1726151912612.5496,-0.77038574218,0.45642089843,-0.33569335937
1726151912621.2822,-0.77038574218,0.45642089843,-0.33569335937
1726151912634.9924,-0.76208496093,0.44580078125,-0.35668945312
1726151912643.725,-0.76208496093,0.44580078125,-0.35668945312
1726151912652.5496,-0.76208496093,0.44580078125,-0.35668945312
1726151912661.2825,-0.76208496093,0.44580078125,-0.35668945312
1726151912670.0764,-0.76208496093,0.44580078125,-0.35668945312
1726151912678.87,-0.76208496093,0.44580078125,-0.35668945312
1726151912687.603,-0.76208496093,0.44580078125,-0.35668945312
1726151912696.3662,-0.76208496093,0.44580078125,-0.35668945312
1726151912710.4124,-0.79052734375,0.4033203125,-0.36853027343
1726151912719.206,-0.79052734375,0.4033203125,-0.36853027343
1726151912727.878,-0.79052734375,0.4033203125,-0.36853027343
1726151912736.6104,-0.79052734375,0.4033203125,-0.36853027343
1726151912745.3435,-0.79052734375,0.4033203125,-0.36853027343
1726151912754.1067,-0.79052734375,0.4033203125,-0.36853027343
1726151912762.8398,-0.79052734375,0.4033203125,-0.36853027343
1726151912771.5115,-0.79052734375,0.4033203125,-0.36853027343
1726151912780.2139,-0.79052734375,0.4033203125,-0.36853027343
1726151912793.9236,-0.85693359375,0.39392089843,-0.36572265625
1726151912802.7175,-0.85693359375,0.39392089843,-0.36572265625
1726151912811.5115,-0.85693359375,0.39392089843,-0.36572265625
1726151912820.3054,-0.85693359375,0.39392089843,-0.36572265625
1726151912829.0686,-0.85693359375,0.39392089843,-0.36572265625
1726151912837.8933,-0.85693359375,0.39392089843,-0.36572265625
1726151912846.6565,-0.85693359375,0.39392089843,-0.36572265625
1726151912855.4504,-0.85693359375,0.39392089843,-0.36572265625
1726151912864.2136,-0.91809082031,0.38952636718,-0.35717773437
1726151912877.8015,-0.91809082031,0.38952636718,-0.35717773437
1726151912886.3203,-0.91809082031,0.38952636718,-0.35717773437
1726151912894.9312,-0.91809082031,0.38952636718,-0.35717773437
1726151912903.4807,-0.91809082031,0.38952636718,-0.35717773437
1726151912912.0916,-0.91809082031,0.38952636718,-0.35717773437
1726151912920.641,-0.91809082031,0.38952636718,-0.35717773437
1726151912929.2214,-0.91809082031,0.38952636718,-0.35717773437
1726151912937.7708,-0.91809082031,0.38952636718,-0.35717773437
1726151912951.3284,-0.99670410156,0.37182617187,-0.32189941406
1726151912960.061,-0.99670410156,0.37182617187,-0.32189941406
1726151912968.794,-0.99670410156,0.37182617187,-0.32189941406
1726151912977.496,-0.99670410156,0.37182617187,-0.32189941406
1726151912986.168,-0.99670410156,0.37182617187,-0.32189941406
1726151912994.809,-0.99670410156,0.37182617187,-0.32189941406
1726151913003.603,-0.99670410156,0.37182617187,-0.32189941406
1726151913012.3052,-0.99670410156,0.37182617187,-0.32189941406
1726151913021.0688,-0.99670410156,0.37182617187,-0.32189941406
1726151913034.7783,-1.02709960937,0.37927246093,-0.28344726562
1726151913043.603,-1.02709960937,0.37927246093,-0.28344726562
1726151913052.3665,-1.02709960937,0.37927246093,-0.28344726562
1726151913061.191,-1.02709960937,0.37927246093,-0.28344726562
1726151913069.954,-1.02709960937,0.37927246093,-0.28344726562
1726151913079.084,-1.02709960937,0.37927246093,-0.28344726562
1726151913087.8167,-1.02709960937,0.37927246093,-0.28344726562
1726151913096.5803,-1.02709960937,0.37927246093,-0.28344726562
1726151913110.3816,-0.97033691406,0.37854003906,-0.26770019531
1726151913119.1453,-0.97033691406,0.37854003906,-0.26770019531
1726151913127.9387,-0.97033691406,0.37854003906,-0.26770019531
1726151913136.7024,-0.97033691406,0.37854003906,-0.26770019531
1726151913145.496,-0.97033691406,0.37854003906,-0.26770019531
1726151913154.1375,-0.97033691406,0.37854003906,-0.26770019531
1726151913162.9617,-0.97033691406,0.37854003906,-0.26770019531
1726151913171.6948,-0.97033691406,0.37854003906,-0.26770019531
1726151913180.4883,-0.97033691406,0.37854003906,-0.26770019531
1726151913194.229,-0.95849609375,0.36877441406,-0.27075195312
1726151913202.9006,-0.95849609375,0.36877441406,-0.27075195312
1726151913211.542,-0.95849609375,0.36877441406,-0.27075195312
1726151913220.183,-0.95849609375,0.36877441406,-0.27075195312
1726151913228.8245,-0.95849609375,0.36877441406,-0.27075195312
1726151913237.5266,-0.95849609375,0.36877441406,-0.27075195312
1726151913246.168,-0.95849609375,0.36877441406,-0.27075195312
1726151913254.748,-0.95849609375,0.36877441406,-0.27075195312
1726151913263.2979,-0.95849609375,0.36877441406,-0.27075195312
1726151913276.8855,-0.98217773437,0.34033203125,-0.27416992187
1726151913285.6487,-0.98217773437,0.34033203125,-0.27416992187
1726151913294.351,-0.98217773437,0.34033203125,-0.27416992187
1726151913303.1145,-0.98217773437,0.34033203125,-0.27416992187
1726151913311.8167,-0.98217773437,0.34033203125,-0.27416992187
1726151913320.5803,-0.98217773437,0.34033203125,-0.27416992187
1726151913329.2825,-0.98217773437,0.34033203125,-0.27416992187
1726151913338.0151,-0.98217773437,0.34033203125,-0.27416992187
1726151913351.6943,-0.95983886718,0.31030273437,-0.24353027343
1726151913360.5193,-0.95983886718,0.31030273437,-0.24353027343
1726151913369.2825,-0.95983886718,0.31030273437,-0.24353027343
1726151913378.1375,-0.95983886718,0.31030273437,-0.24353027343
1726151913386.9006,-0.95983886718,0.31030273437,-0.24353027343
1726151913395.725,-0.95983886718,0.31030273437,-0.24353027343
1726151913404.4883,-0.95983886718,0.31030273437,-0.24353027343
1726151913413.3127,-0.95983886718,0.31030273437,-0.24353027343
1726151913422.1067,-0.95983886718,0.31030273437,-0.24353027343
1726151913435.8472,-0.92553710937,0.30151367187,-0.21472167968
1726151913444.6719,-0.92553710937,0.30151367187,-0.21472167968
1726151913453.2825,-0.92553710937,0.30151367187,-0.21472167968
1726151913462.351,-0.92553710937,0.30151367187,-0.21472167968
1726151913471.2368,-0.92553710937,0.30151367187,-0.21472167968
1726151913480.0305,-0.92553710937,0.30151367187,-0.21472167968
1726151913488.794,-0.92553710937,0.30151367187,-0.21472167968
1726151913497.5571,-0.92553710937,0.30151367187,-0.21472167968
1726151913511.2976,-0.91259765625,0.32043457031,-0.22412109375
1726151913520.0916,-0.91259765625,0.32043457031,-0.22412109375
1726151913528.8547,-0.91259765625,0.32043457031,-0.22412109375
1726151913537.6794,-0.91259765625,0.32043457031,-0.22412109375
1726151913546.4426,-0.91259765625,0.32043457031,-0.22412109375
1726151913555.2363,-0.91259765625,0.32043457031,-0.22412109375
1726151913564.0,-0.91259765625,0.32043457031,-0.22412109375
1726151913572.3967,-0.91259765625,0.32043457031,-0.22412109375
1726151913581.2214,-0.91259765625,0.32043457031,-0.22412109375
1726151913594.962,-0.90869140625,0.35314941406,-0.25769042968
1726151913603.725,-0.90869140625,0.35314941406,-0.25769042968
1726151913612.458,-0.90869140625,0.35314941406,-0.25769042968
1726151913621.2212,-0.90869140625,0.35314941406,-0.25769042968
1726151913629.9846,-0.90869140625,0.35314941406,-0.25769042968
1726151913638.7788,-0.90869140625,0.35314941406,-0.25769042968
1726151913647.5725,-0.90869140625,0.35314941406,-0.25769042968
1726151913656.3665,-0.90869140625,0.35314941406,-0.25769042968
1726151913670.1067,-0.93078613281,0.37268066406,-0.29211425781
1726151913678.9312,-0.93078613281,0.37268066406,-0.29211425781
1726151913687.664,-0.93078613281,0.37268066406,-0.29211425781
1726151913696.3357,-0.93078613281,0.37268066406,-0.29211425781
1726151913705.099,-0.93078613281,0.37268066406,-0.29211425781
1726151913713.9236,-0.93078613281,0.37268066406,-0.29211425781
1726151913722.687,-0.93078613281,0.37268066406,-0.29211425781
1726151913731.4807,-0.93078613281,0.37268066406,-0.29211425781
1726151913740.275,-0.93078613281,0.37268066406,-0.29211425781
1726151913753.9846,-0.99536132812,0.37963867187,-0.31762695312
1726151913762.809,-0.99536132812,0.37963867187,-0.31762695312
1726151913771.5725,-0.99536132812,0.37963867187,-0.31762695312
1726151913780.3665,-0.99536132812,0.37963867187,-0.31762695312
1726151913789.1296,-0.99536132812,0.37963867187,-0.31762695312
1726151913797.9236,-0.99536132812,0.37963867187,-0.31762695312
1726151913806.687,-0.99536132812,0.37963867187,-0.31762695312
1726151913815.4807,-0.99536132812,0.37963867187,-0.31762695312
1726151913824.2136,-0.99536132812,0.37963867187,-0.31762695312
1726151913838.0151,-1.07019042968,0.37036132812,-0.32629394531
1726151913847.145,-1.07019042968,0.37036132812,-0.32629394531
1726151913855.9387,-1.07019042968,0.37036132812,-0.32629394531
1726151913864.702,-1.07019042968,0.37036132812,-0.32629394531
1726151913873.435,-1.07019042968,0.37036132812,-0.32629394531
1726151913882.229,-1.07019042968,0.37036132812,-0.32629394531
1726151913890.9924,-1.07019042968,0.37036132812,-0.32629394531
1726151913899.7556,-1.07019042968,0.37036132812,-0.32629394531
1726151913913.4963,-0.99462890625,0.33581542968,-0.326171875
1726151913922.1985,-0.99462890625,0.33581542968,-0.326171875
1726151913930.8398,-0.99462890625,0.33581542968,-0.326171875
1726151913939.45,-0.99462890625,0.33581542968,-0.326171875
1726151913948.0916,-0.99462890625,0.33581542968,-0.326171875
1726151913956.8245,-0.99462890625,0.33581542968,-0.326171875
1726151913965.4963,-0.99462890625,0.33581542968,-0.326171875
1726151913974.1985,-0.99462890625,0.33581542968,-0.326171875
1726151913982.8704,-0.99462890625,0.33581542968,-0.326171875
1726151913996.5496,-0.86462402343,0.28015136718,-0.30847167968
1726151914005.3127,-0.86462402343,0.28015136718,-0.30847167968
1726151914014.1067,-0.86462402343,0.28015136718,-0.30847167968
1726151914022.8704,-0.86462402343,0.28015136718,-0.30847167968
1726151914031.6943,-0.86462402343,0.28015136718,-0.30847167968
1726151914040.4275,-0.86462402343,0.28015136718,-0.30847167968
1726151914049.2517,-0.86462402343,0.28015136718,-0.30847167968
1726151914057.9849,-0.86462402343,0.28015136718,-0.30847167968
1726151914071.7556,-0.87377929687,0.22290039062,-0.29504394531
1726151914080.5803,-0.87377929687,0.22290039062,-0.29504394531
1726151914089.3127,-0.87377929687,0.22290039062,-0.29504394531
1726151914098.1375,-0.87377929687,0.22290039062,-0.29504394531
1726151914106.9006,-0.87377929687,0.22290039062,-0.29504394531
1726151914115.6948,-0.87377929687,0.22290039062,-0.29504394531
1726151914124.458,-0.87377929687,0.22290039062,-0.29504394531
1726151914133.2214,-0.87377929687,0.22290039062,-0.29504394531
1726151914141.954,-0.87377929687,0.22290039062,-0.29504394531
1726151914155.6948,-0.90625,0.16381835937,-0.29284667968
1726151914164.183,-0.90625,0.16381835937,-0.29284667968
1726151914172.7634,-0.90625,0.16381835937,-0.29284667968
1726151914181.252,-0.90625,0.16381835937,-0.29284667968
1726151914189.7405,-0.90625,0.16381835937,-0.29284667968
1726151914198.2595,-0.90625,0.16381835937,-0.29284667968
1726151914206.809,-0.90625,0.16381835937,-0.29284667968
1726151914215.2976,-0.90625,0.16381835937,-0.29284667968
1726151914223.9695,-0.90625,0.16381835937,-0.29284667968
1726151914237.71,-0.90356445312,0.14562988281,-0.29077148437
1726151914246.4429,-0.90356445312,0.14562988281,-0.29077148437
1726151914255.206,-0.90356445312,0.14562988281,-0.29077148437
1726151914263.9387,-0.90356445312,0.14562988281,-0.29077148437
1726151914272.702,-0.90356445312,0.14562988281,-0.29077148437
1726151914281.4656,-0.90356445312,0.14562988281,-0.29077148437
1726151914290.29,-0.90356445312,0.14562988281,-0.29077148437
1726151914298.9924,-0.90356445312,0.14562988281,-0.29077148437
1726151914312.7634,-0.9013671875,0.18725585937,-0.29614257812
1726151914321.4353,-0.9013671875,0.18725585937,-0.29614257812
1726151914330.1985,-0.9013671875,0.18725585937,-0.29614257812
1726151914338.8704,-0.9013671875,0.18725585937,-0.29614257812
1726151914347.603,-0.9013671875,0.18725585937,-0.29614257812
1726151914356.275,-0.9013671875,0.18725585937,-0.29614257812
1726151914365.0076,-0.9013671875,0.18725585937,-0.29614257812
1726151914373.71,-0.9013671875,0.18725585937,-0.29614257812
1726151914382.412,-0.9013671875,0.18725585937,-0.29614257812
1726151914396.0,-0.90966796875,0.24523925781,-0.318359375
1726151914404.3665,-0.90966796875,0.24523925781,-0.318359375
1726151914413.0383,-0.90966796875,0.24523925781,-0.318359375
1726151914421.7708,-0.90966796875,0.24523925781,-0.318359375
1726151914430.4429,-0.90966796875,0.24523925781,-0.318359375
1726151914439.1755,-0.90966796875,0.24523925781,-0.318359375
1726151914447.878,-0.90966796875,0.24523925781,-0.318359375
1726151914456.58,-0.90966796875,0.24523925781,-0.318359375
1726151914470.1375,-0.91149902343,0.27954101562,-0.33081054687
1726151914478.9924,-0.91149902343,0.27954101562,-0.33081054687
1726151914487.7559,-0.91149902343,0.27954101562,-0.33081054687
1726151914496.519,-0.91149902343,0.27954101562,-0.33081054687
1726151914505.3435,-0.91149902343,0.27954101562,-0.33081054687
1726151914514.1067,-0.91149902343,0.27954101562,-0.33081054687
1726151914522.9312,-0.91149902343,0.27954101562,-0.33081054687
1726151914531.725,-0.91149902343,0.27954101562,-0.33081054687
1726151914540.5496,-0.91149902343,0.27954101562,-0.33081054687
1726151914554.29,-0.92895507812,0.25598144531,-0.31481933593
1726151914563.0535,-0.92895507812,0.25598144531,-0.31481933593
1726151914571.8474,-0.92895507812,0.25598144531,-0.31481933593
1726151914580.6719,-0.92895507812,0.25598144531,-0.31481933593
1726151914589.2825,-0.92895507812,0.25598144531,-0.31481933593
1726151914598.1067,-0.92895507812,0.25598144531,-0.31481933593
1726151914607.2363,-0.92895507812,0.25598144531,-0.31481933593
1726151914616.061,-0.92895507812,0.25598144531,-0.31481933593
1726151914624.8547,-1.03100585937,0.2021484375,-0.296875
1726151914638.4429,-1.03100585937,0.2021484375,-0.296875
1726151914647.084,-1.03100585937,0.2021484375,-0.296875
1726151914655.6335,-1.03100585937,0.2021484375,-0.296875
1726151914664.2747,-1.03100585937,0.2021484375,-0.296875
1726151914672.8547,-1.03100585937,0.2021484375,-0.296875
1726151914681.496,-1.03100585937,0.2021484375,-0.296875
1726151914690.0151,-1.03100585937,0.2021484375,-0.296875
1726151914698.6565,-1.03100585937,0.2021484375,-0.296875
1726151914712.2139,-1.10668945312,0.16979980468,-0.28332519531
1726151914721.0076,-1.10668945312,0.16979980468,-0.28332519531
1726151914729.7708,-1.10668945312,0.16979980468,-0.28332519531
1726151914738.5955,-1.10668945312,0.16979980468,-0.28332519531
1726151914747.3894,-1.10668945312,0.16979980468,-0.28332519531
1726151914756.2136,-1.10668945312,0.16979980468,-0.28332519531
1726151914765.0078,-1.10668945312,0.16979980468,-0.28332519531
1726151914773.6794,-1.10668945312,0.16979980468,-0.28332519531
1726151914782.4731,-1.10668945312,0.16979980468,-0.28332519531
1726151914796.3054,-1.04919433593,0.12768554687,-0.26342773437
1726151914805.0688,-1.04919433593,0.12768554687,-0.26342773437
1726151914813.893,-1.04919433593,0.12768554687,-0.26342773437
1726151914822.7483,-1.04919433593,0.12768554687,-0.26342773437
1726151914831.5115,-1.04919433593,0.12768554687,-0.26342773437
1726151914840.3665,-1.04919433593,0.12768554687,-0.26342773437
1726151914849.1296,-1.04919433593,0.12768554687,-0.26342773437
1726151914857.9543,-1.04919433593,0.12768554687,-0.26342773437
1726151914871.725,-1.00891113281,0.06005859375,-0.22082519531
1726151914880.5496,-1.00891113281,0.06005859375,-0.22082519531
1726151914889.3127,-1.00891113281,0.06005859375,-0.22082519531
1726151914898.1375,-1.00891113281,0.06005859375,-0.22082519531
1726151914906.9006,-1.00891113281,0.06005859375,-0.22082519531
1726151914915.725,-1.00891113281,0.06005859375,-0.22082519531
1726151914924.4883,-1.00891113281,0.06005859375,-0.22082519531
1726151914933.3127,-1.00891113281,0.06005859375,-0.22082519531
1726151914942.1067,-1.00891113281,0.06005859375,-0.22082519531
1726151914955.8472,-0.95458984375,0.02319335937,-0.14880371093
1726151914964.6719,-0.95458984375,0.02319335937,-0.14880371093
1726151914973.3127,-0.95458984375,0.02319335937,-0.14880371093
1726151914982.1067,-0.95458984375,0.02319335937,-0.14880371093
1726151914991.267,-0.95458984375,0.02319335937,-0.14880371093
1726151915000.0916,-0.95458984375,0.02319335937,-0.14880371093
1726151915008.8547,-0.95458984375,0.02319335937,-0.14880371093
1726151915017.6487,-0.95458984375,0.02319335937,-0.14880371093
1726151915031.3892,-0.93969726562,0.07275390625,-0.12768554687
1726151915040.2139,-0.93969726562,0.07275390625,-0.12768554687
1726151915048.9463,-0.93969726562,0.07275390625,-0.12768554687
1726151915057.7708,-0.93969726562,0.07275390625,-0.12768554687
1726151915076.8245,-0.93969726562,0.07275390625,-0.12768554687
1726151915085.5876,-0.93969726562,0.07275390625,-0.12768554687
1726151915094.4124,-0.93969726562,0.07275390625,-0.12768554687
1726151915103.1755,-0.93969726562,0.07275390625,-0.12768554687
1726151915116.9463,-0.95458984375,0.17309570312,-0.11059570312
1726151915125.71,-0.95458984375,0.17309570312,-0.11059570312
1726151915134.4731,-0.95458984375,0.17309570312,-0.11059570312
1726151915143.2363,-0.95458984375,0.17309570312,-0.11059570312
1726151915152.061,-0.95458984375,0.17309570312,-0.11059570312
1726151915160.8245,-0.95458984375,0.17309570312,-0.11059570312
1726151915169.6184,-0.95458984375,0.17309570312,-0.11059570312
1726151915178.412,-0.95458984375,0.17309570312,-0.11059570312
1726151915192.0916,-0.95947265625,0.24279785156,-0.12658691406
1726151915200.8245,-0.95947265625,0.24279785156,-0.12658691406
1726151915209.588,-0.95947265625,0.24279785156,-0.12658691406
1726151915218.3203,-0.95947265625,0.24279785156,-0.12658691406
1726151915227.1145,-0.95947265625,0.24279785156,-0.12658691406
1726151915235.9387,-0.95947265625,0.24279785156,-0.12658691406
1726151915244.7024,-0.95947265625,0.24279785156,-0.12658691406
1726151915253.5266,-0.95947265625,0.24279785156,-0.12658691406
1726151915262.29,-0.95947265625,0.24279785156,-0.12658691406
1726151915276.0,-0.97644042968,0.27111816406,-0.15905761718
1726151915284.3967,-0.97644042968,0.27111816406,-0.15905761718
1726151915293.191,-0.97644042968,0.27111816406,-0.15905761718
1726151915301.9543,-0.97644042968,0.27111816406,-0.15905761718
1726151915310.748,-0.97644042968,0.27111816406,-0.15905761718
1726151915319.4504,-0.97644042968,0.27111816406,-0.15905761718
1726151915328.2136,-0.97644042968,0.27111816406,-0.15905761718
1726151915337.0076,-0.97644042968,0.27111816406,-0.15905761718
1726151915350.748,-1.03527832031,0.27600097656,-0.18676757812
1726151915359.4807,-1.03527832031,0.27600097656,-0.18676757812
1726151915368.641,-1.03527832031,0.27600097656,-0.18676757812
1726151915377.4353,-1.03527832031,0.27600097656,-0.18676757812
1726151915386.1985,-1.03527832031,0.27600097656,-0.18676757812
1726151915395.0227,-1.03527832031,0.27600097656,-0.18676757812
1726151915403.786,-1.03527832031,0.27600097656,-0.18676757812
1726151915412.5498,-1.03527832031,0.27600097656,-0.18676757812
1726151915421.2825,-1.03527832031,0.27600097656,-0.18676757812
1726151915435.0535,-1.12329101562,0.27612304687,-0.20690917968
1726151915443.817,-1.12329101562,0.27612304687,-0.20690917968
1726151915452.641,-1.12329101562,0.27612304687,-0.20690917968
1726151915461.435,-1.12329101562,0.27612304687,-0.20690917968
1726151915470.1985,-1.12329101562,0.27612304687,-0.20690917968
1726151915478.9924,-1.12329101562,0.27612304687,-0.20690917968
1726151915487.7864,-1.12329101562,0.27612304687,-0.20690917968
1726151915496.58,-1.12329101562,0.27612304687,-0.20690917968
1726151915505.2825,-1.12255859375,0.25537109375,-0.21423339843
1726151915519.0535,-1.12255859375,0.25537109375,-0.21423339843
1726151915527.817,-1.12255859375,0.25537109375,-0.21423339843
1726151915536.6104,-1.12255859375,0.25537109375,-0.21423339843
1726151915545.3743,-1.12255859375,0.25537109375,-0.21423339843
1726151915554.1985,-1.12255859375,0.25537109375,-0.21423339843
1726151915562.962,-1.12255859375,0.25537109375,-0.21423339843
1726151915571.725,-1.12255859375,0.25537109375,-0.21423339843
1726151915580.5193,-1.12255859375,0.25537109375,-0.21423339843
1726151915594.229,-0.97009277343,0.22595214843,-0.2197265625
1726151915602.748,-0.97009277343,0.22595214843,-0.2197265625
1726151915611.145,-0.97009277343,0.22595214843,-0.2197265625
1726151915619.6033,-0.97009277343,0.22595214843,-0.2197265625
1726151915628.122,-0.97009277343,0.22595214843,-0.2197265625
1726151915636.5498,-0.97009277343,0.22595214843,-0.2197265625
1726151915645.038,-0.97009277343,0.22595214843,-0.2197265625
1726151915653.4963,-0.97009277343,0.22595214843,-0.2197265625
1726151915662.0457,-0.97009277343,0.22595214843,-0.2197265625
1726151915675.5115,-0.89587402343,0.18823242187,-0.20983886718
1726151915684.3054,-0.89587402343,0.18823242187,-0.20983886718
1726151915693.099,-0.89587402343,0.18823242187,-0.20983886718
1726151915701.893,-0.89587402343,0.18823242187,-0.20983886718
1726151915710.7175,-0.89587402343,0.18823242187,-0.20983886718
1726151915719.5115,-0.89587402343,0.18823242187,-0.20983886718
1726151915728.3054,-0.89587402343,0.18823242187,-0.20983886718
1726151915737.099,-0.89587402343,0.18823242187,-0.20983886718
1726151915751.2363,-0.93627929687,0.16125488281,-0.20104980468
1726151915760.0305,-0.93627929687,0.16125488281,-0.20104980468
1726151915768.8242,-0.93627929687,0.16125488281,-0.20104980468
1726151915777.496,-0.93627929687,0.16125488281,-0.20104980468
1726151915786.229,-0.93627929687,0.16125488281,-0.20104980468
1726151915794.9924,-0.93627929687,0.16125488281,-0.20104980468
1726151915803.817,-0.93627929687,0.16125488281,-0.20104980468
1726151915812.58,-0.93627929687,0.16125488281,-0.20104980468
1726151915821.3127,-0.93627929687,0.16125488281,-0.20104980468
1726151915835.0535,-0.923828125,0.17053222656,-0.20520019531
1726151915843.786,-0.923828125,0.17053222656,-0.20520019531
1726151915852.458,-0.923828125,0.17053222656,-0.20520019531
1726151915861.16,-0.923828125,0.17053222656,-0.20520019531
1726151915869.832,-0.923828125,0.17053222656,-0.20520019531
1726151915878.4429,-0.923828125,0.17053222656,-0.20520019531
1726151915887.145,-0.923828125,0.17053222656,-0.20520019531
1726151915895.817,-0.923828125,0.17053222656,-0.20520019531
1726151915904.58,-0.923828125,0.17053222656,-0.20520019531
1726151915918.1675,-0.87329101562,0.17907714843,-0.189453125
1726151915926.9312,-0.87329101562,0.17907714843,-0.189453125
1726151915935.6335,-0.87329101562,0.17907714843,-0.189453125
1726151915944.3967,-0.87329101562,0.17907714843,-0.189453125
1726151915953.099,-0.87329101562,0.17907714843,-0.189453125
1726151915961.832,-0.87329101562,0.17907714843,-0.189453125
1726151915970.4429,-0.87329101562,0.17907714843,-0.189453125
1726151915979.1755,-0.87329101562,0.17907714843,-0.189453125
1726151915992.8547,-0.85900878906,0.25695800781,-0.205078125
1726151916001.588,-0.85900878906,0.25695800781,-0.205078125
1726151916010.1982,-0.85900878906,0.25695800781,-0.205078125
1726151916018.901,-0.85900878906,0.25695800781,-0.205078125
1726151916027.5728,-0.85900878906,0.25695800781,-0.205078125
