timestamp,accel.x,accel.y,accel.z
1726154955420.7632,-0.95971679687,0.31176757812,-0.27526855468
1726154955444.2444,-1.04528808593,0.3408203125,-0.27124023437
1726154955460.641,-1.04528808593,0.3408203125,-0.27124023437
1726154955480.794,-1.04528808593,0.3408203125,-0.27124023437
1726154955500.794,-1.04528808593,0.3408203125,-0.27124023437
1726154955524.275,-1.01745605468,0.34912109375,-0.25256347656
1726154955540.641,-1.01745605468,0.34912109375,-0.25256347656
1726154955560.794,-1.01745605468,0.34912109375,-0.25256347656
1726154955580.794,-1.01745605468,0.34912109375,-0.25256347656
1726154955604.3052,-0.99719238281,0.33837890625,-0.22302246093
1726154955620.641,-0.99719238281,0.33837890625,-0.22302246093
1726154955640.7937,-0.99719238281,0.33837890625,-0.22302246093
1726154955660.7632,-0.99719238281,0.33837890625,-0.22302246093
1726154955684.336,-1.02526855468,0.3115234375,-0.19360351562
1726154955700.641,-1.02526855468,0.3115234375,-0.19360351562
1726154955720.794,-1.02526855468,0.3115234375,-0.19360351562
1726154955740.794,-1.02526855468,0.3115234375,-0.19360351562
1726154955764.3665,-0.98413085937,0.27709960937,-0.18518066406
1726154955780.641,-0.98413085937,0.27709960937,-0.18518066406
1726154955800.794,-0.98413085937,0.27709960937,-0.18518066406
1726154955820.794,-0.98413085937,0.27709960937,-0.18518066406
1726154955844.3967,-0.92639160156,0.26416015625,-0.18957519531
1726154955860.641,-0.92639160156,0.26416015625,-0.18957519531
1726154955880.7937,-0.92639160156,0.26416015625,-0.18957519531
1726154955900.7937,-0.92639160156,0.26416015625,-0.18957519531
1726154955924.4275,-0.8984375,0.28942871093,-0.19775390625
1726154955940.641,-0.8984375,0.28942871093,-0.19775390625
1726154955960.794,-0.8984375,0.28942871093,-0.19775390625
1726154955980.794,-0.8984375,0.28942871093,-0.19775390625
1726154956004.458,-0.88122558593,0.35534667968,-0.21203613281
1726154956020.6719,-0.88122558593,0.35534667968,-0.21203613281
1726154956040.7634,-0.88122558593,0.35534667968,-0.21203613281
1726154956060.794,-0.88122558593,0.35534667968,-0.21203613281
1726154956084.4883,-0.88464355468,0.41320800781,-0.22912597656
1726154956100.6719,-0.88464355468,0.41320800781,-0.22912597656
1726154956120.7937,-0.88464355468,0.41320800781,-0.22912597656
1726154956140.7937,-0.88464355468,0.41320800781,-0.22912597656
1726154956164.519,-0.94567871093,0.44030761718,-0.24230957031
1726154956180.6716,-0.94567871093,0.44030761718,-0.24230957031
1726154956200.7634,-0.94567871093,0.44030761718,-0.24230957031
1726154956220.7634,-0.94567871093,0.44030761718,-0.24230957031
1726154956244.5496,-0.99792480468,0.42712402343,-0.23510742187
1726154956260.641,-0.99792480468,0.42712402343,-0.23510742187
1726154956280.7634,-0.99792480468,0.42712402343,-0.23510742187
1726154956300.794,-0.99792480468,0.42712402343,-0.23510742187
1726154956324.58,-0.86511230468,0.40087890625,-0.22216796875
1726154956340.641,-0.86511230468,0.40087890625,-0.22216796875
1726154956360.794,-0.86511230468,0.40087890625,-0.22216796875
1726154956380.7937,-0.86511230468,0.40087890625,-0.22216796875
1726154956404.6104,-0.91052246093,0.36779785156,-0.20153808593
1726154956420.6716,-0.91052246093,0.36779785156,-0.20153808593
1726154956440.7634,-0.91052246093,0.36779785156,-0.20153808593
1726154956460.7634,-0.91052246093,0.36779785156,-0.20153808593
1726154956484.641,-0.92541503906,0.32312011718,-0.20861816406
1726154956500.641,-0.92541503906,0.32312011718,-0.20861816406
1726154956520.7634,-0.92541503906,0.32312011718,-0.20861816406
1726154956540.794,-0.92541503906,0.32312011718,-0.20861816406
1726154956564.6719,-0.88232421875,0.28979492187,-0.22644042968
1726154956580.641,-0.88232421875,0.28979492187,-0.22644042968
1726154956600.641,-0.88232421875,0.28979492187,-0.22644042968
1726154956620.7937,-0.88232421875,0.28979492187,-0.22644042968
1726154956644.702,-0.88732910156,0.27844238281,-0.23803710937
1726154956660.641,-0.88732910156,0.27844238281,-0.23803710937
1726154956680.7632,-0.88732910156,0.27844238281,-0.23803710937
1726154956700.794,-0.88732910156,0.27844238281,-0.23803710937
1726154956724.733,-0.89685058593,0.27111816406,-0.25280761718
1726154956740.641,-0.89685058593,0.27111816406,-0.25280761718
1726154956760.794,-0.89685058593,0.27111816406,-0.25280761718
1726154956780.7634,-0.89685058593,0.27111816406,-0.25280761718
1726154956804.7634,-0.87316894531,0.27697753906,-0.26794433593
1726154956820.641,-0.87316894531,0.27697753906,-0.26794433593
1726154956840.794,-0.87316894531,0.27697753906,-0.26794433593
1726154956860.794,-0.87316894531,0.27697753906,-0.26794433593
1726154956884.794,-0.88293457031,0.30590820312,-0.2802734375
1726154956900.641,-0.88293457031,0.30590820312,-0.2802734375
1726154956920.7632,-0.88293457031,0.30590820312,-0.2802734375
1726154956940.794,-0.88293457031,0.30590820312,-0.2802734375
1726154956964.8245,-0.9677734375,0.33703613281,-0.28283691406
1726154956980.641,-0.9677734375,0.33703613281,-0.28283691406
1726154957000.794,-0.9677734375,0.33703613281,-0.28283691406
1726154957020.794,-0.9677734375,0.33703613281,-0.28283691406
1726154957044.8547,-1.09912109375,0.37548828125,-0.2548828125
1726154957060.641,-1.09912109375,0.37548828125,-0.2548828125
1726154957080.7634,-1.09912109375,0.37548828125,-0.2548828125
1726154957100.794,-1.09912109375,0.37548828125,-0.2548828125
1726154957124.8855,-1.05615234375,0.39245605468,-0.22412109375
1726154957140.641,-1.05615234375,0.39245605468,-0.22412109375
1726154957160.7937,-1.05615234375,0.39245605468,-0.22412109375
1726154957180.794,-1.05615234375,0.39245605468,-0.22412109375
1726154957204.916,-0.9599609375,0.36694335937,-0.19519042968
1726154957220.641,-0.9599609375,0.36694335937,-0.19519042968
1726154957240.794,-0.9599609375,0.36694335937,-0.19519042968
1726154957260.794,-0.9599609375,0.36694335937,-0.19519042968
1726154957284.9468,-1.01110839843,0.35192871093,-0.16186523437
1726154957300.6719,-1.01110839843,0.35192871093,-0.16186523437
1726154957320.794,-1.01110839843,0.35192871093,-0.16186523437
1726154957340.7634,-1.01110839843,0.35192871093,-0.16186523437
1726154957364.977,-1.00769042968,0.39282226562,-0.15368652343
1726154957380.641,-1.00769042968,0.39282226562,-0.15368652343
1726154957400.7937,-1.00769042968,0.39282226562,-0.15368652343
1726154957420.794,-1.00769042968,0.39282226562,-0.15368652343
1726154957445.0076,-0.92700195312,0.43493652343,-0.17797851562
1726154957460.641,-0.92700195312,0.43493652343,-0.17797851562
1726154957480.7634,-0.92700195312,0.43493652343,-0.17797851562
1726154957500.7634,-0.92700195312,0.43493652343,-0.17797851562
1726154957525.0383,-0.86120605468,0.46081542968,-0.20910644531
1726154957540.6719,-0.86120605468,0.46081542968,-0.20910644531
1726154957560.794,-0.86120605468,0.46081542968,-0.20910644531
1726154957580.7634,-0.86120605468,0.46081542968,-0.20910644531
1726154957605.0686,-0.86694335937,0.52075195312,-0.22253417968
1726154957620.641,-0.86694335937,0.52075195312,-0.22253417968
1726154957640.7937,-0.86694335937,0.52075195312,-0.22253417968
1726154957660.7632,-0.86694335937,0.52075195312,-0.22253417968
1726154957685.099,-0.876953125,0.55395507812,-0.22668457031
1726154957700.641,-0.876953125,0.55395507812,-0.22668457031
1726154957720.794,-0.876953125,0.55395507812,-0.22668457031
1726154957740.7634,-0.876953125,0.55395507812,-0.22668457031
1726154957765.13,-0.88061523437,0.52160644531,-0.23913574218
1726154957780.641,-0.88061523437,0.52160644531,-0.23913574218
1726154957800.7634,-0.88061523437,0.52160644531,-0.23913574218
1726154957820.7634,-0.88061523437,0.52160644531,-0.23913574218
1726154957845.16,-0.86462402343,0.466796875,-0.26782226562
1726154957860.641,-0.86462402343,0.466796875,-0.26782226562
1726154957880.7632,-0.86462402343,0.466796875,-0.26782226562
1726154957900.7937,-0.86462402343,0.466796875,-0.26782226562
1726154957925.191,-0.78002929687,0.39953613281,-0.2822265625
1726154957940.6716,-0.78002929687,0.39953613281,-0.2822265625
1726154957960.7634,-0.78002929687,0.39953613281,-0.2822265625
1726154957980.794,-0.78002929687,0.39953613281,-0.2822265625
1726154958005.2214,-0.8134765625,0.34533691406,-0.27856445312
1726154958020.641,-0.8134765625,0.34533691406,-0.27856445312
1726154958040.7634,-0.8134765625,0.34533691406,-0.27856445312
1726154958060.794,-0.8134765625,0.34533691406,-0.27856445312
1726154958085.2517,-0.89477539062,0.32934570312,-0.32067871093
1726154958100.6719,-0.89477539062,0.32934570312,-0.32067871093
1726154958120.7937,-0.89477539062,0.32934570312,-0.32067871093
1726154958140.7937,-0.89477539062,0.32934570312,-0.32067871093
1726154958165.2825,-0.9013671875,0.29162597656,-0.35595703125
1726154958180.6716,-0.9013671875,0.29162597656,-0.35595703125
1726154958200.7634,-0.9013671875,0.29162597656,-0.35595703125
1726154958220.794,-0.9013671875,0.29162597656,-0.35595703125
1726154958245.3127,-0.9169921875,0.27099609375,-0.3369140625
1726154958260.641,-0.9169921875,0.27099609375,-0.3369140625
1726154958280.7634,-0.9169921875,0.27099609375,-0.3369140625
1726154958300.794,-0.9169921875,0.27099609375,-0.3369140625
1726154958325.3435,-0.91906738281,0.31237792968,-0.31127929687
1726154958340.641,-0.91906738281,0.31237792968,-0.31127929687
1726154958360.7634,-0.91906738281,0.31237792968,-0.31127929687
1726154958380.7937,-0.91906738281,0.31237792968,-0.31127929687
1726154958405.374,-0.91174316406,0.31604003906,-0.2890625
1726154958420.641,-0.91174316406,0.31604003906,-0.2890625
1726154958440.794,-0.91174316406,0.31604003906,-0.2890625
1726154958460.7634,-0.91174316406,0.31604003906,-0.2890625
1726154958485.4043,-0.93432617187,0.27404785156,-0.27966308593
1726154958500.641,-0.93432617187,0.27404785156,-0.27966308593
1726154958520.794,-0.93432617187,0.27404785156,-0.27966308593
1726154958540.794,-0.93432617187,0.27404785156,-0.27966308593
1726154958565.435,-1.05224609375,0.21789550781,-0.25756835937
1726154958580.641,-1.05224609375,0.21789550781,-0.25756835937
1726154958600.7634,-1.05224609375,0.21789550781,-0.25756835937
1726154958620.7937,-1.05224609375,0.21789550781,-0.25756835937
1726154958645.4656,-1.11755371093,0.13452148437,-0.20654296875
1726154958660.6716,-1.11755371093,0.13452148437,-0.20654296875
1726154958680.7632,-1.11755371093,0.13452148437,-0.20654296875
1726154958700.7634,-1.11755371093,0.13452148437,-0.20654296875
1726154958725.4963,-1.06262207031,-0.00244140625,-0.16516113281
1726154958740.641,-1.06262207031,-0.00244140625,-0.16516113281
1726154958760.7634,-1.06262207031,-0.00244140625,-0.16516113281
1726154958780.794,-1.06262207031,-0.00244140625,-0.16516113281
1726154958805.5269,-1.05676269531,-0.11938476562,-0.11145019531
1726154958820.641,-1.05676269531,-0.11938476562,-0.11145019531
1726154958840.794,-1.05676269531,-0.11938476562,-0.11145019531
1726154958860.794,-1.05676269531,-0.11938476562,-0.11145019531
1726154958885.5571,-1.04162597656,-0.11560058593,-0.06030273437
1726154958900.6716,-1.04162597656,-0.11560058593,-0.06030273437
1726154958920.794,-1.04162597656,-0.11560058593,-0.06030273437
1726154958940.7634,-1.04162597656,-0.11560058593,-0.06030273437
1726154958965.588,-0.99279785156,-0.05444335937,-0.05102539062
1726154958980.6716,-0.99279785156,-0.05444335937,-0.05102539062
1726154959000.794,-0.99279785156,-0.05444335937,-0.05102539062
1726154959020.794,-0.99279785156,-0.05444335937,-0.05102539062
1726154959045.7708,-0.98669433593,0.0146484375,-0.0498046875
1726154959060.6719,-0.98669433593,0.0146484375,-0.0498046875
1726154959080.7634,-0.98669433593,0.0146484375,-0.0498046875
1726154959100.7634,-0.98669433593,0.0146484375,-0.0498046875
1726154959125.6487,-0.99011230468,0.10107421875,-0.072265625
1726154959140.641,-0.99011230468,0.10107421875,-0.072265625
1726154959160.7937,-0.99011230468,0.10107421875,-0.072265625
1726154959180.7632,-0.99011230468,0.10107421875,-0.072265625
1726154959205.6794,-0.98449707031,0.17272949218,-0.11596679687
1726154959220.641,-0.98449707031,0.17272949218,-0.11596679687
1726154959240.7634,-0.98449707031,0.17272949218,-0.11596679687
1726154959260.7634,-0.98449707031,0.17272949218,-0.11596679687
1726154959285.71,-0.98913574218,0.22387695312,-0.1416015625
1726154959300.6719,-0.98913574218,0.22387695312,-0.1416015625
1726154959320.7634,-0.98913574218,0.22387695312,-0.1416015625
1726154959340.794,-0.98913574218,0.22387695312,-0.1416015625
1726154959365.71,-1.05590820312,0.26330566406,-0.14624023437
1726154959380.641,-1.05590820312,0.26330566406,-0.14624023437
1726154959400.7632,-1.05590820312,0.26330566406,-0.14624023437
1726154959420.794,-1.05590820312,0.26330566406,-0.14624023437
1726154959445.7405,-1.17358398437,0.2734375,-0.15783691406
1726154959460.641,-1.17358398437,0.2734375,-0.15783691406
1726154959480.7634,-1.17358398437,0.2734375,-0.15783691406
1726154959500.7634,-1.17358398437,0.2734375,-0.15783691406
1726154959525.7405,-1.10437011718,0.23120117187,-0.19348144531
1726154959540.641,-1.10437011718,0.23120117187,-0.19348144531
1726154959560.794,-1.10437011718,0.23120117187,-0.19348144531
1726154959580.794,-1.10437011718,0.23120117187,-0.19348144531
1726154959605.7405,-0.96789550781,0.18957519531,-0.20690917968
1726154959620.641,-0.96789550781,0.18957519531,-0.20690917968
1726154959640.7632,-0.96789550781,0.18957519531,-0.20690917968
1726154959660.7632,-0.96789550781,0.18957519531,-0.20690917968
1726154959685.71,-0.97192382812,0.20043945312,-0.208984375
1726154959700.641,-0.97192382812,0.20043945312,-0.208984375
1726154959720.794,-0.97192382812,0.20043945312,-0.208984375
1726154959740.794,-0.97192382812,0.20043945312,-0.208984375
1726154959765.7405,-0.97180175781,0.21801757812,-0.23608398437
1726154959780.641,-0.97180175781,0.21801757812,-0.23608398437
1726154959800.7634,-0.97180175781,0.21801757812,-0.23608398437
1726154959820.7634,-0.97180175781,0.21801757812,-0.23608398437
1726154959845.71,-0.93420410156,0.26684570312,-0.25805664062
1726154959860.641,-0.93420410156,0.26684570312,-0.25805664062
1726154959880.7632,-0.93420410156,0.26684570312,-0.25805664062
1726154959900.7937,-0.93420410156,0.26684570312,-0.25805664062
1726154959925.7405,-0.89685058593,0.33752441406,-0.26306152343
1726154959940.641,-0.89685058593,0.33752441406,-0.26306152343
1726154959960.7634,-0.89685058593,0.33752441406,-0.26306152343
1726154959980.794,-0.89685058593,0.33752441406,-0.26306152343
1726154960005.7405,-0.83984375,0.37255859375,-0.27075195312
1726154960020.641,-0.83984375,0.37255859375,-0.27075195312
1726154960040.794,-0.83984375,0.37255859375,-0.27075195312
1726154960060.7634,-0.83984375,0.37255859375,-0.27075195312
1726154960085.7405,-0.79028320312,0.40673828125,-0.27941894531
1726154960100.641,-0.79028320312,0.40673828125,-0.27941894531
1726154960120.7632,-0.79028320312,0.40673828125,-0.27941894531
1726154960140.7937,-0.79028320312,0.40673828125,-0.27941894531
1726154960165.7405,-0.7724609375,0.44763183593,-0.2783203125
1726154960180.6716,-0.7724609375,0.44763183593,-0.2783203125
1726154960200.794,-0.7724609375,0.44763183593,-0.2783203125
1726154960220.7634,-0.7724609375,0.44763183593,-0.2783203125
1726154960245.7405,-0.8037109375,0.47814941406,-0.28503417968
1726154960260.641,-0.8037109375,0.47814941406,-0.28503417968
1726154960280.794,-0.8037109375,0.47814941406,-0.28503417968
1726154960300.7634,-0.8037109375,0.47814941406,-0.28503417968
1726154960325.7097,-0.90588378906,0.49975585937,-0.26635742187
1726154960340.641,-0.90588378906,0.49975585937,-0.26635742187
1726154960360.794,-0.90588378906,0.49975585937,-0.26635742187
1726154960380.7632,-0.90588378906,0.49975585937,-0.26635742187
1726154960405.7405,-0.90759277343,0.51391601562,-0.24926757812
1726154960420.641,-0.90759277343,0.51391601562,-0.24926757812
1726154960440.7634,-0.90759277343,0.51391601562,-0.24926757812
1726154960460.794,-0.90759277343,0.51391601562,-0.24926757812
1726154960485.71,-0.88757324218,0.47985839843,-0.26635742187
1726154960500.641,-0.88757324218,0.47985839843,-0.26635742187
1726154960520.7634,-0.88757324218,0.47985839843,-0.26635742187
1726154960540.794,-0.88757324218,0.47985839843,-0.26635742187
1726154960565.954,-0.98034667968,0.43481445312,-0.26171875
1726154960580.641,-0.98034667968,0.43481445312,-0.26171875
1726154960600.794,-0.98034667968,0.43481445312,-0.26171875
1726154960620.7937,-0.98034667968,0.43481445312,-0.26171875
1726154960645.71,-0.99755859375,0.40026855468,-0.23669433593
1726154960660.641,-0.99755859375,0.40026855468,-0.23669433593
1726154960680.7632,-0.99755859375,0.40026855468,-0.23669433593
1726154960700.7634,-0.99755859375,0.40026855468,-0.23669433593
1726154960725.7405,-0.93896484375,0.35083007812,-0.22509765625
1726154960740.641,-0.93896484375,0.35083007812,-0.22509765625
1726154960760.794,-0.93896484375,0.35083007812,-0.22509765625
1726154960780.794,-0.93896484375,0.35083007812,-0.22509765625
1726154960805.7402,-0.91882324218,0.32141113281,-0.21545410156
1726154960820.641,-0.91882324218,0.32141113281,-0.21545410156
1726154960840.7634,-0.91882324218,0.32141113281,-0.21545410156
1726154960860.7634,-0.91882324218,0.32141113281,-0.21545410156
1726154960880.7632,-0.94592285156,0.33068847656,-0.19738769531
1726154960900.641,-0.94592285156,0.33068847656,-0.19738769531
1726154960920.794,-0.94592285156,0.33068847656,-0.19738769531
1726154960940.794,-0.94592285156,0.33068847656,-0.19738769531
1726154960960.8245,-0.9951171875,0.34545898437,-0.19201660156
1726154960980.641,-0.9951171875,0.34545898437,-0.19201660156
1726154961000.794,-0.9951171875,0.34545898437,-0.19201660156
1726154961020.794,-0.9951171875,0.34545898437,-0.19201660156
1726154961040.7634,-1.11389160156,0.33154296875,-0.19055175781
1726154961060.641,-1.11389160156,0.33154296875,-0.19055175781
1726154961080.794,-1.11389160156,0.33154296875,-0.19055175781
1726154961100.794,-1.11389160156,0.33154296875,-0.19055175781
1726154961120.7632,-1.08386230468,0.2666015625,-0.19519042968
1726154961140.6716,-1.08386230468,0.2666015625,-0.19519042968
1726154961160.7632,-1.08386230468,0.2666015625,-0.19519042968
1726154961180.794,-1.08386230468,0.2666015625,-0.19519042968
1726154961200.794,-0.93115234375,0.15405273437,-0.18908691406
1726154961220.6716,-0.93115234375,0.15405273437,-0.18908691406
1726154961240.794,-0.93115234375,0.15405273437,-0.18908691406
1726154961260.794,-0.93115234375,0.15405273437,-0.18908691406
1726154961280.794,-0.98913574218,-0.01062011718,-0.21850585937
1726154961300.641,-0.98913574218,-0.01062011718,-0.21850585937
1726154961320.7634,-0.98913574218,-0.01062011718,-0.21850585937
1726154961340.8245,-0.98913574218,-0.01062011718,-0.21850585937
1726154961360.7634,-0.96203613281,0.01635742187,-0.251953125
1726154961380.641,-0.96203613281,0.01635742187,-0.251953125
1726154961400.7632,-0.96203613281,0.01635742187,-0.251953125
1726154961420.794,-0.96203613281,0.01635742187,-0.251953125
1726154961440.794,-0.95983886718,0.07165527343,-0.27282714843
1726154961460.641,-0.95983886718,0.07165527343,-0.27282714843
1726154961480.794,-0.95983886718,0.07165527343,-0.27282714843
1726154961500.794,-0.95983886718,0.07165527343,-0.27282714843
1726154961520.7634,-0.93176269531,0.10375976562,-0.28039550781
1726154961540.641,-0.93176269531,0.10375976562,-0.28039550781
1726154961560.794,-0.93176269531,0.10375976562,-0.28039550781
1726154961580.794,-0.93176269531,0.10375976562,-0.28039550781
1726154961600.7634,-0.91442871093,0.13122558593,-0.26416015625
1726154961620.641,-0.91442871093,0.13122558593,-0.26416015625
1726154961640.7937,-0.91442871093,0.13122558593,-0.26416015625
1726154961660.7937,-0.91442871093,0.13122558593,-0.26416015625
1726154961680.7632,-0.92102050781,0.15966796875,-0.24816894531
1726154961700.641,-0.92102050781,0.15966796875,-0.24816894531
1726154961720.794,-0.92102050781,0.15966796875,-0.24816894531
1726154961740.794,-0.92102050781,0.15966796875,-0.24816894531
1726154961760.794,-1.029296875,0.18334960937,-0.232421875
1726154961780.6719,-1.029296875,0.18334960937,-0.232421875
1726154961800.7634,-1.029296875,0.18334960937,-0.232421875
1726154961820.794,-1.029296875,0.18334960937,-0.232421875
1726154961840.794,-1.10595703125,0.18395996093,-0.21264648437
1726154961860.641,-1.10595703125,0.18395996093,-0.21264648437
1726154961880.7632,-1.10595703125,0.18395996093,-0.21264648437
1726154961900.7937,-1.10595703125,0.18395996093,-0.21264648437
1726154961920.794,-1.10595703125,0.13427734375,-0.19506835937
1726154961940.641,-1.03210449218,0.13427734375,-0.19506835937
1726154961960.794,-1.03210449218,0.13427734375,-0.19506835937
1726154961980.7634,-1.03210449218,0.13427734375,-0.19506835937
1726154962000.7634,-1.03210449218,0.13427734375,-0.19506835937
1726154962020.641,-1.01025390625,0.10791015625,-0.17016601562
1726154962040.794,-1.01025390625,0.10791015625,-0.17016601562
1726154962060.7634,-1.01025390625,0.10791015625,-0.17016601562
1726154962080.794,-1.01025390625,0.10791015625,-0.17016601562
1726154962100.641,-1.03552246093,0.142578125,-0.14294433593
1726154962120.7632,-1.03552246093,0.142578125,-0.14294433593
1726154962140.7632,-1.03552246093,0.142578125,-0.14294433593
1726154962160.7632,-1.03552246093,0.142578125,-0.14294433593
1726154962180.6716,-0.9951171875,0.19421386718,-0.13854980468
1726154962200.794,-0.9951171875,0.19421386718,-0.13854980468
1726154962220.7634,-0.9951171875,0.19421386718,-0.13854980468
1726154962240.794,-0.9951171875,0.19421386718,-0.13854980468
1726154962260.641,-0.94299316406,0.23901367187,-0.16772460937
1726154962280.794,-0.94299316406,0.23901367187,-0.16772460937
1726154962300.7634,-0.94299316406,0.23901367187,-0.16772460937
1726154962320.794,-0.94299316406,0.23901367187,-0.16772460937
1726154962340.641,-0.93225097656,0.29235839843,-0.20642089843
1726154962360.794,-0.93225097656,0.29235839843,-0.20642089843
1726154962380.7937,-0.93225097656,0.29235839843,-0.20642089843
1726154962400.7632,-0.93225097656,0.29235839843,-0.20642089843
1726154962420.641,-0.935546875,0.35986328125,-0.23583984375
1726154962440.7634,-0.935546875,0.35986328125,-0.23583984375
1726154962460.7634,-0.935546875,0.35986328125,-0.23583984375
1726154962480.794,-0.935546875,0.35986328125,-0.23583984375
1726154962500.641,-0.92980957031,0.39343261718,-0.2548828125
1726154962520.794,-0.92980957031,0.39343261718,-0.2548828125
1726154962540.7634,-0.92980957031,0.39343261718,-0.2548828125
1726154962560.7634,-0.92980957031,0.39343261718,-0.2548828125
1726154962580.641,-1.01257324218,0.40490722656,-0.2626953125
1726154962600.7634,-1.01257324218,0.40490722656,-0.2626953125
1726154962620.7937,-1.01257324218,0.40490722656,-0.2626953125
1726154962640.6716,-1.01257324218,0.40490722656,-0.2626953125
1726154962660.641,-1.02209472656,0.40197753906,-0.29028320312
1726154962680.794,-1.02209472656,0.40197753906,-0.29028320312
1726154962700.794,-1.02209472656,0.40197753906,-0.29028320312
1726154962720.7634,-1.02209472656,0.40197753906,-0.29028320312
1726154962740.6719,-0.86279296875,0.40478515625,-0.31567382812
1726154962760.794,-0.86279296875,0.40478515625,-0.31567382812
1726154962780.794,-0.86279296875,0.40478515625,-0.31567382812
1726154962800.7634,-0.86279296875,0.40478515625,-0.31567382812
1726154962820.641,-0.84265136718,0.4091796875,-0.30456542968
1726154962840.7634,-0.84265136718,0.4091796875,-0.30456542968
1726154962860.7634,-0.84265136718,0.4091796875,-0.30456542968
1726154962880.7632,-0.84265136718,0.4091796875,-0.30456542968
1726154962900.641,-0.87817382812,0.4091796875,-0.30041503906
1726154962920.794,-0.87817382812,0.4091796875,-0.30041503906
1726154962940.794,-0.87817382812,0.4091796875,-0.30041503906
1726154962960.794,-0.87817382812,0.4091796875,-0.30041503906
1726154962980.641,-0.82690429687,0.41540527343,-0.30895996093
1726154963000.794,-0.82690429687,0.41540527343,-0.30895996093
1726154963020.7634,-0.82690429687,0.41540527343,-0.30895996093
1726154963040.7634,-0.82690429687,0.41540527343,-0.30895996093
1726154963060.641,-0.80090332031,0.43920898437,-0.30041503906
1726154963080.7634,-0.80090332031,0.43920898437,-0.30041503906
1726154963100.794,-0.80090332031,0.43920898437,-0.30041503906
1726154963120.7937,-0.80090332031,0.43920898437,-0.30041503906
1726154963140.6716,-0.78784179687,0.48779296875,-0.29016113281
1726154963160.7937,-0.78784179687,0.48779296875,-0.29016113281
1726154963180.7632,-0.78784179687,0.48779296875,-0.29016113281
1726154963200.794,-0.78784179687,0.48779296875,-0.29016113281
1726154963220.641,-0.75659179687,0.50317382812,-0.30212402343
1726154963240.794,-0.75659179687,0.50317382812,-0.30212402343
1726154963260.7634,-0.75659179687,0.50317382812,-0.30212402343
1726154963280.794,-0.75659179687,0.50317382812,-0.30212402343
1726154963300.641,-0.75671386718,0.51025390625,-0.31494140625
1726154963320.794,-0.75671386718,0.51025390625,-0.31494140625
1726154963340.794,-0.75671386718,0.51025390625,-0.31494140625
1726154963360.7634,-0.75671386718,0.51025390625,-0.31494140625
1726154963380.641,-0.79638671875,0.53967285156,-0.33654785156
1726154963400.7632,-0.79638671875,0.53967285156,-0.33654785156
1726154963420.794,-0.79638671875,0.53967285156,-0.33654785156
1726154963440.794,-0.79638671875,0.53967285156,-0.33654785156
1726154963460.6716,-0.86694335937,0.55444335937,-0.33728027343
1726154963480.794,-0.86694335937,0.55444335937,-0.33728027343
1726154963500.794,-0.86694335937,0.55444335937,-0.33728027343
1726154963520.794,-0.86694335937,0.55444335937,-0.33728027343
1726154963540.641,-0.91442871093,0.55505371093,-0.2958984375
1726154963560.7634,-0.91442871093,0.55505371093,-0.2958984375
1726154963580.794,-0.91442871093,0.55505371093,-0.2958984375
1726154963600.794,-0.91442871093,0.55505371093,-0.2958984375
1726154963620.6716,-0.87512207031,0.52099609375,-0.25256347656
1726154963640.7937,-0.87512207031,0.52099609375,-0.25256347656
1726154963660.7632,-0.87512207031,0.52099609375,-0.25256347656
1726154963680.794,-0.87512207031,0.52099609375,-0.25256347656
1726154963700.6716,-0.8818359375,0.45922851562,-0.20849609375
1726154963720.7634,-0.8818359375,0.45922851562,-0.20849609375
1726154963740.794,-0.8818359375,0.45922851562,-0.20849609375
1726154963760.794,-0.8818359375,0.45922851562,-0.20849609375
1726154963780.641,-0.95263671875,0.41796875,-0.17431640625
1726154963800.794,-0.95263671875,0.41796875,-0.17431640625
1726154963820.794,-0.95263671875,0.41796875,-0.17431640625
1726154963840.794,-0.95263671875,0.41796875,-0.17431640625
1726154963860.641,-0.95141601562,0.38928222656,-0.17517089843
1726154963880.7632,-0.95141601562,0.38928222656,-0.17517089843
1726154963900.7632,-0.95141601562,0.38928222656,-0.17517089843
1726154963920.794,-0.95141601562,0.38928222656,-0.17517089843
1726154963940.6716,-0.92468261718,0.36022949218,-0.1806640625
1726154963960.794,-0.92468261718,0.36022949218,-0.1806640625
1726154963980.794,-0.92468261718,0.36022949218,-0.1806640625
1726154964000.7634,-0.92468261718,0.36022949218,-0.1806640625
1726154964020.6719,-0.93933105468,0.33837890625,-0.16137695312
1726154964040.7634,-0.93933105468,0.33837890625,-0.16137695312
1726154964060.7634,-0.93933105468,0.33837890625,-0.16137695312
1726154964080.794,-0.93933105468,0.33837890625,-0.16137695312
1726154964100.641,-0.96276855468,0.34802246093,-0.14086914062
1726154964120.7937,-0.96276855468,0.34802246093,-0.14086914062
1726154964140.7937,-0.96276855468,0.34802246093,-0.14086914062
1726154964160.7937,-0.96276855468,0.34802246093,-0.14086914062
1726154964180.641,-0.98107910156,0.3681640625,-0.1396484375
1726154964200.7634,-0.98107910156,0.3681640625,-0.1396484375
1726154964220.7634,-0.98107910156,0.3681640625,-0.1396484375
1726154964240.794,-0.98107910156,0.3681640625,-0.1396484375
1726154964260.641,-1.05737304687,0.34631347656,-0.13916015625
1726154964280.7634,-1.05737304687,0.34631347656,-0.13916015625
1726154964300.794,-1.05737304687,0.34631347656,-0.13916015625
1726154964320.7634,-1.05737304687,0.34631347656,-0.13916015625
1726154964340.641,-1.18469238281,0.27453613281,-0.12219238281
1726154964360.794,-1.18469238281,0.27453613281,-0.12219238281
1726154964380.7937,-1.18469238281,0.27453613281,-0.12219238281
1726154964400.7937,-1.18469238281,0.27453613281,-0.12219238281
1726154964420.641,-1.06884765625,0.22644042968,-0.14245605468
1726154964440.794,-1.06884765625,0.22644042968,-0.14245605468
1726154964460.794,-1.06884765625,0.22644042968,-0.14245605468
1726154964480.7634,-1.06884765625,0.22644042968,-0.14245605468
1726154964500.641,-0.89611816406,0.15197753906,-0.16223144531
1726154964520.794,-0.89611816406,0.15197753906,-0.16223144531
1726154964540.794,-0.89611816406,0.15197753906,-0.16223144531
1726154964560.7634,-0.89611816406,0.15197753906,-0.16223144531
1726154964580.641,-0.94995117187,0.07556152343,-0.16430664062
1726154964600.7634,-0.94995117187,0.07556152343,-0.16430664062
1726154964620.7632,-0.94995117187,0.07556152343,-0.16430664062
1726154964640.7937,-0.94995117187,0.07556152343,-0.16430664062
1726154964660.641,-0.98132324218,0.04821777343,-0.17456054687
1726154964680.794,-0.98132324218,0.04821777343,-0.17456054687
1726154964700.794,-0.98132324218,0.04821777343,-0.17456054687
1726154964720.7634,-0.98132324218,0.04821777343,-0.17456054687
1726154964740.641,-0.97094726562,0.05749511718,-0.19299316406
1726154964760.7634,-0.97094726562,0.05749511718,-0.19299316406
1726154964780.7634,-0.97094726562,0.05749511718,-0.19299316406
1726154964800.794,-0.97094726562,0.05749511718,-0.19299316406
1726154964820.641,-0.97863769531,0.08459472656,-0.23388671875
1726154964840.7634,-0.97863769531,0.08459472656,-0.23388671875
1726154964860.794,-0.97863769531,0.08459472656,-0.23388671875
1726154964880.7937,-0.97863769531,0.08459472656,-0.23388671875
1726154964900.641,-0.96337890625,0.072265625,-0.25500488281
1726154964920.794,-0.96337890625,0.072265625,-0.25500488281
1726154964940.794,-0.96337890625,0.072265625,-0.25500488281
1726154964960.794,-0.96337890625,0.072265625,-0.25500488281
1726154964980.641,-0.93237304687,0.0810546875,-0.22937011718
1726154965000.7634,-0.93237304687,0.0810546875,-0.22937011718
1726154965020.794,-0.93237304687,0.0810546875,-0.22937011718
1726154965040.794,-0.93237304687,0.0810546875,-0.22937011718
1726154965060.6719,-0.92199707031,0.10717773437,-0.18090820312
1726154965080.794,-0.92199707031,0.10717773437,-0.18090820312
1726154965100.794,-0.92199707031,0.10717773437,-0.18090820312
1726154965120.7632,-0.92199707031,0.10717773437,-0.18090820312
1726154965140.6716,-0.94641113281,0.11926269531,-0.15942382812
1726154965160.7937,-0.94641113281,0.11926269531,-0.15942382812
1726154965180.7632,-0.94641113281,0.11926269531,-0.15942382812
1726154965200.794,-0.94641113281,0.11926269531,-0.15942382812
1726154965220.6716,-1.08288574218,0.1416015625,-0.150390625
1726154965240.7634,-1.08288574218,0.1416015625,-0.150390625
1726154965260.7634,-1.08288574218,0.1416015625,-0.150390625
1726154965280.794,-1.08288574218,0.1416015625,-0.150390625
1726154965300.641,-1.10070800781,0.15197753906,-0.15771484375
1726154965320.794,-1.10070800781,0.15197753906,-0.15771484375
1726154965340.794,-1.10070800781,0.15197753906,-0.15771484375
1726154965360.794,-1.10070800781,0.15197753906,-0.15771484375
1726154965380.641,-1.03186035156,0.11096191406,-0.17248535156
1726154965400.7937,-1.03186035156,0.11096191406,-0.17248535156
1726154965420.794,-1.03186035156,0.11096191406,-0.17248535156
1726154965440.794,-1.03186035156,0.11096191406,-0.17248535156
1726154965460.641,-1.06640625,0.10852050781,-0.16271972656
1726154965480.7634,-1.06640625,0.10852050781,-0.16271972656
1726154965500.7634,-1.06640625,0.10852050781,-0.16271972656
1726154965520.794,-1.06640625,0.10852050781,-0.16271972656
1726154965540.641,-1.03771972656,0.1533203125,-0.16345214843
1726154965560.794,-1.03771972656,0.1533203125,-0.16345214843
1726154965580.794,-1.03771972656,0.1533203125,-0.16345214843
1726154965600.7634,-1.03771972656,0.1533203125,-0.16345214843
1726154965620.641,-0.98999023437,0.18566894531,-0.19396972656
1726154965640.7937,-0.98999023437,0.18566894531,-0.19396972656
1726154965660.7937,-0.98999023437,0.18566894531,-0.19396972656
1726154965680.794,-0.98999023437,0.18566894531,-0.19396972656
1726154965700.641,-0.95727539062,0.23303222656,-0.23327636718
1726154965720.7634,-0.95727539062,0.23303222656,-0.23327636718
1726154965740.7634,-0.95727539062,0.23303222656,-0.23327636718
1726154965760.794,-0.95727539062,0.23303222656,-0.23327636718
1726154965780.641,-0.95446777343,0.29052734375,-0.26513671875
1726154965800.794,-0.95446777343,0.29052734375,-0.26513671875
1726154965820.794,-0.95446777343,0.29052734375,-0.26513671875
1726154965840.794,-0.95446777343,0.29052734375,-0.26513671875
1726154965860.641,-0.9521484375,0.34240722656,-0.29760742187
1726154965880.7937,-0.9521484375,0.34240722656,-0.29760742187
1726154965900.7937,-0.9521484375,0.34240722656,-0.29760742187
1726154965920.794,-0.9521484375,0.34240722656,-0.29760742187
1726154965940.6716,-0.99377441406,0.39367675781,-0.32434082031
1726154965960.7634,-0.99377441406,0.39367675781,-0.32434082031
1726154965980.7634,-0.99377441406,0.39367675781,-0.32434082031
1726154966000.7634,-0.99377441406,0.39367675781,-0.32434082031
1726154966020.641,-0.94653320312,0.41027832031,-0.35754394531
1726154966040.7634,-0.94653320312,0.41027832031,-0.35754394531
1726154966060.7634,-0.94653320312,0.41027832031,-0.35754394531
1726154966080.7634,-0.94653320312,0.41027832031,-0.35754394531
1726154966100.641,-0.86401367187,0.37426757812,-0.35852050781
1726154966120.7937,-0.86401367187,0.37426757812,-0.35852050781
1726154966140.7937,-0.86401367187,0.37426757812,-0.35852050781
1726154966160.7937,-0.86401367187,0.37426757812,-0.35852050781
1726154966180.641,-0.90246582031,0.35327148437,-0.37841796875
1726154966200.794,-0.90246582031,0.35327148437,-0.37841796875
1726154966220.794,-0.90246582031,0.35327148437,-0.37841796875
1726154966240.794,-0.90246582031,0.35327148437,-0.37841796875
1726154966260.641,-0.82580566406,0.40393066406,-0.41418457031
1726154966280.7634,-0.82580566406,0.40393066406,-0.41418457031
1726154966300.794,-0.82580566406,0.40393066406,-0.41418457031
1726154966320.7634,-0.82580566406,0.40393066406,-0.41418457031
1726154966340.641,-0.79516601562,0.45043945312,-0.42553710937
1726154966360.794,-0.79516601562,0.45043945312,-0.42553710937
1726154966380.7937,-0.79516601562,0.45043945312,-0.42553710937
1726154966400.7937,-0.79516601562,0.45043945312,-0.42553710937
1726154966420.641,-0.76635742187,0.47216796875,-0.43505859375
1726154966440.7634,-0.76635742187,0.47216796875,-0.43505859375
1726154966460.7634,-0.76635742187,0.47216796875,-0.43505859375
1726154966480.7634,-0.76635742187,0.47216796875,-0.43505859375
1726154966500.641,-0.71752929687,0.47924804687,-0.439453125
1726154966520.7634,-0.71752929687,0.47924804687,-0.439453125
1726154966540.7634,-0.71752929687,0.47924804687,-0.439453125
1726154966560.7634,-0.71752929687,0.47924804687,-0.439453125
1726154966580.641,-0.70922851562,0.48767089843,-0.43322753906
1726154966600.7634,-0.70922851562,0.48767089843,-0.43322753906
1726154966620.7937,-0.70922851562,0.48767089843,-0.43322753906
1726154966640.7632,-0.70922851562,0.48767089843,-0.43322753906
1726154966660.702,-0.75134277343,0.49584960937,-0.4365234375
1726154966680.794,-0.75134277343,0.49584960937,-0.4365234375
1726154966700.7634,-0.75134277343,0.49584960937,-0.4365234375
1726154966720.794,-0.75134277343,0.49584960937,-0.4365234375
1726154966740.641,-0.84289550781,0.49340820312,-0.42663574218
1726154966760.794,-0.84289550781,0.49340820312,-0.42663574218
1726154966780.7634,-0.84289550781,0.49340820312,-0.42663574218
1726154966800.794,-0.84289550781,0.49340820312,-0.42663574218
1726154966820.6719,-0.89074707031,0.45776367187,-0.39489746093
1726154966840.794,-0.89074707031,0.45776367187,-0.39489746093
1726154966860.7634,-0.89074707031,0.45776367187,-0.39489746093
1726154966880.7937,-0.89074707031,0.45776367187,-0.39489746093
1726154966900.641,-0.84948730468,0.3984375,-0.36547851562
1726154966920.794,-0.84948730468,0.3984375,-0.36547851562
1726154966940.794,-0.84948730468,0.3984375,-0.36547851562
1726154966960.7634,-0.84948730468,0.3984375,-0.36547851562
1726154966980.641,-0.86877441406,0.38122558593,-0.32153320312
1726154967000.794,-0.86877441406,0.38122558593,-0.32153320312
1726154967020.794,-0.86877441406,0.38122558593,-0.32153320312
1726154967040.7634,-0.86877441406,0.38122558593,-0.32153320312
1726154967060.641,-0.93615722656,0.40661621093,-0.27392578125
1726154967080.794,-0.93615722656,0.40661621093,-0.27392578125
1726154967100.794,-0.93615722656,0.40661621093,-0.27392578125
1726154967120.7937,-0.93615722656,0.40661621093,-0.27392578125
1726154967140.6716,-0.91650390625,0.43298339843,-0.25903320312
1726154967160.7937,-0.91650390625,0.43298339843,-0.25903320312
1726154967180.794,-0.91650390625,0.43298339843,-0.25903320312
1726154967200.794,-0.91650390625,0.43298339843,-0.25903320312
1726154967220.641,-0.86047363281,0.42956542968,-0.25415039062
1726154967240.7634,-0.86047363281,0.42956542968,-0.25415039062
1726154967260.794,-0.86047363281,0.42956542968,-0.25415039062
1726154967280.7634,-0.86047363281,0.42956542968,-0.25415039062
1726154967300.641,-0.88024902343,0.44787597656,-0.22375488281
1726154967320.7634,-0.88024902343,0.44787597656,-0.22375488281
1726154967340.794,-0.88024902343,0.44787597656,-0.22375488281
1726154967360.7634,-0.88024902343,0.44787597656,-0.22375488281
1726154967380.6716,-0.923828125,0.48449707031,-0.2001953125
1726154967400.7632,-0.923828125,0.48449707031,-0.2001953125
1726154967420.916,-0.923828125,0.48449707031,-0.2001953125
1726154967440.794,-0.923828125,0.48449707031,-0.2001953125
1726154967460.641,-0.93994140625,0.48291015625,-0.21008300781
1726154967480.7634,-0.93994140625,0.48291015625,-0.21008300781
1726154967500.7634,-0.93994140625,0.48291015625,-0.21008300781
1726154967520.794,-0.93994140625,0.48291015625,-0.21008300781
1726154967540.641,-0.96105957031,0.46643066406,-0.22094726562
1726154967560.7634,-0.96105957031,0.46643066406,-0.22094726562
1726154967580.794,-0.96105957031,0.46643066406,-0.22094726562
1726154967600.794,-0.96105957031,0.46643066406,-0.22094726562
1726154967620.641,-1.0146484375,0.41711425781,-0.21240234375
1726154967640.7937,-1.0146484375,0.41711425781,-0.21240234375
1726154967660.7632,-1.0146484375,0.41711425781,-0.21240234375
1726154967680.794,-1.0146484375,0.41711425781,-0.21240234375
1726154967700.641,-1.07507324218,0.35961914062,-0.18347167968
1726154967720.794,-1.07507324218,0.35961914062,-0.18347167968
1726154967740.7634,-1.07507324218,0.35961914062,-0.18347167968
1726154967760.794,-1.07507324218,0.35961914062,-0.18347167968
1726154967780.6719,-1.00219726562,0.29638671875,-0.16369628906
1726154967800.794,-1.00219726562,0.29638671875,-0.16369628906
1726154967820.794,-1.00219726562,0.29638671875,-0.16369628906
1726154967840.7634,-1.00219726562,0.29638671875,-0.16369628906
1726154967860.6719,-0.92431640625,0.2158203125,-0.15869140625
1726154967880.7937,-0.92431640625,0.2158203125,-0.15869140625
1726154967900.7937,-0.92431640625,0.2158203125,-0.15869140625
1726154967920.794,-0.92431640625,0.2158203125,-0.15869140625
1726154967940.6716,-0.97570800781,0.19177246093,-0.15014648437
1726154967960.794,-0.97570800781,0.19177246093,-0.15014648437
1726154967980.794,-0.97570800781,0.19177246093,-0.15014648437
1726154968000.794,-0.97570800781,0.19177246093,-0.15014648437
1726154968020.6719,-0.99230957031,0.18371582031,-0.16271972656
1726154968040.794,-0.99230957031,0.18371582031,-0.16271972656
1726154968060.7634,-0.99230957031,0.18371582031,-0.16271972656
1726154968080.7634,-0.99230957031,0.18371582031,-0.16271972656
1726154968100.641,-0.96142578125,0.16442871093,-0.18530273437
1726154968120.7937,-0.96142578125,0.16442871093,-0.18530273437
1726154968140.7632,-0.96142578125,0.16442871093,-0.18530273437
1726154968160.7632,-0.96142578125,0.16442871093,-0.18530273437
1726154968180.641,-0.96166992187,0.154296875,-0.20007324218
1726154968200.794,-0.96166992187,0.154296875,-0.20007324218
1726154968220.7634,-0.96166992187,0.154296875,-0.20007324218
1726154968240.794,-0.96166992187,0.154296875,-0.20007324218
1726154968260.641,-0.96496582031,0.11828613281,-0.20788574218
1726154968280.794,-0.96496582031,0.11828613281,-0.20788574218
1726154968300.794,-0.96496582031,0.11828613281,-0.20788574218
1726154968320.7634,-0.96496582031,0.11828613281,-0.20788574218
1726154968340.641,-0.94970703125,0.10144042968,-0.20532226562
1726154968360.7634,-0.94970703125,0.10144042968,-0.20532226562
1726154968380.7937,-0.94970703125,0.10144042968,-0.20532226562
1726154968400.7937,-0.94970703125,0.10144042968,-0.20532226562
1726154968420.6716,-0.9541015625,0.12707519531,-0.2041015625
1726154968440.7634,-0.9541015625,0.12707519531,-0.2041015625
1726154968460.794,-0.9541015625,0.12707519531,-0.2041015625
1726154968480.7634,-0.9541015625,0.12707519531,-0.2041015625
1726154968500.641,-1.001953125,0.17749023437,-0.2119140625
1726154968520.7634,-1.001953125,0.17749023437,-0.2119140625
1726154968540.794,-1.001953125,0.17749023437,-0.2119140625
1726154968560.8547,-1.001953125,0.17749023437,-0.2119140625
1726154968580.6719,-1.0869140625,0.24169921875,-0.21032714843
1726154968600.7634,-1.0869140625,0.24169921875,-0.21032714843
1726154968620.7937,-1.0869140625,0.24169921875,-0.21032714843
1726154968640.7632,-1.0869140625,0.24169921875,-0.21032714843
1726154968665.038,-1.072265625,0.27368164062,-0.19604492187
1726154968680.6716,-1.072265625,0.27368164062,-0.19604492187
1726154968700.7634,-1.072265625,0.27368164062,-0.19604492187
1726154968720.794,-1.072265625,0.27368164062,-0.19604492187
1726154968740.641,-0.99255371093,0.27099609375,-0.17687988281
1726154968760.794,-0.99255371093,0.27099609375,-0.17687988281
1726154968780.794,-0.99255371093,0.27099609375,-0.17687988281
1726154968800.7634,-0.99255371093,0.27099609375,-0.17687988281
1726154968820.641,-1.02307128906,0.26440429687,-0.15222167968
1726154968840.7634,-1.02307128906,0.26440429687,-0.15222167968
1726154968860.794,-1.02307128906,0.26440429687,-0.15222167968
1726154968880.7937,-1.02307128906,0.26440429687,-0.15222167968
1726154968900.6716,-1.05090332031,0.28430175781,-0.14709472656
1726154968920.7632,-1.05090332031,0.28430175781,-0.14709472656
1726154968940.8245,-1.05090332031,0.28430175781,-0.14709472656
1726154968960.794,-1.05090332031,0.28430175781,-0.14709472656
1726154968980.641,-0.97729492187,0.31030273437,-0.173828125
1726154969000.794,-0.97729492187,0.31030273437,-0.173828125
1726154969020.7634,-0.97729492187,0.31030273437,-0.173828125
1726154969040.794,-0.97729492187,0.31030273437,-0.173828125
1726154969060.6719,-0.90966796875,0.32763671875,-0.22387695312
1726154969080.794,-0.90966796875,0.32763671875,-0.22387695312
1726154969100.7634,-0.90966796875,0.32763671875,-0.22387695312
1726154969120.7632,-0.90966796875,0.32763671875,-0.22387695312
1726154969140.641,-0.86242675781,0.39196777343,-0.27526855468
1726154969160.7937,-0.86242675781,0.39196777343,-0.27526855468
1726154969180.7632,-0.86242675781,0.39196777343,-0.27526855468
1726154969200.794,-0.86242675781,0.39196777343,-0.27526855468
1726154969220.6716,-0.814453125,0.46984863281,-0.30969238281
1726154969240.794,-0.814453125,0.46984863281,-0.30969238281
1726154969260.7634,-0.814453125,0.46984863281,-0.30969238281
1726154969280.7634,-0.814453125,0.46984863281,-0.30969238281
1726154969300.641,-0.78369140625,0.5146484375,-0.34033203125
1726154969320.794,-0.78369140625,0.5146484375,-0.34033203125
1726154969340.794,-0.78369140625,0.5146484375,-0.34033203125
1726154969360.794,-0.78369140625,0.5146484375,-0.34033203125
1726154969380.641,-0.82250976562,0.54382324218,-0.36303710937
1726154969400.7937,-0.82250976562,0.54382324218,-0.36303710937
1726154969420.7632,-0.82250976562,0.54382324218,-0.36303710937
1726154969440.794,-0.82250976562,0.54382324218,-0.36303710937
1726154969460.641,-0.8134765625,0.56579589843,-0.37780761718
1726154969480.7634,-0.8134765625,0.56579589843,-0.37780761718
1726154969500.7634,-0.8134765625,0.56579589843,-0.37780761718
1726154969520.794,-0.8134765625,0.56579589843,-0.37780761718
1726154969540.6719,-0.77380371093,0.55822753906,-0.36267089843
1726154969560.794,-0.77380371093,0.55822753906,-0.36267089843
1726154969580.794,-0.77380371093,0.55822753906,-0.36267089843
1726154969600.794,-0.77380371093,0.55822753906,-0.36267089843
1726154969620.641,-0.77514648437,0.537109375,-0.32653808593
1726154969640.7632,-0.77514648437,0.537109375,-0.32653808593
1726154969660.7937,-0.77514648437,0.537109375,-0.32653808593
1726154969680.7632,-0.77514648437,0.537109375,-0.32653808593
1726154969700.641,-0.72473144531,0.53649902343,-0.31274414062
1726154969720.794,-0.72473144531,0.53649902343,-0.31274414062
1726154969740.794,-0.72473144531,0.53649902343,-0.31274414062
1726154969760.794,-0.72473144531,0.53649902343,-0.31274414062
1726154969780.641,-0.69287109375,0.54675292968,-0.30419921875
1726154969800.7634,-0.69287109375,0.54675292968,-0.30419921875
1726154969820.794,-0.69287109375,0.54675292968,-0.30419921875
1726154969840.794,-0.69287109375,0.54675292968,-0.30419921875
1726154969860.641,-0.72802734375,0.5400390625,-0.29089355468
1726154969880.7937,-0.72802734375,0.5400390625,-0.29089355468
1726154969900.7937,-0.72802734375,0.5400390625,-0.29089355468
1726154969920.794,-0.72802734375,0.5400390625,-0.29089355468
1726154969940.641,-0.77355957031,0.509765625,-0.29516601562
1726154969960.794,-0.77355957031,0.509765625,-0.29516601562
1726154969980.794,-0.77355957031,0.509765625,-0.29516601562
1726154970000.7634,-0.77355957031,0.509765625,-0.29516601562
1726154970020.641,-0.810546875,0.45190429687,-0.30541992187
1726154970040.7634,-0.810546875,0.45190429687,-0.30541992187
1726154970060.794,-0.810546875,0.45190429687,-0.30541992187
1726154970080.794,-0.810546875,0.45190429687,-0.30541992187
1726154970100.641,-0.87353515625,0.40930175781,-0.29357910156
1726154970120.7937,-0.87353515625,0.40930175781,-0.29357910156
1726154970140.7937,-0.87353515625,0.40930175781,-0.29357910156
1726154970160.7632,-0.87353515625,0.40930175781,-0.29357910156
1726154970180.641,-0.92797851562,0.39880371093,-0.29943847656
1726154970200.7634,-0.92797851562,0.39880371093,-0.29943847656
1726154970220.794,-0.92797851562,0.39880371093,-0.29943847656
1726154970240.7634,-0.92797851562,0.39880371093,-0.29943847656
1726154970260.641,-0.99194335937,0.35424804687,-0.31884765625
1726154970280.794,-0.99194335937,0.35424804687,-0.31884765625
1726154970300.794,-0.99194335937,0.35424804687,-0.31884765625
1726154970320.7634,-0.99194335937,0.35424804687,-0.31884765625
1726154970340.641,-1.09375,0.27624511718,-0.28735351562
1726154970360.7634,-1.09375,0.27624511718,-0.28735351562
1726154970380.7632,-1.09375,0.27624511718,-0.28735351562
1726154970400.7632,-1.09375,0.27624511718,-0.28735351562
1726154970420.641,-1.09106445312,0.21472167968,-0.23510742187
1726154970440.7634,-1.09106445312,0.21472167968,-0.23510742187
1726154970460.7634,-1.09106445312,0.21472167968,-0.23510742187
1726154970480.794,-1.09106445312,0.21472167968,-0.23510742187
1726154970500.641,-1.04296875,0.13195800781,-0.19506835937
1726154970520.794,-1.04296875,0.13195800781,-0.19506835937
1726154970540.794,-1.04296875,0.13195800781,-0.19506835937
1726154970560.794,-1.04296875,0.13195800781,-0.19506835937
1726154970580.641,-1.05285644531,0.03393554687,-0.15759277343
1726154970600.794,-1.05285644531,0.03393554687,-0.15759277343
1726154970620.7937,-1.05285644531,0.03393554687,-0.15759277343
1726154970640.7937,-1.05285644531,0.03393554687,-0.15759277343
1726154970660.641,-1.00537109375,-0.0107421875,-0.13806152343
1726154970680.7632,-1.00537109375,-0.0107421875,-0.13806152343
1726154970700.794,-1.00537109375,-0.0107421875,-0.13806152343
1726154970720.794,-1.00537109375,-0.0107421875,-0.13806152343
1726154970740.6719,-0.96240234375,0.00378417968,-0.13415527343
1726154970760.794,-0.96240234375,0.00378417968,-0.13415527343
1726154970780.7634,-0.96240234375,0.00378417968,-0.13415527343
1726154970800.7634,-0.96240234375,0.00378417968,-0.13415527343
1726154970820.641,-0.97143554687,0.06994628906,-0.12927246093
1726154970840.794,-0.97143554687,0.06994628906,-0.12927246093
1726154970860.794,-0.97143554687,0.06994628906,-0.12927246093
1726154970880.7937,-0.97143554687,0.06994628906,-0.12927246093
1726154970900.6716,-0.96325683593,0.17077636718,-0.14990234375
1726154970920.794,-0.96325683593,0.17077636718,-0.14990234375
1726154970940.794,-0.96325683593,0.17077636718,-0.14990234375
1726154970960.7634,-0.96325683593,0.17077636718,-0.14990234375
1726154970980.641,-0.96459960937,0.25939941406,-0.18139648437
1726154971000.7634,-0.96459960937,0.25939941406,-0.18139648437
1726154971020.7634,-0.96459960937,0.25939941406,-0.18139648437
1726154971040.7634,-0.96459960937,0.25939941406,-0.18139648437
1726154971060.641,-1.04626464843,0.29577636718,-0.22924804687
1726154971080.794,-1.04626464843,0.29577636718,-0.22924804687
1726154971100.7634,-1.04626464843,0.29577636718,-0.22924804687
1726154971120.7632,-1.04626464843,0.29577636718,-0.22924804687
1726154971140.641,-1.12316894531,0.27600097656,-0.224609375
1726154971160.7632,-1.12316894531,0.27600097656,-0.224609375
1726154971180.794,-1.12316894531,0.27600097656,-0.224609375
1726154971200.7634,-1.12316894531,0.27600097656,-0.224609375
1726154971220.641,-1.03918457031,0.23132324218,-0.21728515625
1726154971240.7634,-1.03918457031,0.23132324218,-0.21728515625
1726154971260.7634,-1.03918457031,0.23132324218,-0.21728515625
1726154971280.7634,-1.03918457031,0.23132324218,-0.21728515625
1726154971300.641,-0.96765136718,0.20007324218,-0.1982421875
1726154971320.7634,-0.96765136718,0.20007324218,-0.1982421875
1726154971340.794,-0.96765136718,0.20007324218,-0.1982421875
1726154971360.7634,-0.96765136718,0.20007324218,-0.1982421875
1726154971380.6716,-1.01672363281,0.20739746093,-0.18835449218
1726154971400.7937,-1.01672363281,0.20739746093,-0.18835449218
1726154971420.7632,-1.01672363281,0.20739746093,-0.18835449218
1726154971440.7634,-1.01672363281,0.20739746093,-0.18835449218
1726154971460.641,-0.99682617187,0.22338867187,-0.22644042968
1726154971480.794,-0.99682617187,0.22338867187,-0.22644042968
1726154971500.794,-0.99682617187,0.22338867187,-0.22644042968
1726154971520.7634,-0.99682617187,0.22338867187,-0.22644042968
1726154971540.641,-0.91149902343,0.26513671875,-0.26403808593
1726154971560.7634,-0.91149902343,0.26513671875,-0.26403808593
1726154971580.7634,-0.91149902343,0.26513671875,-0.26403808593
1726154971600.7634,-0.91149902343,0.26513671875,-0.26403808593
1726154971620.641,-0.85705566406,0.33264160156,-0.28356933593
1726154971640.7632,-0.85705566406,0.33264160156,-0.28356933593
1726154971660.7632,-0.85705566406,0.33264160156,-0.28356933593
1726154971680.7632,-0.85705566406,0.33264160156,-0.28356933593
1726154971700.6716,-0.82336425781,0.38488769531,-0.31665039062
1726154971720.794,-0.82336425781,0.38488769531,-0.31665039062
1726154971740.7634,-0.82336425781,0.38488769531,-0.31665039062
1726154971760.794,-0.82336425781,0.38488769531,-0.31665039062
1726154971780.6719,-0.78576660156,0.42492675781,-0.35095214843
1726154971800.7634,-0.78576660156,0.42492675781,-0.35095214843
1726154971820.7634,-0.78576660156,0.42492675781,-0.35095214843
1726154971840.794,-0.78576660156,0.42492675781,-0.35095214843
1726154971860.641,-0.73901367187,0.47387695312,-0.37414550781
1726154971880.7632,-0.73901367187,0.47387695312,-0.37414550781
1726154971900.7937,-0.73901367187,0.47387695312,-0.37414550781
1726154971920.794,-0.73901367187,0.47387695312,-0.37414550781
1726154971940.641,-0.81945800781,0.55810546875,-0.36938476562
1726154971960.794,-0.81945800781,0.55810546875,-0.36938476562
1726154971980.8245,-0.81945800781,0.55810546875,-0.36938476562
1726154972000.7634,-0.81945800781,0.55810546875,-0.36938476562
1726154972020.6719,-0.91003417968,0.63391113281,-0.34313964843
1726154972040.7634,-0.91003417968,0.63391113281,-0.34313964843
1726154972060.7634,-0.91003417968,0.63391113281,-0.34313964843
1726154972080.7634,-0.91003417968,0.63391113281,-0.34313964843
1726154972100.6719,-0.85949707031,0.63073730468,-0.32055664062
1726154972120.7632,-0.85949707031,0.63073730468,-0.32055664062
1726154972140.7632,-0.85949707031,0.63073730468,-0.32055664062
1726154972160.7632,-0.85949707031,0.63073730468,-0.32055664062
1726154972180.6716,-0.8359375,0.58544921875,-0.29846191406
1726154972200.7634,-0.8359375,0.58544921875,-0.29846191406
1726154972220.794,-0.8359375,0.58544921875,-0.29846191406
1726154972240.794,-0.8359375,0.58544921875,-0.29846191406
1726154972260.641,-0.82287597656,0.54040527343,-0.29138183593
1726154972280.794,-0.82287597656,0.54040527343,-0.29138183593
1726154972300.794,-0.82287597656,0.54040527343,-0.29138183593
1726154972320.7634,-0.82287597656,0.54040527343,-0.29138183593
1726154972340.641,-0.78869628906,0.5078125,-0.28491210937
1726154972360.794,-0.78869628906,0.5078125,-0.28491210937
1726154972380.7937,-0.78869628906,0.5078125,-0.28491210937
1726154972400.7632,-0.78869628906,0.5078125,-0.28491210937
1726154972420.641,-0.76428222656,0.50524902343,-0.27355957031
1726154972440.7634,-0.76428222656,0.50524902343,-0.27355957031
1726154972460.794,-0.76428222656,0.50524902343,-0.27355957031
1726154972480.7634,-0.76428222656,0.50524902343,-0.27355957031
1726154972500.6719,-0.767578125,0.53833007812,-0.25268554687
1726154972520.7634,-0.767578125,0.53833007812,-0.25268554687
1726154972540.794,-0.767578125,0.53833007812,-0.25268554687
1726154972560.794,-0.767578125,0.53833007812,-0.25268554687
1726154972580.641,-0.79724121093,0.57678222656,-0.23352050781
1726154972600.7634,-0.79724121093,0.57678222656,-0.23352050781
1726154972620.7937,-0.79724121093,0.57678222656,-0.23352050781
1726154972640.7632,-0.79724121093,0.57678222656,-0.23352050781
1726154972660.641,-0.84130859375,0.60302734375,-0.2099609375
1726154972680.794,-0.84130859375,0.60302734375,-0.2099609375
1726154972700.7634,-0.84130859375,0.60302734375,-0.2099609375
1726154972720.7634,-0.84130859375,0.60302734375,-0.2099609375
1726154972740.6719,-0.90563964843,0.6142578125,-0.18542480468
1726154972760.7634,-0.90563964843,0.6142578125,-0.18542480468
1726154972780.7634,-0.90563964843,0.6142578125,-0.18542480468
1726154972800.794,-0.90563964843,0.6142578125,-0.18542480468
1726154972820.641,-1.02734375,0.583984375,-0.16979980468
1726154972840.794,-1.02734375,0.583984375,-0.16979980468
1726154972860.7634,-1.02734375,0.583984375,-0.16979980468
1726154972880.7937,-1.02734375,0.583984375,-0.16979980468
1726154972900.641,-1.02160644531,0.5146484375,-0.15942382812
1726154972920.7632,-1.02160644531,0.5146484375,-0.15942382812
1726154972940.794,-1.02160644531,0.5146484375,-0.15942382812
1726154972960.7634,-1.02160644531,0.5146484375,-0.15942382812
1726154972980.641,-0.91369628906,0.41357421875,-0.15979003906
1726154973000.7634,-0.91369628906,0.41357421875,-0.15979003906
1726154973020.794,-0.91369628906,0.41357421875,-0.15979003906
1726154973040.794,-0.91369628906,0.41357421875,-0.15979003906
1726154973060.641,-0.91955566406,0.31323242187,-0.14855957031
1726154973080.7634,-0.91955566406,0.31323242187,-0.14855957031
1726154973100.794,-0.91955566406,0.31323242187,-0.14855957031
1726154973120.8242,-0.91955566406,0.31323242187,-0.14855957031
1726154973140.641,-0.94311523437,0.2373046875,-0.13903808593
1726154973160.7937,-0.94311523437,0.2373046875,-0.13903808593
1726154973180.7632,-0.94311523437,0.2373046875,-0.13903808593
1726154973200.794,-0.94311523437,0.2373046875,-0.13903808593
1726154973220.641,-0.93640136718,0.18933105468,-0.15966796875
1726154973240.794,-0.93640136718,0.18933105468,-0.15966796875
1726154973260.7634,-0.93640136718,0.18933105468,-0.15966796875
1726154973280.794,-0.93640136718,0.18933105468,-0.15966796875
1726154973300.6719,-0.94372558593,0.18579101562,-0.20373535156
1726154973320.7634,-0.94372558593,0.18579101562,-0.20373535156
1726154973340.7634,-0.94372558593,0.18579101562,-0.20373535156
1726154973360.794,-0.94372558593,0.18579101562,-0.20373535156
1726154973380.641,-0.94506835937,0.17785644531,-0.2451171875
1726154973400.7632,-0.94506835937,0.17785644531,-0.2451171875
1726154973420.794,-0.94506835937,0.17785644531,-0.2451171875
1726154973440.7634,-0.94506835937,0.17785644531,-0.2451171875
1726154973460.6716,-0.92590332031,0.18249511718,-0.26123046875
1726154973480.794,-0.92590332031,0.18249511718,-0.26123046875
1726154973500.794,-0.92590332031,0.18249511718,-0.26123046875
1726154973520.7634,-0.92590332031,0.18249511718,-0.26123046875
1726154973540.641,-0.92419433593,0.21374511718,-0.25732421875
1726154973560.794,-0.92419433593,0.21374511718,-0.25732421875
1726154973580.794,-0.92419433593,0.21374511718,-0.25732421875
1726154973600.794,-0.92419433593,0.21374511718,-0.25732421875
1726154973620.641,-0.95056152343,0.21899414062,-0.23767089843
1726154973640.7937,-0.95056152343,0.21899414062,-0.23767089843
1726154973660.7937,-0.95056152343,0.21899414062,-0.23767089843
1726154973680.7632,-0.95056152343,0.21899414062,-0.23767089843
1726154973700.641,-1.02026367187,0.20788574218,-0.20251464843
1726154973720.7634,-1.02026367187,0.20788574218,-0.20251464843
1726154973740.794,-1.02026367187,0.20788574218,-0.20251464843
1726154973760.794,-1.02026367187,0.20788574218,-0.20251464843
1726154973780.641,-1.06408691406,0.18395996093,-0.16735839843
1726154973800.7634,-1.06408691406,0.18395996093,-0.16735839843
1726154973820.794,-1.06408691406,0.18395996093,-0.16735839843
1726154973840.794,-1.06408691406,0.18395996093,-0.16735839843
1726154973860.641,-1.01989746093,0.1572265625,-0.15209960937
1726154973880.7937,-1.01989746093,0.1572265625,-0.15209960937
1726154973900.7632,-1.01989746093,0.1572265625,-0.15209960937
1726154973920.794,-1.01989746093,0.1572265625,-0.15209960937
1726154973940.641,-1.01818847656,0.15930175781,-0.12097167968
1726154973960.7634,-1.01818847656,0.15930175781,-0.12097167968
1726154973980.794,-1.01818847656,0.15930175781,-0.12097167968
1726154974000.7634,-1.01818847656,0.15930175781,-0.12097167968
1726154974020.641,-1.0517578125,0.19470214843,-0.10754394531
1726154974040.794,-1.0517578125,0.19470214843,-0.10754394531
1726154974060.794,-1.0517578125,0.19470214843,-0.10754394531
1726154974080.794,-1.0517578125,0.19470214843,-0.10754394531
1726154974100.641,-1.01623535156,0.21215820312,-0.1376953125
1726154974120.7632,-1.01623535156,0.21215820312,-0.1376953125
1726154974140.7937,-1.01623535156,0.21215820312,-0.1376953125
1726154974160.7937,-1.01623535156,0.21215820312,-0.1376953125
1726154974180.641,-0.97583007812,0.23181152343,-0.17358398437
1726154974200.794,-0.97583007812,0.23181152343,-0.17358398437
1726154974220.794,-0.97583007812,0.23181152343,-0.17358398437
1726154974240.7634,-0.97583007812,0.23181152343,-0.17358398437
1726154974260.641,-0.94653320312,0.28894042968,-0.23413085937
1726154974280.7634,-0.94653320312,0.28894042968,-0.23413085937
1726154974300.7634,-0.94653320312,0.28894042968,-0.23413085937
1726154974320.794,-0.94653320312,0.28894042968,-0.23413085937
1726154974340.6719,-0.89526367187,0.36560058593,-0.30310058593
1726154974360.794,-0.89526367187,0.36560058593,-0.30310058593
1726154974380.7937,-0.89526367187,0.36560058593,-0.30310058593
1726154974400.7632,-0.89526367187,0.36560058593,-0.30310058593
1726154974420.641,-0.8505859375,0.43994140625,-0.36535644531
1726154974440.7634,-0.8505859375,0.43994140625,-0.36535644531
1726154974460.794,-0.8505859375,0.43994140625,-0.36535644531
1726154974480.7634,-0.8505859375,0.43994140625,-0.36535644531
1726154974500.641,-0.8515625,0.50695800781,-0.40588378906
1726154974520.794,-0.8515625,0.50695800781,-0.40588378906
1726154974540.794,-0.8515625,0.50695800781,-0.40588378906
1726154974560.794,-0.8515625,0.50695800781,-0.40588378906
1726154974580.641,-0.90625,0.54235839843,-0.41235351562
1726154974600.7634,-0.90625,0.54235839843,-0.41235351562
1726154974620.7937,-0.90625,0.54235839843,-0.41235351562
1726154974640.7632,-0.90625,0.54235839843,-0.41235351562
1726154974660.641,-0.8515625,0.52856445312,-0.39233398437
1726154974680.7632,-0.8515625,0.52856445312,-0.39233398437
1726154974700.794,-0.8515625,0.52856445312,-0.39233398437
1726154974720.6716,-0.8515625,0.52856445312,-0.39233398437
1726154974740.6719,-0.74572753906,0.49816894531,-0.33410644531
1726154974760.794,-0.74572753906,0.49816894531,-0.33410644531
1726154974780.794,-0.74572753906,0.49816894531,-0.33410644531
1726154974800.7634,-0.74572753906,0.49816894531,-0.33410644531
1726154974820.641,-0.78088378906,0.46630859375,-0.28295898437
1726154974840.794,-0.78088378906,0.46630859375,-0.28295898437
1726154974860.7634,-0.78088378906,0.46630859375,-0.28295898437
1726154974880.7937,-0.78088378906,0.46630859375,-0.28295898437
1726154974900.6716,-0.79614257812,0.46594238281,-0.30285644531
1726154974920.794,-0.79614257812,0.46594238281,-0.30285644531
1726154974940.794,-0.79614257812,0.46594238281,-0.30285644531
1726154974960.794,-0.79614257812,0.46594238281,-0.30285644531
1726154974980.641,-0.75634765625,0.48046875,-0.32775878906
1726154975000.794,-0.75634765625,0.48046875,-0.32775878906
1726154975020.794,-0.75634765625,0.48046875,-0.32775878906
1726154975040.7634,-0.75634765625,0.48046875,-0.32775878906
1726154975060.641,-0.78259277343,0.48303222656,-0.30603027343
1726154975080.794,-0.78259277343,0.48303222656,-0.30603027343
1726154975100.7634,-0.78259277343,0.48303222656,-0.30603027343
1726154975120.7632,-0.78259277343,0.48303222656,-0.30603027343
1726154975140.641,-0.82507324218,0.470703125,-0.294921875
1726154975160.7937,-0.82507324218,0.470703125,-0.294921875
1726154975180.7632,-0.82507324218,0.470703125,-0.294921875
1726154975200.794,-0.82507324218,0.470703125,-0.294921875
1726154975220.641,-0.84484863281,0.4326171875,-0.30737304687
1726154975240.794,-0.84484863281,0.4326171875,-0.30737304687
1726154975260.7634,-0.84484863281,0.4326171875,-0.30737304687
1726154975280.794,-0.84484863281,0.4326171875,-0.30737304687
1726154975300.641,-0.87817382812,0.38049316406,-0.31420898437
1726154975320.794,-0.87817382812,0.38049316406,-0.31420898437
1726154975340.794,-0.87817382812,0.38049316406,-0.31420898437
1726154975360.7634,-0.87817382812,0.38049316406,-0.31420898437
1726154975380.641,-0.91662597656,0.35717773437,-0.31018066406
1726154975400.7632,-0.91662597656,0.35717773437,-0.31018066406
1726154975420.7632,-0.91662597656,0.35717773437,-0.31018066406
1726154975440.7634,-0.91662597656,0.35717773437,-0.31018066406
1726154975460.641,-0.97204589843,0.34533691406,-0.29992675781
1726154975480.7634,-0.97204589843,0.34533691406,-0.29992675781
1726154975500.794,-0.97204589843,0.34533691406,-0.29992675781
1726154975520.794,-0.97204589843,0.34533691406,-0.29992675781
1726154975540.641,-1.078125,0.310546875,-0.27014160156
1726154975560.794,-1.078125,0.310546875,-0.27014160156
1726154975580.794,-1.078125,0.310546875,-0.27014160156
1726154975600.7634,-1.078125,0.310546875,-0.27014160156
1726154975620.641,-1.09533691406,0.28186035156,-0.23754882812
1726154975640.7937,-1.09533691406,0.28186035156,-0.23754882812
1726154975660.7937,-1.09533691406,0.28186035156,-0.23754882812
1726154975680.794,-1.09533691406,0.28186035156,-0.23754882812
1726154975700.6716,-1.01892089843,0.23718261718,-0.23583984375
1726154975720.794,-1.01892089843,0.23718261718,-0.23583984375
1726154975740.7634,-1.01892089843,0.23718261718,-0.23583984375
1726154975760.794,-1.01892089843,0.23718261718,-0.23583984375
1726154975780.641,-1.02502441406,0.17883300781,-0.21948242187
1726154975800.794,-1.02502441406,0.17883300781,-0.21948242187
1726154975820.794,-1.02502441406,0.17883300781,-0.21948242187
1726154975840.7634,-1.02502441406,0.17883300781,-0.21948242187
1726154975860.6719,-1.0361328125,0.12866210937,-0.19677734375
1726154975880.7937,-1.0361328125,0.12866210937,-0.19677734375
1726154975900.7937,-1.0361328125,0.12866210937,-0.19677734375
1726154975920.7632,-1.0361328125,0.12866210937,-0.19677734375
1726154975940.6716,-0.94970703125,0.14318847656,-0.18969726562
1726154975960.794,-0.94970703125,0.14318847656,-0.18969726562
1726154975980.794,-0.94970703125,0.14318847656,-0.18969726562
1726154976000.794,-0.94970703125,0.14318847656,-0.18969726562
1726154976020.641,-0.95092773437,0.20068359375,-0.16345214843
1726154976040.7634,-0.95092773437,0.20068359375,-0.16345214843
1726154976060.794,-0.95092773437,0.20068359375,-0.16345214843
1726154976080.794,-0.95092773437,0.20068359375,-0.16345214843
1726154976100.641,-0.9462890625,0.2578125,-0.15234375
1726154976120.7937,-0.9462890625,0.2578125,-0.15234375
1726154976140.7937,-0.9462890625,0.2578125,-0.15234375
1726154976160.7632,-0.9462890625,0.2578125,-0.15234375
1726154976180.6716,-0.94421386718,0.28857421875,-0.17004394531
1726154976200.7634,-0.94421386718,0.28857421875,-0.17004394531
1726154976220.794,-0.94421386718,0.28857421875,-0.17004394531
1726154976240.7634,-0.94421386718,0.28857421875,-0.17004394531
1726154976260.641,-1.00573730468,0.29248046875,-0.19702148437
1726154976280.7634,-1.00573730468,0.29248046875,-0.19702148437
1726154976300.794,-1.00573730468,0.29248046875,-0.19702148437
1726154976320.7634,-1.00573730468,0.29248046875,-0.19702148437
1726154976340.641,-1.10424804687,0.28381347656,-0.22106933593
1726154976360.794,-1.10424804687,0.28381347656,-0.22106933593
1726154976380.7937,-1.10424804687,0.28381347656,-0.22106933593
1726154976400.7937,-1.10424804687,0.28381347656,-0.22106933593
1726154976420.641,-1.06787109375,0.26110839843,-0.25939941406
1726154976440.7634,-1.06787109375,0.26110839843,-0.25939941406
1726154976460.794,-1.06787109375,0.26110839843,-0.25939941406
1726154976480.794,-1.06787109375,0.26110839843,-0.25939941406
1726154976500.641,-0.93200683593,0.23071289062,-0.26379394531
1726154976520.794,-0.93200683593,0.23071289062,-0.26379394531
1726154976540.794,-0.93200683593,0.23071289062,-0.26379394531
1726154976560.7634,-0.93200683593,0.23071289062,-0.26379394531
1726154976580.641,-0.91674804687,0.21435546875,-0.232421875
1726154976600.7634,-0.91674804687,0.21435546875,-0.232421875
1726154976620.7632,-0.91674804687,0.21435546875,-0.232421875
1726154976640.7937,-0.91674804687,0.21435546875,-0.232421875
1726154976660.641,-0.94396972656,0.23181152343,-0.23974609375
1726154976680.7632,-0.94396972656,0.23181152343,-0.23974609375
1726154976700.7634,-0.94396972656,0.23181152343,-0.23974609375
1726154976720.794,-0.94396972656,0.23181152343,-0.23974609375
1726154976740.641,-0.90979003906,0.29724121093,-0.27648925781
1726154976760.7634,-0.90979003906,0.29724121093,-0.27648925781
1726154976780.794,-0.90979003906,0.29724121093,-0.27648925781
1726154976800.794,-0.90979003906,0.29724121093,-0.27648925781
1726154976820.641,-0.86145019531,0.38403320312,-0.29357910156
1726154976840.7634,-0.86145019531,0.38403320312,-0.29357910156
1726154976860.794,-0.86145019531,0.38403320312,-0.29357910156
1726154976880.7937,-0.86145019531,0.38403320312,-0.29357910156
1726154976900.641,-0.81604003906,0.46105957031,-0.30993652343
1726154976920.7632,-0.81604003906,0.46105957031,-0.30993652343
1726154976940.794,-0.81604003906,0.46105957031,-0.30993652343
1726154976960.7634,-0.81604003906,0.46105957031,-0.30993652343
1726154976980.6716,-0.77294921875,0.50939941406,-0.33215332031
1726154977000.7634,-0.77294921875,0.50939941406,-0.33215332031
1726154977020.794,-0.77294921875,0.50939941406,-0.33215332031
1726154977040.7634,-0.77294921875,0.50939941406,-0.33215332031
1726154977060.641,-0.76013183593,0.55810546875,-0.34460449218
1726154977080.794,-0.76013183593,0.55810546875,-0.34460449218
1726154977100.7634,-0.76013183593,0.55810546875,-0.34460449218
1726154977120.7632,-0.76013183593,0.55810546875,-0.34460449218
1726154977140.641,-0.81774902343,0.61828613281,-0.35241699218
1726154977160.7937,-0.81774902343,0.61828613281,-0.35241699218
1726154977180.794,-0.81774902343,0.61828613281,-0.35241699218
1726154977200.794,-0.81774902343,0.61828613281,-0.35241699218
1726154977220.641,-0.88537597656,0.65576171875,-0.37072753906
1726154977240.794,-0.88537597656,0.65576171875,-0.37072753906
1726154977260.794,-0.88537597656,0.65576171875,-0.37072753906
1726154977280.794,-0.88537597656,0.65576171875,-0.37072753906
1726154977300.641,-0.83129882812,0.65124511718,-0.36987304687
1726154977320.7634,-0.83129882812,0.65124511718,-0.36987304687
1726154977340.7634,-0.83129882812,0.65124511718,-0.36987304687
1726154977360.794,-0.83129882812,0.65124511718,-0.36987304687
1726154977380.641,-0.78637695312,0.59912109375,-0.3173828125
1726154977400.7632,-0.78637695312,0.59912109375,-0.3173828125
1726154977420.7632,-0.78637695312,0.59912109375,-0.3173828125
1726154977440.794,-0.78637695312,0.59912109375,-0.3173828125
1726154977460.641,-0.80285644531,0.54260253906,-0.27099609375
1726154977480.794,-0.80285644531,0.54260253906,-0.27099609375
1726154977500.7634,-0.80285644531,0.54260253906,-0.27099609375
1726154977520.794,-0.80285644531,0.54260253906,-0.27099609375
1726154977540.641,-0.77209472656,0.50476074218,-0.27124023437
1726154977560.794,-0.77209472656,0.50476074218,-0.27124023437
1726154977580.794,-0.77209472656,0.50476074218,-0.27124023437
1726154977600.794,-0.77209472656,0.50476074218,-0.27124023437
1726154977620.641,-0.73889160156,0.48803710937,-0.2744140625
1726154977640.7632,-0.73889160156,0.48803710937,-0.2744140625
1726154977660.7632,-0.73889160156,0.48803710937,-0.2744140625
1726154977680.794,-0.73889160156,0.48803710937,-0.2744140625
1726154977700.6716,-0.75573730468,0.51684570312,-0.24780273437
1726154977720.794,-0.75573730468,0.51684570312,-0.24780273437
1726154977740.7634,-0.75573730468,0.51684570312,-0.24780273437
1726154977760.7634,-0.75573730468,0.51684570312,-0.24780273437
1726154977780.641,-0.810546875,0.54479980468,-0.22192382812
1726154977800.7634,-0.810546875,0.54479980468,-0.22192382812
1726154977820.794,-0.810546875,0.54479980468,-0.22192382812
1726154977840.794,-0.810546875,0.54479980468,-0.22192382812
1726154977860.641,-0.87670898437,0.53186035156,-0.20776367187
1726154977880.7632,-0.87670898437,0.53186035156,-0.20776367187
1726154977900.7937,-0.87670898437,0.53186035156,-0.20776367187
1726154977920.794,-0.87670898437,0.53186035156,-0.20776367187
1726154977940.641,-0.94921875,0.50695800781,-0.19372558593
1726154977960.794,-0.94921875,0.50695800781,-0.19372558593
1726154977980.7634,-0.94921875,0.50695800781,-0.19372558593
1726154978000.794,-0.94921875,0.50695800781,-0.19372558593
1726154978020.641,-0.99768066406,0.47875976562,-0.1904296875
1726154978040.794,-0.99768066406,0.47875976562,-0.1904296875
1726154978060.7634,-0.99768066406,0.47875976562,-0.1904296875
1726154978080.8245,-0.99768066406,0.47875976562,-0.1904296875
1726154978100.641,-1.09643554687,0.45300292968,-0.17846679687
1726154978120.7632,-1.09643554687,0.45300292968,-0.17846679687
1726154978140.7937,-1.09643554687,0.45300292968,-0.17846679687
1726154978160.7632,-1.09643554687,0.45300292968,-0.17846679687
1726154978180.641,-1.11535644531,0.41918945312,-0.18225097656
1726154978200.794,-1.11535644531,0.41918945312,-0.18225097656
1726154978220.794,-1.11535644531,0.41918945312,-0.18225097656
1726154978240.7634,-1.11535644531,0.41918945312,-0.18225097656
1726154978260.641,-0.9677734375,0.34704589843,-0.22985839843
1726154978280.7634,-0.9677734375,0.34704589843,-0.22985839843
1726154978300.794,-0.9677734375,0.34704589843,-0.22985839843
1726154978320.7634,-0.9677734375,0.34704589843,-0.22985839843
1726154978340.641,-0.91149902343,0.2509765625,-0.26245117187
1726154978360.794,-0.91149902343,0.2509765625,-0.26245117187
1726154978380.7937,-0.91149902343,0.2509765625,-0.26245117187
1726154978400.7632,-0.91149902343,0.2509765625,-0.26245117187
1726154978420.641,-0.95300292968,0.15197753906,-0.26831054687
1726154978440.794,-0.95300292968,0.15197753906,-0.26831054687
1726154978460.794,-0.95300292968,0.15197753906,-0.26831054687
1726154978480.794,-0.95300292968,0.15197753906,-0.26831054687
1726154978500.6719,-0.95874023437,0.0859375,-0.28149414062
1726154978520.7634,-0.95874023437,0.0859375,-0.28149414062
1726154978540.7634,-0.95874023437,0.0859375,-0.28149414062
1726154978560.7634,-0.95874023437,0.0859375,-0.28149414062
1726154978580.641,-0.94689941406,0.08117675781,-0.28967285156
1726154978600.794,-0.94689941406,0.08117675781,-0.28967285156
1726154978620.7632,-0.94689941406,0.08117675781,-0.28967285156
1726154978640.7937,-0.94689941406,0.08117675781,-0.28967285156
1726154978660.641,-0.95385742187,0.09460449218,-0.27795410156
1726154978680.7632,-0.95385742187,0.09460449218,-0.27795410156
1726154978700.794,-0.95385742187,0.09460449218,-0.27795410156
1726154978720.794,-0.95385742187,0.09460449218,-0.27795410156
1726154978740.641,-0.95495605468,0.09252929687,-0.2587890625
1726154978760.7634,-0.95495605468,0.09252929687,-0.2587890625
1726154978780.7634,-0.95495605468,0.09252929687,-0.2587890625
1726154978800.7634,-0.95495605468,0.09252929687,-0.2587890625
1726154978820.641,-0.9326171875,0.09790039062,-0.23425292968
1726154978840.794,-0.9326171875,0.09790039062,-0.23425292968
1726154978860.7634,-0.9326171875,0.09790039062,-0.23425292968
1726154978880.7632,-0.9326171875,0.09790039062,-0.23425292968
1726154978900.641,-0.90234375,0.11181640625,-0.21447753906
1726154978920.7632,-0.90234375,0.11181640625,-0.21447753906
1726154978940.794,-0.90234375,0.11181640625,-0.21447753906
1726154978960.7634,-0.90234375,0.11181640625,-0.21447753906
1726154978980.641,-0.89770507812,0.14025878906,-0.21984863281
1726154979000.7634,-0.89770507812,0.14025878906,-0.21984863281
1726154979020.7634,-0.89770507812,0.14025878906,-0.21984863281
1726154979040.794,-0.89770507812,0.14025878906,-0.21984863281
1726154979060.641,-1.04870605468,0.19104003906,-0.23388671875
1726154979080.7634,-1.04870605468,0.19104003906,-0.23388671875
1726154979100.794,-1.04870605468,0.19104003906,-0.23388671875
1726154979120.7632,-1.04870605468,0.19104003906,-0.23388671875
1726154979140.641,-1.13781738281,0.24169921875,-0.24975585937
1726154979160.7937,-1.13781738281,0.24169921875,-0.24975585937
1726154979180.794,-1.13781738281,0.24169921875,-0.24975585937
1726154979200.7634,-1.13781738281,0.24169921875,-0.24975585937
1726154979220.641,-1.06994628906,0.26232910156,-0.27600097656
1726154979240.7634,-1.06994628906,0.26232910156,-0.27600097656
1726154979260.794,-1.06994628906,0.26232910156,-0.27600097656
1726154979280.794,-1.06994628906,0.26232910156,-0.27600097656
1726154979300.641,-1.04772949218,0.29064941406,-0.287109375
1726154979320.7634,-1.04772949218,0.29064941406,-0.287109375
1726154979340.794,-1.04772949218,0.29064941406,-0.287109375
1726154979360.7634,-1.04772949218,0.29064941406,-0.287109375
1726154979380.6716,-1.01232910156,0.35485839843,-0.27563476562
1726154979400.7937,-1.01232910156,0.35485839843,-0.27563476562
1726154979420.7632,-1.01232910156,0.35485839843,-0.27563476562
1726154979440.7634,-1.01232910156,0.35485839843,-0.27563476562
1726154979460.6716,-0.9697265625,0.40576171875,-0.25671386718
1726154979480.794,-0.9697265625,0.40576171875,-0.25671386718
1726154979500.7634,-0.9697265625,0.40576171875,-0.25671386718
1726154979520.7634,-0.9697265625,0.40576171875,-0.25671386718
1726154979540.6719,-0.90197753906,0.44921875,-0.25415039062
1726154979560.7634,-0.90197753906,0.44921875,-0.25415039062
1726154979580.8245,-0.90197753906,0.44921875,-0.25415039062
1726154979600.794,-0.90197753906,0.44921875,-0.25415039062
1726154979620.641,-0.77551269531,0.51538085937,-0.27905273437
1726154979640.7632,-0.77551269531,0.51538085937,-0.27905273437
1726154979660.7937,-0.77551269531,0.51538085937,-0.27905273437
1726154979680.7632,-0.77551269531,0.51538085937,-0.27905273437
1726154979700.641,-0.6748046875,0.57641601562,-0.30834960937
1726154979720.7634,-0.6748046875,0.57641601562,-0.30834960937
1726154979740.7634,-0.6748046875,0.57641601562,-0.30834960937
1726154979760.794,-0.6748046875,0.57641601562,-0.30834960937
1726154979780.641,-0.62585449218,0.59655761718,-0.33972167968
1726154979800.794,-0.62585449218,0.59655761718,-0.33972167968
1726154979820.794,-0.62585449218,0.59655761718,-0.33972167968
1726154979840.7634,-0.62585449218,0.59655761718,-0.33972167968
1726154979860.641,-0.68115234375,0.57263183593,-0.36889648437
1726154979880.7937,-0.68115234375,0.57263183593,-0.36889648437
1726154979900.7632,-0.68115234375,0.57263183593,-0.36889648437
1726154979920.794,-0.68115234375,0.57263183593,-0.36889648437
1726154979940.641,-0.70068359375,0.52917480468,-0.38989257812
1726154979960.794,-0.70068359375,0.52917480468,-0.38989257812
1726154979980.7634,-0.70068359375,0.52917480468,-0.38989257812
1726154980000.794,-0.70068359375,0.52917480468,-0.38989257812
1726154980020.641,-0.70764160156,0.47241210937,-0.365234375
1726154980040.794,-0.70764160156,0.47241210937,-0.365234375
1726154980060.7634,-0.70764160156,0.47241210937,-0.365234375
1726154980080.794,-0.70764160156,0.47241210937,-0.365234375
1726154980100.641,-0.8349609375,0.41259765625,-0.31103515625
1726154980120.7632,-0.8349609375,0.41259765625,-0.31103515625
1726154980140.7937,-0.8349609375,0.41259765625,-0.31103515625
1726154980160.7632,-0.8349609375,0.41259765625,-0.31103515625
1726154980180.641,-0.92565917968,0.384765625,-0.2919921875
1726154980200.794,-0.92565917968,0.384765625,-0.2919921875
1726154980220.7634,-0.92565917968,0.384765625,-0.2919921875
1726154980240.794,-0.92565917968,0.384765625,-0.2919921875
1726154980260.641,-0.95227050781,0.37377929687,-0.30920410156
1726154980280.794,-0.95227050781,0.37377929687,-0.30920410156
1726154980300.794,-0.95227050781,0.37377929687,-0.30920410156
1726154980320.794,-0.95227050781,0.37377929687,-0.30920410156
1726154980340.641,-0.97302246093,0.37707519531,-0.34020996093
1726154980360.794,-0.97302246093,0.37707519531,-0.34020996093
1726154980380.7937,-0.97302246093,0.37707519531,-0.34020996093
1726154980400.7937,-0.97302246093,0.37707519531,-0.34020996093
1726154980420.641,-0.98278808593,0.38061523437,-0.35986328125
1726154980440.7634,-0.98278808593,0.38061523437,-0.35986328125
1726154980460.794,-0.98278808593,0.38061523437,-0.35986328125
1726154980480.794,-0.98278808593,0.38061523437,-0.35986328125
1726154980500.6719,-0.95703125,0.35620117187,-0.36267089843
1726154980520.794,-0.95703125,0.35620117187,-0.36267089843
1726154980540.7634,-0.95703125,0.35620117187,-0.36267089843
1726154980560.7634,-0.95703125,0.35620117187,-0.36267089843
1726154980580.641,-0.93566894531,0.32397460937,-0.34106445312
1726154980600.794,-0.93566894531,0.32397460937,-0.34106445312
1726154980620.7632,-0.93566894531,0.32397460937,-0.34106445312
1726154980640.7937,-0.93566894531,0.32397460937,-0.34106445312
1726154980660.641,-0.97668457031,0.26525878906,-0.30810546875
1726154980680.7632,-0.97668457031,0.26525878906,-0.30810546875
1726154980700.794,-0.97668457031,0.26525878906,-0.30810546875
1726154980720.794,-0.97668457031,0.26525878906,-0.30810546875
1726154980740.641,-1.04553222656,0.13610839843,-0.25329589843
1726154980760.6719,-1.04553222656,0.13610839843,-0.25329589843
1726154980780.794,-1.04553222656,0.13610839843,-0.25329589843
1726154980800.794,-1.04553222656,0.13610839843,-0.25329589843
1726154980820.641,-0.97900390625,0.12548828125,-0.2431640625
1726154980840.794,-0.97900390625,0.12548828125,-0.2431640625
1726154980860.794,-0.97900390625,0.12548828125,-0.2431640625
1726154980880.7937,-0.97900390625,0.12548828125,-0.2431640625
1726154980900.641,-1.03344726562,0.13610839843,-0.19885253906
1726154980920.7632,-1.03344726562,0.13610839843,-0.19885253906
1726154980940.794,-1.03344726562,0.13610839843,-0.19885253906
1726154980960.794,-1.03344726562,0.13610839843,-0.19885253906
1726154980980.641,-1.06408691406,0.16088867187,-0.13647460937
1726154981000.794,-1.06408691406,0.16088867187,-0.13647460937
1726154981020.794,-1.06408691406,0.16088867187,-0.13647460937
1726154981040.794,-1.06408691406,0.16088867187,-0.13647460937
1726154981060.641,-1.03344726562,0.20788574218,-0.11047363281
1726154981080.7634,-1.03344726562,0.20788574218,-0.11047363281
1726154981100.7634,-1.03344726562,0.20788574218,-0.11047363281
1726154981120.7937,-1.03344726562,0.20788574218,-0.11047363281
1726154981140.641,-1.01721191406,0.29235839843,-0.11193847656
1726154981160.7937,-1.01721191406,0.29235839843,-0.11193847656
1726154981180.794,-1.01721191406,0.29235839843,-0.11193847656
1726154981200.794,-1.01721191406,0.29235839843,-0.11193847656
1726154981220.641,-1.00634765625,0.37145996093,-0.14282226562
1726154981240.7634,-1.00634765625,0.37145996093,-0.14282226562
1726154981260.794,-1.00634765625,0.37145996093,-0.14282226562
1726154981280.794,-1.00634765625,0.37145996093,-0.14282226562
1726154981300.641,-0.95861816406,0.42077636718,-0.2021484375
1726154981320.794,-0.95861816406,0.42077636718,-0.2021484375
1726154981340.794,-0.95861816406,0.42077636718,-0.2021484375
1726154981360.7634,-0.95861816406,0.42077636718,-0.2021484375
1726154981380.641,-0.89050292968,0.45104980468,-0.26318359375
1726154981400.7632,-0.89050292968,0.45104980468,-0.26318359375
1726154981420.794,-0.89050292968,0.45104980468,-0.26318359375
1726154981440.7634,-0.89050292968,0.45104980468,-0.26318359375
1726154981460.641,-0.83898925781,0.45263671875,-0.30517578125
1726154981480.7634,-0.83898925781,0.45263671875,-0.30517578125
1726154981500.794,-0.83898925781,0.45263671875,-0.30517578125
1726154981520.7634,-0.83898925781,0.45263671875,-0.30517578125
1726154981540.641,-0.8544921875,0.43884277343,-0.33410644531
1726154981560.794,-0.8544921875,0.43884277343,-0.33410644531
1726154981580.794,-0.8544921875,0.43884277343,-0.33410644531
1726154981600.794,-0.8544921875,0.43884277343,-0.33410644531
1726154981620.641,-0.87219238281,0.4208984375,-0.34655761718
1726154981640.7937,-0.87219238281,0.4208984375,-0.34655761718
1726154981660.7632,-0.87219238281,0.4208984375,-0.34655761718
1726154981680.794,-0.87219238281,0.4208984375,-0.34655761718
1726154981700.641,-0.83142089843,0.39892578125,-0.33251953125
1726154981720.794,-0.83142089843,0.39892578125,-0.33251953125
1726154981740.7634,-0.83142089843,0.39892578125,-0.33251953125
1726154981760.794,-0.83142089843,0.39892578125,-0.33251953125
1726154981780.641,-0.8427734375,0.38879394531,-0.30615234375
1726154981800.794,-0.8427734375,0.38879394531,-0.30615234375
1726154981820.794,-0.8427734375,0.38879394531,-0.30615234375
1726154981840.7634,-0.8427734375,0.38879394531,-0.30615234375
1726154981860.6719,-0.89282226562,0.40063476562,-0.27514648437
1726154981880.7937,-0.89282226562,0.40063476562,-0.27514648437
1726154981900.7632,-0.89282226562,0.40063476562,-0.27514648437
1726154981920.794,-0.89282226562,0.40063476562,-0.27514648437
1726154981940.641,-0.90979003906,0.40625,-0.27526855468
1726154981960.794,-0.90979003906,0.40625,-0.27526855468
1726154981980.794,-0.90979003906,0.40625,-0.27526855468
1726154982000.7634,-0.90979003906,0.40625,-0.27526855468
1726154982020.641,-0.93029785156,0.38073730468,-0.2919921875
1726154982040.7634,-0.93029785156,0.38073730468,-0.2919921875
1726154982060.794,-0.93029785156,0.38073730468,-0.2919921875
1726154982080.794,-0.93029785156,0.38073730468,-0.2919921875
1726154982100.641,-0.94299316406,0.34484863281,-0.30090332031
1726154982120.7632,-0.94299316406,0.34484863281,-0.30090332031
1726154982140.7632,-0.94299316406,0.34484863281,-0.30090332031
1726154982160.7937,-0.94299316406,0.34484863281,-0.30090332031
1726154982180.641,-0.92077636718,0.31762695312,-0.32067871093
1726154982200.794,-0.92077636718,0.31762695312,-0.32067871093
1726154982220.794,-0.92077636718,0.31762695312,-0.32067871093
1726154982240.7634,-0.92077636718,0.31762695312,-0.32067871093
1726154982260.641,-0.89685058593,0.31127929687,-0.34436035156
1726154982280.794,-0.89685058593,0.31127929687,-0.34436035156
1726154982300.794,-0.89685058593,0.31127929687,-0.34436035156
1726154982320.7634,-0.89685058593,0.31127929687,-0.34436035156
1726154982340.6719,-0.90246582031,0.31762695312,-0.36181640625
1726154982360.7634,-0.90246582031,0.31762695312,-0.36181640625
1726154982380.7632,-0.90246582031,0.31762695312,-0.36181640625
1726154982400.7937,-0.90246582031,0.31762695312,-0.36181640625
1726154982420.641,-0.93518066406,0.29565429687,-0.34594726562
1726154982440.7634,-0.93518066406,0.29565429687,-0.34594726562
1726154982460.794,-0.93518066406,0.29565429687,-0.34594726562
1726154982480.794,-0.93518066406,0.29565429687,-0.34594726562
1726154982500.6719,-0.95568847656,0.24255371093,-0.2978515625
1726154982520.7634,-0.95568847656,0.24255371093,-0.2978515625
1726154982540.794,-0.95568847656,0.24255371093,-0.2978515625
1726154982560.794,-0.95568847656,0.24255371093,-0.2978515625
1726154982580.641,-1.02990722656,0.16882324218,-0.24096679687
1726154982600.7634,-1.02990722656,0.16882324218,-0.24096679687
1726154982620.7937,-1.02990722656,0.16882324218,-0.24096679687
1726154982640.7632,-1.02990722656,0.16882324218,-0.24096679687
1726154982660.641,-1.0498046875,0.10522460937,-0.21862792968
1726154982680.794,-1.0498046875,0.10522460937,-0.21862792968
1726154982700.7634,-1.0498046875,0.10522460937,-0.21862792968
1726154982720.7634,-1.0498046875,0.10522460937,-0.21862792968
1726154982740.641,-0.99658203125,0.08288574218,-0.24365234375
1726154982760.794,-0.99658203125,0.08288574218,-0.24365234375
1726154982780.794,-0.99658203125,0.08288574218,-0.24365234375
1726154982800.7634,-0.99658203125,0.08288574218,-0.24365234375
1726154982820.6719,-1.02185058593,0.1142578125,-0.25439453125
1726154982840.794,-1.02185058593,0.1142578125,-0.25439453125
1726154982860.7634,-1.02185058593,0.1142578125,-0.25439453125
1726154982880.7937,-1.02185058593,0.1142578125,-0.25439453125
1726154982900.6716,-1.00549316406,0.14758300781,-0.23010253906
1726154982920.7632,-1.00549316406,0.14758300781,-0.23010253906
1726154982940.794,-1.00549316406,0.14758300781,-0.23010253906
1726154982960.794,-1.00549316406,0.14758300781,-0.23010253906
1726154982980.641,-0.95202636718,0.16003417968,-0.20947265625
1726154983000.7634,-0.95202636718,0.16003417968,-0.20947265625
1726154983020.794,-0.95202636718,0.16003417968,-0.20947265625
1726154983040.7634,-0.95202636718,0.16003417968,-0.20947265625
1726154983060.641,-0.93737792968,0.19714355468,-0.21545410156
1726154983080.7634,-0.93737792968,0.19714355468,-0.21545410156
1726154983100.7634,-0.93737792968,0.19714355468,-0.21545410156
1726154983120.7632,-0.93737792968,0.19714355468,-0.21545410156
1726154983140.6716,-0.9306640625,0.27172851562,-0.23071289062
1726154983160.7937,-0.9306640625,0.27172851562,-0.23071289062
1726154983180.794,-0.9306640625,0.27172851562,-0.23071289062
1726154983200.794,-0.9306640625,0.27172851562,-0.23071289062
1726154983220.641,-0.95251464843,0.33666992187,-0.25146484375
1726154983240.794,-0.95251464843,0.33666992187,-0.25146484375
1726154983260.794,-0.95251464843,0.33666992187,-0.25146484375
1726154983280.7634,-0.95251464843,0.33666992187,-0.25146484375
1726154983300.641,-1.02111816406,0.36083984375,-0.26208496093
1726154983320.7634,-1.02111816406,0.36083984375,-0.26208496093
1726154983340.7634,-1.02111816406,0.36083984375,-0.26208496093
1726154983360.794,-1.02111816406,0.36083984375,-0.26208496093
1726154983380.6716,-1.08227539062,0.35009765625,-0.26818847656
1726154983400.7632,-1.08227539062,0.35009765625,-0.26818847656
1726154983420.7632,-1.08227539062,0.35009765625,-0.26818847656
1726154983440.7634,-1.08227539062,0.35009765625,-0.26818847656
1726154983460.6716,-0.99084472656,0.29516601562,-0.28967285156
1726154983480.794,-0.99084472656,0.29516601562,-0.28967285156
1726154983500.7634,-0.99084472656,0.29516601562,-0.28967285156
1726154983520.7634,-0.99084472656,0.29516601562,-0.28967285156
1726154983540.6719,-0.89196777343,0.24450683593,-0.29138183593
1726154983560.794,-0.89196777343,0.24450683593,-0.29138183593
1726154983580.7634,-0.89196777343,0.24450683593,-0.29138183593
1726154983600.794,-0.89196777343,0.24450683593,-0.29138183593
1726154983620.6716,-0.91784667968,0.21984863281,-0.28393554687
1726154983640.7632,-0.91784667968,0.21984863281,-0.28393554687
1726154983660.7632,-0.91784667968,0.21984863281,-0.28393554687
1726154983680.7632,-0.91784667968,0.21984863281,-0.28393554687
1726154983700.6716,-0.89758300781,0.203125,-0.29919433593
1726154983720.794,-0.89758300781,0.203125,-0.29919433593
1726154983740.7634,-0.89758300781,0.203125,-0.29919433593
1726154983760.794,-0.89758300781,0.203125,-0.29919433593
1726154983780.6719,-0.85375976562,0.21301269531,-0.31982421875
1726154983800.794,-0.85375976562,0.21301269531,-0.31982421875
1726154983820.7634,-0.85375976562,0.21301269531,-0.31982421875
1726154983840.794,-0.85375976562,0.21301269531,-0.31982421875
1726154983860.6719,-0.8603515625,0.26245117187,-0.33264160156
1726154983880.7937,-0.8603515625,0.26245117187,-0.33264160156
1726154983900.7632,-0.8603515625,0.26245117187,-0.33264160156
1726154983920.7632,-0.8603515625,0.26245117187,-0.33264160156
1726154983940.6716,-0.87377929687,0.3115234375,-0.34057617187
1726154983960.794,-0.87377929687,0.3115234375,-0.34057617187
1726154983980.7634,-0.87377929687,0.3115234375,-0.34057617187
1726154984000.7634,-0.87377929687,0.3115234375,-0.34057617187
1726154984020.6719,-0.90417480468,0.35119628906,-0.34643554687
1726154984040.794,-0.90417480468,0.35119628906,-0.34643554687
1726154984060.794,-0.90417480468,0.35119628906,-0.34643554687
1726154984080.794,-0.90417480468,0.35119628906,-0.34643554687
1726154984100.6719,-1.00061035156,0.38415527343,-0.33874511718
1726154984120.7937,-1.00061035156,0.38415527343,-0.33874511718
1726154984140.7937,-1.00061035156,0.38415527343,-0.33874511718
1726154984160.7632,-1.00061035156,0.38415527343,-0.33874511718
1726154984180.6716,-1.09350585937,0.38293457031,-0.31848144531
1726154984200.794,-1.09350585937,0.38293457031,-0.31848144531
1726154984220.794,-1.09350585937,0.38293457031,-0.31848144531
1726154984240.794,-1.09350585937,0.38293457031,-0.31848144531
1726154984260.6719,-1.01599121093,0.30932617187,-0.30163574218
1726154984280.7634,-1.01599121093,0.30932617187,-0.30163574218
1726154984300.794,-1.01599121093,0.30932617187,-0.30163574218
1726154984320.794,-1.01599121093,0.30932617187,-0.30163574218
1726154984340.6719,-0.95581054687,0.22192382812,-0.27722167968
1726154984360.7634,-0.95581054687,0.22192382812,-0.27722167968
1726154984380.7937,-0.95581054687,0.22192382812,-0.27722167968
1726154984400.7632,-0.95581054687,0.22192382812,-0.27722167968
1726154984420.6716,-1.02575683593,0.16857910156,-0.22729492187
1726154984440.7634,-1.02575683593,0.16857910156,-0.22729492187
1726154984460.794,-1.02575683593,0.16857910156,-0.22729492187
1726154984480.794,-1.02575683593,0.16857910156,-0.22729492187
1726154984500.6719,-1.01037597656,0.11669921875,-0.18823242187
1726154984520.8547,-1.01037597656,0.11669921875,-0.18823242187
1726154984540.794,-1.01037597656,0.11669921875,-0.18823242187
1726154984560.7634,-1.01037597656,0.11669921875,-0.18823242187
1726154984580.6719,-0.95947265625,0.07470703125,-0.17224121093
1726154984600.794,-0.95947265625,0.07470703125,-0.17224121093
1726154984620.7632,-0.95947265625,0.07470703125,-0.17224121093
1726154984640.7632,-0.95947265625,0.07470703125,-0.17224121093
1726154984660.6716,-0.96801757812,0.08020019531,-0.14807128906
1726154984680.794,-0.96801757812,0.08020019531,-0.14807128906
1726154984700.7634,-0.96801757812,0.08020019531,-0.14807128906
1726154984720.7634,-0.96801757812,0.08020019531,-0.14807128906
1726154984740.6719,-0.99084472656,0.14526367187,-0.13671875
1726154984760.794,-0.99084472656,0.14526367187,-0.13671875
1726154984780.794,-0.99084472656,0.14526367187,-0.13671875
1726154984800.794,-0.99084472656,0.14526367187,-0.13671875
1726154984820.6719,-1.00244140625,0.20385742187,-0.15966796875
1726154984840.7634,-1.00244140625,0.20385742187,-0.15966796875
1726154984860.7634,-1.00244140625,0.20385742187,-0.15966796875
1726154984880.7937,-1.00244140625,0.20385742187,-0.15966796875
1726154984900.6716,-1.02038574218,0.23010253906,-0.19641113281
1726154984920.794,-1.02038574218,0.23010253906,-0.19641113281
1726154984940.794,-1.02038574218,0.23010253906,-0.19641113281
1726154984960.794,-1.02038574218,0.23010253906,-0.19641113281
1726154984980.6716,-1.06323242187,0.2255859375,-0.234375
1726154985000.794,-1.06323242187,0.2255859375,-0.234375
1726154985020.7634,-1.06323242187,0.2255859375,-0.234375
1726154985040.794,-1.06323242187,0.2255859375,-0.234375
1726154985060.6719,-1.08837890625,0.19738769531,-0.26354980468
1726154985080.794,-1.08837890625,0.19738769531,-0.26354980468
1726154985100.794,-1.08837890625,0.19738769531,-0.26354980468
1726154985120.7937,-1.08837890625,0.19738769531,-0.26354980468
1726154985140.6716,-0.98754882812,0.11975097656,-0.28234863281
1726154985160.7937,-0.98754882812,0.11975097656,-0.28234863281
1726154985180.7632,-0.98754882812,0.11975097656,-0.28234863281
1726154985200.794,-0.98754882812,0.11975097656,-0.28234863281
1726154985220.6716,-0.97387695312,-0.01550292968,-0.24841308593
1726154985240.794,-0.97387695312,-0.01550292968,-0.24841308593
1726154985260.794,-0.97387695312,-0.01550292968,-0.24841308593
1726154985280.794,-0.97387695312,-0.01550292968,-0.24841308593
1726154985300.6719,-1.01440429687,-0.12451171875,-0.1845703125
1726154985320.7634,-1.01440429687,-0.12451171875,-0.1845703125
1726154985340.794,-1.01440429687,-0.12451171875,-0.1845703125
1726154985360.7634,-1.01440429687,-0.12451171875,-0.1845703125
1726154985380.6716,-0.96337890625,-0.12841796875,-0.15380859375
1726154985400.7937,-0.96337890625,-0.12841796875,-0.15380859375
1726154985420.794,-0.96337890625,-0.12841796875,-0.15380859375
1726154985440.794,-0.96337890625,-0.12841796875,-0.15380859375
1726154985460.6716,-0.9619140625,0.01892089843,-0.19018554687
1726154985480.7634,-0.9619140625,0.01892089843,-0.19018554687
1726154985500.794,-0.9619140625,0.01892089843,-0.19018554687
1726154985520.794,-0.9619140625,0.01892089843,-0.19018554687
1726154985540.6719,-0.94421386718,0.07495117187,-0.23986816406
1726154985560.794,-0.94421386718,0.07495117187,-0.23986816406
1726154985580.794,-0.94421386718,0.07495117187,-0.23986816406
1726154985600.7634,-0.94421386718,0.07495117187,-0.23986816406
1726154985620.6716,-0.93481445312,0.10632324218,-0.26403808593
1726154985640.7632,-0.93481445312,0.10632324218,-0.26403808593
1726154985660.7937,-0.93481445312,0.10632324218,-0.26403808593
1726154985680.794,-0.93481445312,0.10632324218,-0.26403808593
1726154985700.6716,-0.94921875,0.1220703125,-0.25854492187
1726154985720.794,-0.94921875,0.1220703125,-0.25854492187
1726154985740.7634,-0.94921875,0.1220703125,-0.25854492187
1726154985760.794,-0.94921875,0.1220703125,-0.25854492187
1726154985780.6719,-1.00073242187,0.1376953125,-0.24877929687
1726154985800.794,-1.00073242187,0.1376953125,-0.24877929687
1726154985820.7634,-1.00073242187,0.1376953125,-0.24877929687
1726154985840.7634,-1.00073242187,0.1376953125,-0.24877929687
1726154985860.6719,-1.09887695312,0.16369628906,-0.23376464843
1726154985880.7937,-1.09887695312,0.16369628906,-0.23376464843
1726154985900.7937,-1.09887695312,0.16369628906,-0.23376464843
1726154985920.7632,-1.09887695312,0.16369628906,-0.23376464843
1726154985940.6716,-1.09143066406,0.17065429687,-0.22265625
1726154985960.794,-1.09143066406,0.17065429687,-0.22265625
1726154985980.794,-1.09143066406,0.17065429687,-0.22265625
1726154986000.794,-1.09143066406,0.17065429687,-0.22265625
1726154986020.6719,-1.0400390625,0.17602539062,-0.19653320312
1726154986040.794,-1.0400390625,0.17602539062,-0.19653320312
1726154986060.9463,-1.0400390625,0.17602539062,-0.19653320312
1726154986080.7634,-1.0400390625,0.17602539062,-0.19653320312
1726154986100.6719,-1.07336425781,0.20446777343,-0.14892578125
1726154986120.7937,-1.07336425781,0.20446777343,-0.14892578125
1726154986140.7937,-1.07336425781,0.20446777343,-0.14892578125
1726154986160.7937,-1.07336425781,0.20446777343,-0.14892578125
1726154986180.6716,-1.056640625,0.24072265625,-0.1298828125
1726154986200.794,-1.056640625,0.24072265625,-0.1298828125
1726154986220.794,-1.056640625,0.24072265625,-0.1298828125
1726154986240.794,-1.056640625,0.24072265625,-0.1298828125
1726154986260.6719,-0.98107910156,0.28479003906,-0.14709472656
1726154986280.794,-0.98107910156,0.28479003906,-0.14709472656
1726154986300.794,-0.98107910156,0.28479003906,-0.14709472656
1726154986320.7634,-0.98107910156,0.28479003906,-0.14709472656
1726154986340.6719,-0.91662597656,0.31982421875,-0.17907714843
1726154986360.7634,-0.91662597656,0.31982421875,-0.17907714843
1726154986380.7937,-0.91662597656,0.31982421875,-0.17907714843
1726154986400.7632,-0.91662597656,0.31982421875,-0.17907714843
1726154986420.6716,-0.91577148437,0.3623046875,-0.21069335937
1726154986440.8245,-0.91577148437,0.3623046875,-0.21069335937
1726154986460.794,-0.91577148437,0.3623046875,-0.21069335937
1726154986480.794,-0.91577148437,0.3623046875,-0.21069335937
1726154986500.6719,-0.92785644531,0.3935546875,-0.24621582031
1726154986520.794,-0.92785644531,0.3935546875,-0.24621582031
1726154986540.794,-0.92785644531,0.3935546875,-0.24621582031
1726154986560.7634,-0.92785644531,0.3935546875,-0.24621582031
1726154986580.6719,-0.97204589843,0.39660644531,-0.28051757812
1726154986600.794,-0.97204589843,0.39660644531,-0.28051757812
1726154986620.7937,-0.97204589843,0.39660644531,-0.28051757812
1726154986640.7632,-0.97204589843,0.39660644531,-0.28051757812
1726154986660.6716,-0.93017578125,0.37512207031,-0.30590820312
1726154986680.794,-0.93017578125,0.37512207031,-0.30590820312
1726154986700.7634,-0.93017578125,0.37512207031,-0.30590820312
1726154986720.7634,-0.93017578125,0.37512207031,-0.30590820312
1726154986740.6719,-0.84069824218,0.34436035156,-0.30102539062
1726154986760.794,-0.84069824218,0.34436035156,-0.30102539062
1726154986780.5496,-0.84069824218,0.34436035156,-0.30102539062
1726154986800.794,-0.84069824218,0.34436035156,-0.30102539062
1726154986820.6719,-0.90539550781,0.32263183593,-0.27282714843
1726154986840.794,-0.90539550781,0.32263183593,-0.27282714843
1726154986860.7634,-0.90539550781,0.32263183593,-0.27282714843
1726154986880.7937,-0.90539550781,0.32263183593,-0.27282714843
1726154986900.6716,-0.9208984375,0.30932617187,-0.27319335937
1726154986920.7632,-0.9208984375,0.30932617187,-0.27319335937
1726154986940.794,-0.9208984375,0.30932617187,-0.27319335937
1726154986960.794,-0.9208984375,0.30932617187,-0.27319335937
1726154986980.6716,-0.87292480468,0.29797363281,-0.27221679687
1726154987000.7634,-0.87292480468,0.29797363281,-0.27221679687
1726154987020.794,-0.87292480468,0.29797363281,-0.27221679687
1726154987040.794,-0.87292480468,0.29797363281,-0.27221679687
1726154987060.6719,-0.89538574218,0.296875,-0.26452636718
1726154987080.7634,-0.89538574218,0.296875,-0.26452636718
1726154987100.7634,-0.89538574218,0.296875,-0.26452636718
1726154987120.7937,-0.89538574218,0.296875,-0.26452636718
1726154987140.6716,-0.92150878906,0.30883789062,-0.27136230468
1726154987160.7937,-0.92150878906,0.30883789062,-0.27136230468
1726154987180.794,-0.92150878906,0.30883789062,-0.27136230468
1726154987200.794,-0.92150878906,0.30883789062,-0.27136230468
1726154987220.6716,-0.94409179687,0.31762695312,-0.28698730468
1726154987240.794,-0.94409179687,0.31762695312,-0.28698730468
1726154987260.7634,-0.94409179687,0.31762695312,-0.28698730468
1726154987280.7634,-0.94409179687,0.31762695312,-0.28698730468
1726154987300.6719,-1.01928710937,0.30700683593,-0.287109375
1726154987320.7634,-1.01928710937,0.30700683593,-0.287109375
1726154987340.7634,-1.01928710937,0.30700683593,-0.287109375
1726154987360.794,-1.01928710937,0.30700683593,-0.287109375
1726154987380.6716,-1.12622070312,0.29174804687,-0.2568359375
1726154987400.7937,-1.12622070312,0.29174804687,-0.2568359375
1726154987420.7632,-1.12622070312,0.29174804687,-0.2568359375
1726154987440.794,-1.12622070312,0.29174804687,-0.2568359375
1726154987460.6716,-1.07397460937,0.26892089843,-0.2333984375
1726154987480.7634,-1.07397460937,0.26892089843,-0.2333984375
1726154987500.794,-1.07397460937,0.26892089843,-0.2333984375
1726154987520.7634,-1.07397460937,0.26892089843,-0.2333984375
1726154987540.6719,-0.99230957031,0.18737792968,-0.21826171875
1726154987560.7634,-0.99230957031,0.18737792968,-0.21826171875
1726154987580.7634,-0.99230957031,0.18737792968,-0.21826171875
1726154987600.7634,-0.99230957031,0.18737792968,-0.21826171875
1726154987620.6716,-1.04272460937,0.08483886718,-0.16638183593
1726154987640.7632,-1.04272460937,0.08483886718,-0.16638183593
1726154987660.7632,-1.04272460937,0.08483886718,-0.16638183593
1726154987680.794,-1.04272460937,0.08483886718,-0.16638183593
1726154987700.6716,-1.02258300781,0.01928710937,-0.10363769531
1726154987720.794,-1.02258300781,0.01928710937,-0.10363769531
1726154987740.794,-1.02258300781,0.01928710937,-0.10363769531
1726154987760.794,-1.02258300781,0.01928710937,-0.10363769531
1726154987780.6719,-0.97241210937,-0.01232910156,-0.06811523437
1726154987800.794,-0.97241210937,-0.01232910156,-0.06811523437
1726154987820.794,-0.97241210937,-0.01232910156,-0.06811523437
1726154987840.7634,-0.97241210937,-0.01232910156,-0.06811523437
1726154987860.6719,-0.96472167968,0.01342773437,-0.04846191406
1726154987880.7632,-0.96472167968,0.01342773437,-0.04846191406
1726154987900.7937,-0.96472167968,0.01342773437,-0.04846191406
1726154987920.7632,-0.96472167968,0.01342773437,-0.04846191406
1726154987940.7327,-0.9736328125,0.1015625,-0.06115722656
1726154987960.7634,-0.9736328125,0.1015625,-0.06115722656
1726154987980.794,-0.9736328125,0.1015625,-0.06115722656
1726154988000.794,-0.9736328125,0.1015625,-0.06115722656
1726154988020.6719,-1.00073242187,0.17919921875,-0.103515625
1726154988040.794,-1.00073242187,0.17919921875,-0.103515625
1726154988060.794,-1.00073242187,0.17919921875,-0.103515625
1726154988080.7634,-1.00073242187,0.17919921875,-0.103515625
1726154988100.6719,-1.05712890625,0.23937988281,-0.15551757812
1726154988120.7937,-1.05712890625,0.23937988281,-0.15551757812
1726154988140.7937,-1.05712890625,0.23937988281,-0.15551757812
1726154988160.7937,-1.05712890625,0.23937988281,-0.15551757812
1726154988180.6716,-1.107421875,0.27270507812,-0.21740722656
1726154988200.794,-1.107421875,0.27270507812,-0.21740722656
1726154988220.794,-1.107421875,0.27270507812,-0.21740722656
1726154988240.7634,-1.107421875,0.27270507812,-0.21740722656
1726154988260.6719,-1.00268554687,0.240234375,-0.24523925781
1726154988280.7634,-1.00268554687,0.240234375,-0.24523925781
1726154988300.7634,-1.00268554687,0.240234375,-0.24523925781
1726154988320.7634,-1.00268554687,0.240234375,-0.24523925781
1726154988340.6719,-0.9267578125,0.19274902343,-0.21337890625
1726154988360.794,-0.9267578125,0.19274902343,-0.21337890625
1726154988380.7937,-0.9267578125,0.19274902343,-0.21337890625
1726154988400.7937,-0.9267578125,0.19274902343,-0.21337890625
1726154988420.6716,-1.00903320312,0.15710449218,-0.1796875
1726154988440.794,-1.00903320312,0.15710449218,-0.1796875
1726154988460.794,-1.00903320312,0.15710449218,-0.1796875
1726154988480.7634,-1.00903320312,0.15710449218,-0.1796875
1726154988500.6719,-1.00476074218,0.16967773437,-0.18493652343
1726154988520.794,-1.00476074218,0.16967773437,-0.18493652343
1726154988540.794,-1.00476074218,0.16967773437,-0.18493652343
1726154988560.7634,-1.00476074218,0.16967773437,-0.18493652343
1726154988580.6719,-0.91821289062,0.22033691406,-0.220703125
1726154988600.794,-0.91821289062,0.22033691406,-0.220703125
1726154988620.7937,-0.91821289062,0.22033691406,-0.220703125
1726154988640.7937,-0.91821289062,0.22033691406,-0.220703125
1726154988660.6716,-0.88842773437,0.28466796875,-0.25085449218
1726154988680.7632,-0.88842773437,0.28466796875,-0.25085449218
1726154988700.794,-0.88842773437,0.28466796875,-0.25085449218
1726154988720.794,-0.88842773437,0.28466796875,-0.25085449218
1726154988740.6719,-0.8828125,0.35632324218,-0.275390625
1726154988760.794,-0.8828125,0.35632324218,-0.275390625
1726154988780.7634,-0.8828125,0.35632324218,-0.275390625
1726154988800.7634,-0.8828125,0.35632324218,-0.275390625
1726154988820.6719,-0.86242675781,0.37817382812,-0.30358886718
1726154988840.7634,-0.86242675781,0.37817382812,-0.30358886718
1726154988860.7634,-0.86242675781,0.37817382812,-0.30358886718
1726154988880.7937,-0.86242675781,0.37817382812,-0.30358886718
1726154988900.6716,-0.86657714843,0.39465332031,-0.30725097656
1726154988920.7632,-0.86657714843,0.39465332031,-0.30725097656
1726154988940.7634,-0.86657714843,0.39465332031,-0.30725097656
1726154988960.7634,-0.86657714843,0.39465332031,-0.30725097656
1726154988980.6716,-0.90698242187,0.42016601562,-0.29443359375
1726154989000.7634,-0.90698242187,0.42016601562,-0.29443359375
1726154989020.794,-0.90698242187,0.42016601562,-0.29443359375
1726154989040.794,-0.90698242187,0.42016601562,-0.29443359375
1726154989060.6719,-0.95397949218,0.4423828125,-0.28735351562
1726154989080.7634,-0.95397949218,0.4423828125,-0.28735351562
1726154989100.794,-0.95397949218,0.4423828125,-0.28735351562
1726154989120.7632,-0.95397949218,0.4423828125,-0.28735351562
1726154989140.6716,-0.92272949218,0.44543457031,-0.2861328125
1726154989160.7937,-0.92272949218,0.44543457031,-0.2861328125
1726154989180.7632,-0.92272949218,0.44543457031,-0.2861328125
1726154989200.794,-0.92272949218,0.44543457031,-0.2861328125
1726154989220.6716,-0.92065429687,0.45007324218,-0.25537109375
1726154989240.794,-0.92065429687,0.45007324218,-0.25537109375
1726154989260.794,-0.92065429687,0.45007324218,-0.25537109375
1726154989280.7634,-0.92065429687,0.45007324218,-0.25537109375
1726154989300.6719,-0.9375,0.49279785156,-0.228515625
1726154989320.7634,-0.9375,0.49279785156,-0.228515625
1726154989340.794,-0.9375,0.49279785156,-0.228515625
1726154989360.7634,-0.9375,0.49279785156,-0.228515625
1726154989380.6716,-0.869140625,0.50244140625,-0.23999023437
1726154989400.7937,-0.869140625,0.50244140625,-0.23999023437
1726154989420.7632,-0.869140625,0.50244140625,-0.23999023437
1726154989440.794,-0.869140625,0.50244140625,-0.23999023437
1726154989460.641,-0.79870605468,0.48498535156,-0.24536132812
1726154989480.794,-0.79870605468,0.48498535156,-0.24536132812
1726154989500.794,-0.79870605468,0.48498535156,-0.24536132812
1726154989520.794,-0.79870605468,0.48498535156,-0.24536132812
1726154989540.6719,-0.77844238281,0.51013183593,-0.22802734375
1726154989560.7634,-0.77844238281,0.51013183593,-0.22802734375
1726154989580.7634,-0.77844238281,0.51013183593,-0.22802734375
1726154989600.794,-0.77844238281,0.51013183593,-0.22802734375
1726154989620.6716,-0.78247070312,0.55212402343,-0.2314453125
1726154989640.7937,-0.78247070312,0.55212402343,-0.2314453125
1726154989660.7632,-0.78247070312,0.55212402343,-0.2314453125
1726154989680.7632,-0.78247070312,0.55212402343,-0.2314453125
1726154989700.6716,-0.78125,0.57690429687,-0.27673339843
1726154989720.794,-0.78125,0.57690429687,-0.27673339843
1726154989740.794,-0.78125,0.57690429687,-0.27673339843
1726154989760.7634,-0.78125,0.57690429687,-0.27673339843
1726154989780.6719,-0.83386230468,0.56970214843,-0.30212402343
1726154989800.7634,-0.83386230468,0.56970214843,-0.30212402343
1726154989820.7634,-0.83386230468,0.56970214843,-0.30212402343
1726154989840.8245,-0.83386230468,0.56970214843,-0.30212402343
1726154989860.6719,-0.95434570312,0.537109375,-0.27734375
1726154989880.7632,-0.95434570312,0.537109375,-0.27734375
1726154989900.7937,-0.95434570312,0.537109375,-0.27734375
1726154989920.7632,-0.95434570312,0.537109375,-0.27734375
1726154989940.6716,-0.95520019531,0.48132324218,-0.25231933593
1726154989960.7634,-0.95520019531,0.48132324218,-0.25231933593
1726154989980.794,-0.95520019531,0.48132324218,-0.25231933593
1726154990000.794,-0.95520019531,0.48132324218,-0.25231933593
1726154990020.6719,-0.86706542968,0.421875,-0.22802734375
1726154990040.7634,-0.86706542968,0.421875,-0.22802734375
1726154990060.7634,-0.86706542968,0.421875,-0.22802734375
1726154990080.7634,-0.86706542968,0.421875,-0.22802734375
1726154990100.6719,-0.89880371093,0.38171386718,-0.19384765625
1726154990120.7632,-0.89880371093,0.38171386718,-0.19384765625
1726154990140.7632,-0.89880371093,0.38171386718,-0.19384765625
1726154990160.7632,-0.89880371093,0.38171386718,-0.19384765625
1726154990180.6716,-0.95129394531,0.36096191406,-0.17687988281
1726154990200.7634,-0.95129394531,0.36096191406,-0.17687988281
1726154990220.794,-0.95129394531,0.36096191406,-0.17687988281
1726154990240.7634,-0.95129394531,0.36096191406,-0.17687988281
1726154990260.6719,-0.93090820312,0.34289550781,-0.18249511718
1726154990280.7634,-0.93090820312,0.34289550781,-0.18249511718
1726154990300.794,-0.93090820312,0.34289550781,-0.18249511718
1726154990320.794,-0.93090820312,0.34289550781,-0.18249511718
1726154990340.6719,-0.9423828125,0.29711914062,-0.23156738281
1726154990360.794,-0.9423828125,0.29711914062,-0.23156738281
1726154990380.7632,-0.9423828125,0.29711914062,-0.23156738281
1726154990400.7937,-0.9423828125,0.29711914062,-0.23156738281
1726154990420.6716,-0.93188476562,0.23803710937,-0.24560546875
1726154990440.7634,-0.93188476562,0.23803710937,-0.24560546875
1726154990460.7634,-0.93188476562,0.23803710937,-0.24560546875
1726154990480.794,-0.93188476562,0.23803710937,-0.24560546875
1726154990500.6719,-0.92810058593,0.21264648437,-0.23754882812
1726154990520.794,-0.92810058593,0.21264648437,-0.23754882812
1726154990540.794,-0.92810058593,0.21264648437,-0.23754882812
1726154990560.794,-0.92810058593,0.21264648437,-0.23754882812
1726154990580.6719,-0.95031738281,0.2392578125,-0.23583984375
1726154990600.7634,-0.95031738281,0.2392578125,-0.23583984375
1726154990620.7937,-0.95031738281,0.2392578125,-0.23583984375
1726154990640.7937,-0.95031738281,0.2392578125,-0.23583984375
1726154990660.6716,-0.98669433593,0.25390625,-0.23718261718
1726154990680.7632,-0.98669433593,0.25390625,-0.23718261718
1726154990700.794,-0.98669433593,0.25390625,-0.23718261718
1726154990720.794,-0.98669433593,0.25390625,-0.23718261718
1726154990740.6719,-1.05895996093,0.2763671875,-0.21899414062
1726154990760.7634,-1.05895996093,0.2763671875,-0.21899414062
1726154990780.7634,-1.05895996093,0.2763671875,-0.21899414062
1726154990800.7634,-1.05895996093,0.2763671875,-0.21899414062
1726154990820.6719,-1.02587890625,0.28259277343,-0.19067382812
1726154990840.7634,-1.02587890625,0.28259277343,-0.19067382812
1726154990860.794,-1.02587890625,0.28259277343,-0.19067382812
1726154990880.7937,-1.02587890625,0.28259277343,-0.19067382812
1726154990900.6716,-0.97924804687,0.27099609375,-0.18688964843
1726154990920.794,-0.97924804687,0.27099609375,-0.18688964843
1726154990940.794,-0.97924804687,0.27099609375,-0.18688964843
1726154990960.7634,-0.97924804687,0.27099609375,-0.18688964843
1726154990980.6716,-1.04711914062,0.26647949218,-0.17565917968
1726154991000.794,-1.04711914062,0.26647949218,-0.17565917968
1726154991020.794,-1.04711914062,0.26647949218,-0.17565917968
1726154991040.7634,-1.04711914062,0.26647949218,-0.17565917968
1726154991060.6719,-1.03601074218,0.27282714843,-0.15173339843
1726154991080.794,-1.03601074218,0.27282714843,-0.15173339843
1726154991100.794,-1.03601074218,0.27282714843,-0.15173339843
1726154991120.7632,-1.03601074218,0.27282714843,-0.15173339843
1726154991140.6716,-0.95788574218,0.29443359375,-0.16247558593
1726154991160.7937,-0.95788574218,0.29443359375,-0.16247558593
1726154991180.7632,-0.95788574218,0.29443359375,-0.16247558593
1726154991200.794,-0.95788574218,0.29443359375,-0.16247558593
1726154991220.6716,-0.90478515625,0.32751464843,-0.19982910156
1726154991240.794,-0.90478515625,0.32751464843,-0.19982910156
1726154991260.794,-0.90478515625,0.32751464843,-0.19982910156
1726154991280.7634,-0.90478515625,0.32751464843,-0.19982910156
1726154991300.6719,-0.87170410156,0.37731933593,-0.2412109375
1726154991320.794,-0.87170410156,0.37731933593,-0.2412109375
1726154991340.794,-0.87170410156,0.37731933593,-0.2412109375
1726154991360.794,-0.87170410156,0.37731933593,-0.2412109375
1726154991380.6716,-0.87292480468,0.42248535156,-0.27819824218
1726154991400.7632,-0.87292480468,0.42248535156,-0.27819824218
1726154991420.794,-0.87292480468,0.42248535156,-0.27819824218
1726154991440.794,-0.87292480468,0.42248535156,-0.27819824218
1726154991460.6716,-0.93078613281,0.43933105468,-0.28918457031
1726154991480.794,-0.93078613281,0.43933105468,-0.28918457031
1726154991500.794,-0.93078613281,0.43933105468,-0.28918457031
1726154991520.794,-0.93078613281,0.43933105468,-0.28918457031
1726154991540.6719,-0.99951171875,0.4482421875,-0.2880859375
1726154991560.794,-0.99951171875,0.4482421875,-0.2880859375
1726154991580.794,-0.99951171875,0.4482421875,-0.2880859375
1726154991600.7634,-0.99951171875,0.4482421875,-0.2880859375
1726154991620.6716,-0.9189453125,0.42834472656,-0.28759765625
1726154991640.7937,-0.9189453125,0.42834472656,-0.28759765625
1726154991660.7937,-0.9189453125,0.42834472656,-0.28759765625
1726154991680.794,-0.9189453125,0.42834472656,-0.28759765625
1726154991700.6716,-0.79797363281,0.37329101562,-0.26647949218
1726154991720.794,-0.79797363281,0.37329101562,-0.26647949218
1726154991740.794,-0.79797363281,0.37329101562,-0.26647949218
1726154991760.8855,-0.79797363281,0.37329101562,-0.26647949218
1726154991780.6719,-0.859375,0.33715820312,-0.25244140625
1726154991800.794,-0.859375,0.33715820312,-0.25244140625
1726154991820.794,-0.859375,0.33715820312,-0.25244140625
1726154991840.7634,-0.859375,0.33715820312,-0.25244140625
1726154991860.6719,-0.89428710937,0.32763671875,-0.27294921875
1726154991880.7937,-0.89428710937,0.32763671875,-0.27294921875
1726154991900.7632,-0.89428710937,0.32763671875,-0.27294921875
1726154991920.7632,-0.89428710937,0.32763671875,-0.27294921875
1726154991940.6716,-0.8271484375,0.32104492187,-0.29089355468
1726154991960.7634,-0.8271484375,0.32104492187,-0.29089355468
1726154991980.794,-0.8271484375,0.32104492187,-0.29089355468
1726154992000.7634,-0.8271484375,0.32104492187,-0.29089355468
1726154992020.6719,-0.83752441406,0.32946777343,-0.28369140625
1726154992040.794,-0.83752441406,0.32946777343,-0.28369140625
1726154992060.794,-0.83752441406,0.32946777343,-0.28369140625
1726154992080.794,-0.83752441406,0.32946777343,-0.28369140625
1726154992100.6719,-0.88208007812,0.34899902343,-0.28442382812
1726154992120.7632,-0.88208007812,0.34899902343,-0.28442382812
1726154992140.7937,-0.88208007812,0.34899902343,-0.28442382812
1726154992160.7632,-0.88208007812,0.34899902343,-0.28442382812
1726154992180.6716,-0.95690917968,0.34460449218,-0.30041503906
1726154992200.7634,-0.95690917968,0.34460449218,-0.30041503906
1726154992220.794,-0.95690917968,0.34460449218,-0.30041503906
1726154992240.794,-0.95690917968,0.34460449218,-0.30041503906
1726154992260.6719,-1.11694335937,0.31237792968,-0.28295898437
1726154992280.794,-1.11694335937,0.31237792968,-0.28295898437
1726154992300.7634,-1.11694335937,0.31237792968,-0.28295898437
1726154992320.7634,-1.11694335937,0.31237792968,-0.28295898437
1726154992340.6719,-1.15307617187,0.25561523437,-0.22680664062
1726154992360.7634,-1.15307617187,0.25561523437,-0.22680664062
1726154992380.7937,-1.15307617187,0.25561523437,-0.22680664062
1726154992400.7632,-1.15307617187,0.25561523437,-0.22680664062
1726154992420.6716,-1.02600097656,0.18640136718,-0.18591308593
1726154992440.7634,-1.02600097656,0.18640136718,-0.18591308593
1726154992460.794,-1.02600097656,0.18640136718,-0.18591308593
1726154992480.7634,-1.02600097656,0.18640136718,-0.18591308593
1726154992500.6719,-0.98962402343,0.15832519531,-0.15026855468
1726154992520.7634,-0.98962402343,0.15832519531,-0.15026855468
1726154992540.7634,-0.98962402343,0.15832519531,-0.15026855468
1726154992560.794,-0.98962402343,0.15832519531,-0.15026855468
1726154992580.6719,-1.01440429687,0.16711425781,-0.1201171875
1726154992600.794,-1.01440429687,0.16711425781,-0.1201171875
1726154992620.7632,-1.01440429687,0.16711425781,-0.1201171875
1726154992640.7937,-1.01440429687,0.16711425781,-0.1201171875
1726154992660.6716,-0.98425292968,0.19311523437,-0.12060546875
1726154992680.794,-0.98425292968,0.19311523437,-0.12060546875
1726154992700.794,-0.98425292968,0.19311523437,-0.12060546875
1726154992720.7634,-0.98425292968,0.19311523437,-0.12060546875
1726154992740.6719,-0.95043945312,0.23645019531,-0.125
1726154992760.7634,-0.95043945312,0.23645019531,-0.125
1726154992780.794,-0.95043945312,0.23645019531,-0.125
1726154992800.794,-0.95043945312,0.23645019531,-0.125
1726154992820.6719,-0.94604492187,0.27331542968,-0.125
1726154992840.794,-0.94604492187,0.27331542968,-0.125
1726154992860.7634,-0.94604492187,0.27331542968,-0.125
1726154992880.7632,-0.94604492187,0.27331542968,-0.125
1726154992905.5571,-0.96911621093,0.29272460937,-0.13012695312
1726154992920.641,-0.96911621093,0.29272460937,-0.13012695312
1726154992940.794,-0.96911621093,0.29272460937,-0.13012695312
1726154992960.7634,-0.96911621093,0.29272460937,-0.13012695312
1726154992980.6716,-1.05688476562,0.28601074218,-0.14306640625
1726154993000.794,-1.05688476562,0.28601074218,-0.14306640625
1726154993020.794,-1.05688476562,0.28601074218,-0.14306640625
1726154993040.7634,-1.05688476562,0.28601074218,-0.14306640625
1726154993060.6719,-1.07922363281,0.271484375,-0.18237304687
1726154993080.794,-1.07922363281,0.271484375,-0.18237304687
1726154993100.794,-1.07922363281,0.271484375,-0.18237304687
1726154993120.7937,-1.07922363281,0.271484375,-0.18237304687
1726154993140.6716,-1.01037597656,0.27099609375,-0.21740722656
1726154993160.7632,-1.01037597656,0.27099609375,-0.21740722656
1726154993180.794,-1.01037597656,0.27099609375,-0.21740722656
1726154993200.7634,-1.01037597656,0.27099609375,-0.21740722656
1726154993220.6716,-0.99487304687,0.26550292968,-0.24108886718
1726154993240.7634,-0.99487304687,0.26550292968,-0.24108886718
1726154993260.794,-0.99487304687,0.26550292968,-0.24108886718
1726154993280.8547,-0.99487304687,0.26550292968,-0.24108886718
1726154993300.6719,-0.9658203125,0.27026367187,-0.27709960937
1726154993320.7634,-0.9658203125,0.27026367187,-0.27709960937
1726154993340.7634,-0.9658203125,0.27026367187,-0.27709960937
1726154993360.794,-0.9658203125,0.27026367187,-0.27709960937
1726154993380.6716,-0.90124511718,0.30688476562,-0.29284667968
1726154993400.7937,-0.90124511718,0.30688476562,-0.29284667968
1726154993420.7632,-0.90124511718,0.30688476562,-0.29284667968
1726154993440.794,-0.90124511718,0.30688476562,-0.29284667968
1726154993460.6716,-0.86901855468,0.34680175781,-0.29711914062
1726154993480.794,-0.86901855468,0.34680175781,-0.29711914062
1726154993500.7634,-0.86901855468,0.34680175781,-0.29711914062
1726154993520.794,-0.86901855468,0.34680175781,-0.29711914062
1726154993540.6719,-0.85083007812,0.37182617187,-0.31774902343
1726154993560.794,-0.85083007812,0.37182617187,-0.31774902343
1726154993580.794,-0.85083007812,0.37182617187,-0.31774902343
1726154993600.7634,-0.85083007812,0.37182617187,-0.31774902343
1726154993620.6716,-0.81726074218,0.37817382812,-0.34411621093
1726154993640.7632,-0.81726074218,0.37817382812,-0.34411621093
1726154993660.7937,-0.81726074218,0.37817382812,-0.34411621093
1726154993680.7632,-0.81726074218,0.37817382812,-0.34411621093
1726154993700.6716,-0.79333496093,0.39477539062,-0.35949707031
1726154993720.794,-0.79333496093,0.39477539062,-0.35949707031
1726154993740.7634,-0.79333496093,0.39477539062,-0.35949707031
1726154993760.794,-0.79333496093,0.39477539062,-0.35949707031
1726154993780.6719,-0.8134765625,0.43481445312,-0.37084960937
1726154993800.7634,-0.8134765625,0.43481445312,-0.37084960937
1726154993820.7634,-0.8134765625,0.43481445312,-0.37084960937
1726154993840.794,-0.8134765625,0.43481445312,-0.37084960937
1726154993860.6719,-0.87915039062,0.49194335937,-0.36157226562
1726154993880.7632,-0.87915039062,0.49194335937,-0.36157226562
1726154993900.7632,-0.87915039062,0.49194335937,-0.36157226562
1726154993920.794,-0.87915039062,0.49194335937,-0.36157226562
1726154993940.6716,-0.86071777343,0.53747558593,-0.31665039062
1726154993960.794,-0.86071777343,0.53747558593,-0.31665039062
1726154993980.794,-0.86071777343,0.53747558593,-0.31665039062
1726154994000.794,-0.86071777343,0.53747558593,-0.31665039062
1726154994020.6719,-0.83764648437,0.52624511718,-0.25708007812
1726154994040.8547,-0.83764648437,0.52624511718,-0.25708007812
1726154994060.794,-0.83764648437,0.52624511718,-0.25708007812
1726154994080.794,-0.83764648437,0.52624511718,-0.25708007812
1726154994100.6719,-0.91955566406,0.48571777343,-0.20947265625
1726154994120.7937,-0.91955566406,0.48571777343,-0.20947265625
1726154994140.7937,-0.91955566406,0.48571777343,-0.20947265625
1726154994160.7937,-0.91955566406,0.48571777343,-0.20947265625
1726154994180.6716,-0.94421386718,0.44384765625,-0.20397949218
1726154994200.794,-0.94421386718,0.44384765625,-0.20397949218
1726154994220.794,-0.94421386718,0.44384765625,-0.20397949218
1726154994240.7634,-0.94421386718,0.44384765625,-0.20397949218
1726154994260.6719,-0.89636230468,0.3857421875,-0.21594238281
1726154994280.794,-0.89636230468,0.3857421875,-0.21594238281
1726154994300.794,-0.89636230468,0.3857421875,-0.21594238281
1726154994320.794,-0.89636230468,0.3857421875,-0.21594238281
1726154994340.6719,-0.89074707031,0.35241699218,-0.21435546875
1726154994360.794,-0.89074707031,0.35241699218,-0.21435546875
1726154994380.7937,-0.89074707031,0.35241699218,-0.21435546875
1726154994400.7937,-0.89074707031,0.35241699218,-0.21435546875
1726154994420.702,-0.92346191406,0.37951660156,-0.21142578125
1726154994440.7634,-0.92346191406,0.37951660156,-0.21142578125
1726154994460.794,-0.92346191406,0.37951660156,-0.21142578125
1726154994480.794,-0.92346191406,0.37951660156,-0.21142578125
1726154994500.6719,-0.95129394531,0.41833496093,-0.20385742187
1726154994520.794,-0.95129394531,0.41833496093,-0.20385742187
1726154994540.794,-0.95129394531,0.41833496093,-0.20385742187
1726154994560.794,-0.95129394531,0.41833496093,-0.20385742187
1726154994580.6719,-0.97778320312,0.43322753906,-0.18469238281
1726154994600.794,-0.97778320312,0.43322753906,-0.18469238281
1726154994620.7937,-0.97778320312,0.43322753906,-0.18469238281
1726154994640.7937,-0.97778320312,0.43322753906,-0.18469238281
1726154994660.6716,-1.03918457031,0.41723632812,-0.16845703125
1726154994680.794,-1.03918457031,0.41723632812,-0.16845703125
1726154994700.7634,-1.03918457031,0.41723632812,-0.16845703125
1726154994720.794,-1.03918457031,0.41723632812,-0.16845703125
1726154994740.6719,-1.03747558593,0.37121582031,-0.17126464843
1726154994760.7634,-1.03747558593,0.37121582031,-0.17126464843
1726154994780.7634,-1.03747558593,0.37121582031,-0.17126464843
1726154994800.794,-1.03747558593,0.37121582031,-0.17126464843
1726154994820.6719,-0.9033203125,0.29248046875,-0.19665527343
1726154994840.794,-0.9033203125,0.29248046875,-0.19665527343
1726154994860.7634,-0.9033203125,0.29248046875,-0.19665527343
1726154994880.7632,-0.9033203125,0.29248046875,-0.19665527343
1726154994900.6716,-0.90014648437,0.2119140625,-0.20104980468
1726154994920.794,-0.90014648437,0.2119140625,-0.20104980468
1726154994940.794,-0.90014648437,0.2119140625,-0.20104980468
1726154994960.794,-0.90014648437,0.2119140625,-0.20104980468
1726154994980.6716,-0.98425292968,0.16296386718,-0.19067382812
1726154995000.7634,-0.98425292968,0.16296386718,-0.19067382812
1726154995020.7634,-0.98425292968,0.16296386718,-0.19067382812
1726154995040.794,-0.98425292968,0.16296386718,-0.19067382812
1726154995060.6719,-0.96813964843,0.13696289062,-0.197265625
1726154995080.794,-0.96813964843,0.13696289062,-0.197265625
1726154995100.794,-0.96813964843,0.13696289062,-0.197265625
1726154995120.7632,-0.96813964843,0.13696289062,-0.197265625
1726154995140.6716,-0.94909667968,0.15087890625,-0.21179199218
1726154995160.7937,-0.94909667968,0.15087890625,-0.21179199218
1726154995180.7632,-0.94909667968,0.15087890625,-0.21179199218
1726154995200.794,-0.94909667968,0.15087890625,-0.21179199218
1726154995220.6716,-0.92565917968,0.17407226562,-0.20825195312
1726154995240.7634,-0.92565917968,0.17407226562,-0.20825195312
1726154995260.794,-0.92565917968,0.17407226562,-0.20825195312
1726154995280.794,-0.92565917968,0.17407226562,-0.20825195312
1726154995300.6719,-0.90441894531,0.16821289062,-0.18676757812
1726154995320.794,-0.90441894531,0.16821289062,-0.18676757812
1726154995340.7634,-0.90441894531,0.16821289062,-0.18676757812
1726154995360.7634,-0.90441894531,0.16821289062,-0.18676757812
1726154995380.6716,-0.92565917968,0.16857910156,-0.17016601562
1726154995400.7632,-0.92565917968,0.16857910156,-0.17016601562
1726154995420.794,-0.92565917968,0.16857910156,-0.17016601562
1726154995440.794,-0.92565917968,0.16857910156,-0.17016601562
1726154995460.6716,-1.10705566406,0.23937988281,-0.17517089843
1726154995480.794,-1.10705566406,0.23937988281,-0.17517089843
1726154995500.794,-1.10705566406,0.23937988281,-0.17517089843
1726154995520.7634,-1.10705566406,0.23937988281,-0.17517089843
1726154995540.6719,-1.0869140625,0.26635742187,-0.18701171875
1726154995560.794,-1.0869140625,0.26635742187,-0.18701171875
1726154995580.794,-1.0869140625,0.26635742187,-0.18701171875
1726154995600.794,-1.0869140625,0.26635742187,-0.18701171875
1726154995620.6716,-1.02856445312,0.25500488281,-0.19555664062
1726154995640.7937,-1.02856445312,0.25500488281,-0.19555664062
1726154995660.7937,-1.02856445312,0.25500488281,-0.19555664062
1726154995680.7632,-1.02856445312,0.25500488281,-0.19555664062
1726154995700.641,-1.06799316406,0.24865722656,-0.177734375
1726154995720.794,-1.06799316406,0.24865722656,-0.177734375
1726154995740.7634,-1.06799316406,0.24865722656,-0.177734375
1726154995760.794,-1.06799316406,0.24865722656,-0.177734375
1726154995780.6719,-1.046875,0.26135253906,-0.16723632812
1726154995800.794,-1.046875,0.26135253906,-0.16723632812
1726154995820.794,-1.046875,0.26135253906,-0.16723632812
1726154995840.794,-1.046875,0.26135253906,-0.16723632812
1726154995860.6719,-0.96911621093,0.28076171875,-0.17907714843
1726154995880.7937,-0.96911621093,0.28076171875,-0.17907714843
1726154995900.7632,-0.96911621093,0.28076171875,-0.17907714843
1726154995920.794,-0.96911621093,0.28076171875,-0.17907714843
1726154995940.641,-0.90893554687,0.31909179687,-0.21166992187
1726154995960.794,-0.90893554687,0.31909179687,-0.21166992187
1726154995980.794,-0.90893554687,0.31909179687,-0.21166992187
1726154996000.794,-0.90893554687,0.31909179687,-0.21166992187
1726154996020.6719,-0.86840820312,0.38586425781,-0.25610351562
1726154996040.794,-0.86840820312,0.38586425781,-0.25610351562
1726154996060.794,-0.86840820312,0.38586425781,-0.25610351562
1726154996080.7634,-0.86840820312,0.38586425781,-0.25610351562
1726154996100.6719,-0.84326171875,0.42541503906,-0.28930664062
1726154996120.7937,-0.84326171875,0.42541503906,-0.28930664062
1726154996140.7937,-0.84326171875,0.42541503906,-0.28930664062
1726154996160.7632,-0.84326171875,0.42541503906,-0.28930664062
1726154996180.6716,-0.92431640625,0.43542480468,-0.29235839843
1726154996200.7634,-0.92431640625,0.43542480468,-0.29235839843
1726154996220.7634,-0.92431640625,0.43542480468,-0.29235839843
1726154996240.794,-0.92431640625,0.43542480468,-0.29235839843
1726154996260.6719,-0.9599609375,0.44641113281,-0.29479980468
1726154996280.7634,-0.9599609375,0.44641113281,-0.29479980468
1726154996300.794,-0.9599609375,0.44641113281,-0.29479980468
1726154996320.7634,-0.9599609375,0.44641113281,-0.29479980468
1726154996340.6719,-0.8974609375,0.4306640625,-0.29064941406
1726154996360.794,-0.8974609375,0.4306640625,-0.29064941406
1726154996380.7937,-0.8974609375,0.4306640625,-0.29064941406
1726154996400.7632,-0.8974609375,0.4306640625,-0.29064941406
1726154996420.6716,-0.8984375,0.40466308593,-0.2626953125
1726154996440.794,-0.8984375,0.40466308593,-0.2626953125
1726154996460.7634,-0.8984375,0.40466308593,-0.2626953125
1726154996480.794,-0.8984375,0.40466308593,-0.2626953125
1726154996500.6719,-0.88330078125,0.3798828125,-0.24963378906
1726154996520.7634,-0.88330078125,0.3798828125,-0.24963378906
1726154996540.7634,-0.88330078125,0.3798828125,-0.24963378906
1726154996560.7634,-0.88330078125,0.3798828125,-0.24963378906
1726154996580.6719,-0.86267089843,0.35070800781,-0.25610351562
1726154996600.794,-0.86267089843,0.35070800781,-0.25610351562
1726154996620.7937,-0.86267089843,0.35070800781,-0.25610351562
1726154996640.7632,-0.86267089843,0.35070800781,-0.25610351562
1726154996660.6716,-0.90002441406,0.34228515625,-0.2685546875
1726154996680.794,-0.90002441406,0.34228515625,-0.2685546875
1726154996700.7634,-0.90002441406,0.34228515625,-0.2685546875
1726154996720.794,-0.90002441406,0.34228515625,-0.2685546875
1726154996740.6719,-0.93298339843,0.34460449218,-0.28051757812
1726154996760.7634,-0.93298339843,0.34460449218,-0.28051757812
1726154996780.7634,-0.93298339843,0.34460449218,-0.28051757812
1726154996800.794,-0.93298339843,0.34460449218,-0.28051757812
1726154996820.6719,-0.92236328125,0.33312988281,-0.27880859375
1726154996840.794,-0.92236328125,0.33312988281,-0.27880859375
1726154996860.794,-0.92236328125,0.33312988281,-0.27880859375
1726154996880.7937,-0.92236328125,0.33312988281,-0.27880859375
1726154996900.6716,-0.93200683593,0.29138183593,-0.26965332031
1726154996920.794,-0.93200683593,0.29138183593,-0.26965332031
1726154996940.7634,-0.93200683593,0.29138183593,-0.26965332031
1726154996960.7634,-0.93200683593,0.29138183593,-0.26965332031
1726154996980.6716,-1.01049804687,0.21875,-0.25915527343
1726154997000.7634,-1.01049804687,0.21875,-0.25915527343
1726154997020.794,-1.01049804687,0.21875,-0.25915527343
1726154997040.794,-1.01049804687,0.21875,-0.25915527343
1726154997060.6719,-1.12524414062,0.14624023437,-0.22302246093
1726154997080.794,-1.12524414062,0.14624023437,-0.22302246093
1726154997100.7634,-1.12524414062,0.14624023437,-0.22302246093
1726154997120.7937,-1.12524414062,0.14624023437,-0.22302246093
1726154997140.6716,-1.09326171875,0.06665039062,-0.1904296875
1726154997160.7632,-1.09326171875,0.06665039062,-0.1904296875
1726154997180.794,-1.09326171875,0.06665039062,-0.1904296875
1726154997200.7634,-1.09326171875,0.06665039062,-0.1904296875
1726154997220.6716,-1.00854492187,0.01806640625,-0.18054199218
1726154997240.794,-1.00854492187,0.01806640625,-0.18054199218
1726154997260.794,-1.00854492187,0.01806640625,-0.18054199218
1726154997280.7634,-1.00854492187,0.01806640625,-0.18054199218
1726154997300.6719,-1.01904296875,0.01623535156,-0.142578125
1726154997320.7634,-1.01904296875,0.01623535156,-0.142578125
1726154997340.794,-1.01904296875,0.01623535156,-0.142578125
1726154997360.794,-1.01904296875,0.01623535156,-0.142578125
1726154997380.6716,-0.99169921875,0.02783203125,-0.09985351562
1726154997400.7632,-0.99169921875,0.02783203125,-0.09985351562
1726154997420.7632,-0.99169921875,0.02783203125,-0.09985351562
1726154997440.7634,-0.99169921875,0.02783203125,-0.09985351562
1726154997460.6716,-0.94445800781,0.07702636718,-0.08715820312
1726154997480.7634,-0.94445800781,0.07702636718,-0.08715820312
1726154997500.794,-0.94445800781,0.07702636718,-0.08715820312
1726154997520.794,-0.94445800781,0.07702636718,-0.08715820312
1726154997540.6719,-0.9423828125,0.14172363281,-0.08752441406
1726154997560.7634,-0.9423828125,0.14172363281,-0.08752441406
1726154997580.794,-0.9423828125,0.14172363281,-0.08752441406
1726154997600.794,-0.9423828125,0.14172363281,-0.08752441406
1726154997620.6716,-0.96215820312,0.19580078125,-0.11059570312
1726154997640.7632,-0.96215820312,0.19580078125,-0.11059570312
1726154997660.7632,-0.96215820312,0.19580078125,-0.11059570312
1726154997680.794,-0.96215820312,0.19580078125,-0.11059570312
1726154997700.519,-0.9765625,0.22314453125,-0.15368652343
1726154997720.794,-0.9765625,0.22314453125,-0.15368652343
1726154997740.794,-0.9765625,0.22314453125,-0.15368652343
1726154997760.794,-0.9765625,0.22314453125,-0.15368652343
1726154997780.5496,-1.01037597656,0.21716308593,-0.19360351562
1726154997800.7634,-1.01037597656,0.21716308593,-0.19360351562
1726154997820.7634,-1.01037597656,0.21716308593,-0.19360351562
1726154997840.8855,-1.01037597656,0.21716308593,-0.19360351562
1726154997860.5803,-1.11901855468,0.21643066406,-0.20812988281
1726154997880.7937,-1.11901855468,0.21643066406,-0.20812988281
1726154997900.7632,-1.11901855468,0.21643066406,-0.20812988281
1726154997920.7632,-1.11901855468,0.21643066406,-0.20812988281
1726154997940.6104,-1.09558105468,0.21911621093,-0.22106933593
1726154997960.794,-1.09558105468,0.21911621093,-0.22106933593
1726154997980.794,-1.09558105468,0.21911621093,-0.22106933593
1726154998000.7634,-1.09558105468,0.21911621093,-0.22106933593
1726154998020.4883,-0.93566894531,0.20690917968,-0.21667480468
1726154998040.794,-0.93566894531,0.20690917968,-0.21667480468
1726154998060.794,-0.93566894531,0.20690917968,-0.21667480468
1726154998080.7634,-0.93566894531,0.20690917968,-0.21667480468
1726154998100.5193,-0.93615722656,0.19189453125,-0.18957519531
1726154998120.7632,-0.93615722656,0.19189453125,-0.18957519531
1726154998140.7937,-0.93615722656,0.19189453125,-0.18957519531
1726154998160.7937,-0.93615722656,0.19189453125,-0.18957519531
1726154998180.5496,-0.97485351562,0.21716308593,-0.21350097656
1726154998200.794,-0.97485351562,0.21716308593,-0.21350097656
1726154998220.794,-0.97485351562,0.21716308593,-0.21350097656
1726154998240.794,-0.97485351562,0.21716308593,-0.21350097656
1726154998260.58,-0.91796875,0.25610351562,-0.26110839843
1726154998280.7634,-0.91796875,0.25610351562,-0.26110839843
1726154998300.7634,-0.91796875,0.25610351562,-0.26110839843
1726154998320.794,-0.91796875,0.25610351562,-0.26110839843
1726154998340.6108,-0.87048339843,0.30126953125,-0.2822265625
1726154998360.794,-0.87048339843,0.30126953125,-0.2822265625
1726154998380.7937,-0.87048339843,0.30126953125,-0.2822265625
1726154998400.7937,-0.87048339843,0.30126953125,-0.2822265625
1726154998420.641,-0.83374023437,0.37133789062,-0.30358886718
1726154998440.7634,-0.83374023437,0.37133789062,-0.30358886718
1726154998460.794,-0.83374023437,0.37133789062,-0.30358886718
1726154998480.794,-0.83374023437,0.37133789062,-0.30358886718
1726154998500.6719,-0.80517578125,0.42492675781,-0.328125
1726154998520.7634,-0.80517578125,0.42492675781,-0.328125
1726154998540.794,-0.80517578125,0.42492675781,-0.328125
1726154998560.7634,-0.80517578125,0.42492675781,-0.328125
1726154998580.7024,-0.81384277343,0.46862792968,-0.33544921875
1726154998600.7634,-0.81384277343,0.46862792968,-0.33544921875
1726154998620.7937,-0.81384277343,0.46862792968,-0.33544921875
1726154998640.7937,-0.81384277343,0.46862792968,-0.33544921875
1726154998660.7327,-0.89074707031,0.50671386718,-0.32946777343
1726154998680.794,-0.89074707031,0.50671386718,-0.32946777343
1726154998700.7634,-0.89074707031,0.50671386718,-0.32946777343
1726154998720.7634,-0.89074707031,0.50671386718,-0.32946777343
1726154998740.7634,-0.93395996093,0.51818847656,-0.31311035156
1726154998760.7634,-0.93395996093,0.51818847656,-0.31311035156
1726154998780.7634,-0.93395996093,0.51818847656,-0.31311035156
1726154998800.794,-0.93395996093,0.51818847656,-0.31311035156
1726154998820.794,-0.89770507812,0.47143554687,-0.27624511718
1726154998840.794,-0.89770507812,0.47143554687,-0.27624511718
1726154998860.794,-0.89770507812,0.47143554687,-0.27624511718
1726154998880.7632,-0.89770507812,0.47143554687,-0.27624511718
1726154998900.8242,-0.92358398437,0.41735839843,-0.23095703125
1726154998920.7632,-0.92358398437,0.41735839843,-0.23095703125
1726154998940.794,-0.92358398437,0.41735839843,-0.23095703125
1726154998960.6104,-0.92358398437,0.41735839843,-0.23095703125
1726154998980.8547,-0.93566894531,0.38793945312,-0.21081542968
1726154999000.7634,-0.93566894531,0.38793945312,-0.21081542968
1726154999020.794,-0.93566894531,0.38793945312,-0.21081542968
1726154999040.7634,-0.93566894531,0.38793945312,-0.21081542968
1726154999060.8855,-0.88818359375,0.36071777343,-0.22241210937
1726154999080.7634,-0.88818359375,0.36071777343,-0.22241210937
1726154999100.7634,-0.88818359375,0.36071777343,-0.22241210937
1726154999120.7937,-0.88818359375,0.36071777343,-0.22241210937
1726154999140.977,-0.87744140625,0.36364746093,-0.22875976562
1726154999160.7937,-0.87744140625,0.36364746093,-0.22875976562
1726154999180.794,-0.87744140625,0.36364746093,-0.22875976562
1726154999200.794,-0.87744140625,0.36364746093,-0.22875976562
1726154999220.9463,-0.90478515625,0.39624023437,-0.21301269531
1726154999240.794,-0.90478515625,0.39624023437,-0.21301269531
1726154999260.794,-0.90478515625,0.39624023437,-0.21301269531
1726154999280.794,-0.90478515625,0.39624023437,-0.21301269531
1726154999300.977,-0.939453125,0.43017578125,-0.19104003906
1726154999320.7634,-0.939453125,0.43017578125,-0.19104003906
1726154999340.7634,-0.939453125,0.43017578125,-0.19104003906
1726154999360.794,-0.939453125,0.43017578125,-0.19104003906
1726154999381.0686,-1.03381347656,0.42419433593,-0.15893554687
1726154999400.7632,-1.03381347656,0.42419433593,-0.15893554687
1726154999420.7632,-1.03381347656,0.42419433593,-0.15893554687
1726154999440.7634,-1.03381347656,0.42419433593,-0.15893554687
1726154999461.038,-1.08813476562,0.35571289062,-0.14709472656
1726154999480.7634,-1.08813476562,0.35571289062,-0.14709472656
1726154999500.7634,-1.08813476562,0.35571289062,-0.14709472656
1726154999520.794,-1.08813476562,0.35571289062,-0.14709472656
1726154999541.0688,-0.95715332031,0.26232910156,-0.16235351562
1726154999560.794,-0.95715332031,0.26232910156,-0.16235351562
1726154999580.794,-0.95715332031,0.26232910156,-0.16235351562
1726154999600.794,-0.95715332031,0.26232910156,-0.16235351562
1726154999621.16,-0.92004394531,0.1875,-0.16125488281
1726154999640.7937,-0.92004394531,0.1875,-0.16125488281
1726154999660.7937,-0.92004394531,0.1875,-0.16125488281
1726154999680.794,-0.92004394531,0.1875,-0.16125488281
1726154999701.1296,-1.00598144531,0.1337890625,-0.1689453125
1726154999720.794,-1.00598144531,0.1337890625,-0.1689453125
1726154999740.7634,-1.00598144531,0.1337890625,-0.1689453125
1726154999760.794,-1.00598144531,0.1337890625,-0.1689453125
1726154999781.1604,-0.99694824218,0.10046386718,-0.20593261718
1726154999800.794,-0.99694824218,0.10046386718,-0.20593261718
1726154999820.7634,-0.99694824218,0.10046386718,-0.20593261718
1726154999840.7634,-0.99694824218,0.10046386718,-0.20593261718
1726154999861.191,-0.95837402343,0.11096191406,-0.23779296875
1726154999880.7937,-0.95837402343,0.11096191406,-0.23779296875
1726154999900.7937,-0.95837402343,0.11096191406,-0.23779296875
1726154999920.794,-0.95837402343,0.11096191406,-0.23779296875
1726154999941.2214,-0.95397949218,0.13977050781,-0.24328613281
1726154999960.794,-0.95397949218,0.13977050781,-0.24328613281
1726154999980.794,-0.95397949218,0.13977050781,-0.24328613281
1726155000000.7634,-0.95397949218,0.13977050781,-0.24328613281
1726155000021.252,-0.95300292968,0.15002441406,-0.23120117187
1726155000040.794,-0.95300292968,0.15002441406,-0.23120117187
1726155000060.794,-0.95300292968,0.15002441406,-0.23120117187
1726155000080.794,-0.95300292968,0.15002441406,-0.23120117187
1726155000101.3435,-0.94104003906,0.16528320312,-0.20788574218
1726155000120.7937,-0.94104003906,0.16528320312,-0.20788574218
1726155000140.7937,-0.94104003906,0.16528320312,-0.20788574218
1726155000160.7937,-0.94104003906,0.16528320312,-0.20788574218
1726155000181.3127,-0.94177246093,0.17761230468,-0.18969726562
1726155000200.794,-0.94177246093,0.17761230468,-0.18969726562
1726155000220.794,-0.94177246093,0.17761230468,-0.18969726562
1726155000240.794,-0.94177246093,0.17761230468,-0.18969726562
1726155000261.3435,-1.04418945312,0.19177246093,-0.18017578125
1726155000280.794,-1.04418945312,0.19177246093,-0.18017578125
1726155000300.794,-1.04418945312,0.19177246093,-0.18017578125
1726155000320.794,-1.04418945312,0.19177246093,-0.18017578125
1726155000341.4353,-1.12841796875,0.19201660156,-0.17358398437
1726155000360.794,-1.12841796875,0.19201660156,-0.17358398437
1726155000380.7937,-1.12841796875,0.19201660156,-0.17358398437
1726155000400.7632,-1.12841796875,0.19201660156,-0.17358398437
1726155000421.4043,-1.04992675781,0.16931152343,-0.17053222656
1726155000440.794,-1.04992675781,0.16931152343,-0.17053222656
1726155000460.7634,-1.04992675781,0.16931152343,-0.17053222656
1726155000480.794,-1.04992675781,0.16931152343,-0.17053222656
1726155000501.496,-1.03845214843,0.16174316406,-0.14624023437
1726155000520.794,-1.03845214843,0.16174316406,-0.14624023437
1726155000540.7634,-1.03845214843,0.16174316406,-0.14624023437
1726155000560.794,-1.03845214843,0.16174316406,-0.14624023437
1726155000581.4658,-1.06640625,0.17395019531,-0.14587402343
1726155000600.794,-1.06640625,0.17395019531,-0.14587402343
1726155000620.7937,-1.06640625,0.17395019531,-0.14587402343
1726155000640.7937,-1.06640625,0.17395019531,-0.14587402343
1726155000661.496,-0.96923828125,0.23754882812,-0.18469238281
1726155000680.794,-0.96923828125,0.23754882812,-0.18469238281
1726155000700.794,-0.96923828125,0.23754882812,-0.18469238281
1726155000720.7634,-0.96923828125,0.23754882812,-0.18469238281
1726155000741.588,-0.9423828125,0.31762695312,-0.21643066406
1726155000760.794,-0.9423828125,0.31762695312,-0.21643066406
1726155000780.794,-0.9423828125,0.31762695312,-0.21643066406
1726155000800.794,-0.9423828125,0.31762695312,-0.21643066406
1726155000821.5571,-0.93408203125,0.36645507812,-0.24365234375
1726155000840.7634,-0.93408203125,0.36645507812,-0.24365234375
1726155000860.7634,-0.93408203125,0.36645507812,-0.24365234375
1726155000880.8242,-0.93408203125,0.36645507812,-0.24365234375
1726155000901.5876,-0.89050292968,0.37048339843,-0.28564453125
1726155000920.7632,-0.89050292968,0.37048339843,-0.28564453125
1726155000940.794,-0.89050292968,0.37048339843,-0.28564453125
1726155000960.794,-0.89050292968,0.37048339843,-0.28564453125
1726155000981.6184,-0.82958984375,0.3515625,-0.29675292968
1726155001000.7634,-0.82958984375,0.3515625,-0.29675292968
1726155001020.794,-0.82958984375,0.3515625,-0.29675292968
1726155001040.794,-0.82958984375,0.3515625,-0.29675292968
1726155001061.6487,-0.88659667968,0.36145019531,-0.28845214843
1726155001080.794,-0.88659667968,0.36145019531,-0.28845214843
1726155001100.7634,-0.88659667968,0.36145019531,-0.28845214843
1726155001120.7632,-0.88659667968,0.36145019531,-0.28845214843
1726155001141.6792,-0.96325683593,0.42346191406,-0.32629394531
1726155001160.641,-0.96325683593,0.42346191406,-0.32629394531
1726155001180.794,-0.96325683593,0.42346191406,-0.32629394531
1726155001200.794,-0.96325683593,0.42346191406,-0.32629394531
1726155001221.71,-0.89685058593,0.47521972656,-0.35327148437
1726155001240.641,-0.89685058593,0.47521972656,-0.35327148437
1726155001260.794,-0.89685058593,0.47521972656,-0.35327148437
1726155001280.794,-0.89685058593,0.47521972656,-0.35327148437
1726155001301.7405,-0.85229492187,0.45251464843,-0.34399414062
1726155001320.641,-0.85229492187,0.45251464843,-0.34399414062
1726155001340.794,-0.85229492187,0.45251464843,-0.34399414062
1726155001360.7634,-0.85229492187,0.45251464843,-0.34399414062
1726155001381.7708,-0.90246582031,0.40539550781,-0.35009765625
1726155001400.641,-0.90246582031,0.40539550781,-0.35009765625
1726155001420.7632,-0.90246582031,0.40539550781,-0.35009765625
1726155001440.794,-0.90246582031,0.40539550781,-0.35009765625
1726155001461.8623,-0.85180664062,0.39807128906,-0.34460449218
1726155001480.641,-0.85180664062,0.39807128906,-0.34460449218
1726155001500.794,-0.85180664062,0.39807128906,-0.34460449218
1726155001520.7634,-0.85180664062,0.39807128906,-0.34460449218
1726155001541.8933,-0.84802246093,0.44152832031,-0.30139160156
1726155001560.641,-0.84802246093,0.44152832031,-0.30139160156
1726155001580.7634,-0.84802246093,0.44152832031,-0.30139160156
1726155001600.7634,-0.84802246093,0.44152832031,-0.30139160156
1726155001621.8623,-0.91186523437,0.45971679687,-0.24475097656
1726155001640.641,-0.91186523437,0.45971679687,-0.24475097656
1726155001660.7937,-0.91186523437,0.45971679687,-0.24475097656
1726155001680.7632,-0.91186523437,0.45971679687,-0.24475097656
1726155001701.893,-0.91467285156,0.42443847656,-0.20788574218
1726155001720.641,-0.91467285156,0.42443847656,-0.20788574218
1726155001740.7634,-0.91467285156,0.42443847656,-0.20788574218
1726155001760.7634,-0.91467285156,0.42443847656,-0.20788574218
1726155001781.9238,-0.91271972656,0.38391113281,-0.15319824218
1726155001800.641,-0.91271972656,0.38391113281,-0.15319824218
1726155001820.794,-0.91271972656,0.38391113281,-0.15319824218
1726155001840.7634,-0.91271972656,0.38391113281,-0.15319824218
1726155001861.954,-0.90869140625,0.37658691406,-0.11413574218
1726155001880.641,-0.90869140625,0.37658691406,-0.11413574218
1726155001900.7632,-0.90869140625,0.37658691406,-0.11413574218
1726155001920.7632,-0.90869140625,0.37658691406,-0.11413574218
1726155001941.9846,-0.93505859375,0.45336914062,-0.11682128906
1726155001960.641,-0.93505859375,0.45336914062,-0.11682128906
1726155001980.7634,-0.93505859375,0.45336914062,-0.11682128906
1726155002000.794,-0.93505859375,0.45336914062,-0.11682128906
1726155002022.0151,-0.97131347656,0.47766113281,-0.01379394531
1726155002040.641,-0.97131347656,0.47766113281,-0.01379394531
1726155002060.794,-0.97131347656,0.47766113281,-0.01379394531
1726155002080.7634,-0.97131347656,0.47766113281,-0.01379394531
1726155002102.809,-0.92980957031,0.4609375,0.06555175781
1726155002120.6104,-0.92980957031,0.4609375,0.06555175781
1726155002140.7632,-0.92980957031,0.4609375,0.06555175781
1726155002160.7937,-0.92980957031,0.4609375,0.06555175781
1726155002182.0764,-0.890625,0.46032714843,0.056640625
1726155002200.641,-0.890625,0.46032714843,0.056640625
1726155002220.794,-0.890625,0.46032714843,0.056640625
1726155002240.794,-0.890625,0.46032714843,0.056640625
1726155002262.1067,-0.93078613281,0.43408203125,0.07653808593
1726155002280.641,-0.93078613281,0.43408203125,0.07653808593
1726155002300.7634,-0.93078613281,0.43408203125,0.07653808593
1726155002320.7634,-0.93078613281,0.43408203125,0.07653808593
1726155002342.1375,-0.90563964843,0.41455078125,0.03051757812
1726155002360.641,-0.90563964843,0.41455078125,0.03051757812
1726155002380.7937,-0.90563964843,0.41455078125,0.03051757812
1726155002400.7937,-0.90563964843,0.41455078125,0.03051757812
1726155002422.168,-0.83349609375,0.38562011718,-0.09204101562
1726155002440.641,-0.83349609375,0.38562011718,-0.09204101562
1726155002460.794,-0.83349609375,0.38562011718,-0.09204101562
1726155002480.7634,-0.83349609375,0.38562011718,-0.09204101562
1726155002502.1985,-0.80822753906,0.38146972656,-0.21179199218
1726155002520.641,-0.80822753906,0.38146972656,-0.21179199218
1726155002540.7634,-0.80822753906,0.38146972656,-0.21179199218
1726155002560.7634,-0.80822753906,0.38146972656,-0.21179199218
1726155002582.229,-0.82763671875,0.42224121093,-0.29052734375
1726155002600.641,-0.82763671875,0.42224121093,-0.29052734375
1726155002620.7937,-0.82763671875,0.42224121093,-0.29052734375
1726155002640.7937,-0.82763671875,0.42224121093,-0.29052734375
1726155002662.2595,-0.8388671875,0.46215820312,-0.35021972656
1726155002680.641,-0.8388671875,0.46215820312,-0.35021972656
1726155002700.794,-0.8388671875,0.46215820312,-0.35021972656
1726155002720.7634,-0.8388671875,0.46215820312,-0.35021972656
1726155002742.29,-0.84924316406,0.51623535156,-0.37170410156
1726155002760.641,-0.84924316406,0.51623535156,-0.37170410156
1726155002780.8245,-0.84924316406,0.51623535156,-0.37170410156
1726155002800.7634,-0.84924316406,0.51623535156,-0.37170410156
1726155002822.3208,-0.89270019531,0.55187988281,-0.37023925781
1726155002840.641,-0.89270019531,0.55187988281,-0.37023925781
1726155002860.7634,-0.89270019531,0.55187988281,-0.37023925781
1726155002880.7632,-0.89270019531,0.55187988281,-0.37023925781
1726155002902.351,-0.96923828125,0.50695800781,-0.34875488281
1726155002920.6104,-0.96923828125,0.50695800781,-0.34875488281
1726155002940.7634,-0.96923828125,0.50695800781,-0.34875488281
1726155002960.7634,-0.96923828125,0.50695800781,-0.34875488281
1726155002982.3816,-0.97473144531,0.42663574218,-0.29809570312
1726155003000.641,-0.97473144531,0.42663574218,-0.29809570312
1726155003020.794,-0.97473144531,0.42663574218,-0.29809570312
1726155003040.794,-0.97473144531,0.42663574218,-0.29809570312
1726155003062.4124,-0.94592285156,0.3193359375,-0.25573730468
1726155003080.641,-0.94592285156,0.3193359375,-0.25573730468
1726155003100.7634,-0.94592285156,0.3193359375,-0.25573730468
1726155003120.7937,-0.94592285156,0.3193359375,-0.25573730468
1726155003142.4426,-0.92211914062,0.20983886718,-0.24645996093
1726155003160.641,-0.92211914062,0.20983886718,-0.24645996093
1726155003180.7632,-0.92211914062,0.20983886718,-0.24645996093
1726155003200.794,-0.92211914062,0.20983886718,-0.24645996093
1726155003222.4731,-0.86303710937,0.19213867187,-0.24938964843
1726155003240.641,-0.86303710937,0.19213867187,-0.24938964843
1726155003260.794,-0.86303710937,0.19213867187,-0.24938964843
1726155003280.7634,-0.86303710937,0.19213867187,-0.24938964843
1726155003302.504,-0.86682128906,0.22766113281,-0.24963378906
1726155003320.641,-0.86682128906,0.22766113281,-0.24963378906
1726155003340.794,-0.86682128906,0.22766113281,-0.24963378906
1726155003360.7634,-0.86682128906,0.22766113281,-0.24963378906
1726155003382.534,-0.90295410156,0.24951171875,-0.28527832031
1726155003400.641,-0.90295410156,0.24951171875,-0.28527832031
1726155003420.794,-0.90295410156,0.24951171875,-0.28527832031
1726155003440.794,-0.90295410156,0.24951171875,-0.28527832031
1726155003462.5647,-0.921875,0.2607421875,-0.31958007812
1726155003480.641,-0.921875,0.2607421875,-0.31958007812
1726155003500.7634,-0.921875,0.2607421875,-0.31958007812
1726155003520.794,-0.921875,0.2607421875,-0.31958007812
1726155003542.5955,-0.94213867187,0.25854492187,-0.31787109375
1726155003560.641,-0.94213867187,0.25854492187,-0.31787109375
1726155003580.7634,-0.94213867187,0.25854492187,-0.31787109375
1726155003600.794,-0.94213867187,0.25854492187,-0.31787109375
1726155003622.626,-1.037109375,0.2451171875,-0.27746582031
1726155003640.641,-1.037109375,0.2451171875,-0.27746582031
1726155003660.7632,-1.037109375,0.2451171875,-0.27746582031
1726155003680.794,-1.037109375,0.2451171875,-0.27746582031
1726155003702.6565,-1.12939453125,0.22424316406,-0.21276855468
1726155003720.641,-1.12939453125,0.22424316406,-0.21276855468
1726155003740.7634,-1.12939453125,0.22424316406,-0.21276855468
1726155003760.794,-1.12939453125,0.22424316406,-0.21276855468
1726155003782.687,-1.06921386718,0.18322753906,-0.15661621093
1726155003800.641,-1.06921386718,0.18322753906,-0.15661621093
1726155003820.7634,-1.06921386718,0.18322753906,-0.15661621093
1726155003840.794,-1.06921386718,0.18322753906,-0.15661621093
1726155003862.7175,-1.03271484375,0.1484375,-0.10534667968
1726155003880.641,-1.03271484375,0.1484375,-0.10534667968
1726155003900.7937,-1.03271484375,0.1484375,-0.10534667968
1726155003920.794,-1.03271484375,0.1484375,-0.10534667968
1726155003942.748,-1.0146484375,0.15417480468,-0.08349609375
1726155003960.641,-1.0146484375,0.15417480468,-0.08349609375
1726155003980.794,-1.0146484375,0.15417480468,-0.08349609375
1726155004000.794,-1.0146484375,0.15417480468,-0.08349609375
1726155004022.7783,-0.95104980468,0.177734375,-0.09729003906
1726155004040.641,-0.95104980468,0.177734375,-0.09729003906
1726155004060.794,-0.95104980468,0.177734375,-0.09729003906
1726155004080.794,-0.95104980468,0.177734375,-0.09729003906
1726155004102.809,-0.93908691406,0.21887207031,-0.10473632812
1726155004120.641,-0.93908691406,0.21887207031,-0.10473632812
1726155004140.7937,-0.93908691406,0.21887207031,-0.10473632812
1726155004160.7937,-0.93908691406,0.21887207031,-0.10473632812
1726155004182.8396,-0.95861816406,0.28918457031,-0.11975097656
1726155004200.641,-0.95861816406,0.28918457031,-0.11975097656
1726155004220.7634,-0.95861816406,0.28918457031,-0.11975097656
1726155004240.794,-0.95861816406,0.28918457031,-0.11975097656
1726155004262.8704,-0.97802734375,0.33544921875,-0.1474609375
1726155004280.641,-0.97802734375,0.33544921875,-0.1474609375
1726155004300.794,-0.97802734375,0.33544921875,-0.1474609375
1726155004320.794,-0.97802734375,0.33544921875,-0.1474609375
1726155004342.9006,-0.99133300781,0.34765625,-0.18127441406
1726155004360.641,-0.99133300781,0.34765625,-0.18127441406
1726155004380.7632,-0.99133300781,0.34765625,-0.18127441406
1726155004400.7632,-0.99133300781,0.34765625,-0.18127441406
1726155004422.9312,-1.02978515625,0.32214355468,-0.17932128906
1726155004440.641,-1.02978515625,0.32214355468,-0.17932128906
1726155004460.794,-1.02978515625,0.32214355468,-0.17932128906
1726155004480.7634,-1.02978515625,0.32214355468,-0.17932128906
1726155004502.962,-1.12805175781,0.2998046875,-0.17016601562
1726155004520.641,-1.12805175781,0.2998046875,-0.17016601562
1726155004540.794,-1.12805175781,0.2998046875,-0.17016601562
1726155004560.7634,-1.12805175781,0.2998046875,-0.17016601562
1726155004582.9924,-1.07482910156,0.29357910156,-0.22216796875
1726155004600.641,-1.07482910156,0.29357910156,-0.22216796875
1726155004620.7632,-1.07482910156,0.29357910156,-0.22216796875
1726155004640.7937,-1.07482910156,0.29357910156,-0.22216796875
1726155004663.2363,-0.94775390625,0.25512695312,-0.24011230468
1726155004680.641,-0.94775390625,0.25512695312,-0.24011230468
1726155004700.7634,-0.94775390625,0.25512695312,-0.24011230468
1726155004720.7634,-0.94775390625,0.25512695312,-0.24011230468
1726155004743.0535,-0.97302246093,0.23840332031,-0.24011230468
1726155004760.641,-0.97302246093,0.23840332031,-0.24011230468
1726155004780.7634,-0.97302246093,0.23840332031,-0.24011230468
1726155004800.794,-0.97302246093,0.23840332031,-0.24011230468
1726155004823.084,-0.93896484375,0.28576660156,-0.27038574218
1726155004840.641,-0.93896484375,0.28576660156,-0.27038574218
1726155004860.7634,-0.93896484375,0.28576660156,-0.27038574218
1726155004880.7937,-0.93896484375,0.28576660156,-0.27038574218
1726155004903.1145,-0.8271484375,0.32666015625,-0.29699707031
1726155004920.641,-0.8271484375,0.32666015625,-0.29699707031
1726155004940.794,-0.8271484375,0.32666015625,-0.29699707031
1726155004960.794,-0.8271484375,0.32666015625,-0.29699707031
1726155004983.145,-0.77502441406,0.35498046875,-0.30004882812
1726155005000.641,-0.77502441406,0.35498046875,-0.30004882812
1726155005020.6719,-0.77502441406,0.35498046875,-0.30004882812
1726155005040.8547,-0.77502441406,0.35498046875,-0.30004882812
1726155005063.1755,-0.76110839843,0.40063476562,-0.2900390625
1726155005080.641,-0.76110839843,0.40063476562,-0.2900390625
1726155005100.7634,-0.76110839843,0.40063476562,-0.2900390625
1726155005120.7937,-0.76110839843,0.40063476562,-0.2900390625
1726155005143.206,-0.77233886718,0.42907714843,-0.30932617187
1726155005160.641,-0.77233886718,0.42907714843,-0.30932617187
1726155005180.794,-0.77233886718,0.42907714843,-0.30932617187
1726155005200.7634,-0.77233886718,0.42907714843,-0.30932617187
1726155005223.2363,-0.83068847656,0.44140625,-0.3193359375
1726155005240.641,-0.83068847656,0.44140625,-0.3193359375
1726155005260.7634,-0.83068847656,0.44140625,-0.3193359375
1726155005280.7634,-0.83068847656,0.44140625,-0.3193359375
1726155005303.267,-0.92883300781,0.4189453125,-0.28955078125
1726155005320.641,-0.92883300781,0.4189453125,-0.28955078125
1726155005340.794,-0.92883300781,0.4189453125,-0.28955078125
1726155005360.794,-0.92883300781,0.4189453125,-0.28955078125
1726155005383.2976,-0.96215820312,0.40014648437,-0.2705078125
1726155005400.641,-0.96215820312,0.40014648437,-0.2705078125
1726155005420.8547,-0.96215820312,0.40014648437,-0.2705078125
1726155005440.7634,-0.96215820312,0.40014648437,-0.2705078125
1726155005463.3284,-0.94018554687,0.41430664062,-0.25952148437
1726155005480.641,-0.94018554687,0.41430664062,-0.25952148437
1726155005500.794,-0.94018554687,0.41430664062,-0.25952148437
1726155005520.794,-0.94018554687,0.41430664062,-0.25952148437
1726155005543.359,-0.99755859375,0.41052246093,-0.21899414062
1726155005560.641,-0.99755859375,0.41052246093,-0.21899414062
1726155005580.7634,-0.99755859375,0.41052246093,-0.21899414062
1726155005600.794,-0.99755859375,0.41052246093,-0.21899414062
1726155005623.3892,-1.01806640625,0.37438964843,-0.18029785156
1726155005640.641,-1.01806640625,0.37438964843,-0.18029785156
1726155005660.7937,-1.01806640625,0.37438964843,-0.18029785156
1726155005680.7632,-1.01806640625,0.37438964843,-0.18029785156
1726155005703.42,-0.935546875,0.3271484375,-0.14611816406
1726155005720.641,-0.935546875,0.3271484375,-0.14611816406
1726155005740.794,-0.935546875,0.3271484375,-0.14611816406
1726155005760.794,-0.935546875,0.3271484375,-0.14611816406
1726155005783.4504,-0.943359375,0.32080078125,-0.13171386718
1726155005800.641,-0.943359375,0.32080078125,-0.13171386718
1726155005820.794,-0.943359375,0.32080078125,-0.13171386718
1726155005840.794,-0.943359375,0.32080078125,-0.13171386718
1726155005863.4807,-0.97827148437,0.32934570312,-0.12707519531
1726155005880.641,-0.97827148437,0.32934570312,-0.12707519531
1726155005900.7937,-0.97827148437,0.32934570312,-0.12707519531
1726155005920.794,-0.97827148437,0.32934570312,-0.12707519531
1726155005943.5115,-1.04870605468,0.31982421875,-0.13745117187
1726155005960.641,-1.04870605468,0.31982421875,-0.13745117187
1726155005980.794,-1.04870605468,0.31982421875,-0.13745117187
1726155006000.7634,-1.04870605468,0.31982421875,-0.13745117187
1726155006023.542,-1.14099121093,0.29345703125,-0.14953613281
1726155006040.641,-1.14099121093,0.29345703125,-0.14953613281
1726155006060.7634,-1.14099121093,0.29345703125,-0.14953613281
1726155006080.7634,-1.14099121093,0.29345703125,-0.14953613281
1726155006103.5725,-1.02136230468,0.23950195312,-0.18017578125
1726155006120.641,-1.02136230468,0.23950195312,-0.18017578125
1726155006140.7632,-1.02136230468,0.23950195312,-0.18017578125
1726155006160.7937,-1.02136230468,0.23950195312,-0.18017578125
1726155006183.9695,-0.92712402343,0.15283203125,-0.18408203125
1726155006200.641,-0.92712402343,0.15283203125,-0.18408203125
1726155006220.794,-0.92712402343,0.15283203125,-0.18408203125
1726155006240.794,-0.92712402343,0.15283203125,-0.18408203125
1726155006263.6335,-0.99047851562,0.08740234375,-0.17236328125
1726155006280.641,-0.99047851562,0.08740234375,-0.17236328125
1726155006300.794,-0.99047851562,0.08740234375,-0.17236328125
1726155006320.794,-0.99047851562,0.08740234375,-0.17236328125
1726155006343.664,-0.93566894531,0.08081054687,-0.18139648437
1726155006360.641,-0.93566894531,0.08081054687,-0.18139648437
1726155006380.7937,-0.93566894531,0.08081054687,-0.18139648437
1726155006400.7937,-0.93566894531,0.08081054687,-0.18139648437
1726155006423.6943,-0.9111328125,0.13403320312,-0.19409179687
1726155006440.641,-0.9111328125,0.13403320312,-0.19409179687
1726155006460.7634,-0.9111328125,0.13403320312,-0.19409179687
1726155006480.794,-0.9111328125,0.13403320312,-0.19409179687
1726155006503.725,-0.93920898437,0.17565917968,-0.21557617187
1726155006520.641,-0.93920898437,0.17565917968,-0.21557617187
1726155006540.7634,-0.93920898437,0.17565917968,-0.21557617187
1726155006560.916,-0.93920898437,0.17565917968,-0.21557617187
1726155006583.7556,-0.95336914062,0.17004394531,-0.22448730468
1726155006600.641,-0.95336914062,0.17004394531,-0.22448730468
1726155006620.7632,-0.95336914062,0.17004394531,-0.22448730468
1726155006640.7937,-0.95336914062,0.17004394531,-0.22448730468
1726155006663.786,-0.93395996093,0.16943359375,-0.23608398437
1726155006680.641,-0.93395996093,0.16943359375,-0.23608398437
1726155006700.7634,-0.93395996093,0.16943359375,-0.23608398437
1726155006720.794,-0.93395996093,0.16943359375,-0.23608398437
1726155006743.817,-0.93530273437,0.19311523437,-0.25073242187
1726155006760.641,-0.93530273437,0.19311523437,-0.25073242187
1726155006780.794,-0.93530273437,0.19311523437,-0.25073242187
1726155006800.794,-0.93530273437,0.19311523437,-0.25073242187
1726155006823.8474,-1.01611328125,0.22607421875,-0.23986816406
1726155006840.641,-1.01611328125,0.22607421875,-0.23986816406
1726155006860.794,-1.01611328125,0.22607421875,-0.23986816406
1726155006880.7632,-1.01611328125,0.22607421875,-0.23986816406
1726155006903.878,-1.12158203125,0.2685546875,-0.21508789062
1726155006920.6716,-1.12158203125,0.2685546875,-0.21508789062
1726155006940.8245,-1.12158203125,0.2685546875,-0.21508789062
1726155006960.7634,-1.12158203125,0.2685546875,-0.21508789062
1726155006983.9084,-1.05615234375,0.27478027343,-0.19921875
1726155007000.641,-1.05615234375,0.27478027343,-0.19921875
1726155007020.794,-1.05615234375,0.27478027343,-0.19921875
1726155007040.794,-1.05615234375,0.27478027343,-0.19921875
1726155007063.9387,-0.9755859375,0.24743652343,-0.17102050781
1726155007080.641,-0.9755859375,0.24743652343,-0.17102050781
1726155007100.7634,-0.9755859375,0.24743652343,-0.17102050781
1726155007120.7632,-0.9755859375,0.24743652343,-0.17102050781
1726155007143.9695,-1.00061035156,0.24206542968,-0.14331054687
1726155007160.6716,-1.00061035156,0.24206542968,-0.14331054687
1726155007180.794,-1.00061035156,0.24206542968,-0.14331054687
1726155007200.794,-1.00061035156,0.24206542968,-0.14331054687
1726155007224.0,-0.96008300781,0.2666015625,-0.15441894531
1726155007240.641,-0.96008300781,0.2666015625,-0.15441894531
1726155007260.794,-0.96008300781,0.2666015625,-0.15441894531
1726155007280.7634,-0.96008300781,0.2666015625,-0.15441894531
1726155007304.0305,-0.89538574218,0.29577636718,-0.18249511718
1726155007320.641,-0.89538574218,0.29577636718,-0.18249511718
1726155007340.794,-0.89538574218,0.29577636718,-0.18249511718
1726155007360.794,-0.89538574218,0.29577636718,-0.18249511718
1726155007384.061,-0.86938476562,0.32287597656,-0.20495605468
1726155007400.641,-0.86938476562,0.32287597656,-0.20495605468
1726155007420.7632,-0.86938476562,0.32287597656,-0.20495605468
1726155007440.794,-0.86938476562,0.32287597656,-0.20495605468
1726155007464.0916,-0.87707519531,0.36376953125,-0.23522949218
1726155007480.641,-0.87707519531,0.36376953125,-0.23522949218
1726155007500.7634,-0.87707519531,0.36376953125,-0.23522949218
1726155007520.794,-0.87707519531,0.36376953125,-0.23522949218
1726155007544.1223,-0.89416503906,0.40881347656,-0.275390625
1726155007560.641,-0.89416503906,0.40881347656,-0.275390625
1726155007580.794,-0.89416503906,0.40881347656,-0.275390625
1726155007600.794,-0.89416503906,0.40881347656,-0.275390625
1726155007624.1523,-0.966796875,0.43298339843,-0.29833984375
1726155007640.641,-0.966796875,0.43298339843,-0.29833984375
1726155007660.7937,-0.966796875,0.43298339843,-0.29833984375
1726155007680.794,-0.966796875,0.43298339843,-0.29833984375
1726155007704.58,-1.13098144531,0.41821289062,-0.27563476562
1726155007720.641,-1.13098144531,0.41821289062,-0.27563476562
1726155007740.7634,-1.13098144531,0.41821289062,-0.27563476562
1726155007760.7634,-1.13098144531,0.41821289062,-0.27563476562
1726155007784.2139,-1.06774902343,0.38415527343,-0.24951171875
1726155007800.641,-1.06774902343,0.38415527343,-0.24951171875
1726155007820.7634,-1.06774902343,0.38415527343,-0.24951171875
1726155007840.794,-1.06774902343,0.38415527343,-0.24951171875
1726155007864.244,-0.90075683593,0.35681152343,-0.22583007812
1726155007880.641,-0.90075683593,0.35681152343,-0.22583007812
1726155007900.7632,-0.90075683593,0.35681152343,-0.22583007812
1726155007920.794,-0.90075683593,0.35681152343,-0.22583007812
1726155007944.275,-0.9375,0.32531738281,-0.19287109375
1726155007960.641,-0.9375,0.32531738281,-0.19287109375
1726155007980.7634,-0.9375,0.32531738281,-0.19287109375
1726155008000.794,-0.9375,0.32531738281,-0.19287109375
1726155008024.3054,-0.95471191406,0.30334472656,-0.19421386718
1726155008040.6719,-0.95471191406,0.30334472656,-0.19421386718
1726155008060.794,-0.95471191406,0.30334472656,-0.19421386718
1726155008080.8245,-0.95471191406,0.30334472656,-0.19421386718
1726155008104.3357,-0.89599609375,0.28271484375,-0.22290039062
1726155008120.641,-0.89599609375,0.28271484375,-0.22290039062
1726155008140.7632,-0.89599609375,0.28271484375,-0.22290039062
1726155008160.7937,-0.89599609375,0.28271484375,-0.22290039062
1726155008184.3665,-0.88220214843,0.26672363281,-0.27075195312
1726155008200.641,-0.88220214843,0.26672363281,-0.27075195312
1726155008220.794,-0.88220214843,0.26672363281,-0.27075195312
1726155008240.7634,-0.88220214843,0.26672363281,-0.27075195312
1726155008264.3967,-0.91430664062,0.25732421875,-0.31066894531
1726155008280.641,-0.91430664062,0.25732421875,-0.31066894531
1726155008300.794,-0.91430664062,0.25732421875,-0.31066894531
1726155008320.7634,-0.91430664062,0.25732421875,-0.31066894531
1726155008344.4275,-0.91369628906,0.23828125,-0.31372070312
1726155008360.6719,-0.91369628906,0.23828125,-0.31372070312
1726155008380.7632,-0.91369628906,0.23828125,-0.31372070312
1726155008400.7632,-0.91369628906,0.23828125,-0.31372070312
1726155008424.458,-0.91748046875,0.23571777343,-0.30578613281
1726155008440.641,-0.91748046875,0.23571777343,-0.30578613281
1726155008460.794,-0.91748046875,0.23571777343,-0.30578613281
1726155008480.794,-0.91748046875,0.23571777343,-0.30578613281
1726155008504.4883,-0.94116210937,0.24377441406,-0.30517578125
1726155008520.6719,-0.94116210937,0.24377441406,-0.30517578125
1726155008540.794,-0.94116210937,0.24377441406,-0.30517578125
1726155008560.794,-0.94116210937,0.24377441406,-0.30517578125
1726155008584.519,-1.05541992187,0.24865722656,-0.27575683593
1726155008600.641,-1.05541992187,0.24865722656,-0.27575683593
1726155008620.7937,-1.05541992187,0.24865722656,-0.27575683593
1726155008640.7937,-1.05541992187,0.24865722656,-0.27575683593
1726155008664.5496,-1.11071777343,0.21960449218,-0.24108886718
1726155008680.641,-1.11071777343,0.21960449218,-0.24108886718
1726155008700.794,-1.11071777343,0.21960449218,-0.24108886718
1726155008720.794,-1.11071777343,0.21960449218,-0.24108886718
1726155008744.5803,-1.02294921875,0.14880371093,-0.22180175781
1726155008760.641,-1.02294921875,0.14880371093,-0.22180175781
1726155008780.794,-1.02294921875,0.14880371093,-0.22180175781
1726155008800.794,-1.02294921875,0.14880371093,-0.22180175781
1726155008824.6104,-1.00708007812,0.11059570312,-0.17431640625
1726155008840.7024,-1.00708007812,0.11059570312,-0.17431640625
1726155008860.794,-1.00708007812,0.11059570312,-0.17431640625
1726155008880.7937,-1.00708007812,0.11059570312,-0.17431640625
1726155008904.641,-1.021484375,0.11462402343,-0.140625
1726155008920.641,-1.021484375,0.11462402343,-0.140625
1726155008940.7634,-1.021484375,0.11462402343,-0.140625
1726155008960.794,-1.021484375,0.11462402343,-0.140625
1726155008984.6719,-0.97814941406,0.13110351562,-0.15100097656
1726155009000.641,-0.97814941406,0.13110351562,-0.15100097656
1726155009020.794,-0.97814941406,0.13110351562,-0.15100097656
1726155009040.7634,-0.97814941406,0.13110351562,-0.15100097656
1726155009064.7024,-0.94445800781,0.16162109375,-0.16418457031
1726155009080.641,-0.94445800781,0.16162109375,-0.16418457031
1726155009100.794,-0.94445800781,0.16162109375,-0.16418457031
1726155009120.7937,-0.94445800781,0.16162109375,-0.16418457031
1726155009144.7327,-0.93920898437,0.19885253906,-0.15893554687
1726155009160.641,-0.93920898437,0.19885253906,-0.15893554687
1726155009180.794,-0.93920898437,0.19885253906,-0.15893554687
1726155009200.794,-0.93920898437,0.19885253906,-0.15893554687
1726155009224.7634,-0.98779296875,0.24438476562,-0.1533203125
1726155009240.641,-0.98779296875,0.24438476562,-0.1533203125
1726155009260.7634,-0.98779296875,0.24438476562,-0.1533203125
1726155009280.794,-0.98779296875,0.24438476562,-0.1533203125
1726155009304.794,-1.09387207031,0.265625,-0.17150878906
1726155009320.641,-1.09387207031,0.265625,-0.17150878906
1726155009340.794,-1.09387207031,0.265625,-0.17150878906
1726155009360.794,-1.09387207031,0.265625,-0.17150878906
1726155009384.8245,-1.09326171875,0.25256347656,-0.21032714843
1726155009400.6716,-1.09326171875,0.25256347656,-0.21032714843
1726155009420.794,-1.09326171875,0.25256347656,-0.21032714843
1726155009440.794,-1.09326171875,0.25256347656,-0.21032714843
1726155009464.8547,-1.00964355468,0.24230957031,-0.23669433593
1726155009480.641,-1.00964355468,0.24230957031,-0.23669433593
1726155009500.794,-1.00964355468,0.24230957031,-0.23669433593
1726155009520.794,-1.00964355468,0.24230957031,-0.23669433593
1726155009544.8855,-1.00708007812,0.234375,-0.24694824218
1726155009560.6719,-1.00708007812,0.234375,-0.24694824218
1726155009580.794,-1.00708007812,0.234375,-0.24694824218
1726155009600.794,-1.00708007812,0.234375,-0.24694824218
1726155009624.916,-0.98608398437,0.21618652343,-0.25903320312
1726155009640.641,-0.98608398437,0.21618652343,-0.25903320312
1726155009660.7632,-0.98608398437,0.21618652343,-0.25903320312
1726155009680.7632,-0.98608398437,0.21618652343,-0.25903320312
1726155009704.9463,-0.904296875,0.22119140625,-0.28442382812
1726155009720.641,-0.904296875,0.22119140625,-0.28442382812
1726155009740.7634,-0.904296875,0.22119140625,-0.28442382812
1726155009760.794,-0.904296875,0.22119140625,-0.28442382812
1726155009784.9773,-0.87145996093,0.24853515625,-0.31298828125
1726155009800.641,-0.87145996093,0.24853515625,-0.31298828125
1726155009820.794,-0.87145996093,0.24853515625,-0.31298828125
1726155009840.794,-0.87145996093,0.24853515625,-0.31298828125
1726155009865.0076,-0.85412597656,0.27893066406,-0.33349609375
1726155009880.641,-0.85412597656,0.27893066406,-0.33349609375
1726155009900.7937,-0.85412597656,0.27893066406,-0.33349609375
1726155009920.7632,-0.85412597656,0.27893066406,-0.33349609375
1726155009945.038,-0.841796875,0.30578613281,-0.34106445312
1726155009960.641,-0.841796875,0.30578613281,-0.34106445312
1726155009980.794,-0.841796875,0.30578613281,-0.34106445312
1726155010000.794,-0.841796875,0.30578613281,-0.34106445312
1726155010025.0688,-0.8662109375,0.32446289062,-0.32788085937
1726155010040.641,-0.8662109375,0.32446289062,-0.32788085937
1726155010060.794,-0.8662109375,0.32446289062,-0.32788085937
1726155010080.7634,-0.8662109375,0.32446289062,-0.32788085937
1726155010105.099,-0.96215820312,0.33728027343,-0.29150390625
1726155010120.6716,-0.96215820312,0.33728027343,-0.29150390625
1726155010140.7632,-0.96215820312,0.33728027343,-0.29150390625
1726155010160.7937,-0.96215820312,0.33728027343,-0.29150390625
1726155010185.13,-1.04528808593,0.35266113281,-0.25158691406
1726155010200.641,-1.04528808593,0.35266113281,-0.25158691406
1726155010220.7634,-1.04528808593,0.35266113281,-0.25158691406
1726155010240.794,-1.04528808593,0.35266113281,-0.25158691406
1726155010265.1604,-0.98205566406,0.36193847656,-0.22888183593
1726155010280.6719,-0.98205566406,0.36193847656,-0.22888183593
1726155010300.7634,-0.98205566406,0.36193847656,-0.22888183593
1726155010320.7634,-0.98205566406,0.36193847656,-0.22888183593
1726155010345.1907,-0.96081542968,0.34643554687,-0.20568847656
1726155010360.7024,-0.96081542968,0.34643554687,-0.20568847656
1726155010380.7937,-0.96081542968,0.34643554687,-0.20568847656
1726155010400.7937,-0.96081542968,0.34643554687,-0.20568847656
1726155010425.2214,-1.02600097656,0.31323242187,-0.17199707031
1726155010440.641,-1.02600097656,0.31323242187,-0.17199707031
1726155010460.7634,-1.02600097656,0.31323242187,-0.17199707031
1726155010480.7634,-1.02600097656,0.31323242187,-0.17199707031
1726155010505.252,-1.00744628906,0.26647949218,-0.14685058593
1726155010520.641,-1.00744628906,0.26647949218,-0.14685058593
1726155010540.794,-1.00744628906,0.26647949218,-0.14685058593
1726155010560.794,-1.00744628906,0.26647949218,-0.14685058593
1726155010585.2822,-0.94873046875,0.21643066406,-0.13415527343
1726155010600.641,-0.94873046875,0.21643066406,-0.13415527343
1726155010620.7937,-0.94873046875,0.21643066406,-0.13415527343
1726155010640.7632,-0.94873046875,0.21643066406,-0.13415527343
1726155010665.3127,-0.9453125,0.19519042968,-0.12084960937
1726155010680.6716,-0.9453125,0.19519042968,-0.12084960937
1726155010700.794,-0.9453125,0.19519042968,-0.12084960937
1726155010720.794,-0.9453125,0.19519042968,-0.12084960937
1726155010745.3435,-0.98645019531,0.22497558593,-0.11572265625
1726155010760.641,-0.98645019531,0.22497558593,-0.11572265625
1726155010780.7634,-0.98645019531,0.22497558593,-0.11572265625
1726155010800.794,-0.98645019531,0.22497558593,-0.11572265625
1726155010825.374,-1.0087890625,0.25756835937,-0.1484375
1726155010840.641,-1.0087890625,0.25756835937,-0.1484375
1726155010860.794,-1.0087890625,0.25756835937,-0.1484375
1726155010880.7937,-1.0087890625,0.25756835937,-0.1484375
1726155010905.4043,-1.00134277343,0.25085449218,-0.1796875
1726155010920.641,-1.00134277343,0.25085449218,-0.1796875
1726155010940.794,-1.00134277343,0.25085449218,-0.1796875
1726155010960.7634,-1.00134277343,0.25085449218,-0.1796875
1726155010985.435,-1.08349609375,0.20092773437,-0.18286132812
1726155011000.641,-1.08349609375,0.20092773437,-0.18286132812
1726155011020.794,-1.08349609375,0.20092773437,-0.18286132812
1726155011040.733,-1.08349609375,0.20092773437,-0.18286132812
1726155011065.4656,-1.06237792968,0.16613769531,-0.19677734375
1726155011080.6719,-1.06237792968,0.16613769531,-0.19677734375
1726155011100.7634,-1.06237792968,0.16613769531,-0.19677734375
1726155011120.7937,-1.06237792968,0.16613769531,-0.19677734375
1726155011145.496,-0.90759277343,0.07690429687,-0.21264648437
1726155011160.641,-0.90759277343,0.07690429687,-0.21264648437
1726155011180.794,-0.90759277343,0.07690429687,-0.21264648437
1726155011200.7634,-0.90759277343,0.07690429687,-0.21264648437
1726155011225.5269,-0.91674804687,-0.0146484375,-0.17517089843
1726155011240.641,-0.91674804687,-0.0146484375,-0.17517089843
1726155011260.794,-0.91674804687,-0.0146484375,-0.17517089843
1726155011280.794,-0.91674804687,-0.0146484375,-0.17517089843
1726155011305.5571,-0.99096679687,-0.044921875,-0.1484375
1726155011320.641,-0.99096679687,-0.044921875,-0.1484375
1726155011340.794,-0.99096679687,-0.044921875,-0.1484375
1726155011360.794,-0.99096679687,-0.044921875,-0.1484375
1726155011385.5876,-0.95983886718,-0.04760742187,-0.16088867187
1726155011400.6716,-0.95983886718,-0.04760742187,-0.16088867187
1726155011420.794,-0.95983886718,-0.04760742187,-0.16088867187
1726155011440.7634,-0.95983886718,-0.04760742187,-0.16088867187
1726155011465.6184,-0.93383789062,0.02099609375,-0.17712402343
1726155011480.6716,-0.93383789062,0.02099609375,-0.17712402343
1726155011500.794,-0.93383789062,0.02099609375,-0.17712402343
1726155011520.794,-0.93383789062,0.02099609375,-0.17712402343
1726155011545.6487,-0.94152832031,0.06335449218,-0.19836425781
1726155011560.641,-0.94152832031,0.06335449218,-0.19836425781
1726155011580.794,-0.94152832031,0.06335449218,-0.19836425781
1726155011600.794,-0.94152832031,0.06335449218,-0.19836425781
1726155011625.6794,-0.93884277343,0.04772949218,-0.21655273437
1726155011640.641,-0.93884277343,0.04772949218,-0.21655273437
1726155011660.7937,-0.93884277343,0.04772949218,-0.21655273437
1726155011680.7632,-0.93884277343,0.04772949218,-0.21655273437
1726155011705.71,-0.94592285156,0.048828125,-0.21557617187
1726155011720.641,-0.94592285156,0.048828125,-0.21557617187
1726155011740.794,-0.94592285156,0.048828125,-0.21557617187
1726155011760.794,-0.94592285156,0.048828125,-0.21557617187
1726155011785.7405,-1.00244140625,0.07751464843,-0.20788574218
1726155011800.641,-1.00244140625,0.07751464843,-0.20788574218
1726155011820.794,-1.00244140625,0.07751464843,-0.20788574218
1726155011840.794,-1.00244140625,0.07751464843,-0.20788574218
1726155011866.1375,-1.083984375,0.11791992187,-0.19384765625
1726155011880.641,-1.083984375,0.11791992187,-0.19384765625
1726155011900.7632,-1.083984375,0.11791992187,-0.19384765625
1726155011920.7632,-1.083984375,0.11791992187,-0.19384765625
1726155011945.7405,-1.09289550781,0.14611816406,-0.16955566406
1726155011960.641,-1.09289550781,0.14611816406,-0.16955566406
1726155011980.794,-1.09289550781,0.14611816406,-0.16955566406
1726155012000.794,-1.09289550781,0.14611816406,-0.16955566406
1726155012025.71,-1.03442382812,0.15197753906,-0.16247558593
1726155012040.6719,-1.03442382812,0.15197753906,-0.16247558593
1726155012060.7634,-1.03442382812,0.15197753906,-0.16247558593
1726155012080.794,-1.03442382812,0.15197753906,-0.16247558593
1726155012105.71,-1.03430175781,0.16418457031,-0.15698242187
1726155012120.6716,-1.03430175781,0.16418457031,-0.15698242187
1726155012140.7632,-1.03430175781,0.16418457031,-0.15698242187
1726155012160.7937,-1.03430175781,0.16418457031,-0.15698242187
1726155012185.71,-1.04467773437,0.18029785156,-0.150390625
1726155012200.641,-1.04467773437,0.18029785156,-0.150390625
1726155012220.7634,-1.04467773437,0.18029785156,-0.150390625
1726155012240.7634,-1.04467773437,0.18029785156,-0.150390625
1726155012265.71,-0.98693847656,0.22534179687,-0.17224121093
1726155012280.641,-0.98693847656,0.22534179687,-0.17224121093
1726155012300.7634,-0.98693847656,0.22534179687,-0.17224121093
1726155012320.794,-0.98693847656,0.22534179687,-0.17224121093
1726155012345.7405,-0.94543457031,0.27331542968,-0.19812011718
1726155012360.641,-0.94543457031,0.27331542968,-0.19812011718
1726155012380.7937,-0.94543457031,0.27331542968,-0.19812011718
1726155012400.7937,-0.94543457031,0.27331542968,-0.19812011718
1726155012425.71,-0.91357421875,0.32604980468,-0.23095703125
1726155012440.6716,-0.91357421875,0.32604980468,-0.23095703125
1726155012460.7634,-0.91357421875,0.32604980468,-0.23095703125
1726155012480.794,-0.91357421875,0.32604980468,-0.23095703125
1726155012505.7405,-0.90490722656,0.40270996093,-0.26403808593
1726155012520.6719,-0.90490722656,0.40270996093,-0.26403808593
1726155012540.7634,-0.90490722656,0.40270996093,-0.26403808593
1726155012560.7634,-0.90490722656,0.40270996093,-0.26403808593
1726155012585.7405,-0.95715332031,0.44262695312,-0.27111816406
1726155012600.641,-0.95715332031,0.44262695312,-0.27111816406
1726155012620.7632,-0.95715332031,0.44262695312,-0.27111816406
1726155012640.7937,-0.95715332031,0.44262695312,-0.27111816406
1726155012665.71,-1.05554199218,0.46435546875,-0.27648925781
1726155012680.641,-1.05554199218,0.46435546875,-0.27648925781
1726155012700.794,-1.05554199218,0.46435546875,-0.27648925781
1726155012720.794,-1.05554199218,0.46435546875,-0.27648925781
1726155012745.7405,-0.96704101562,0.47241210937,-0.3154296875
1726155012760.641,-0.96704101562,0.47241210937,-0.3154296875
1726155012780.794,-0.96704101562,0.47241210937,-0.3154296875
1726155012800.794,-0.96704101562,0.47241210937,-0.3154296875
1726155012825.7405,-0.849609375,0.45434570312,-0.33361816406
1726155012840.641,-0.849609375,0.45434570312,-0.33361816406
1726155012860.7634,-0.849609375,0.45434570312,-0.33361816406
1726155012880.7937,-0.849609375,0.45434570312,-0.33361816406
1726155012905.7405,-0.82312011718,0.45202636718,-0.31713867187
1726155012920.641,-0.82312011718,0.45202636718,-0.31713867187
1726155012940.7634,-0.82312011718,0.45202636718,-0.31713867187
1726155012960.794,-0.82312011718,0.45202636718,-0.31713867187
1726155012985.7405,-0.732421875,0.47399902343,-0.30529785156
1726155013000.641,-0.732421875,0.47399902343,-0.30529785156
1726155013020.7634,-0.732421875,0.47399902343,-0.30529785156
1726155013040.7634,-0.732421875,0.47399902343,-0.30529785156
1726155013065.7402,-0.7099609375,0.50085449218,-0.28820800781
1726155013080.641,-0.7099609375,0.50085449218,-0.28820800781
1726155013100.794,-0.7099609375,0.50085449218,-0.28820800781
1726155013120.7632,-0.7099609375,0.50085449218,-0.28820800781
1726155013145.7405,-0.71618652343,0.51440429687,-0.2939453125
1726155013160.6716,-0.71618652343,0.51440429687,-0.2939453125
1726155013180.7632,-0.71618652343,0.51440429687,-0.2939453125
1726155013200.794,-0.71618652343,0.51440429687,-0.2939453125
1726155013220.7634,-0.72436523437,0.50207519531,-0.3017578125
1726155013240.641,-0.72436523437,0.50207519531,-0.3017578125
1726155013260.7634,-0.72436523437,0.50207519531,-0.3017578125
1726155013280.794,-0.72436523437,0.50207519531,-0.3017578125
1726155013300.7634,-0.74792480468,0.48889160156,-0.29187011718
1726155013320.6719,-0.74792480468,0.48889160156,-0.29187011718
1726155013340.794,-0.74792480468,0.48889160156,-0.29187011718
1726155013360.7634,-0.74792480468,0.48889160156,-0.29187011718
1726155013380.7937,-0.85375976562,0.48181152343,-0.28930664062
1726155013400.641,-0.85375976562,0.48181152343,-0.28930664062
1726155013420.794,-0.85375976562,0.48181152343,-0.28930664062
1726155013440.794,-0.85375976562,0.48181152343,-0.28930664062
1726155013460.7634,-1.01147460937,0.47009277343,-0.28283691406
1726155013480.6716,-1.01147460937,0.47009277343,-0.28283691406
1726155013500.794,-1.01147460937,0.47009277343,-0.28283691406
1726155013520.794,-1.01147460937,0.47009277343,-0.28283691406
1726155013540.7634,-1.01940917968,0.43859863281,-0.26953125
1726155013560.641,-1.01940917968,0.43859863281,-0.26953125
1726155013580.7634,-1.01940917968,0.43859863281,-0.26953125
1726155013600.794,-1.01940917968,0.43859863281,-0.26953125
1726155013620.7937,-1.00122070312,0.361328125,-0.24450683593
1726155013640.641,-1.00122070312,0.361328125,-0.24450683593
1726155013660.7937,-1.00122070312,0.361328125,-0.24450683593
1726155013680.7632,-1.00122070312,0.361328125,-0.24450683593
1726155013700.7634,-1.04907226562,0.26281738281,-0.17651367187
1726155013720.641,-1.04907226562,0.26281738281,-0.17651367187
1726155013740.7634,-1.04907226562,0.26281738281,-0.17651367187
1726155013760.8245,-1.04907226562,0.26281738281,-0.17651367187
1726155013780.7634,-1.01916503906,0.18249511718,-0.11352539062
1726155013800.641,-1.01916503906,0.18249511718,-0.11352539062
1726155013820.7634,-1.01916503906,0.18249511718,-0.11352539062
1726155013840.794,-1.01916503906,0.18249511718,-0.11352539062
1726155013860.794,-0.982421875,0.14501953125,-0.0966796875
1726155013880.641,-0.982421875,0.14501953125,-0.0966796875
1726155013900.7632,-0.982421875,0.14501953125,-0.0966796875
1726155013920.7632,-0.982421875,0.14501953125,-0.0966796875
1726155013940.794,-0.97973632812,0.16613769531,-0.09716796875
1726155013960.641,-0.97973632812,0.16613769531,-0.09716796875
1726155013980.7634,-0.97973632812,0.16613769531,-0.09716796875
1726155014000.7634,-0.97973632812,0.16613769531,-0.09716796875
1726155014020.7634,-0.98486328125,0.20300292968,-0.10571289062
1726155014040.6719,-0.98486328125,0.20300292968,-0.10571289062
1726155014060.7634,-0.98486328125,0.20300292968,-0.10571289062
1726155014080.794,-0.98486328125,0.20300292968,-0.10571289062
1726155014100.794,-0.98400878906,0.22961425781,-0.12438964843
1726155014120.641,-0.98400878906,0.22961425781,-0.12438964843
1726155014140.7632,-0.98400878906,0.22961425781,-0.12438964843
1726155014160.7632,-0.98400878906,0.22961425781,-0.12438964843
1726155014180.7632,-0.99206542968,0.25659179687,-0.1611328125
1726155014200.641,-0.99206542968,0.25659179687,-0.1611328125
1726155014220.7634,-0.99206542968,0.25659179687,-0.1611328125
1726155014240.794,-0.99206542968,0.25659179687,-0.1611328125
1726155014260.7634,-0.99206542968,0.2578125,-0.19812011718
1726155014280.641,-1.04895019531,0.2578125,-0.19812011718
1726155014300.794,-1.04895019531,0.2578125,-0.19812011718
1726155014320.794,-1.04895019531,0.2578125,-0.19812011718
1726155014340.7634,-1.04895019531,0.2578125,-0.2216796875
1726155014360.641,-1.0712890625,0.23950195312,-0.2216796875
1726155014380.7937,-1.0712890625,0.23950195312,-0.2216796875
1726155014400.7937,-1.0712890625,0.23950195312,-0.2216796875
1726155014420.7632,-1.0712890625,0.23950195312,-0.2216796875
1726155014440.641,-0.97644042968,0.20397949218,-0.21691894531
1726155014460.794,-0.97644042968,0.20397949218,-0.21691894531
1726155014480.794,-0.97644042968,0.20397949218,-0.21691894531
1726155014500.7634,-0.97644042968,0.20397949218,-0.21691894531
1726155014520.641,-0.97387695312,0.18212890625,-0.18249511718
1726155014540.794,-0.97387695312,0.18212890625,-0.18249511718
1726155014560.7634,-0.97387695312,0.18212890625,-0.18249511718
1726155014580.794,-0.97387695312,0.18212890625,-0.18249511718
1726155014600.641,-1.00915527343,0.20837402343,-0.17578125
1726155014620.7632,-1.00915527343,0.20837402343,-0.17578125
1726155014640.7937,-1.00915527343,0.20837402343,-0.17578125
1726155014660.7937,-1.00915527343,0.20837402343,-0.17578125
1726155014680.641,-0.93383789062,0.23107910156,-0.18615722656
1726155014700.7634,-0.93383789062,0.23107910156,-0.18615722656
1726155014720.794,-0.93383789062,0.23107910156,-0.18615722656
1726155014740.7634,-0.93383789062,0.23107910156,-0.18615722656
1726155014760.6719,-0.88623046875,0.27502441406,-0.20458984375
1726155014780.794,-0.88623046875,0.27502441406,-0.20458984375
1726155014800.794,-0.88623046875,0.27502441406,-0.20458984375
1726155014820.794,-0.88623046875,0.27502441406,-0.20458984375
1726155014840.641,-0.87133789062,0.34033203125,-0.23828125
1726155014860.794,-0.87133789062,0.34033203125,-0.23828125
1726155014880.7937,-0.87133789062,0.34033203125,-0.23828125
1726155014900.7632,-0.87133789062,0.34033203125,-0.23828125
1726155014920.641,-0.86022949218,0.36657714843,-0.24548339843
1726155014940.7634,-0.86022949218,0.36657714843,-0.24548339843
1726155014960.794,-0.86022949218,0.36657714843,-0.24548339843
1726155014980.794,-0.86022949218,0.36657714843,-0.24548339843
1726155015000.6719,-0.85400390625,0.36010742187,-0.24169921875
1726155015020.794,-0.85400390625,0.36010742187,-0.24169921875
1726155015040.794,-0.85400390625,0.36010742187,-0.24169921875
1726155015060.7634,-0.85400390625,0.36010742187,-0.24169921875
1726155015080.641,-0.919921875,0.36853027343,-0.25756835937
1726155015100.7634,-0.919921875,0.36853027343,-0.25756835937
1726155015120.7937,-0.919921875,0.36853027343,-0.25756835937
1726155015140.7937,-0.919921875,0.36853027343,-0.25756835937
1726155015160.641,-1.02673339843,0.40270996093,-0.259765625
1726155015180.794,-1.02673339843,0.40270996093,-0.259765625
1726155015200.7634,-1.02673339843,0.40270996093,-0.259765625
1726155015220.794,-1.02673339843,0.40270996093,-0.259765625
1726155015240.641,-0.9619140625,0.42907714843,-0.24096679687
1726155015260.794,-0.9619140625,0.42907714843,-0.24096679687
1726155015280.9463,-0.9619140625,0.42907714843,-0.24096679687
1726155015300.794,-0.9619140625,0.42907714843,-0.24096679687
1726155015320.641,-0.88684082031,0.43823242187,-0.20825195312
1726155015340.7634,-0.88684082031,0.43823242187,-0.20825195312
1726155015360.7634,-0.88684082031,0.43823242187,-0.20825195312
1726155015380.7632,-0.88684082031,0.43823242187,-0.20825195312
1726155015400.641,-0.94775390625,0.46130371093,-0.17004394531
1726155015420.7632,-0.94775390625,0.46130371093,-0.17004394531
1726155015440.794,-0.94775390625,0.46130371093,-0.17004394531
1726155015460.7634,-0.94775390625,0.46130371093,-0.17004394531
1726155015480.641,-0.9208984375,0.49084472656,-0.17102050781
1726155015500.794,-0.9208984375,0.49084472656,-0.17102050781
1726155015520.7634,-0.9208984375,0.49084472656,-0.17102050781
1726155015540.794,-0.9208984375,0.49084472656,-0.17102050781
1726155015560.641,-0.89379882812,0.50354003906,-0.15686035156
1726155015580.7634,-0.89379882812,0.50354003906,-0.15686035156
1726155015600.794,-0.89379882812,0.50354003906,-0.15686035156
1726155015620.7632,-0.89379882812,0.50354003906,-0.15686035156
1726155015640.641,-0.95092773437,0.47192382812,-0.11791992187
1726155015660.8855,-0.95092773437,0.47192382812,-0.11791992187
1726155015680.7632,-0.95092773437,0.47192382812,-0.11791992187
1726155015700.794,-0.95092773437,0.47192382812,-0.11791992187
1726155015720.641,-0.95678710937,0.41967773437,-0.11340332031
1726155015740.7634,-0.95678710937,0.41967773437,-0.11340332031
1726155015760.794,-0.95678710937,0.41967773437,-0.11340332031
1726155015780.794,-0.95678710937,0.41967773437,-0.11340332031
1726155015800.641,-0.904296875,0.40576171875,-0.14770507812
1726155015820.794,-0.904296875,0.40576171875,-0.14770507812
1726155015840.7634,-0.904296875,0.40576171875,-0.14770507812
1726155015860.794,-0.904296875,0.40576171875,-0.14770507812
1726155015880.641,-0.9443359375,0.35900878906,-0.24353027343
1726155015900.7937,-0.9443359375,0.35900878906,-0.24353027343
1726155015920.7632,-0.9443359375,0.35900878906,-0.24353027343
1726155015940.794,-0.9443359375,0.35900878906,-0.24353027343
1726155015960.6716,-0.95263671875,0.31799316406,-0.28857421875
1726155015980.7634,-0.95263671875,0.31799316406,-0.28857421875
1726155016000.7634,-0.95263671875,0.31799316406,-0.28857421875
1726155016020.794,-0.95263671875,0.31799316406,-0.28857421875
1726155016040.7024,-0.8876953125,0.2822265625,-0.33056640625
1726155016060.7634,-0.8876953125,0.2822265625,-0.33056640625
1726155016080.794,-0.8876953125,0.2822265625,-0.33056640625
1726155016100.794,-0.8876953125,0.2822265625,-0.33056640625
1726155016120.641,-0.94604492187,0.25305175781,-0.32299804687
1726155016140.7937,-0.94604492187,0.25305175781,-0.32299804687
1726155016160.7632,-0.94604492187,0.25305175781,-0.32299804687
1726155016180.794,-0.94604492187,0.25305175781,-0.32299804687
1726155016200.6716,-0.97009277343,0.251953125,-0.30590820312
1726155016220.7634,-0.97009277343,0.251953125,-0.30590820312
1726155016240.7634,-0.97009277343,0.251953125,-0.30590820312
1726155016260.794,-0.97009277343,0.251953125,-0.30590820312
1726155016280.641,-0.97509765625,0.25769042968,-0.28649902343
1726155016300.794,-0.97509765625,0.25769042968,-0.28649902343
1726155016320.7634,-0.97509765625,0.25769042968,-0.28649902343
1726155016340.7634,-0.97509765625,0.25769042968,-0.28649902343
1726155016360.641,-0.994140625,0.28112792968,-0.28881835937
1726155016380.7937,-0.994140625,0.28112792968,-0.28881835937
1726155016400.7937,-0.994140625,0.28112792968,-0.28881835937
1726155016420.794,-0.994140625,0.28112792968,-0.28881835937
1726155016440.641,-1.0029296875,0.228515625,-0.28784179687
1726155016460.7634,-1.0029296875,0.228515625,-0.28784179687
1726155016480.794,-1.0029296875,0.228515625,-0.28784179687
1726155016500.794,-1.0029296875,0.228515625,-0.28784179687
1726155016520.641,-0.9716796875,0.14672851562,-0.28747558593
1726155016540.794,-0.9716796875,0.14672851562,-0.28747558593
1726155016560.794,-0.9716796875,0.14672851562,-0.28747558593
1726155016580.7634,-0.9716796875,0.14672851562,-0.28747558593
1726155016600.641,-0.94763183593,0.13244628906,-0.29248046875
1726155016620.7632,-0.94763183593,0.13244628906,-0.29248046875
1726155016640.7937,-0.94763183593,0.13244628906,-0.29248046875
1726155016660.7632,-0.94763183593,0.13244628906,-0.29248046875
1726155016680.641,-0.94799804687,0.12268066406,-0.31042480468
1726155016700.7634,-0.94799804687,0.12268066406,-0.31042480468
1726155016720.794,-0.94799804687,0.12268066406,-0.31042480468
1726155016740.794,-0.94799804687,0.12268066406,-0.31042480468
1726155016760.6719,-1.03881835937,0.13793945312,-0.30627441406
1726155016780.7634,-1.03881835937,0.13793945312,-0.30627441406
1726155016800.794,-1.03881835937,0.13793945312,-0.30627441406
1726155016820.794,-1.03881835937,0.13793945312,-0.30627441406
1726155016840.641,-1.15100097656,0.15661621093,-0.23559570312
1726155016860.7634,-1.15100097656,0.15661621093,-0.23559570312
1726155016880.7937,-1.15100097656,0.15661621093,-0.23559570312
1726155016900.7937,-1.15100097656,0.15661621093,-0.23559570312
1726155016920.641,-1.08959960937,0.130859375,-0.15161132812
1726155016940.794,-1.08959960937,0.130859375,-0.15161132812
1726155016960.7634,-1.08959960937,0.130859375,-0.15161132812
1726155016980.794,-1.08959960937,0.130859375,-0.15161132812
1726155017000.641,-0.97766113281,0.15844726562,-0.10400390625
1726155017020.794,-0.97766113281,0.15844726562,-0.10400390625
1726155017040.794,-0.97766113281,0.15844726562,-0.10400390625
1726155017060.7634,-0.97766113281,0.15844726562,-0.10400390625
1726155017080.641,-1.0390625,0.22241210937,-0.08813476562
1726155017100.6108,-1.0390625,0.22241210937,-0.08813476562
1726155017120.7937,-1.0390625,0.22241210937,-0.08813476562
1726155017140.7937,-1.0390625,0.22241210937,-0.08813476562
1726155017160.641,-1.11254882812,0.232421875,-0.11193847656
1726155017180.9463,-1.11254882812,0.232421875,-0.11193847656
1726155017200.794,-1.11254882812,0.232421875,-0.11193847656
1726155017220.794,-1.11254882812,0.232421875,-0.11193847656
1726155017240.641,-1.08422851562,0.22668457031,-0.16369628906
1726155017260.794,-1.08422851562,0.22668457031,-0.16369628906
1726155017280.794,-1.08422851562,0.22668457031,-0.16369628906
1726155017300.794,-1.08422851562,0.22668457031,-0.16369628906
1726155017320.6719,-1.044921875,0.27197265625,-0.22119140625
1726155017340.794,-1.044921875,0.27197265625,-0.22119140625
1726155017360.794,-1.044921875,0.27197265625,-0.22119140625
1726155017380.7632,-1.044921875,0.27197265625,-0.22119140625
1726155017400.641,-1.01098632812,0.34204101562,-0.27197265625
1726155017420.794,-1.01098632812,0.34204101562,-0.27197265625
1726155017440.794,-1.01098632812,0.34204101562,-0.27197265625
1726155017460.794,-1.01098632812,0.34204101562,-0.27197265625
1726155017480.641,-1.00463867187,0.41540527343,-0.30187988281
1726155017500.794,-1.00463867187,0.41540527343,-0.30187988281
1726155017520.794,-1.00463867187,0.41540527343,-0.30187988281
1726155017540.7634,-1.00463867187,0.41540527343,-0.30187988281
1726155017560.641,-0.95361328125,0.52038574218,-0.30126953125
1726155017580.7634,-0.95361328125,0.52038574218,-0.30126953125
1726155017600.794,-0.95361328125,0.52038574218,-0.30126953125
1726155017620.7937,-0.95361328125,0.52038574218,-0.30126953125
1726155017640.641,-0.74328613281,0.57568359375,-0.28332519531
1726155017660.7632,-0.74328613281,0.57568359375,-0.28332519531
1726155017680.7632,-0.74328613281,0.57568359375,-0.28332519531
1726155017700.794,-0.74328613281,0.57568359375,-0.28332519531
1726155017720.641,-0.64001464843,0.52221679687,-0.24877929687
1726155017740.794,-0.64001464843,0.52221679687,-0.24877929687
1726155017760.7634,-0.64001464843,0.52221679687,-0.24877929687
1726155017780.794,-0.64001464843,0.52221679687,-0.24877929687
1726155017800.641,-0.68981933593,0.47644042968,-0.228515625
1726155017820.7634,-0.68981933593,0.47644042968,-0.228515625
1726155017840.794,-0.68981933593,0.47644042968,-0.228515625
1726155017860.7634,-0.68981933593,0.47644042968,-0.228515625
1726155017880.6716,-0.6630859375,0.55310058593,-0.20874023437
1726155017900.7632,-0.6630859375,0.55310058593,-0.20874023437
1726155017920.794,-0.6630859375,0.55310058593,-0.20874023437
1726155017940.7634,-0.6630859375,0.55310058593,-0.20874023437
1726155017960.641,-0.64538574218,0.650390625,-0.1650390625
1726155017980.794,-0.64538574218,0.650390625,-0.1650390625
1726155018000.794,-0.64538574218,0.650390625,-0.1650390625
1726155018020.794,-0.64538574218,0.650390625,-0.1650390625
1726155018040.641,-0.66003417968,0.69360351562,-0.13952636718
1726155018060.794,-0.66003417968,0.69360351562,-0.13952636718
1726155018080.794,-0.66003417968,0.69360351562,-0.13952636718
1726155018100.7634,-0.66003417968,0.69360351562,-0.13952636718
1726155018120.6716,-0.71166992187,0.71789550781,-0.12023925781
1726155018140.7632,-0.71166992187,0.71789550781,-0.12023925781
1726155018160.7937,-0.71166992187,0.71789550781,-0.12023925781
1726155018180.7632,-0.71166992187,0.71789550781,-0.12023925781
1726155018200.6716,-0.80139160156,0.68969726562,-0.11547851562
1726155018220.7634,-0.80139160156,0.68969726562,-0.11547851562
1726155018240.7634,-0.80139160156,0.68969726562,-0.11547851562
1726155018260.7634,-0.80139160156,0.68969726562,-0.11547851562
1726155018280.641,-0.96105957031,0.61083984375,-0.12683105468
1726155018300.7634,-0.96105957031,0.61083984375,-0.12683105468
1726155018320.7634,-0.96105957031,0.61083984375,-0.12683105468
1726155018340.794,-0.96105957031,0.61083984375,-0.12683105468
1726155018360.641,-1.08972167968,0.53137207031,-0.14562988281
1726155018380.7937,-1.08972167968,0.53137207031,-0.14562988281
1726155018400.7632,-1.08972167968,0.53137207031,-0.14562988281
1726155018420.794,-1.08972167968,0.53137207031,-0.14562988281
1726155018440.641,-1.04858398437,0.44116210937,-0.16162109375
1726155018460.794,-1.04858398437,0.44116210937,-0.16162109375
1726155018480.7634,-1.04858398437,0.44116210937,-0.16162109375
1726155018500.794,-1.04858398437,0.44116210937,-0.16162109375
1726155018520.6719,-1.00756835937,0.34069824218,-0.14208984375
1726155018540.794,-1.00756835937,0.34069824218,-0.14208984375
1726155018560.7634,-1.00756835937,0.34069824218,-0.14208984375
1726155018580.794,-1.00756835937,0.34069824218,-0.14208984375
1726155018600.641,-0.99780273437,0.26989746093,-0.12255859375
1726155018620.7632,-0.99780273437,0.26989746093,-0.12255859375
1726155018640.7632,-0.99780273437,0.26989746093,-0.12255859375
1726155018660.7632,-0.99780273437,0.26989746093,-0.12255859375
1726155018680.641,-0.96398925781,0.24829101562,-0.10510253906
1726155018700.794,-0.96398925781,0.24829101562,-0.10510253906
1726155018720.794,-0.96398925781,0.24829101562,-0.10510253906
1726155018740.794,-0.96398925781,0.24829101562,-0.10510253906
1726155018760.641,-0.96081542968,0.26745605468,-0.07604980468
1726155018780.7634,-0.96081542968,0.26745605468,-0.07604980468
1726155018800.7634,-0.96081542968,0.26745605468,-0.07604980468
1726155018820.794,-0.96081542968,0.26745605468,-0.07604980468
1726155018840.6719,-0.9697265625,0.28881835937,-0.06359863281
1726155018860.794,-0.9697265625,0.28881835937,-0.06359863281
1726155018880.7937,-0.9697265625,0.28881835937,-0.06359863281
1726155018900.7937,-0.9697265625,0.28881835937,-0.06359863281
1726155018920.641,-0.96032714843,0.32275390625,-0.06298828125
1726155018940.794,-0.96032714843,0.32275390625,-0.06298828125
1726155018960.794,-0.96032714843,0.32275390625,-0.06298828125
1726155018980.794,-0.96032714843,0.32275390625,-0.06298828125
1726155019000.641,-0.96325683593,0.37622070312,-0.07006835937
1726155019020.7634,-0.96325683593,0.37622070312,-0.07006835937
1726155019040.794,-0.96325683593,0.37622070312,-0.07006835937
1726155019060.7634,-0.96325683593,0.37622070312,-0.07006835937
1726155019080.641,-1.00732421875,0.38757324218,-0.08471679687
1726155019100.794,-1.00732421875,0.38757324218,-0.08471679687
1726155019120.7632,-1.00732421875,0.38757324218,-0.08471679687
1726155019140.7632,-1.00732421875,0.38757324218,-0.08471679687
1726155019160.641,-1.08935546875,0.35632324218,-0.10205078125
1726155019180.7632,-1.08935546875,0.35632324218,-0.10205078125
1726155019200.794,-1.08935546875,0.35632324218,-0.10205078125
1726155019220.7634,-1.08935546875,0.35632324218,-0.10205078125
1726155019240.6719,-1.22668457031,0.3251953125,-0.12048339843
1726155019260.794,-1.22668457031,0.3251953125,-0.12048339843
1726155019280.7634,-1.22668457031,0.3251953125,-0.12048339843
1726155019300.794,-1.22668457031,0.3251953125,-0.12048339843
1726155019320.641,-1.11560058593,0.30749511718,-0.18017578125
1726155019340.794,-1.11560058593,0.30749511718,-0.18017578125
1726155019360.794,-1.11560058593,0.30749511718,-0.18017578125
1726155019380.7632,-1.11560058593,0.30749511718,-0.18017578125
1726155019400.641,-0.97216796875,0.30444335937,-0.22790527343
1726155019420.7632,-0.97216796875,0.30444335937,-0.22790527343
1726155019440.7634,-0.97216796875,0.30444335937,-0.22790527343
1726155019460.794,-0.97216796875,0.30444335937,-0.22790527343
1726155019480.641,-1.02392578125,0.30920410156,-0.22302246093
1726155019500.794,-1.02392578125,0.30920410156,-0.22302246093
1726155019520.7634,-1.02392578125,0.30920410156,-0.22302246093
1726155019540.794,-1.02392578125,0.30920410156,-0.22302246093
1726155019560.641,-0.94604492187,0.33227539062,-0.20202636718
1726155019580.794,-0.94604492187,0.33227539062,-0.20202636718
1726155019600.794,-0.94604492187,0.33227539062,-0.20202636718
1726155019620.7632,-0.94604492187,0.33227539062,-0.20202636718
1726155019640.641,-0.82934570312,0.35241699218,-0.17443847656
1726155019660.7937,-0.82934570312,0.35241699218,-0.17443847656
1726155019680.7632,-0.82934570312,0.35241699218,-0.17443847656
1726155019700.794,-0.82934570312,0.35241699218,-0.17443847656
1726155019720.641,-0.78857421875,0.38684082031,-0.15844726562
1726155019740.794,-0.78857421875,0.38684082031,-0.15844726562
1726155019760.7634,-0.78857421875,0.38684082031,-0.15844726562
1726155019780.7634,-0.78857421875,0.38684082031,-0.15844726562
1726155019800.641,-0.78198242187,0.41967773437,-0.14892578125
1726155019820.7634,-0.78198242187,0.41967773437,-0.14892578125
1726155019840.794,-0.78198242187,0.41967773437,-0.14892578125
1726155019860.794,-0.78198242187,0.41967773437,-0.14892578125
1726155019880.641,-0.78625488281,0.42663574218,-0.16223144531
1726155019900.7632,-0.78625488281,0.42663574218,-0.16223144531
1726155019920.794,-0.78625488281,0.42663574218,-0.16223144531
1726155019940.794,-0.78625488281,0.42663574218,-0.16223144531
1726155019960.6716,-0.86743164062,0.443359375,-0.1767578125
1726155019980.794,-0.86743164062,0.443359375,-0.1767578125
1726155020000.794,-0.86743164062,0.443359375,-0.1767578125
1726155020020.7634,-0.86743164062,0.443359375,-0.1767578125
1726155020040.641,-1.02001953125,0.40844726562,-0.18249511718
1726155020060.7634,-1.02001953125,0.40844726562,-0.18249511718
1726155020080.794,-1.02001953125,0.40844726562,-0.18249511718
1726155020100.794,-1.02001953125,0.40844726562,-0.18249511718
1726155020120.641,-1.06713867187,0.337890625,-0.20178222656
1726155020140.7632,-1.06713867187,0.337890625,-0.20178222656
1726155020160.7937,-1.06713867187,0.337890625,-0.20178222656
1726155020180.7632,-1.06713867187,0.337890625,-0.20178222656
1726155020200.641,-1.03186035156,0.29772949218,-0.21496582031
1726155020220.794,-1.03186035156,0.29772949218,-0.21496582031
1726155020240.794,-1.03186035156,0.29772949218,-0.21496582031
1726155020260.7634,-1.03186035156,0.29772949218,-0.21496582031
1726155020280.641,-1.03405761718,0.20922851562,-0.18359375
1726155020300.7634,-1.03405761718,0.20922851562,-0.18359375
1726155020320.7634,-1.03405761718,0.20922851562,-0.18359375
1726155020340.794,-1.03405761718,0.20922851562,-0.18359375
1726155020360.641,-1.02270507812,0.10119628906,-0.13879394531
1726155020380.7632,-1.02270507812,0.10119628906,-0.13879394531
1726155020400.7632,-1.02270507812,0.10119628906,-0.13879394531
1726155020420.794,-1.02270507812,0.10119628906,-0.13879394531
1726155020440.641,-1.0068359375,0.06433105468,-0.1240234375
1726155020460.794,-1.0068359375,0.06433105468,-0.1240234375
1726155020480.7634,-1.0068359375,0.06433105468,-0.1240234375
1726155020500.794,-1.0068359375,0.06433105468,-0.1240234375
1726155020520.641,-1.01000976562,0.08776855468,-0.10363769531
1726155020540.794,-1.01000976562,0.08776855468,-0.10363769531
1726155020560.794,-1.01000976562,0.08776855468,-0.10363769531
1726155020580.794,-1.01000976562,0.08776855468,-0.10363769531
1726155020600.641,-0.98742675781,0.13842773437,-0.08276367187
1726155020620.7937,-0.98742675781,0.13842773437,-0.08276367187
1726155020640.7632,-0.98742675781,0.13842773437,-0.08276367187
1726155020660.7937,-0.98742675781,0.13842773437,-0.08276367187
1726155020680.641,-0.96960449218,0.18078613281,-0.0771484375
1726155020700.7634,-0.96960449218,0.18078613281,-0.0771484375
1726155020720.794,-0.96960449218,0.18078613281,-0.0771484375
1726155020740.794,-0.96960449218,0.18078613281,-0.0771484375
1726155020760.6719,-0.96752929687,0.20361328125,-0.08178710937
1726155020780.7634,-0.96752929687,0.20361328125,-0.08178710937
1726155020800.794,-0.96752929687,0.20361328125,-0.08178710937
1726155020820.794,-0.96752929687,0.20361328125,-0.08178710937
1726155020840.641,-0.95617675781,0.23095703125,-0.09545898437
1726155020860.794,-0.95617675781,0.23095703125,-0.09545898437
1726155020880.7937,-0.95617675781,0.23095703125,-0.09545898437
1726155020900.7937,-0.95617675781,0.23095703125,-0.09545898437
1726155020920.641,-1.09338378906,0.2060546875,-0.11962890625
1726155020940.794,-1.09338378906,0.2060546875,-0.11962890625
1726155020960.794,-1.09338378906,0.2060546875,-0.11962890625
1726155020980.794,-1.09338378906,0.2060546875,-0.11962890625
1726155021000.641,-1.02429199218,0.17370605468,-0.16943359375
1726155021020.7634,-1.02429199218,0.17370605468,-0.16943359375
1726155021040.794,-1.02429199218,0.17370605468,-0.16943359375
1726155021060.794,-1.02429199218,0.17370605468,-0.16943359375
1726155021080.641,-1.07958984375,0.14514160156,-0.19055175781
1726155021100.794,-1.07958984375,0.14514160156,-0.19055175781
1726155021120.7937,-1.07958984375,0.14514160156,-0.19055175781
1726155021140.7937,-1.07958984375,0.14514160156,-0.19055175781
1726155021160.6716,-1.04284667968,0.1484375,-0.21179199218
1726155021180.794,-1.04284667968,0.1484375,-0.21179199218
1726155021200.794,-1.04284667968,0.1484375,-0.21179199218
1726155021220.794,-1.04284667968,0.1484375,-0.21179199218
1726155021240.6719,-0.91723632812,0.1875,-0.23840332031
1726155021260.794,-0.91723632812,0.1875,-0.23840332031
1726155021280.794,-0.91723632812,0.1875,-0.23840332031
1726155021300.7634,-0.91723632812,0.1875,-0.23840332031
1726155021320.641,-0.88891601562,0.25476074218,-0.26965332031
1726155021340.7634,-0.88891601562,0.25476074218,-0.26965332031
1726155021360.7634,-0.88891601562,0.25476074218,-0.26965332031
1726155021380.7937,-0.88891601562,0.25476074218,-0.26965332031
1726155021400.6716,-0.8798828125,0.32775878906,-0.30395507812
1726155021420.794,-0.8798828125,0.32775878906,-0.30395507812
1726155021440.794,-0.8798828125,0.32775878906,-0.30395507812
1726155021460.7634,-0.8798828125,0.32775878906,-0.30395507812
1726155021480.641,-0.849609375,0.3857421875,-0.31787109375
1726155021500.7634,-0.849609375,0.3857421875,-0.31787109375
1726155021520.7634,-0.849609375,0.3857421875,-0.31787109375
1726155021540.794,-0.849609375,0.3857421875,-0.31787109375
1726155021560.641,-0.81774902343,0.45458984375,-0.31494140625
1726155021580.7634,-0.81774902343,0.45458984375,-0.31494140625
1726155021600.7634,-0.81774902343,0.45458984375,-0.31494140625
1726155021620.7937,-0.81774902343,0.45458984375,-0.31494140625
1726155021640.641,-0.84875488281,0.50744628906,-0.28137207031
1726155021660.7937,-0.84875488281,0.50744628906,-0.28137207031
1726155021680.7632,-0.84875488281,0.50744628906,-0.28137207031
1726155021700.794,-0.84875488281,0.50744628906,-0.28137207031
1726155021720.641,-0.90710449218,0.55297851562,-0.2197265625
1726155021740.7634,-0.90710449218,0.55297851562,-0.2197265625
1726155021760.7634,-0.90710449218,0.55297851562,-0.2197265625
1726155021780.794,-0.90710449218,0.55297851562,-0.2197265625
1726155021800.641,-0.93835449218,0.59191894531,-0.16296386718
1726155021820.7634,-0.93835449218,0.59191894531,-0.16296386718
1726155021840.7634,-0.93835449218,0.59191894531,-0.16296386718
1726155021860.7634,-0.93835449218,0.59191894531,-0.16296386718
1726155021880.641,-0.93627929687,0.54858398437,-0.14575195312
1726155021900.7937,-0.93627929687,0.54858398437,-0.14575195312
1726155021920.7632,-0.93627929687,0.54858398437,-0.14575195312
1726155021940.7634,-0.93627929687,0.54858398437,-0.14575195312
1726155021960.641,-0.88110351562,0.451171875,-0.18371582031
1726155021980.794,-0.88110351562,0.451171875,-0.18371582031
1726155022000.7634,-0.88110351562,0.451171875,-0.18371582031
1726155022020.794,-0.88110351562,0.451171875,-0.18371582031
1726155022040.641,-0.88562011718,0.37878417968,-0.22009277343
1726155022060.794,-0.88562011718,0.37878417968,-0.22009277343
1726155022080.7634,-0.88562011718,0.37878417968,-0.22009277343
1726155022100.794,-0.88562011718,0.37878417968,-0.22009277343
1726155022120.6716,-0.95556640625,0.33862304687,-0.22668457031
1726155022140.7632,-0.95556640625,0.33862304687,-0.22668457031
1726155022160.7937,-0.95556640625,0.33862304687,-0.22668457031
1726155022180.7632,-0.95556640625,0.33862304687,-0.22668457031
1726155022200.641,-0.99853515625,0.33557128906,-0.22241210937
1726155022220.794,-0.99853515625,0.33557128906,-0.22241210937
1726155022240.7634,-0.99853515625,0.33557128906,-0.22241210937
1726155022260.7634,-0.99853515625,0.33557128906,-0.22241210937
1726155022280.641,-1.02478027343,0.32592773437,-0.208984375
1726155022300.7634,-1.02478027343,0.32592773437,-0.208984375
1726155022320.7634,-1.02478027343,0.32592773437,-0.208984375
1726155022340.7634,-1.02478027343,0.32592773437,-0.208984375
1726155022360.6719,-1.08508300781,0.28588867187,-0.19958496093
1726155022380.7937,-1.08508300781,0.28588867187,-0.19958496093
1726155022400.7632,-1.08508300781,0.28588867187,-0.19958496093
1726155022420.7632,-1.08508300781,0.28588867187,-0.19958496093
1726155022440.641,-1.12561035156,0.26196289062,-0.1962890625
1726155022460.7634,-1.12561035156,0.26196289062,-0.1962890625
1726155022480.794,-1.12561035156,0.26196289062,-0.1962890625
1726155022500.794,-1.12561035156,0.26196289062,-0.1962890625
1726155022520.641,-1.11010742187,0.25402832031,-0.19995117187
1726155022540.794,-1.11010742187,0.25402832031,-0.19995117187
1726155022560.794,-1.11010742187,0.25402832031,-0.19995117187
1726155022580.7634,-1.11010742187,0.25402832031,-0.19995117187
1726155022600.641,-1.05395507812,0.2314453125,-0.21508789062
1726155022620.7632,-1.05395507812,0.2314453125,-0.21508789062
1726155022640.7632,-1.05395507812,0.2314453125,-0.21508789062
1726155022660.7632,-1.05395507812,0.2314453125,-0.21508789062
1726155022680.641,-0.98913574218,0.16467285156,-0.228515625
1726155022700.794,-0.98913574218,0.16467285156,-0.228515625
1726155022720.794,-0.98913574218,0.16467285156,-0.228515625
1726155022740.7634,-0.98913574218,0.16467285156,-0.228515625
1726155022760.641,-0.95581054687,0.07006835937,-0.22436523437
1726155022780.794,-0.95581054687,0.07006835937,-0.22436523437
1726155022800.794,-0.95581054687,0.07006835937,-0.22436523437
1726155022820.7634,-0.95581054687,0.07006835937,-0.22436523437
1726155022840.641,-0.93298339843,0.03527832031,-0.21923828125
1726155022860.794,-0.93298339843,0.03527832031,-0.21923828125
1726155022880.7632,-0.93298339843,0.03527832031,-0.21923828125
1726155022900.7937,-0.93298339843,0.03527832031,-0.21923828125
1726155022920.6716,-0.94104003906,0.06701660156,-0.1845703125
1726155022940.7634,-0.94104003906,0.06701660156,-0.1845703125
1726155022960.794,-0.94104003906,0.06701660156,-0.1845703125
1726155022980.7634,-0.94104003906,0.06701660156,-0.1845703125
1726155023000.641,-0.99072265625,0.1171875,-0.130859375
1726155023020.794,-0.99072265625,0.1171875,-0.130859375
1726155023040.7634,-0.99072265625,0.1171875,-0.130859375
1726155023060.794,-0.99072265625,0.1171875,-0.130859375
1726155023080.641,-1.00756835937,0.18237304687,-0.1162109375
1726155023100.794,-1.00756835937,0.18237304687,-0.1162109375
1726155023120.7632,-1.00756835937,0.18237304687,-0.1162109375
1726155023140.7937,-1.00756835937,0.18237304687,-0.1162109375
1726155023160.641,-0.98425292968,0.20227050781,-0.13134765625
1726155023180.7327,-0.98425292968,0.20227050781,-0.13134765625
1726155023200.7634,-0.98425292968,0.20227050781,-0.13134765625
1726155023220.7634,-0.98425292968,0.20227050781,-0.13134765625
1726155023240.641,-0.93371582031,0.20739746093,-0.19677734375
1726155023260.794,-0.93371582031,0.20739746093,-0.19677734375
1726155023280.794,-0.93371582031,0.20739746093,-0.19677734375
1726155023300.794,-0.93371582031,0.20739746093,-0.19677734375
1726155023320.641,-0.88415527343,0.31604003906,-0.279296875
1726155023340.794,-0.88415527343,0.31604003906,-0.279296875
1726155023360.794,-0.88415527343,0.31604003906,-0.279296875
1726155023380.7937,-0.88415527343,0.31604003906,-0.279296875
1726155023400.641,-0.89123535156,0.43566894531,-0.33557128906
1726155023420.7632,-0.89123535156,0.43566894531,-0.33557128906
1726155023440.794,-0.89123535156,0.43566894531,-0.33557128906
1726155023460.7634,-0.89123535156,0.43566894531,-0.33557128906
1726155023480.641,-0.91638183593,0.49035644531,-0.34729003906
1726155023500.794,-0.91638183593,0.49035644531,-0.34729003906
1726155023520.794,-0.91638183593,0.49035644531,-0.34729003906
1726155023540.7634,-0.91638183593,0.49035644531,-0.34729003906
1726155023560.641,-0.93334960937,0.54699707031,-0.29431152343
1726155023580.794,-0.93334960937,0.54699707031,-0.29431152343
1726155023600.7634,-0.93334960937,0.54699707031,-0.29431152343
1726155023620.7937,-0.93334960937,0.54699707031,-0.29431152343
1726155023640.6716,-0.87463378906,0.56518554687,-0.25500488281
1726155023660.7632,-0.87463378906,0.56518554687,-0.25500488281
1726155023680.794,-0.87463378906,0.56518554687,-0.25500488281
1726155023700.7634,-0.87463378906,0.56518554687,-0.25500488281
1726155023720.641,-0.80859375,0.54650878906,-0.22521972656
1726155023740.794,-0.80859375,0.54650878906,-0.22521972656
1726155023760.7634,-0.80859375,0.54650878906,-0.22521972656
1726155023780.794,-0.80859375,0.54650878906,-0.22521972656
1726155023800.641,-0.81848144531,0.52526855468,-0.16967773437
1726155023820.7634,-0.81848144531,0.52526855468,-0.16967773437
1726155023840.794,-0.81848144531,0.52526855468,-0.16967773437
1726155023860.794,-0.81848144531,0.52526855468,-0.16967773437
1726155023880.6716,-0.80224609375,0.51330566406,-0.15100097656
1726155023900.7632,-0.80224609375,0.51330566406,-0.15100097656
1726155023920.794,-0.80224609375,0.51330566406,-0.15100097656
1726155023940.7634,-0.80224609375,0.51330566406,-0.15100097656
1726155023960.6716,-0.77282714843,0.50671386718,-0.17980957031
1726155023980.794,-0.77282714843,0.50671386718,-0.17980957031
1726155024000.794,-0.77282714843,0.50671386718,-0.17980957031
1726155024020.794,-0.77282714843,0.50671386718,-0.17980957031
1726155024040.641,-0.78820800781,0.51086425781,-0.21618652343
1726155024060.794,-0.78820800781,0.51086425781,-0.21618652343
1726155024080.7634,-0.78820800781,0.51086425781,-0.21618652343
1726155024100.794,-0.78820800781,0.51086425781,-0.21618652343
1726155024120.641,-0.83813476562,0.53161621093,-0.23950195312
1726155024140.7632,-0.83813476562,0.53161621093,-0.23950195312
1726155024160.7937,-0.83813476562,0.53161621093,-0.23950195312
1726155024180.794,-0.83813476562,0.53161621093,-0.23950195312
1726155024200.641,-0.88757324218,0.52355957031,-0.24926757812
1726155024220.794,-0.88757324218,0.52355957031,-0.24926757812
1726155024240.7634,-0.88757324218,0.52355957031,-0.24926757812
1726155024260.7634,-0.88757324218,0.52355957031,-0.24926757812
1726155024280.641,-0.95642089843,0.49169921875,-0.23193359375
1726155024300.7634,-0.95642089843,0.49169921875,-0.23193359375
1726155024320.7634,-0.95642089843,0.49169921875,-0.23193359375
1726155024340.7634,-0.95642089843,0.49169921875,-0.23193359375
1726155024360.641,-1.02294921875,0.44970703125,-0.21960449218
1726155024380.7937,-1.02294921875,0.44970703125,-0.21960449218
1726155024400.7937,-1.02294921875,0.44970703125,-0.21960449218
1726155024420.7632,-1.02294921875,0.44970703125,-0.21960449218
1726155024440.6716,-1.01538085937,0.40832519531,-0.23059082031
1726155024460.794,-1.01538085937,0.40832519531,-0.23059082031
1726155024480.794,-1.01538085937,0.40832519531,-0.23059082031
1726155024500.7634,-1.01538085937,0.40832519531,-0.23059082031
1726155024520.641,-0.94091796875,0.31591796875,-0.20129394531
1726155024540.794,-0.94091796875,0.31591796875,-0.20129394531
1726155024560.794,-0.94091796875,0.31591796875,-0.20129394531
1726155024580.7634,-0.94091796875,0.31591796875,-0.20129394531
1726155024600.6719,-0.92504882812,0.21459960937,-0.1533203125
1726155024620.7937,-0.92504882812,0.21459960937,-0.1533203125
1726155024640.7937,-0.92504882812,0.21459960937,-0.1533203125
1726155024660.7632,-0.92504882812,0.21459960937,-0.1533203125
1726155024680.641,-0.97387695312,0.17248535156,-0.17260742187
1726155024700.794,-0.97387695312,0.17248535156,-0.17260742187
1726155024720.794,-0.97387695312,0.17248535156,-0.17260742187
1726155024740.7634,-0.97387695312,0.17248535156,-0.17260742187
1726155024760.641,-0.9716796875,0.13928222656,-0.22326660156
1726155024780.794,-0.9716796875,0.13928222656,-0.22326660156
1726155024800.7634,-0.9716796875,0.13928222656,-0.22326660156
1726155024820.7634,-0.9716796875,0.13928222656,-0.22326660156
1726155024840.641,-0.95288085937,0.13635253906,-0.26354980468
1726155024860.7634,-0.95288085937,0.13635253906,-0.26354980468
1726155024880.7937,-0.95288085937,0.13635253906,-0.26354980468
1726155024900.7632,-0.95288085937,0.13635253906,-0.26354980468
1726155024920.641,-0.95141601562,0.14221191406,-0.28649902343
1726155024940.794,-0.95141601562,0.14221191406,-0.28649902343
1726155024960.794,-0.95141601562,0.14221191406,-0.28649902343
1726155024980.7634,-0.95141601562,0.14221191406,-0.28649902343
1726155025000.6719,-0.93725585937,0.13037109375,-0.275390625
1726155025020.794,-0.93725585937,0.13037109375,-0.275390625
1726155025040.7634,-0.93725585937,0.13037109375,-0.275390625
1726155025060.794,-0.93725585937,0.13037109375,-0.275390625
1726155025080.641,-0.93786621093,0.12280273437,-0.24621582031
1726155025100.7634,-0.93786621093,0.12280273437,-0.24621582031
1726155025120.7937,-0.93786621093,0.12280273437,-0.24621582031
1726155025140.7632,-0.93786621093,0.12280273437,-0.24621582031
1726155025160.6716,-1.01843261718,0.11096191406,-0.22314453125
1726155025180.794,-1.01843261718,0.11096191406,-0.22314453125
1726155025200.794,-1.01843261718,0.11096191406,-0.22314453125
1726155025220.794,-1.01843261718,0.11096191406,-0.22314453125
1726155025240.641,-1.0966796875,0.107421875,-0.205078125
1726155025260.794,-1.0966796875,0.107421875,-0.205078125
1726155025280.794,-1.0966796875,0.107421875,-0.205078125
1726155025300.794,-1.0966796875,0.107421875,-0.205078125
1726155025320.641,-1.02258300781,0.11413574218,-0.18518066406
1726155025340.7634,-1.02258300781,0.11413574218,-0.18518066406
1726155025360.7634,-1.02258300781,0.11413574218,-0.18518066406
1726155025380.7632,-1.02258300781,0.11413574218,-0.18518066406
1726155025400.641,-0.958984375,0.15380859375,-0.17700195312
1726155025420.7632,-0.958984375,0.15380859375,-0.17700195312
1726155025440.794,-0.958984375,0.15380859375,-0.17700195312
1726155025460.7634,-0.958984375,0.15380859375,-0.17700195312
1726155025480.641,-1.029296875,0.20983886718,-0.15026855468
1726155025500.7634,-1.029296875,0.20983886718,-0.15026855468
1726155025520.7634,-1.029296875,0.20983886718,-0.15026855468
1726155025540.794,-1.029296875,0.20983886718,-0.15026855468
1726155025560.641,-1.05590820312,0.23901367187,-0.11694335937
1726155025580.794,-1.05590820312,0.23901367187,-0.11694335937
1726155025600.7634,-1.05590820312,0.23901367187,-0.11694335937
1726155025620.7632,-1.05590820312,0.23901367187,-0.11694335937
1726155025640.641,-1.0234375,0.271484375,-0.11596679687
1726155025660.7937,-1.0234375,0.271484375,-0.11596679687
1726155025680.794,-1.0234375,0.271484375,-0.11596679687
1726155025700.7634,-1.0234375,0.271484375,-0.11596679687
1726155025720.6716,-1.00305175781,0.326171875,-0.14892578125
1726155025740.794,-1.00305175781,0.326171875,-0.14892578125
1726155025760.7634,-1.00305175781,0.326171875,-0.14892578125
1726155025780.794,-1.00305175781,0.326171875,-0.14892578125
1726155025800.641,-0.95397949218,0.38403320312,-0.19873046875
1726155025820.794,-0.95397949218,0.38403320312,-0.19873046875
1726155025840.7634,-0.95397949218,0.38403320312,-0.19873046875
1726155025860.7634,-0.95397949218,0.38403320312,-0.19873046875
1726155025880.641,-0.8935546875,0.46411132812,-0.25842285156
1726155025900.7937,-0.8935546875,0.46411132812,-0.25842285156
1726155025920.7632,-0.8935546875,0.46411132812,-0.25842285156
1726155025940.7634,-0.8935546875,0.46411132812,-0.25842285156
1726155025960.641,-0.86120605468,0.53063964843,-0.32482910156
1726155025980.794,-0.86120605468,0.53063964843,-0.32482910156
1726155026000.794,-0.86120605468,0.53063964843,-0.32482910156
1726155026020.794,-0.86120605468,0.53063964843,-0.32482910156
1726155026040.641,-0.86389160156,0.54821777343,-0.36206054687
1726155026060.7634,-0.86389160156,0.54821777343,-0.36206054687
1726155026080.7634,-0.86389160156,0.54821777343,-0.36206054687
1726155026100.7634,-0.86389160156,0.54821777343,-0.36206054687
1726155026120.641,-0.77038574218,0.49609375,-0.36315917968
1726155026140.7937,-0.77038574218,0.49609375,-0.36315917968
1726155026160.7937,-0.77038574218,0.49609375,-0.36315917968
1726155026180.794,-0.77038574218,0.49609375,-0.36315917968
1726155026200.641,-0.77563476562,0.47265625,-0.32983398437
1726155026220.794,-0.77563476562,0.47265625,-0.32983398437
1726155026240.794,-0.77563476562,0.47265625,-0.32983398437
1726155026260.7634,-0.77563476562,0.47265625,-0.32983398437
1726155026280.641,-0.75,0.47839355468,-0.30700683593
1726155026300.9463,-0.75,0.47839355468,-0.30700683593
1726155026320.794,-0.75,0.47839355468,-0.30700683593
1726155026340.794,-0.75,0.47839355468,-0.30700683593
1726155026360.641,-0.70776367187,0.47692871093,-0.28796386718
1726155026380.7937,-0.70776367187,0.47692871093,-0.28796386718
1726155026400.7632,-0.70776367187,0.47692871093,-0.28796386718
1726155026420.794,-0.70776367187,0.47692871093,-0.28796386718
1726155026440.641,-0.71618652343,0.50219726562,-0.25830078125
1726155026460.7634,-0.71618652343,0.50219726562,-0.25830078125
1726155026480.794,-0.71618652343,0.50219726562,-0.25830078125
1726155026500.794,-0.71618652343,0.50219726562,-0.25830078125
1726155026520.641,-0.73059082031,0.52758789062,-0.23828125
1726155026540.7634,-0.73059082031,0.52758789062,-0.23828125
1726155026560.794,-0.73059082031,0.52758789062,-0.23828125
1726155026580.794,-0.73059082031,0.52758789062,-0.23828125
1726155026600.641,-0.79357910156,0.51647949218,-0.23815917968
1726155026620.7632,-0.79357910156,0.51647949218,-0.23815917968
1726155026640.7937,-0.79357910156,0.51647949218,-0.23815917968
1726155026660.7632,-0.79357910156,0.51647949218,-0.23815917968
1726155026680.641,-0.87609863281,0.49780273437,-0.2392578125
1726155026700.794,-0.87609863281,0.49780273437,-0.2392578125
1726155026720.794,-0.87609863281,0.49780273437,-0.2392578125
1726155026740.794,-0.87609863281,0.49780273437,-0.2392578125
1726155026760.641,-1.01782226562,0.46923828125,-0.23559570312
1726155026780.794,-1.01782226562,0.46923828125,-0.23559570312
1726155026800.7634,-1.01782226562,0.46923828125,-0.23559570312
1726155026820.794,-1.01782226562,0.46923828125,-0.23559570312
1726155026840.6719,-1.1162109375,0.4267578125,-0.22766113281
1726155026860.794,-1.1162109375,0.4267578125,-0.22766113281
1726155026880.7937,-1.1162109375,0.4267578125,-0.22766113281
1726155026900.7937,-1.1162109375,0.4267578125,-0.22766113281
1726155026920.641,-1.03588867187,0.36315917968,-0.22387695312
1726155026940.794,-1.03588867187,0.36315917968,-0.22387695312
1726155026960.794,-1.03588867187,0.36315917968,-0.22387695312
1726155026980.794,-1.03588867187,0.36315917968,-0.22387695312
1726155027000.6719,-0.99426269531,0.30529785156,-0.21594238281
1726155027020.7634,-0.99426269531,0.30529785156,-0.21594238281
1726155027040.794,-0.99426269531,0.30529785156,-0.21594238281
1726155027060.916,-0.99426269531,0.30529785156,-0.21594238281
1726155027080.641,-0.98950195312,0.27624511718,-0.19555664062
1726155027100.794,-0.98950195312,0.27624511718,-0.19555664062
1726155027120.7937,-0.98950195312,0.27624511718,-0.19555664062
1726155027140.7632,-0.98950195312,0.27624511718,-0.19555664062
1726155027160.641,-0.96643066406,0.2763671875,-0.17138671875
1726155027180.794,-0.96643066406,0.2763671875,-0.17138671875
1726155027200.794,-0.96643066406,0.2763671875,-0.17138671875
1726155027220.794,-0.96643066406,0.2763671875,-0.17138671875
1726155027240.641,-0.96813964843,0.28259277343,-0.13830566406
1726155027260.794,-0.96813964843,0.28259277343,-0.13830566406
1726155027280.7634,-0.96813964843,0.28259277343,-0.13830566406
1726155027300.794,-0.96813964843,0.28259277343,-0.13830566406
1726155027320.641,-0.95227050781,0.27709960937,-0.10717773437
1726155027340.794,-0.95227050781,0.27709960937,-0.10717773437
1726155027360.7634,-0.95227050781,0.27709960937,-0.10717773437
1726155027380.7937,-0.95227050781,0.27709960937,-0.10717773437
1726155027400.641,-0.95739746093,0.28198242187,-0.10314941406
1726155027420.794,-0.95739746093,0.28198242187,-0.10314941406
1726155027440.794,-0.95739746093,0.28198242187,-0.10314941406
1726155027460.7634,-0.95739746093,0.28198242187,-0.10314941406
1726155027480.641,-1.00988769531,0.26953125,-0.13037109375
1726155027500.794,-1.00988769531,0.26953125,-0.13037109375
1726155027520.794,-1.00988769531,0.26953125,-0.13037109375
1726155027540.794,-1.00988769531,0.26953125,-0.13037109375
1726155027560.641,-1.125,0.22839355468,-0.166015625
1726155027580.794,-1.125,0.22839355468,-0.166015625
1726155027600.7634,-1.125,0.22839355468,-0.166015625
1726155027620.7937,-1.125,0.22839355468,-0.166015625
1726155027640.641,-1.09729003906,0.21228027343,-0.21606445312
1726155027660.7632,-1.09729003906,0.21228027343,-0.21606445312
1726155027680.7632,-1.09729003906,0.21228027343,-0.21606445312
1726155027700.794,-1.09729003906,0.21228027343,-0.21606445312
1726155027720.641,-0.95617675781,0.25170898437,-0.25402832031
1726155027740.794,-0.95617675781,0.25170898437,-0.25402832031
1726155027760.794,-0.95617675781,0.25170898437,-0.25402832031
1726155027780.794,-0.95617675781,0.25170898437,-0.25402832031
1726155027800.641,-0.94677734375,0.30029296875,-0.2685546875
1726155027820.794,-0.94677734375,0.30029296875,-0.2685546875
1726155027840.794,-0.94677734375,0.30029296875,-0.2685546875
1726155027860.794,-0.94677734375,0.30029296875,-0.2685546875
1726155027880.641,-0.96630859375,0.33227539062,-0.28784179687
1726155027900.7937,-0.96630859375,0.33227539062,-0.28784179687
1726155027920.794,-0.96630859375,0.33227539062,-0.28784179687
1726155027940.794,-0.96630859375,0.33227539062,-0.28784179687
1726155027960.641,-0.92749023437,0.37438964843,-0.3125
1726155027980.794,-0.92749023437,0.37438964843,-0.3125
1726155028000.794,-0.92749023437,0.37438964843,-0.3125
1726155028020.794,-0.92749023437,0.37438964843,-0.3125
1726155028040.641,-0.85729980468,0.4189453125,-0.33117675781
1726155028060.794,-0.85729980468,0.4189453125,-0.33117675781
1726155028080.7634,-0.85729980468,0.4189453125,-0.33117675781
1726155028100.7634,-0.85729980468,0.4189453125,-0.33117675781
1726155028120.641,-0.79846191406,0.44812011718,-0.33996582031
1726155028140.7632,-0.79846191406,0.44812011718,-0.33996582031
1726155028160.7937,-0.79846191406,0.44812011718,-0.33996582031
1726155028180.794,-0.79846191406,0.44812011718,-0.33996582031
1726155028200.641,-0.74279785156,0.45751953125,-0.34606933593
1726155028220.794,-0.74279785156,0.45751953125,-0.34606933593
1726155028240.794,-0.74279785156,0.45751953125,-0.34606933593
1726155028260.7634,-0.74279785156,0.45751953125,-0.34606933593
1726155028280.641,-0.69714355468,0.46606445312,-0.34899902343
1726155028300.7634,-0.69714355468,0.46606445312,-0.34899902343
1726155028320.794,-0.69714355468,0.46606445312,-0.34899902343
1726155028340.794,-0.69714355468,0.46606445312,-0.34899902343
1726155028360.641,-0.71545410156,0.48779296875,-0.35864257812
1726155028380.7632,-0.71545410156,0.48779296875,-0.35864257812
1726155028400.7632,-0.71545410156,0.48779296875,-0.35864257812
1726155028420.794,-0.71545410156,0.48779296875,-0.35864257812
1726155028440.641,-0.82824707031,0.50732421875,-0.35693359375
1726155028460.794,-0.82824707031,0.50732421875,-0.35693359375
1726155028480.794,-0.82824707031,0.50732421875,-0.35693359375
1726155028500.7634,-0.82824707031,0.50732421875,-0.35693359375
1726155028520.641,-0.87243652343,0.49658203125,-0.31762695312
1726155028540.794,-0.87243652343,0.49658203125,-0.31762695312
1726155028560.794,-0.87243652343,0.49658203125,-0.31762695312
1726155028580.794,-0.87243652343,0.49658203125,-0.31762695312
1726155028600.641,-0.86389160156,0.45520019531,-0.26586914062
1726155028620.7937,-0.86389160156,0.45520019531,-0.26586914062
1726155028640.7632,-0.86389160156,0.45520019531,-0.26586914062
1726155028660.7937,-0.86389160156,0.45520019531,-0.26586914062
1726155028680.6716,-0.94018554687,0.40979003906,-0.22509765625
1726155028700.7634,-0.94018554687,0.40979003906,-0.22509765625
1726155028720.794,-0.94018554687,0.40979003906,-0.22509765625
1726155028740.794,-0.94018554687,0.40979003906,-0.22509765625
1726155028760.641,-1.00073242187,0.3740234375,-0.18725585937
1726155028780.794,-1.00073242187,0.3740234375,-0.18725585937
1726155028800.7634,-1.00073242187,0.3740234375,-0.18725585937
1726155028820.794,-1.00073242187,0.3740234375,-0.18725585937
1726155028840.641,-1.00500488281,0.34594726562,-0.16552734375
1726155028860.7634,-1.00500488281,0.34594726562,-0.16552734375
1726155028880.7632,-1.00500488281,0.34594726562,-0.16552734375
1726155028900.7632,-1.00500488281,0.34594726562,-0.16552734375
1726155028920.641,-0.99755859375,0.32751464843,-0.14904785156
1726155028940.794,-0.99755859375,0.32751464843,-0.14904785156
1726155028960.7634,-0.99755859375,0.32751464843,-0.14904785156
1726155028980.8245,-0.99755859375,0.32751464843,-0.14904785156
1726155029000.6719,-0.994140625,0.33044433593,-0.14135742187
1726155029020.7634,-0.994140625,0.33044433593,-0.14135742187
1726155029040.7634,-0.994140625,0.33044433593,-0.14135742187
1726155029060.794,-0.994140625,0.33044433593,-0.14135742187
1726155029080.641,-1.00512695312,0.32556152343,-0.15771484375
1726155029100.7634,-1.00512695312,0.32556152343,-0.15771484375
1726155029120.7937,-1.00512695312,0.32556152343,-0.15771484375
1726155029140.7632,-1.00512695312,0.32556152343,-0.15771484375
1726155029160.641,-1.02270507812,0.26489257812,-0.18505859375
1726155029180.7632,-1.02270507812,0.26489257812,-0.18505859375
1726155029200.794,-1.02270507812,0.26489257812,-0.18505859375
1726155029221.191,-1.02270507812,0.26489257812,-0.18505859375
1726155029240.641,-1.02880859375,0.17407226562,-0.20202636718
1726155029260.7634,-1.02880859375,0.17407226562,-0.20202636718
1726155029280.794,-1.02880859375,0.17407226562,-0.20202636718
1726155029300.7634,-1.02880859375,0.17407226562,-0.20202636718
1726155029320.641,-1.09521484375,0.119140625,-0.18591308593
1726155029340.794,-1.09521484375,0.119140625,-0.18591308593
1726155029360.7634,-1.09521484375,0.119140625,-0.18591308593
1726155029380.7632,-1.09521484375,0.119140625,-0.18591308593
1726155029400.641,-1.0751953125,0.126953125,-0.19409179687
1726155029420.794,-1.0751953125,0.126953125,-0.19409179687
1726155029440.794,-1.0751953125,0.126953125,-0.19409179687
1726155029460.7634,-1.0751953125,0.126953125,-0.19409179687
1726155029480.641,-0.92919921875,0.11181640625,-0.234375
1726155029500.7634,-0.92919921875,0.11181640625,-0.234375
1726155029520.794,-0.92919921875,0.11181640625,-0.234375
1726155029540.7634,-0.92919921875,0.11181640625,-0.234375
1726155029560.641,-0.9248046875,0.06201171875,-0.2197265625
1726155029580.794,-0.9248046875,0.06201171875,-0.2197265625
1726155029600.7634,-0.9248046875,0.06201171875,-0.2197265625
1726155029620.7937,-0.9248046875,0.06201171875,-0.2197265625
1726155029640.641,-0.97692871093,-0.01330566406,-0.18469238281
1726155029660.7937,-0.97692871093,-0.01330566406,-0.18469238281
1726155029680.7632,-0.97692871093,-0.01330566406,-0.18469238281
1726155029700.794,-0.97692871093,-0.01330566406,-0.18469238281
1726155029720.641,-0.96057128906,-0.06506347656,-0.17883300781
1726155029740.794,-0.96057128906,-0.06506347656,-0.17883300781
1726155029760.794,-0.96057128906,-0.06506347656,-0.17883300781
1726155029780.794,-0.96057128906,-0.06506347656,-0.17883300781
1726155029800.6719,-0.94250488281,-0.05383300781,-0.20324707031
1726155029820.794,-0.94250488281,-0.05383300781,-0.20324707031
1726155029840.794,-0.94250488281,-0.05383300781,-0.20324707031
1726155029860.7634,-0.94250488281,-0.05383300781,-0.20324707031
1726155029880.641,-0.91638183593,-0.00903320312,-0.23864746093
1726155029900.7632,-0.91638183593,-0.00903320312,-0.23864746093
1726155029920.7632,-0.91638183593,-0.00903320312,-0.23864746093
1726155029940.794,-0.91638183593,-0.00903320312,-0.23864746093
1726155029960.641,-0.93334960937,0.05249023437,-0.251953125
1726155029980.794,-0.93334960937,0.05249023437,-0.251953125
1726155030000.794,-0.93334960937,0.05249023437,-0.251953125
1726155030020.7634,-0.93334960937,0.05249023437,-0.251953125
1726155030040.641,-0.99133300781,0.078125,-0.25085449218
1726155030060.794,-0.99133300781,0.078125,-0.25085449218
1726155030080.7634,-0.99133300781,0.078125,-0.25085449218
1726155030100.794,-0.99133300781,0.078125,-0.25085449218
1726155030120.641,-1.0986328125,0.10363769531,-0.23168945312
1726155030140.7937,-1.0986328125,0.10363769531,-0.23168945312
1726155030160.7632,-1.0986328125,0.10363769531,-0.23168945312
1726155030180.794,-1.0986328125,0.10363769531,-0.23168945312
1726155030200.641,-1.09130859375,0.13122558593,-0.2216796875
1726155030220.794,-1.09130859375,0.13122558593,-0.2216796875
1726155030240.7634,-1.09130859375,0.13122558593,-0.2216796875
1726155030260.794,-1.09130859375,0.13122558593,-0.2216796875
1726155030280.6719,-1.02746582031,0.14819335937,-0.2138671875
1726155030300.7634,-1.02746582031,0.14819335937,-0.2138671875
1726155030320.7634,-1.02746582031,0.14819335937,-0.2138671875
1726155030340.794,-1.02746582031,0.14819335937,-0.2138671875
1726155030360.641,-1.04248046875,0.16857910156,-0.17785644531
1726155030380.7632,-1.04248046875,0.16857910156,-0.17785644531
1726155030400.7937,-1.04248046875,0.16857910156,-0.17785644531
1726155030420.794,-1.04248046875,0.16857910156,-0.17785644531
1726155030440.6716,-1.00476074218,0.18444824218,-0.14331054687
1726155030460.794,-1.00476074218,0.18444824218,-0.14331054687
1726155030480.7634,-1.00476074218,0.18444824218,-0.14331054687
1726155030500.794,-1.00476074218,0.18444824218,-0.14331054687
1726155030520.641,-0.96936035156,0.21154785156,-0.15234375
1726155030540.7634,-0.96936035156,0.21154785156,-0.15234375
1726155030560.794,-0.96936035156,0.21154785156,-0.15234375
1726155030580.794,-0.96936035156,0.21154785156,-0.15234375
1726155030600.641,-0.94653320312,0.29931640625,-0.20239257812
1726155030620.7937,-0.94653320312,0.29931640625,-0.20239257812
1726155030640.7937,-0.94653320312,0.29931640625,-0.20239257812
1726155030660.7937,-0.94653320312,0.29931640625,-0.20239257812
1726155030680.6716,-0.94641113281,0.38610839843,-0.25903320312
1726155030700.794,-0.94641113281,0.38610839843,-0.25903320312
1726155030720.7634,-0.94641113281,0.38610839843,-0.25903320312
1726155030740.794,-0.94641113281,0.38610839843,-0.25903320312
1726155030760.641,-0.96301269531,0.41088867187,-0.31982421875
1726155030780.7634,-0.96301269531,0.41088867187,-0.31982421875
1726155030800.794,-0.96301269531,0.41088867187,-0.31982421875
1726155030820.794,-0.96301269531,0.41088867187,-0.31982421875
1726155030840.641,-0.98742675781,0.40783691406,-0.36181640625
1726155030860.7634,-0.98742675781,0.40783691406,-0.36181640625
1726155030880.7937,-0.98742675781,0.40783691406,-0.36181640625
1726155030900.7937,-0.98742675781,0.40783691406,-0.36181640625
1726155030920.641,-0.91333007812,0.39916992187,-0.38549804687
1726155030940.794,-0.91333007812,0.39916992187,-0.38549804687
1726155030960.794,-0.91333007812,0.39916992187,-0.38549804687
1726155030980.7634,-0.91333007812,0.39916992187,-0.38549804687
1726155031000.641,-0.83178710937,0.37316894531,-0.40283203125
1726155031020.794,-0.83178710937,0.37316894531,-0.40283203125
1726155031040.794,-0.83178710937,0.37316894531,-0.40283203125
1726155031060.794,-0.83178710937,0.37316894531,-0.40283203125
1726155031080.641,-0.79699707031,0.365234375,-0.40258789062
1726155031100.7634,-0.79699707031,0.365234375,-0.40258789062
1726155031120.7632,-0.79699707031,0.365234375,-0.40258789062
1726155031140.7937,-0.79699707031,0.365234375,-0.40258789062
1726155031160.641,-0.74108886718,0.38757324218,-0.40246582031
1726155031180.7632,-0.74108886718,0.38757324218,-0.40246582031
1726155031200.7634,-0.74108886718,0.38757324218,-0.40246582031
1726155031220.7634,-0.74108886718,0.38757324218,-0.40246582031
1726155031240.641,-0.74108886718,0.38757324218,-0.40246582031
1726155031260.794,-0.74108886718,0.38757324218,-0.40246582031
1726155031280.794,-0.74108886718,0.38757324218,-0.40246582031
1726155031300.7634,-0.74108886718,0.38757324218,-0.40246582031
1726155031320.641,-0.716796875,0.48608398437,-0.40344238281
1726155031340.794,-0.716796875,0.48608398437,-0.40344238281
1726155031360.794,-0.716796875,0.48608398437,-0.40344238281
1726155031380.7937,-0.716796875,0.48608398437,-0.40344238281
1726155031400.641,-0.74340820312,0.46899414062,-0.38403320312
1726155031420.7632,-0.74340820312,0.46899414062,-0.38403320312
1726155031440.794,-0.74340820312,0.46899414062,-0.38403320312
1726155031460.7634,-0.74340820312,0.46899414062,-0.38403320312
1726155031480.641,-0.79846191406,0.46411132812,-0.37194824218
1726155031500.7634,-0.79846191406,0.46411132812,-0.37194824218
1726155031520.794,-0.79846191406,0.46411132812,-0.37194824218
1726155031540.794,-0.79846191406,0.46411132812,-0.37194824218
1726155031560.641,-0.92419433593,0.43896484375,-0.35266113281
1726155031580.794,-0.92419433593,0.43896484375,-0.35266113281
1726155031600.794,-0.92419433593,0.43896484375,-0.35266113281
1726155031620.7632,-0.92419433593,0.43896484375,-0.35266113281
1726155031640.6716,-1.06213378906,0.42614746093,-0.30822753906
1726155031660.7937,-1.06213378906,0.42614746093,-0.30822753906
1726155031680.7632,-1.06213378906,0.42614746093,-0.30822753906
1726155031700.794,-1.06213378906,0.42614746093,-0.30822753906
1726155031720.641,-1.05346679687,0.40881347656,-0.28857421875
1726155031740.794,-1.05346679687,0.40881347656,-0.28857421875
1726155031760.794,-1.05346679687,0.40881347656,-0.28857421875
1726155031780.7634,-1.05346679687,0.40881347656,-0.28857421875
1726155031800.641,-1.01086425781,0.35168457031,-0.29296875
1726155031820.7634,-1.01086425781,0.35168457031,-0.29296875
1726155031840.794,-1.01086425781,0.35168457031,-0.29296875
1726155031860.7634,-1.01086425781,0.35168457031,-0.29296875
1726155031880.641,-1.025390625,0.27502441406,-0.27624511718
1726155031900.7937,-1.025390625,0.27502441406,-0.27624511718
1726155031920.794,-1.025390625,0.27502441406,-0.27624511718
1726155031940.794,-1.025390625,0.27502441406,-0.27624511718
1726155031960.641,-1.00610351562,0.17150878906,-0.22778320312
1726155031980.7634,-1.00610351562,0.17150878906,-0.22778320312
1726155032000.7634,-1.00610351562,0.17150878906,-0.22778320312
1726155032020.7634,-1.00610351562,0.17150878906,-0.22778320312
1726155032040.641,-0.97521972656,0.08044433593,-0.19165039062
1726155032060.794,-0.97521972656,0.08044433593,-0.19165039062
1726155032080.794,-0.97521972656,0.08044433593,-0.19165039062
1726155032100.794,-0.97521972656,0.08044433593,-0.19165039062
1726155032120.641,-0.96496582031,0.05053710937,-0.18627929687
1726155032140.7632,-0.96496582031,0.05053710937,-0.18627929687
1726155032160.7937,-0.96496582031,0.05053710937,-0.18627929687
1726155032180.7632,-0.96496582031,0.05053710937,-0.18627929687
1726155032200.6716,-0.95910644531,0.076171875,-0.20251464843
1726155032220.794,-0.95910644531,0.076171875,-0.20251464843
1726155032240.794,-0.95910644531,0.076171875,-0.20251464843
1726155032260.794,-0.95910644531,0.076171875,-0.20251464843
1726155032280.641,-0.97204589843,0.12573242187,-0.22265625
1726155032300.7634,-0.97204589843,0.12573242187,-0.22265625
1726155032320.7634,-0.97204589843,0.12573242187,-0.22265625
1726155032340.7634,-0.97204589843,0.12573242187,-0.22265625
1726155032360.641,-1.03015136718,0.1435546875,-0.23205566406
1726155032380.7937,-1.03015136718,0.1435546875,-0.23205566406
1726155032400.7937,-1.03015136718,0.1435546875,-0.23205566406
1726155032420.7632,-1.03015136718,0.1435546875,-0.23205566406
1726155032440.6716,-1.11987304687,0.13208007812,-0.24792480468
1726155032460.7634,-1.11987304687,0.13208007812,-0.24792480468
1726155032480.7634,-1.11987304687,0.13208007812,-0.24792480468
1726155032500.7634,-1.11987304687,0.13208007812,-0.24792480468
1726155032520.641,-1.12524414062,0.10693359375,-0.27502441406
1726155032540.7634,-1.12524414062,0.10693359375,-0.27502441406
1726155032560.794,-1.12524414062,0.10693359375,-0.27502441406
1726155032580.7634,-1.12524414062,0.10693359375,-0.27502441406
1726155032600.641,-1.00366210937,0.06176757812,-0.29821777343
1726155032620.7632,-1.00366210937,0.06176757812,-0.29821777343
1726155032640.7937,-1.00366210937,0.06176757812,-0.29821777343
1726155032660.7937,-1.00366210937,0.06176757812,-0.29821777343
1726155032680.641,-0.94067382812,-0.01647949218,-0.27563476562
1726155032700.7634,-0.94067382812,-0.01647949218,-0.27563476562
1726155032720.794,-0.94067382812,-0.01647949218,-0.27563476562
1726155032740.7634,-0.94067382812,-0.01647949218,-0.27563476562
1726155032760.641,-0.96032714843,-0.09057617187,-0.23168945312
1726155032780.794,-0.96032714843,-0.09057617187,-0.23168945312
1726155032800.7634,-0.96032714843,-0.09057617187,-0.23168945312
1726155032820.794,-0.96032714843,-0.09057617187,-0.23168945312
1726155032840.6719,-0.95178222656,-0.09802246093,-0.20910644531
1726155032860.794,-0.95178222656,-0.09802246093,-0.20910644531
1726155032880.7937,-0.95178222656,-0.09802246093,-0.20910644531
1726155032900.7937,-0.95178222656,-0.09802246093,-0.20910644531
1726155032920.641,-0.92797851562,-0.03588867187,-0.20593261718
1726155032940.794,-0.92797851562,-0.03588867187,-0.20593261718
1726155032960.794,-0.92797851562,-0.03588867187,-0.20593261718
1726155032980.7634,-0.92797851562,-0.03588867187,-0.20593261718
1726155033000.641,-0.90649414062,0.02758789062,-0.22937011718
1726155033020.794,-0.90649414062,0.02758789062,-0.22937011718
1726155033040.7634,-0.90649414062,0.02758789062,-0.22937011718
1726155033060.794,-0.90649414062,0.02758789062,-0.22937011718
1726155033080.641,-0.9423828125,0.05810546875,-0.26330566406
1726155033100.794,-0.9423828125,0.05810546875,-0.26330566406
1726155033120.7632,-0.9423828125,0.05810546875,-0.26330566406
1726155033140.7632,-0.9423828125,0.05810546875,-0.26330566406
1726155033160.641,-1.01220703125,0.1015625,-0.29162597656
1726155033180.794,-1.01220703125,0.1015625,-0.29162597656
1726155033200.794,-1.01220703125,0.1015625,-0.29162597656
1726155033220.7634,-1.01220703125,0.1015625,-0.29162597656
1726155033240.641,-1.0947265625,0.16564941406,-0.28918457031
1726155033260.794,-1.0947265625,0.16564941406,-0.28918457031
1726155033280.7634,-1.0947265625,0.16564941406,-0.28918457031
1726155033300.7634,-1.0947265625,0.16564941406,-0.28918457031
1726155033320.641,-1.07495117187,0.21948242187,-0.2724609375
1726155033340.794,-1.07495117187,0.21948242187,-0.2724609375
1726155033360.794,-1.07495117187,0.21948242187,-0.2724609375
1726155033380.7632,-1.07495117187,0.21948242187,-0.2724609375
1726155033400.641,-1.00732421875,0.20080566406,-0.24267578125
1726155033420.794,-1.00732421875,0.20080566406,-0.24267578125
1726155033440.7634,-1.00732421875,0.20080566406,-0.24267578125
1726155033460.794,-1.00732421875,0.20080566406,-0.24267578125
1726155033480.641,-1.01428222656,0.17126464843,-0.193359375
1726155033500.794,-1.01428222656,0.17126464843,-0.193359375
1726155033520.7634,-1.01428222656,0.17126464843,-0.193359375
1726155033540.794,-1.01428222656,0.17126464843,-0.193359375
1726155033560.641,-1.00830078125,0.18884277343,-0.15795898437
1726155033580.794,-1.00830078125,0.18884277343,-0.15795898437
1726155033600.794,-1.00830078125,0.18884277343,-0.15795898437
1726155033620.7937,-1.00830078125,0.18884277343,-0.15795898437
1726155033640.641,-1.00952148437,0.22204589843,-0.16430664062
1726155033660.7937,-1.00952148437,0.22204589843,-0.16430664062
1726155033680.794,-1.00952148437,0.22204589843,-0.16430664062
1726155033700.7634,-1.00952148437,0.22204589843,-0.16430664062
1726155033720.641,-1.00390625,0.2802734375,-0.20581054687
1726155033740.794,-1.00390625,0.2802734375,-0.20581054687
1726155033760.794,-1.00390625,0.2802734375,-0.20581054687
1726155033780.794,-1.00390625,0.2802734375,-0.20581054687
1726155033800.641,-0.97839355468,0.36047363281,-0.25439453125
1726155033820.794,-0.97839355468,0.36047363281,-0.25439453125
1726155033840.794,-0.97839355468,0.36047363281,-0.25439453125
1726155033860.794,-0.97839355468,0.36047363281,-0.25439453125
1726155033880.6716,-0.93933105468,0.43225097656,-0.30310058593
1726155033900.7937,-0.93933105468,0.43225097656,-0.30310058593
1726155033920.7632,-0.93933105468,0.43225097656,-0.30310058593
1726155033940.7634,-0.93933105468,0.43225097656,-0.30310058593
1726155033960.641,-0.89294433593,0.47106933593,-0.32995605468
1726155033980.7634,-0.89294433593,0.47106933593,-0.32995605468
1726155034000.794,-0.89294433593,0.47106933593,-0.32995605468
1726155034020.7634,-0.89294433593,0.47106933593,-0.32995605468
1726155034040.641,-0.88916015625,0.49426269531,-0.34045410156
1726155034060.7634,-0.88916015625,0.49426269531,-0.34045410156
1726155034080.7634,-0.88916015625,0.49426269531,-0.34045410156
1726155034100.7634,-0.88916015625,0.49426269531,-0.34045410156
1726155034120.641,-0.82897949218,0.51135253906,-0.36828613281
1726155034140.7937,-0.82897949218,0.51135253906,-0.36828613281
1726155034160.7632,-0.82897949218,0.51135253906,-0.36828613281
1726155034180.794,-0.82897949218,0.51135253906,-0.36828613281
1726155034200.641,-0.76330566406,0.505859375,-0.35827636718
1726155034220.794,-0.76330566406,0.505859375,-0.35827636718
1726155034240.7634,-0.76330566406,0.505859375,-0.35827636718
1726155034260.7634,-0.76330566406,0.505859375,-0.35827636718
1726155034280.641,-0.77136230468,0.49279785156,-0.32763671875
1726155034300.7634,-0.77136230468,0.49279785156,-0.32763671875
1726155034320.7634,-0.77136230468,0.49279785156,-0.32763671875
1726155034340.794,-0.77136230468,0.49279785156,-0.32763671875
1726155034360.641,-0.72607421875,0.4951171875,-0.33825683593
1726155034380.7937,-0.72607421875,0.4951171875,-0.33825683593
1726155034400.7937,-0.72607421875,0.4951171875,-0.33825683593
1726155034420.7632,-0.72607421875,0.4951171875,-0.33825683593
1726155034440.641,-0.67993164062,0.51171875,-0.34643554687
1726155034460.7634,-0.67993164062,0.51171875,-0.34643554687
1726155034480.794,-0.67993164062,0.51171875,-0.34643554687
1726155034500.794,-0.67993164062,0.51171875,-0.34643554687
1726155034520.641,-0.69177246093,0.51318359375,-0.34802246093
1726155034540.794,-0.69177246093,0.51318359375,-0.34802246093
1726155034560.794,-0.69177246093,0.51318359375,-0.34802246093
1726155034580.794,-0.69177246093,0.51318359375,-0.34802246093
1726155034600.641,-0.72021484375,0.48999023437,-0.35095214843
1726155034620.7632,-0.72021484375,0.48999023437,-0.35095214843
1726155034640.7632,-0.72021484375,0.48999023437,-0.35095214843
1726155034660.7937,-0.72021484375,0.48999023437,-0.35095214843
1726155034680.6716,-0.77416992187,0.48022460937,-0.33044433593
1726155034700.7634,-0.77416992187,0.48022460937,-0.33044433593
1726155034720.794,-0.77416992187,0.48022460937,-0.33044433593
1726155034740.794,-0.77416992187,0.48022460937,-0.33044433593
1726155034760.641,-0.86389160156,0.48193359375,-0.31872558593
1726155034780.794,-0.86389160156,0.48193359375,-0.31872558593
1726155034800.794,-0.86389160156,0.48193359375,-0.31872558593
1726155034820.7634,-0.86389160156,0.48193359375,-0.31872558593
1726155034840.641,-0.99645996093,0.45251464843,-0.30920410156
1726155034860.794,-0.99645996093,0.45251464843,-0.30920410156
1726155034880.7937,-0.99645996093,0.45251464843,-0.30920410156
1726155034900.7937,-0.99645996093,0.45251464843,-0.30920410156
1726155034920.641,-1.06140136718,0.43359375,-0.27136230468
1726155034940.7634,-1.06140136718,0.43359375,-0.27136230468
1726155034960.7634,-1.06140136718,0.43359375,-0.27136230468
1726155034980.794,-1.06140136718,0.43359375,-0.27136230468
1726155035000.641,-1.00622558593,0.42260742187,-0.23803710937
1726155035020.794,-1.00622558593,0.42260742187,-0.23803710937
1726155035040.794,-1.00622558593,0.42260742187,-0.23803710937
1726155035060.794,-1.00622558593,0.42260742187,-0.23803710937
1726155035080.641,-0.99401855468,0.33618164062,-0.20581054687
1726155035100.794,-0.99401855468,0.33618164062,-0.20581054687
1726155035120.7937,-0.99401855468,0.33618164062,-0.20581054687
1726155035140.7632,-0.99401855468,0.33618164062,-0.20581054687
1726155035160.6716,-1.01330566406,0.23229980468,-0.17419433593
1726155035180.794,-1.01330566406,0.23229980468,-0.17419433593
1726155035201.16,-1.01330566406,0.23229980468,-0.17419433593
1726155035220.794,-1.01330566406,0.23229980468,-0.17419433593
1726155035240.641,-0.9931640625,0.1162109375,-0.16357421875
1726155035260.7634,-0.9931640625,0.1162109375,-0.16357421875
1726155035280.7634,-0.9931640625,0.1162109375,-0.16357421875
1726155035300.794,-0.9931640625,0.1162109375,-0.16357421875
1726155035320.6719,-0.97229003906,0.01721191406,-0.15551757812
1726155035340.794,-0.97229003906,0.01721191406,-0.15551757812
1726155035360.794,-0.97229003906,0.01721191406,-0.15551757812
1726155035380.7937,-0.97229003906,0.01721191406,-0.15551757812
1726155035400.6716,-0.97399902343,0.0283203125,-0.13818359375
1726155035420.794,-0.97399902343,0.0283203125,-0.13818359375
1726155035440.7634,-0.97399902343,0.0283203125,-0.13818359375
1726155035460.794,-0.97399902343,0.0283203125,-0.13818359375
1726155035480.641,-0.986328125,0.11059570312,-0.13842773437
1726155035500.7634,-0.986328125,0.11059570312,-0.13842773437
1726155035520.7634,-0.986328125,0.11059570312,-0.13842773437
1726155035540.7634,-0.986328125,0.11059570312,-0.13842773437
1726155035560.641,-0.99096679687,0.16149902343,-0.15832519531
1726155035580.7634,-0.99096679687,0.16149902343,-0.15832519531
1726155035600.794,-0.99096679687,0.16149902343,-0.15832519531
1726155035620.7937,-0.99096679687,0.16149902343,-0.15832519531
1726155035640.641,-1.09216308593,0.16760253906,-0.14990234375
1726155035660.7937,-1.09216308593,0.16760253906,-0.14990234375
1726155035680.7632,-1.09216308593,0.16760253906,-0.14990234375
1726155035700.794,-1.09216308593,0.16760253906,-0.14990234375
1726155035720.641,-1.11437988281,0.12768554687,-0.17517089843
1726155035740.794,-1.11437988281,0.12768554687,-0.17517089843
1726155035760.7634,-1.11437988281,0.12768554687,-0.17517089843
1726155035780.7634,-1.11437988281,0.12768554687,-0.17517089843
1726155035800.6719,-1.00170898437,0.021484375,-0.23388671875
1726155035820.7634,-1.00170898437,0.021484375,-0.23388671875
1726155035840.794,-1.00170898437,0.021484375,-0.23388671875
1726155035860.7634,-1.00170898437,0.021484375,-0.23388671875
1726155035880.6716,-0.99291992187,-0.0322265625,-0.24975585937
1726155035900.7937,-0.99291992187,-0.0322265625,-0.24975585937
1726155035920.794,-0.99291992187,-0.0322265625,-0.24975585937
1726155035940.7634,-0.99291992187,-0.0322265625,-0.24975585937
1726155035960.641,-0.96276855468,0.02087402343,-0.25402832031
1726155035980.7634,-0.96276855468,0.02087402343,-0.25402832031
1726155036000.7634,-0.96276855468,0.02087402343,-0.25402832031
1726155036020.794,-0.96276855468,0.02087402343,-0.25402832031
1726155036040.641,-0.91540527343,0.12072753906,-0.2685546875
1726155036060.7634,-0.91540527343,0.12072753906,-0.2685546875
1726155036080.794,-0.91540527343,0.12072753906,-0.2685546875
1726155036100.7634,-0.91540527343,0.12072753906,-0.2685546875
1726155036120.641,-0.90478515625,0.21313476562,-0.27734375
1726155036140.7937,-0.90478515625,0.21313476562,-0.27734375
1726155036160.7937,-0.90478515625,0.21313476562,-0.27734375
1726155036180.7632,-0.90478515625,0.21313476562,-0.27734375
1726155036200.6716,-0.90087890625,0.26879882812,-0.29064941406
1726155036220.794,-0.90087890625,0.26879882812,-0.29064941406
1726155036240.7634,-0.90087890625,0.26879882812,-0.29064941406
1726155036260.794,-0.90087890625,0.26879882812,-0.29064941406
1726155036280.641,-0.90087890625,0.26879882812,-0.29064941406
1726155036300.794,-0.90087890625,0.26879882812,-0.29064941406
1726155036320.794,-0.90087890625,0.26879882812,-0.29064941406
1726155036340.794,-0.90087890625,0.26879882812,-0.29064941406
1726155036360.641,-1.02392578125,0.42126464843,-0.31762695312
1726155036380.7937,-1.02392578125,0.42126464843,-0.31762695312
1726155036400.7632,-1.02392578125,0.42126464843,-0.31762695312
1726155036420.7632,-1.02392578125,0.42126464843,-0.31762695312
1726155036440.641,-0.98864746093,0.44714355468,-0.32116699218
1726155036460.794,-0.98864746093,0.44714355468,-0.32116699218
1726155036480.7634,-0.98864746093,0.44714355468,-0.32116699218
1726155036500.7634,-0.98864746093,0.44714355468,-0.32116699218
1726155036520.641,-0.900390625,0.48840332031,-0.3154296875
1726155036540.7634,-0.900390625,0.48840332031,-0.3154296875
1726155036560.794,-0.900390625,0.48840332031,-0.3154296875
1726155036580.794,-0.900390625,0.48840332031,-0.3154296875
1726155036600.641,-0.8935546875,0.54089355468,-0.31286621093
1726155036620.7632,-0.8935546875,0.54089355468,-0.31286621093
1726155036640.7632,-0.8935546875,0.54089355468,-0.31286621093
1726155036660.7937,-0.8935546875,0.54089355468,-0.31286621093
1726155036680.6716,-0.81848144531,0.57275390625,-0.32824707031
1726155036700.7634,-0.81848144531,0.57275390625,-0.32824707031
1726155036720.794,-0.81848144531,0.57275390625,-0.32824707031
1726155036740.794,-0.81848144531,0.57275390625,-0.32824707031
1726155036760.6719,-0.71264648437,0.57824707031,-0.35217285156
1726155036780.7634,-0.71264648437,0.57824707031,-0.35217285156
1726155036800.794,-0.71264648437,0.57824707031,-0.35217285156
1726155036820.794,-0.71264648437,0.57824707031,-0.35217285156
1726155036840.6719,-0.6142578125,0.6162109375,-0.36437988281
1726155036860.794,-0.6142578125,0.6162109375,-0.36437988281
1726155036880.7937,-0.6142578125,0.6162109375,-0.36437988281
1726155036900.7632,-0.6142578125,0.6162109375,-0.36437988281
1726155036920.6716,-0.57873535156,0.67138671875,-0.35961914062
1726155036940.794,-0.57873535156,0.67138671875,-0.35961914062
1726155036960.794,-0.57873535156,0.67138671875,-0.35961914062
1726155036980.7634,-0.57873535156,0.67138671875,-0.35961914062
1726155037000.6719,-0.61328125,0.69299316406,-0.37719726562
1726155037020.7634,-0.61328125,0.69299316406,-0.37719726562
1726155037040.7634,-0.61328125,0.69299316406,-0.37719726562
1726155037060.794,-0.61328125,0.69299316406,-0.37719726562
1726155037080.641,-0.69714355468,0.65100097656,-0.38537597656
1726155037100.7634,-0.69714355468,0.65100097656,-0.38537597656
1726155037120.7632,-0.69714355468,0.65100097656,-0.38537597656
1726155037140.7632,-0.69714355468,0.65100097656,-0.38537597656
1726155037160.6716,-0.77490234375,0.56774902343,-0.35375976562
1726155037180.7632,-0.77490234375,0.56774902343,-0.35375976562
1726155037200.794,-0.77490234375,0.56774902343,-0.35375976562
1726155037220.794,-0.77490234375,0.56774902343,-0.35375976562
1726155037240.641,-0.80383300781,0.50708007812,-0.32751464843
1726155037260.794,-0.80383300781,0.50708007812,-0.32751464843
1726155037280.794,-0.80383300781,0.50708007812,-0.32751464843
1726155037300.7634,-0.80383300781,0.50708007812,-0.32751464843
1726155037320.641,-0.85168457031,0.47875976562,-0.31530761718
1726155037340.794,-0.85168457031,0.47875976562,-0.31530761718
1726155037360.7634,-0.85168457031,0.47875976562,-0.31530761718
1726155037380.7937,-0.85168457031,0.47875976562,-0.31530761718
1726155037400.6716,-0.89477539062,0.45104980468,-0.31384277343
1726155037420.794,-0.89477539062,0.45104980468,-0.31384277343
1726155037440.794,-0.89477539062,0.45104980468,-0.31384277343
1726155037460.794,-0.89477539062,0.45104980468,-0.31384277343
1726155037480.641,-0.884765625,0.41821289062,-0.32043457031
1726155037500.794,-0.884765625,0.41821289062,-0.32043457031
1726155037520.794,-0.884765625,0.41821289062,-0.32043457031
1726155037540.7634,-0.884765625,0.41821289062,-0.32043457031
1726155037560.6719,-0.86962890625,0.38000488281,-0.3203125
1726155037580.7634,-0.86962890625,0.38000488281,-0.3203125
1726155037600.7634,-0.86962890625,0.38000488281,-0.3203125
1726155037620.7937,-0.86962890625,0.38000488281,-0.3203125
1726155037640.6716,-0.86572265625,0.3466796875,-0.31298828125
1726155037660.7937,-0.86572265625,0.3466796875,-0.31298828125
1726155037680.794,-0.86572265625,0.3466796875,-0.31298828125
1726155037700.7634,-0.86572265625,0.3466796875,-0.31298828125
1726155037720.6716,-0.89733886718,0.32580566406,-0.30749511718
1726155037740.794,-0.89733886718,0.32580566406,-0.30749511718
1726155037760.7634,-0.89733886718,0.32580566406,-0.30749511718
1726155037780.7634,-0.89733886718,0.32580566406,-0.30749511718
1726155037800.6719,-0.98083496093,0.26916503906,-0.29248046875
1726155037820.794,-0.98083496093,0.26916503906,-0.29248046875
1726155037840.794,-0.98083496093,0.26916503906,-0.29248046875
1726155037860.794,-0.98083496093,0.26916503906,-0.29248046875
1726155037880.6716,-1.08325195312,0.21984863281,-0.25622558593
1726155037900.7632,-1.08325195312,0.21984863281,-0.25622558593
1726155037920.7632,-1.08325195312,0.21984863281,-0.25622558593
1726155037940.794,-1.08325195312,0.21984863281,-0.25622558593
1726155037960.6716,-1.05078125,0.20727539062,-0.24243164062
1726155037980.7634,-1.05078125,0.20727539062,-0.24243164062
1726155038000.7634,-1.05078125,0.20727539062,-0.24243164062
1726155038020.7634,-1.05078125,0.20727539062,-0.24243164062
1726155038040.6719,-0.98034667968,0.19201660156,-0.24755859375
1726155038060.7634,-0.98034667968,0.19201660156,-0.24755859375
1726155038080.794,-0.98034667968,0.19201660156,-0.24755859375
1726155038100.8855,-0.98034667968,0.19201660156,-0.24755859375
1726155038120.6716,-1.02673339843,0.19848632812,-0.22692871093
1726155038140.7937,-1.02673339843,0.19848632812,-0.22692871093
1726155038160.7937,-1.02673339843,0.19848632812,-0.22692871093
1726155038180.794,-1.02673339843,0.19848632812,-0.22692871093
1726155038200.6716,-1.01818847656,0.20983886718,-0.20581054687
1726155038220.794,-1.01818847656,0.20983886718,-0.20581054687
1726155038240.794,-1.01818847656,0.20983886718,-0.20581054687
1726155038260.794,-1.01818847656,0.20983886718,-0.20581054687
1726155038280.6719,-0.96313476562,0.21923828125,-0.18981933593
1726155038300.7634,-0.96313476562,0.21923828125,-0.18981933593
1726155038320.794,-0.96313476562,0.21923828125,-0.18981933593
1726155038340.794,-0.96313476562,0.21923828125,-0.18981933593
1726155038360.641,-0.94787597656,0.27258300781,-0.16455078125
1726155038380.7632,-0.94787597656,0.27258300781,-0.16455078125
1726155038400.7632,-0.94787597656,0.27258300781,-0.16455078125
1726155038420.794,-0.94787597656,0.27258300781,-0.16455078125
1726155038440.641,-0.95532226562,0.35180664062,-0.15185546875
1726155038460.7634,-0.95532226562,0.35180664062,-0.15185546875
1726155038480.794,-0.95532226562,0.35180664062,-0.15185546875
1726155038500.794,-0.95532226562,0.35180664062,-0.15185546875
1726155038520.6719,-0.96923828125,0.39587402343,-0.16040039062
1726155038540.794,-0.96923828125,0.39587402343,-0.16040039062
1726155038560.7634,-0.96923828125,0.39587402343,-0.16040039062
1726155038580.794,-0.96923828125,0.39587402343,-0.16040039062
1726155038600.6719,-1.07995605468,0.39978027343,-0.16442871093
1726155038620.7937,-1.07995605468,0.39978027343,-0.16442871093
1726155038640.7937,-1.07995605468,0.39978027343,-0.16442871093
1726155038660.7937,-1.07995605468,0.39978027343,-0.16442871093
1726155038680.641,-1.08996582031,0.36730957031,-0.21948242187
1726155038700.794,-1.08996582031,0.36730957031,-0.21948242187
1726155038720.794,-1.08996582031,0.36730957031,-0.21948242187
1726155038740.794,-1.08996582031,0.36730957031,-0.21948242187
1726155038760.641,-0.95593261718,0.29577636718,-0.26599121093
1726155038780.7634,-0.95593261718,0.29577636718,-0.26599121093
1726155038800.794,-0.95593261718,0.29577636718,-0.26599121093
1726155038820.7634,-0.95593261718,0.29577636718,-0.26599121093
1726155038840.6719,-0.92370605468,0.24890136718,-0.25744628906
1726155038860.794,-0.92370605468,0.24890136718,-0.25744628906
1726155038880.7937,-0.92370605468,0.24890136718,-0.25744628906
1726155038900.7937,-0.92370605468,0.24890136718,-0.25744628906
1726155038920.6716,-0.90441894531,0.26354980468,-0.27844238281
1726155038940.7634,-0.90441894531,0.26354980468,-0.27844238281
1726155038960.794,-0.90441894531,0.26354980468,-0.27844238281
1726155038980.7634,-0.90441894531,0.26354980468,-0.27844238281
1726155039000.6719,-0.84130859375,0.30065917968,-0.30700683593
1726155039020.794,-0.84130859375,0.30065917968,-0.30700683593
1726155039040.794,-0.84130859375,0.30065917968,-0.30700683593
1726155039060.794,-0.84130859375,0.30065917968,-0.30700683593
1726155039080.6719,-0.80041503906,0.36584472656,-0.32250976562
1726155039100.794,-0.80041503906,0.36584472656,-0.32250976562
1726155039120.7632,-0.80041503906,0.36584472656,-0.32250976562
1726155039140.7632,-0.80041503906,0.36584472656,-0.32250976562
1726155039160.641,-0.77819824218,0.43054199218,-0.33801269531
1726155039180.794,-0.77819824218,0.43054199218,-0.33801269531
1726155039200.7634,-0.77819824218,0.43054199218,-0.33801269531
1726155039220.7634,-0.77819824218,0.43054199218,-0.33801269531
1726155039240.641,-0.78662109375,0.4462890625,-0.35876464843
1726155039260.7634,-0.78662109375,0.4462890625,-0.35876464843
1726155039280.794,-0.78662109375,0.4462890625,-0.35876464843
1726155039300.7634,-0.78662109375,0.4462890625,-0.35876464843
1726155039320.641,-0.83947753906,0.43371582031,-0.36218261718
1726155039340.794,-0.83947753906,0.43371582031,-0.36218261718
1726155039360.794,-0.83947753906,0.43371582031,-0.36218261718
1726155039380.7632,-0.83947753906,0.43371582031,-0.36218261718
1726155039400.641,-0.95068359375,0.41125488281,-0.33251953125
1726155039420.7632,-0.95068359375,0.41125488281,-0.33251953125
1726155039440.794,-0.95068359375,0.41125488281,-0.33251953125
1726155039460.794,-0.95068359375,0.41125488281,-0.33251953125
1726155039480.641,-0.98693847656,0.37780761718,-0.28540039062
1726155039500.794,-0.98693847656,0.37780761718,-0.28540039062
1726155039520.794,-0.98693847656,0.37780761718,-0.28540039062
1726155039540.7634,-0.98693847656,0.37780761718,-0.28540039062
1726155039560.641,-0.95263671875,0.34240722656,-0.22692871093
1726155039580.7634,-0.95263671875,0.34240722656,-0.22692871093
1726155039600.794,-0.95263671875,0.34240722656,-0.22692871093
1726155039620.7937,-0.95263671875,0.34240722656,-0.22692871093
1726155039640.641,-0.98779296875,0.31030273437,-0.16516113281
1726155039660.7937,-0.98779296875,0.31030273437,-0.16516113281
1726155039680.7632,-0.98779296875,0.31030273437,-0.16516113281
1726155039700.7634,-0.98779296875,0.31030273437,-0.16516113281
1726155039720.6716,-0.98962402343,0.30151367187,-0.1416015625
1726155039740.794,-0.98962402343,0.30151367187,-0.1416015625
1726155039760.794,-0.98962402343,0.30151367187,-0.1416015625
1726155039780.7634,-0.98962402343,0.30151367187,-0.1416015625
1726155039800.641,-0.95812988281,0.32043457031,-0.15246582031
1726155039820.7634,-0.95812988281,0.32043457031,-0.15246582031
1726155039840.7634,-0.95812988281,0.32043457031,-0.15246582031
1726155039860.7634,-0.95812988281,0.32043457031,-0.15246582031
1726155039880.641,-0.9560546875,0.33752441406,-0.16906738281
1726155039900.7632,-0.9560546875,0.33752441406,-0.16906738281
1726155039920.7632,-0.9560546875,0.33752441406,-0.16906738281
1726155039940.794,-0.9560546875,0.33752441406,-0.16906738281
1726155039960.6716,-0.95703125,0.3486328125,-0.18518066406
1726155039980.7634,-0.95703125,0.3486328125,-0.18518066406
1726155040000.794,-0.95703125,0.3486328125,-0.18518066406
1726155040020.7634,-0.95703125,0.3486328125,-0.18518066406
1726155040040.6719,-0.97729492187,0.35278320312,-0.19165039062
1726155040060.7634,-0.97729492187,0.35278320312,-0.19165039062
1726155040080.7634,-0.97729492187,0.35278320312,-0.19165039062
1726155040100.794,-0.97729492187,0.35278320312,-0.19165039062
1726155040120.641,-1.01599121093,0.35778808593,-0.19360351562
1726155040140.7937,-1.01599121093,0.35778808593,-0.19360351562
1726155040160.7937,-1.01599121093,0.35778808593,-0.19360351562
1726155040180.794,-1.01599121093,0.35778808593,-0.19360351562
1726155040200.641,-1.09033203125,0.36645507812,-0.19030761718
1726155040220.7634,-1.09033203125,0.36645507812,-0.19030761718
1726155040240.794,-1.09033203125,0.36645507812,-0.19030761718
1726155040260.7634,-1.09033203125,0.36645507812,-0.19030761718
1726155040280.641,-1.02587890625,0.35803222656,-0.21166992187
1726155040300.794,-1.02587890625,0.35803222656,-0.21166992187
1726155040320.794,-1.02587890625,0.35803222656,-0.21166992187
1726155040340.7634,-1.02587890625,0.35803222656,-0.21166992187
1726155040360.6719,-0.92395019531,0.3310546875,-0.23522949218
1726155040380.7937,-0.92395019531,0.3310546875,-0.23522949218
1726155040400.7937,-0.92395019531,0.3310546875,-0.23522949218
1726155040420.794,-0.92395019531,0.3310546875,-0.23522949218
1726155040440.641,-0.97131347656,0.31018066406,-0.244140625
1726155040460.794,-0.97131347656,0.31018066406,-0.244140625
1726155040480.794,-0.97131347656,0.31018066406,-0.244140625
1726155040500.7634,-0.97131347656,0.31018066406,-0.244140625
1726155040520.641,-0.97778320312,0.31921386718,-0.275390625
1726155040540.794,-0.97778320312,0.31921386718,-0.275390625
1726155040560.794,-0.97778320312,0.31921386718,-0.275390625
1726155040580.7634,-0.97778320312,0.31921386718,-0.275390625
1726155040600.641,-0.9462890625,0.35363769531,-0.28796386718
1726155040620.7937,-0.9462890625,0.35363769531,-0.28796386718
1726155040640.7632,-0.9462890625,0.35363769531,-0.28796386718
1726155040660.7937,-0.9462890625,0.35363769531,-0.28796386718
1726155040680.641,-0.91918945312,0.39270019531,-0.2822265625
1726155040700.794,-0.91918945312,0.39270019531,-0.2822265625
1726155040720.7634,-0.91918945312,0.39270019531,-0.2822265625
1726155040740.794,-0.91918945312,0.39270019531,-0.2822265625
1726155040760.6719,-0.86279296875,0.41296386718,-0.29833984375
1726155040780.794,-0.86279296875,0.41296386718,-0.29833984375
1726155040800.794,-0.86279296875,0.41296386718,-0.29833984375
1726155040820.7634,-0.86279296875,0.41296386718,-0.29833984375
1726155040840.641,-0.80102539062,0.41918945312,-0.3330078125
1726155040860.794,-0.80102539062,0.41918945312,-0.3330078125
1726155040880.7937,-0.80102539062,0.41918945312,-0.3330078125
1726155040900.7937,-0.80102539062,0.41918945312,-0.3330078125
1726155040920.641,-0.74926757812,0.44921875,-0.37097167968
1726155040940.794,-0.74926757812,0.44921875,-0.37097167968
1726155040960.794,-0.74926757812,0.44921875,-0.37097167968
1726155040980.7634,-0.74926757812,0.44921875,-0.37097167968
1726155041000.641,-0.73864746093,0.48522949218,-0.38977050781
1726155041020.794,-0.73864746093,0.48522949218,-0.38977050781
1726155041040.794,-0.73864746093,0.48522949218,-0.38977050781
1726155041060.794,-0.73864746093,0.48522949218,-0.38977050781
1726155041080.641,-0.78271484375,0.52490234375,-0.37976074218
1726155041100.794,-0.78271484375,0.52490234375,-0.37976074218
1726155041120.7632,-0.78271484375,0.52490234375,-0.37976074218
1726155041140.7937,-0.78271484375,0.52490234375,-0.37976074218
1726155041160.641,-0.76574707031,0.52673339843,-0.35852050781
1726155041180.794,-0.76574707031,0.52673339843,-0.35852050781
1726155041200.794,-0.76574707031,0.52673339843,-0.35852050781
1726155041220.794,-0.76574707031,0.52673339843,-0.35852050781
1726155041246.2595,-0.88916015625,0.46411132812,-0.25817871093
1726155041260.6719,-0.88916015625,0.46411132812,-0.25817871093
1726155041280.794,-0.88916015625,0.46411132812,-0.25817871093
1726155041300.7634,-0.88916015625,0.46411132812,-0.25817871093
1726155041320.641,-0.94458007812,0.44421386718,-0.24853515625
1726155041340.794,-0.94458007812,0.44421386718,-0.24853515625
1726155041360.7634,-0.94458007812,0.44421386718,-0.24853515625
1726155041380.7937,-0.94458007812,0.44421386718,-0.24853515625
1726155041400.641,-0.93298339843,0.43176269531,-0.24926757812
1726155041420.794,-0.93298339843,0.43176269531,-0.24926757812
1726155041440.7634,-0.93298339843,0.43176269531,-0.24926757812
1726155041460.794,-0.93298339843,0.43176269531,-0.24926757812
1726155041480.641,-0.95043945312,0.42590332031,-0.23510742187
1726155041500.794,-0.95043945312,0.42590332031,-0.23510742187
1726155041520.794,-0.95043945312,0.42590332031,-0.23510742187
1726155041540.794,-0.95043945312,0.42590332031,-0.23510742187
1726155041560.641,-0.97009277343,0.42211914062,-0.22631835937
1726155041580.794,-0.97009277343,0.42211914062,-0.22631835937
1726155041600.794,-0.97009277343,0.42211914062,-0.22631835937
1726155041620.7632,-0.97009277343,0.42211914062,-0.22631835937
1726155041640.6716,-0.99389648437,0.41101074218,-0.22436523437
1726155041660.7937,-0.99389648437,0.41101074218,-0.22436523437
1726155041680.794,-0.99389648437,0.41101074218,-0.22436523437
1726155041700.7634,-0.99389648437,0.41101074218,-0.22436523437
1726155041720.6716,-1.04760742187,0.36315917968,-0.21813964843
1726155041740.794,-1.04760742187,0.36315917968,-0.21813964843
1726155041760.7634,-1.04760742187,0.36315917968,-0.21813964843
1726155041780.7634,-1.04760742187,0.36315917968,-0.21813964843
1726155041800.641,-1.13525390625,0.28967285156,-0.20080566406
1726155041820.7634,-1.13525390625,0.28967285156,-0.20080566406
1726155041840.794,-1.13525390625,0.28967285156,-0.20080566406
1726155041860.7634,-1.13525390625,0.28967285156,-0.20080566406
1726155041880.641,-1.05737304687,0.22937011718,-0.21032714843
1726155041900.7937,-1.05737304687,0.22937011718,-0.21032714843
1726155041920.794,-1.05737304687,0.22937011718,-0.21032714843
1726155041940.7634,-1.05737304687,0.22937011718,-0.21032714843
1726155041960.641,-0.90734863281,0.18249511718,-0.23876953125
1726155041980.7634,-0.90734863281,0.18249511718,-0.23876953125
1726155042000.794,-0.90734863281,0.18249511718,-0.23876953125
1726155042020.794,-0.90734863281,0.18249511718,-0.23876953125
1726155042040.6719,-0.921875,0.13671875,-0.24584960937
1726155042060.794,-0.921875,0.13671875,-0.24584960937
1726155042080.794,-0.921875,0.13671875,-0.24584960937
1726155042100.794,-0.921875,0.13671875,-0.24584960937
1726155042120.641,-0.94848632812,0.09448242187,-0.2470703125
1726155042140.7937,-0.94848632812,0.09448242187,-0.2470703125
1726155042160.7937,-0.94848632812,0.09448242187,-0.2470703125
1726155042180.7632,-0.94848632812,0.09448242187,-0.2470703125
1726155042200.641,-0.93688964843,0.06640625,-0.25170898437
1726155042220.7634,-0.93688964843,0.06640625,-0.25170898437
1726155042240.7634,-0.93688964843,0.06640625,-0.25170898437
1726155042260.794,-0.93688964843,0.06640625,-0.25170898437
1726155042280.641,-0.92834472656,0.04809570312,-0.25805664062
1726155042300.7634,-0.92834472656,0.04809570312,-0.25805664062
1726155042320.7634,-0.92834472656,0.04809570312,-0.25805664062
1726155042340.794,-0.92834472656,0.04809570312,-0.25805664062
1726155042360.641,-0.91491699218,0.03442382812,-0.271484375
1726155042380.7937,-0.91491699218,0.03442382812,-0.271484375
1726155042400.7937,-0.91491699218,0.03442382812,-0.271484375
1726155042420.794,-0.91491699218,0.03442382812,-0.271484375
1726155042440.641,-0.94104003906,0.07080078125,-0.28601074218
1726155042460.794,-0.94104003906,0.07080078125,-0.28601074218
1726155042480.794,-0.94104003906,0.07080078125,-0.28601074218
1726155042500.7634,-0.94104003906,0.07080078125,-0.28601074218
1726155042520.641,-1.04809570312,0.14404296875,-0.27612304687
1726155042540.794,-1.04809570312,0.14404296875,-0.27612304687
1726155042560.794,-1.04809570312,0.14404296875,-0.27612304687
1726155042580.7634,-1.04809570312,0.14404296875,-0.27612304687
1726155042600.641,-1.14282226562,0.20727539062,-0.23718261718
1726155042620.7937,-1.14282226562,0.20727539062,-0.23718261718
1726155042640.7937,-1.14282226562,0.20727539062,-0.23718261718
1726155042660.7632,-1.14282226562,0.20727539062,-0.23718261718
1726155042680.641,-1.09216308593,0.1982421875,-0.20434570312
1726155042700.794,-1.09216308593,0.1982421875,-0.20434570312
1726155042720.7634,-1.09216308593,0.1982421875,-0.20434570312
1726155042740.794,-1.09216308593,0.1982421875,-0.20434570312
1726155042760.641,-1.0361328125,0.15234375,-0.19018554687
1726155042780.7634,-1.0361328125,0.15234375,-0.19018554687
1726155042800.794,-1.0361328125,0.15234375,-0.19018554687
1726155042820.7634,-1.0361328125,0.15234375,-0.19018554687
1726155042840.641,-1.06323242187,0.14343261718,-0.16784667968
1726155042860.794,-1.06323242187,0.14343261718,-0.16784667968
1726155042880.7937,-1.06323242187,0.14343261718,-0.16784667968
1726155042900.7937,-1.06323242187,0.14343261718,-0.16784667968
1726155042920.641,-1.04675292968,0.15283203125,-0.17211914062
1726155042940.794,-1.04675292968,0.15283203125,-0.17211914062
1726155042960.794,-1.04675292968,0.15283203125,-0.17211914062
1726155042980.7634,-1.04675292968,0.15283203125,-0.17211914062
1726155043000.641,-0.98791503906,0.20104980468,-0.22302246093
1726155043020.8245,-0.98791503906,0.20104980468,-0.22302246093
1726155043040.794,-0.98791503906,0.20104980468,-0.22302246093
1726155043060.794,-0.98791503906,0.20104980468,-0.22302246093
1726155043080.6719,-0.92602539062,0.32873535156,-0.26977539062
1726155043100.794,-0.92602539062,0.32873535156,-0.26977539062
1726155043120.7937,-0.92602539062,0.32873535156,-0.26977539062
1726155043140.7937,-0.92602539062,0.32873535156,-0.26977539062
1726155043160.641,-0.90661621093,0.44250488281,-0.298828125
1726155043180.7632,-0.90661621093,0.44250488281,-0.298828125
1726155043200.794,-0.90661621093,0.44250488281,-0.298828125
1726155043220.7634,-0.90661621093,0.44250488281,-0.298828125
1726155043240.641,-0.91003417968,0.49768066406,-0.3154296875
1726155043260.794,-0.91003417968,0.49768066406,-0.3154296875
1726155043280.7634,-0.91003417968,0.49768066406,-0.3154296875
1726155043300.794,-0.91003417968,0.49768066406,-0.3154296875
1726155043320.6719,-0.91162109375,0.53698730468,-0.33264160156
1726155043340.794,-0.91162109375,0.53698730468,-0.33264160156
1726155043360.794,-0.91162109375,0.53698730468,-0.33264160156
1726155043380.7937,-0.91162109375,0.53698730468,-0.33264160156
1726155043400.6716,-0.80810546875,0.55322265625,-0.36877441406
1726155043420.794,-0.80810546875,0.55322265625,-0.36877441406
1726155043440.794,-0.80810546875,0.55322265625,-0.36877441406
1726155043460.7634,-0.80810546875,0.55322265625,-0.36877441406
1726155043480.6716,-0.7275390625,0.58264160156,-0.36376953125
1726155043500.7634,-0.7275390625,0.58264160156,-0.36376953125
1726155043520.794,-0.7275390625,0.58264160156,-0.36376953125
1726155043540.794,-0.7275390625,0.58264160156,-0.36376953125
1726155043560.6719,-0.73486328125,0.62243652343,-0.33947753906
1726155043580.794,-0.73486328125,0.62243652343,-0.33947753906
1726155043600.794,-0.73486328125,0.62243652343,-0.33947753906
1726155043620.7937,-0.73486328125,0.62243652343,-0.33947753906
1726155043640.641,-0.66625976562,0.6357421875,-0.34912109375
1726155043660.7632,-0.66625976562,0.6357421875,-0.34912109375
1726155043680.7632,-0.66625976562,0.6357421875,-0.34912109375
1726155043700.7634,-0.66625976562,0.6357421875,-0.34912109375
1726155043720.6716,-0.58215332031,0.62634277343,-0.34411621093
1726155043740.794,-0.58215332031,0.62634277343,-0.34411621093
1726155043760.794,-0.58215332031,0.62634277343,-0.34411621093
1726155043780.7634,-0.58215332031,0.62634277343,-0.34411621093
1726155043800.6719,-0.54614257812,0.60729980468,-0.33874511718
1726155043820.794,-0.54614257812,0.60729980468,-0.33874511718
1726155043840.7634,-0.54614257812,0.60729980468,-0.33874511718
1726155043860.794,-0.54614257812,0.60729980468,-0.33874511718
1726155043880.6716,-0.5439453125,0.59643554687,-0.37365722656
1726155043900.7632,-0.5439453125,0.59643554687,-0.37365722656
1726155043920.794,-0.5439453125,0.59643554687,-0.37365722656
1726155043940.794,-0.5439453125,0.59643554687,-0.37365722656
1726155043960.641,-0.57409667968,0.60278320312,-0.40869140625
1726155043980.794,-0.57409667968,0.60278320312,-0.40869140625
1726155044000.794,-0.57409667968,0.60278320312,-0.40869140625
1726155044020.7634,-0.57409667968,0.60278320312,-0.40869140625
1726155044040.6719,-0.66333007812,0.60571289062,-0.419921875
1726155044060.7634,-0.66333007812,0.60571289062,-0.419921875
1726155044080.794,-0.66333007812,0.60571289062,-0.419921875
1726155044100.7634,-0.66333007812,0.60571289062,-0.419921875
1726155044120.641,-0.8017578125,0.57897949218,-0.38439941406
1726155044140.7937,-0.8017578125,0.57897949218,-0.38439941406
1726155044160.7632,-0.8017578125,0.57897949218,-0.38439941406
1726155044180.7632,-0.8017578125,0.57897949218,-0.38439941406
1726155044200.641,-0.88403320312,0.53942871093,-0.31372070312
1726155044220.794,-0.88403320312,0.53942871093,-0.31372070312
1726155044240.7634,-0.88403320312,0.53942871093,-0.31372070312
1726155044260.7634,-0.88403320312,0.53942871093,-0.31372070312
1726155044280.641,-0.94018554687,0.48974609375,-0.25256347656
1726155044300.7634,-0.94018554687,0.48974609375,-0.25256347656
1726155044320.794,-0.94018554687,0.48974609375,-0.25256347656
1726155044340.7634,-0.94018554687,0.48974609375,-0.25256347656
1726155044360.641,-1.03100585937,0.423828125,-0.19702148437
1726155044380.7937,-1.03100585937,0.423828125,-0.19702148437
1726155044400.7937,-1.03100585937,0.423828125,-0.19702148437
1726155044420.7632,-1.03100585937,0.423828125,-0.19702148437
1726155044440.641,-1.04211425781,0.37219238281,-0.15856933593
1726155044460.794,-1.04211425781,0.37219238281,-0.15856933593
1726155044480.794,-1.04211425781,0.37219238281,-0.15856933593
1726155044500.7634,-1.04211425781,0.37219238281,-0.15856933593
1726155044520.641,-1.00024414062,0.28869628906,-0.140625
1726155044540.794,-1.00024414062,0.28869628906,-0.140625
1726155044560.7634,-1.00024414062,0.28869628906,-0.140625
1726155044580.7634,-1.00024414062,0.28869628906,-0.140625
1726155044600.641,-1.00793457031,0.22473144531,-0.13647460937
1726155044620.7937,-1.00793457031,0.22473144531,-0.13647460937
1726155044640.7632,-1.00793457031,0.22473144531,-0.13647460937
1726155044660.7937,-1.00793457031,0.22473144531,-0.13647460937
1726155044680.641,-1.03649902343,0.2314453125,-0.14282226562
1726155044700.7634,-1.03649902343,0.2314453125,-0.14282226562
1726155044720.794,-1.03649902343,0.2314453125,-0.14282226562
1726155044740.794,-1.03649902343,0.2314453125,-0.14282226562
1726155044760.641,-1.01647949218,0.23449707031,-0.15930175781
1726155044780.794,-1.01647949218,0.23449707031,-0.15930175781
1726155044800.794,-1.01647949218,0.23449707031,-0.15930175781
1726155044820.7634,-1.01647949218,0.23449707031,-0.15930175781
1726155044840.6719,-0.98315429687,0.22143554687,-0.19421386718
1726155044860.794,-0.98315429687,0.22143554687,-0.19421386718
1726155044880.7937,-0.98315429687,0.22143554687,-0.19421386718
1726155044900.7937,-0.98315429687,0.22143554687,-0.19421386718
1726155044920.641,-1.01147460937,0.19653320312,-0.22497558593
1726155044940.7634,-1.01147460937,0.19653320312,-0.22497558593
1726155044960.7634,-1.01147460937,0.19653320312,-0.22497558593
1726155044980.794,-1.01147460937,0.19653320312,-0.22497558593
1726155045000.641,-1.11010742187,0.14428710937,-0.22277832031
1726155045020.794,-1.11010742187,0.14428710937,-0.22277832031
1726155045040.794,-1.11010742187,0.14428710937,-0.22277832031
1726155045060.7634,-1.11010742187,0.14428710937,-0.22277832031
1726155045080.641,-1.11328125,0.05322265625,-0.21850585937
1726155045100.794,-1.11328125,0.05322265625,-0.21850585937
1726155045120.7632,-1.11328125,0.05322265625,-0.21850585937
1726155045140.7937,-1.11328125,0.05322265625,-0.21850585937
1726155045160.641,-0.97729492187,-0.09143066406,-0.220703125
1726155045180.7632,-0.97729492187,-0.09143066406,-0.220703125
1726155045200.7634,-0.97729492187,-0.09143066406,-0.220703125
1726155045220.794,-0.97729492187,-0.09143066406,-0.220703125
1726155045240.6719,-0.93359375,-0.23498535156,-0.18005371093
1726155045260.7634,-0.93359375,-0.23498535156,-0.18005371093
1726155045280.794,-0.93359375,-0.23498535156,-0.18005371093
1726155045300.8245,-0.93359375,-0.23498535156,-0.18005371093
1726155045320.641,-0.97692871093,-0.29565429687,-0.13708496093
1726155045340.794,-0.97692871093,-0.29565429687,-0.13708496093
1726155045360.794,-0.97692871093,-0.29565429687,-0.13708496093
1726155045380.7937,-0.97692871093,-0.29565429687,-0.13708496093
1726155045400.641,-0.98034667968,-0.25317382812,-0.13159179687
1726155045420.794,-0.98034667968,-0.25317382812,-0.13159179687
1726155045440.7634,-0.98034667968,-0.25317382812,-0.13159179687
1726155045460.7634,-0.98034667968,-0.25317382812,-0.13159179687
1726155045480.641,-0.958984375,-0.1416015625,-0.1416015625
1726155045500.794,-0.958984375,-0.1416015625,-0.1416015625
1726155045520.7634,-0.958984375,-0.1416015625,-0.1416015625
1726155045540.794,-0.958984375,-0.1416015625,-0.1416015625
1726155045560.641,-0.93029785156,-0.03845214843,-0.16088867187
1726155045580.794,-0.93029785156,-0.03845214843,-0.16088867187
1726155045600.7634,-0.93029785156,-0.03845214843,-0.16088867187
1726155045620.7937,-0.93029785156,-0.03845214843,-0.16088867187
1726155045640.6716,-0.90441894531,0.01062011718,-0.18334960937
1726155045660.7632,-0.90441894531,0.01062011718,-0.18334960937
1726155045680.794,-0.90441894531,0.01062011718,-0.18334960937
1726155045700.794,-0.90441894531,0.01062011718,-0.18334960937
1726155045720.641,-0.91833496093,0.04919433593,-0.20642089843
1726155045740.794,-0.91833496093,0.04919433593,-0.20642089843
1726155045760.7634,-0.91833496093,0.04919433593,-0.20642089843
1726155045780.7634,-0.91833496093,0.04919433593,-0.20642089843
1726155045800.641,-0.99060058593,0.08703613281,-0.21716308593
1726155045820.794,-0.99060058593,0.08703613281,-0.21716308593
1726155045840.7634,-0.99060058593,0.08703613281,-0.21716308593
1726155045860.794,-0.99060058593,0.08703613281,-0.21716308593
1726155045880.641,-1.12951660156,0.10571289062,-0.20129394531
1726155045900.7937,-1.12951660156,0.10571289062,-0.20129394531
1726155045920.7632,-1.12951660156,0.10571289062,-0.20129394531
1726155045940.794,-1.12951660156,0.10571289062,-0.20129394531
1726155045960.641,-1.15783691406,0.08837890625,-0.1845703125
1726155045980.794,-1.15783691406,0.08837890625,-0.1845703125
1726155046000.794,-1.15783691406,0.08837890625,-0.1845703125
1726155046020.794,-1.15783691406,0.08837890625,-0.1845703125
1726155046040.6719,-1.08032226562,0.04699707031,-0.15905761718
1726155046060.794,-1.08032226562,0.04699707031,-0.15905761718
1726155046080.7634,-1.08032226562,0.04699707031,-0.15905761718
1726155046100.794,-1.08032226562,0.04699707031,-0.15905761718
1726155046120.641,-1.11462402343,0.06713867187,-0.1357421875
1726155046140.7632,-1.11462402343,0.06713867187,-0.1357421875
1726155046160.7937,-1.11462402343,0.06713867187,-0.1357421875
1726155046180.7632,-1.11462402343,0.06713867187,-0.1357421875
1726155046200.641,-1.04553222656,0.17565917968,-0.18103027343
1726155046220.7634,-1.04553222656,0.17565917968,-0.18103027343
1726155046240.794,-1.04553222656,0.17565917968,-0.18103027343
1726155046260.7634,-1.04553222656,0.17565917968,-0.18103027343
1726155046280.641,-0.99987792968,0.28979492187,-0.2021484375
1726155046300.794,-0.99987792968,0.28979492187,-0.2021484375
1726155046320.7634,-0.99987792968,0.28979492187,-0.2021484375
1726155046340.794,-0.99987792968,0.28979492187,-0.2021484375
1726155046360.6719,-0.931640625,0.37329101562,-0.23291015625
1726155046380.7937,-0.931640625,0.37329101562,-0.23291015625
1726155046400.7937,-0.931640625,0.37329101562,-0.23291015625
1726155046420.7632,-0.931640625,0.37329101562,-0.23291015625
1726155046440.641,-0.86120605468,0.42065429687,-0.28259277343
1726155046460.7634,-0.86120605468,0.42065429687,-0.28259277343
1726155046480.794,-0.86120605468,0.42065429687,-0.28259277343
1726155046500.794,-0.86120605468,0.42065429687,-0.28259277343
1726155046520.6719,-0.82836914062,0.4541015625,-0.3486328125
1726155046540.7634,-0.82836914062,0.4541015625,-0.3486328125
1726155046560.794,-0.82836914062,0.4541015625,-0.3486328125
1726155046580.7634,-0.82836914062,0.4541015625,-0.3486328125
1726155046600.641,-0.833984375,0.45300292968,-0.39294433593
1726155046620.7937,-0.833984375,0.45300292968,-0.39294433593
1726155046640.7632,-0.833984375,0.45300292968,-0.39294433593
1726155046660.7937,-0.833984375,0.45300292968,-0.39294433593
1726155046680.641,-0.75109863281,0.431640625,-0.41247558593
1726155046700.794,-0.75109863281,0.431640625,-0.41247558593
1726155046720.7634,-0.75109863281,0.431640625,-0.41247558593
1726155046740.794,-0.75109863281,0.431640625,-0.41247558593
1726155046760.641,-0.68640136718,0.42700195312,-0.38098144531
1726155046780.7634,-0.68640136718,0.42700195312,-0.38098144531
1726155046800.794,-0.68640136718,0.42700195312,-0.38098144531
1726155046820.7634,-0.68640136718,0.42700195312,-0.38098144531
1726155046840.6719,-0.75939941406,0.45288085937,-0.32666015625
1726155046860.7634,-0.75939941406,0.45288085937,-0.32666015625
1726155046880.7632,-0.75939941406,0.45288085937,-0.32666015625
1726155046900.7937,-0.75939941406,0.45288085937,-0.32666015625
1726155046920.641,-0.80493164062,0.48168945312,-0.33264160156
1726155046940.7634,-0.80493164062,0.48168945312,-0.33264160156
1726155046960.794,-0.80493164062,0.48168945312,-0.33264160156
1726155046980.794,-0.80493164062,0.48168945312,-0.33264160156
1726155047000.641,-0.80847167968,0.47424316406,-0.34167480468
1726155047020.794,-0.80847167968,0.47424316406,-0.34167480468
1726155047040.7634,-0.80847167968,0.47424316406,-0.34167480468
1726155047060.7634,-0.80847167968,0.47424316406,-0.34167480468
1726155047080.641,-0.8330078125,0.45922851562,-0.34594726562
1726155047100.794,-0.8330078125,0.45922851562,-0.34594726562
1726155047120.7937,-0.8330078125,0.45922851562,-0.34594726562
1726155047140.7937,-0.8330078125,0.45922851562,-0.34594726562
1726155047160.641,-0.89135742187,0.4189453125,-0.36767578125
1726155047180.7632,-0.89135742187,0.4189453125,-0.36767578125
1726155047200.8855,-0.89135742187,0.4189453125,-0.36767578125
1726155047220.794,-0.89135742187,0.4189453125,-0.36767578125
1726155047240.641,-0.93322753906,0.3564453125,-0.36010742187
1726155047261.13,-0.93322753906,0.3564453125,-0.36010742187
1726155047280.794,-0.93322753906,0.3564453125,-0.36010742187
1726155047300.794,-0.93322753906,0.3564453125,-0.36010742187
1726155047320.641,-0.99755859375,0.29284667968,-0.31591796875
1726155047340.7634,-0.99755859375,0.29284667968,-0.31591796875
1726155047360.794,-0.99755859375,0.29284667968,-0.31591796875
1726155047380.7937,-0.99755859375,0.29284667968,-0.31591796875
1726155047400.641,-1.09521484375,0.255859375,-0.27026367187
1726155047420.794,-1.09521484375,0.255859375,-0.27026367187
1726155047440.7634,-1.09521484375,0.255859375,-0.27026367187
1726155047460.7634,-1.09521484375,0.255859375,-0.27026367187
1726155047480.641,-1.08032226562,0.21984863281,-0.25415039062
1726155047500.7634,-1.08032226562,0.21984863281,-0.25415039062
1726155047520.794,-1.08032226562,0.21984863281,-0.25415039062
1726155047540.794,-1.08032226562,0.21984863281,-0.25415039062
1726155047560.641,-1.00769042968,0.14477539062,-0.25720214843
1726155047580.794,-1.00769042968,0.14477539062,-0.25720214843
1726155047600.7634,-1.00769042968,0.14477539062,-0.25720214843
1726155047620.7937,-1.00769042968,0.14477539062,-0.25720214843
1726155047640.641,-1.01245117187,0.07006835937,-0.22729492187
1726155047660.7632,-1.01245117187,0.07006835937,-0.22729492187
1726155047680.794,-1.01245117187,0.07006835937,-0.22729492187
1726155047700.794,-1.01245117187,0.07006835937,-0.22729492187
1726155047720.641,-1.01159667968,-0.00427246093,-0.18408203125
1726155047740.7634,-1.01159667968,-0.00427246093,-0.18408203125
1726155047760.794,-1.01159667968,-0.00427246093,-0.18408203125
1726155047780.794,-1.01159667968,-0.00427246093,-0.18408203125
1726155047800.641,-0.98193359375,-0.05041503906,-0.15563964843
1726155047820.794,-0.98193359375,-0.05041503906,-0.15563964843
1726155047840.794,-0.98193359375,-0.05041503906,-0.15563964843
1726155047860.7634,-0.98193359375,-0.05041503906,-0.15563964843
1726155047880.641,-0.96606445312,-0.00646972656,-0.14038085937
1726155047900.7632,-0.96606445312,-0.00646972656,-0.14038085937
1726155047920.7632,-0.96606445312,-0.00646972656,-0.14038085937
1726155047940.794,-0.96606445312,-0.00646972656,-0.14038085937
1726155047960.641,-0.95654296875,0.09851074218,-0.15502929687
1726155047980.794,-0.95654296875,0.09851074218,-0.15502929687
1726155048000.794,-0.95654296875,0.09851074218,-0.15502929687
1726155048020.794,-0.95654296875,0.09851074218,-0.15502929687
1726155048040.641,-0.97192382812,0.20385742187,-0.18383789062
1726155048060.7634,-0.97192382812,0.20385742187,-0.18383789062
1726155048080.7634,-0.97192382812,0.20385742187,-0.18383789062
1726155048100.7634,-0.97192382812,0.20385742187,-0.18383789062
1726155048120.641,-1.01037597656,0.2529296875,-0.20251464843
1726155048140.7632,-1.01037597656,0.2529296875,-0.20251464843
1726155048160.7937,-1.01037597656,0.2529296875,-0.20251464843
1726155048180.7632,-1.01037597656,0.2529296875,-0.20251464843
1726155048200.641,-1.07409667968,0.20910644531,-0.2080078125
1726155048220.7634,-1.07409667968,0.20910644531,-0.2080078125
1726155048240.794,-1.07409667968,0.20910644531,-0.2080078125
1726155048260.794,-1.07409667968,0.20910644531,-0.2080078125
1726155048280.641,-1.14868164062,0.15014648437,-0.20849609375
1726155048300.7634,-1.14868164062,0.15014648437,-0.20849609375
1726155048320.794,-1.14868164062,0.15014648437,-0.20849609375
1726155048340.7634,-1.14868164062,0.15014648437,-0.20849609375
1726155048360.641,-1.06774902343,0.15905761718,-0.22961425781
1726155048380.7937,-1.06774902343,0.15905761718,-0.22961425781
1726155048400.7632,-1.06774902343,0.15905761718,-0.22961425781
1726155048420.794,-1.06774902343,0.15905761718,-0.22961425781
1726155048440.6716,-0.95080566406,0.19665527343,-0.25402832031
1726155048460.7634,-0.95080566406,0.19665527343,-0.25402832031
1726155048480.7634,-0.95080566406,0.19665527343,-0.25402832031
1726155048500.794,-0.95080566406,0.19665527343,-0.25402832031
1726155048520.641,-0.97229003906,0.22045898437,-0.25708007812
1726155048540.7634,-0.97229003906,0.22045898437,-0.25708007812
1726155048560.794,-0.97229003906,0.22045898437,-0.25708007812
1726155048580.794,-0.97229003906,0.22045898437,-0.25708007812
1726155048600.641,-0.95947265625,0.26281738281,-0.26989746093
1726155048620.7632,-0.95947265625,0.26281738281,-0.26989746093
1726155048640.7632,-0.95947265625,0.26281738281,-0.26989746093
1726155048660.7632,-0.95947265625,0.26281738281,-0.26989746093
1726155048680.641,-0.89929199218,0.31274414062,-0.29370117187
1726155048700.7634,-0.89929199218,0.31274414062,-0.29370117187
1726155048720.8245,-0.89929199218,0.31274414062,-0.29370117187
1726155048740.794,-0.89929199218,0.31274414062,-0.29370117187
1726155048760.641,-0.85864257812,0.34228515625,-0.31408691406
1726155048780.794,-0.85864257812,0.34228515625,-0.31408691406
1726155048800.794,-0.85864257812,0.34228515625,-0.31408691406
1726155048820.794,-0.85864257812,0.34228515625,-0.31408691406
1726155048840.6719,-0.79907226562,0.3466796875,-0.32995605468
1726155048860.794,-0.79907226562,0.3466796875,-0.32995605468
1726155048880.7937,-0.79907226562,0.3466796875,-0.32995605468
1726155048900.7632,-0.79907226562,0.3466796875,-0.32995605468
1726155048920.641,-0.72961425781,0.35192871093,-0.35498046875
1726155048940.7634,-0.72961425781,0.35192871093,-0.35498046875
1726155048960.7634,-0.72961425781,0.35192871093,-0.35498046875
1726155048980.794,-0.72961425781,0.35192871093,-0.35498046875
1726155049000.6719,-0.71179199218,0.39599609375,-0.38757324218
1726155049020.7634,-0.71179199218,0.39599609375,-0.38757324218
1726155049040.7634,-0.71179199218,0.39599609375,-0.38757324218
1726155049060.794,-0.71179199218,0.39599609375,-0.38757324218
1726155049080.6719,-0.759765625,0.46765136718,-0.40063476562
1726155049100.8855,-0.759765625,0.46765136718,-0.40063476562
1726155049120.7632,-0.759765625,0.46765136718,-0.40063476562
1726155049140.7937,-0.759765625,0.46765136718,-0.40063476562
1726155049160.641,-0.87390136718,0.5458984375,-0.36926269531
1726155049180.794,-0.87390136718,0.5458984375,-0.36926269531
1726155049200.794,-0.87390136718,0.5458984375,-0.36926269531
1726155049220.794,-0.87390136718,0.5458984375,-0.36926269531
1726155049240.641,-0.91247558593,0.59167480468,-0.29931640625
1726155049260.794,-0.91247558593,0.59167480468,-0.29931640625
1726155049280.794,-0.91247558593,0.59167480468,-0.29931640625
1726155049300.794,-0.91247558593,0.59167480468,-0.29931640625
1726155049320.641,-0.91381835937,0.55261230468,-0.24694824218
1726155049340.794,-0.91381835937,0.55261230468,-0.24694824218
1726155049360.794,-0.91381835937,0.55261230468,-0.24694824218
1726155049380.7937,-0.91381835937,0.55261230468,-0.24694824218
1726155049400.641,-0.955078125,0.46459960937,-0.23608398437
1726155049420.7632,-0.955078125,0.46459960937,-0.23608398437
1726155049440.7634,-0.955078125,0.46459960937,-0.23608398437
1726155049460.794,-0.955078125,0.46459960937,-0.23608398437
1726155049480.641,-0.93579101562,0.37768554687,-0.23510742187
1726155049500.7634,-0.93579101562,0.37768554687,-0.23510742187
1726155049520.7634,-0.93579101562,0.37768554687,-0.23510742187
1726155049540.794,-0.93579101562,0.37768554687,-0.23510742187
1726155049560.641,-0.91015625,0.32458496093,-0.22631835937
1726155049580.794,-0.91015625,0.32458496093,-0.22631835937
1726155049600.7634,-0.91015625,0.32458496093,-0.22631835937
1726155049620.7937,-0.91015625,0.32458496093,-0.22631835937
1726155049640.641,-0.93566894531,0.31970214843,-0.21081542968
1726155049660.7937,-0.93566894531,0.31970214843,-0.21081542968
1726155049680.794,-0.93566894531,0.31970214843,-0.21081542968
1726155049700.7634,-0.93566894531,0.31970214843,-0.21081542968
1726155049720.6716,-0.96215820312,0.34240722656,-0.1962890625
1726155049740.7634,-0.96215820312,0.34240722656,-0.1962890625
1726155049760.794,-0.96215820312,0.34240722656,-0.1962890625
1726155049780.794,-0.96215820312,0.34240722656,-0.1962890625
1726155049800.641,-0.95581054687,0.35510253906,-0.19787597656
1726155049820.794,-0.95581054687,0.35510253906,-0.19787597656
1726155049840.794,-0.95581054687,0.35510253906,-0.19787597656
1726155049860.794,-0.95581054687,0.35510253906,-0.19787597656
1726155049880.6716,-0.98193359375,0.36206054687,-0.20690917968
1726155049900.7937,-0.98193359375,0.36206054687,-0.20690917968
1726155049920.794,-0.98193359375,0.36206054687,-0.20690917968
1726155049940.7634,-0.98193359375,0.36206054687,-0.20690917968
1726155049960.6716,-1.07446289062,0.36218261718,-0.21423339843
1726155049980.794,-1.07446289062,0.36218261718,-0.21423339843
1726155050000.7634,-1.07446289062,0.36218261718,-0.21423339843
1726155050020.7634,-1.07446289062,0.36218261718,-0.21423339843
1726155050040.4883,-1.07897949218,0.30700683593,-0.23852539062
1726155050060.794,-1.07897949218,0.30700683593,-0.23852539062
1726155050080.794,-1.07897949218,0.30700683593,-0.23852539062
1726155050100.794,-1.07897949218,0.30700683593,-0.23852539062
1726155050120.519,-0.93518066406,0.19580078125,-0.25927734375
1726155050140.7937,-0.93518066406,0.19580078125,-0.25927734375
1726155050160.7937,-0.93518066406,0.19580078125,-0.25927734375
1726155050180.794,-0.93518066406,0.19580078125,-0.25927734375
1726155050200.5496,-0.90979003906,0.10534667968,-0.23754882812
1726155050220.794,-0.90979003906,0.10534667968,-0.23754882812
1726155050240.7634,-0.90979003906,0.10534667968,-0.23754882812
1726155050260.794,-0.90979003906,0.10534667968,-0.23754882812
1726155050280.58,-0.95007324218,0.06420898437,-0.22546386718
1726155050300.7634,-0.95007324218,0.06420898437,-0.22546386718
1726155050320.7634,-0.95007324218,0.06420898437,-0.22546386718
1726155050340.794,-0.95007324218,0.06420898437,-0.22546386718
1726155050360.458,-0.9208984375,0.06591796875,-0.23547363281
1726155050380.7632,-0.9208984375,0.06591796875,-0.23547363281
1726155050400.7937,-0.9208984375,0.06591796875,-0.23547363281
1726155050420.794,-0.9208984375,0.06591796875,-0.23547363281
1726155050440.4883,-0.92504882812,0.09997558593,-0.23486328125
1726155050460.794,-0.92504882812,0.09997558593,-0.23486328125
1726155050480.794,-0.92504882812,0.09997558593,-0.23486328125
1726155050500.7634,-0.92504882812,0.09997558593,-0.23486328125
1726155050520.519,-0.9384765625,0.10034179687,-0.24182128906
1726155050540.7634,-0.9384765625,0.10034179687,-0.24182128906
1726155050560.7634,-0.9384765625,0.10034179687,-0.24182128906
1726155050580.794,-0.9384765625,0.10034179687,-0.24182128906
1726155050600.5498,-0.923828125,0.11083984375,-0.2451171875
1726155050620.7937,-0.923828125,0.11083984375,-0.2451171875
1726155050640.7937,-0.923828125,0.11083984375,-0.2451171875
1726155050660.7632,-0.923828125,0.11083984375,-0.2451171875
1726155050680.58,-0.9169921875,0.1533203125,-0.23413085937
1726155050700.794,-0.9169921875,0.1533203125,-0.23413085937
1726155050720.794,-0.9169921875,0.1533203125,-0.23413085937
1726155050740.7634,-0.9169921875,0.1533203125,-0.23413085937
1726155050760.6104,-0.94091796875,0.1845703125,-0.23010253906
1726155050780.794,-0.94091796875,0.1845703125,-0.23010253906
1726155050800.794,-0.94091796875,0.1845703125,-0.23010253906
1726155050820.7634,-0.94091796875,0.1845703125,-0.23010253906
1726155050840.641,-1.00219726562,0.19812011718,-0.23547363281
1726155050860.794,-1.00219726562,0.19812011718,-0.23547363281
1726155050880.7632,-1.00219726562,0.19812011718,-0.23547363281
1726155050900.7632,-1.00219726562,0.19812011718,-0.23547363281
1726155050920.7327,-1.08276367187,0.22424316406,-0.25256347656
1726155050940.794,-1.08276367187,0.22424316406,-0.25256347656
1726155050960.7634,-1.08276367187,0.22424316406,-0.25256347656
1726155050980.794,-1.08276367187,0.22424316406,-0.25256347656
1726155051000.916,-0.99194335937,0.20056152343,-0.20288085937
1726155051020.7634,-0.99194335937,0.20056152343,-0.20288085937
1726155051040.7634,-0.99194335937,0.20056152343,-0.20288085937
1726155051060.794,-0.99194335937,0.20056152343,-0.20288085937
1726155051080.794,-1.03735351562,0.20666503906,-0.14050292968
1726155051100.794,-1.03735351562,0.20666503906,-0.14050292968
1726155051120.7937,-1.03735351562,0.20666503906,-0.14050292968
1726155051140.7632,-1.03735351562,0.20666503906,-0.14050292968
1726155051160.8245,-0.98974609375,0.22082519531,-0.12487792968
1726155051180.794,-0.98974609375,0.22082519531,-0.12487792968
1726155051200.794,-0.98974609375,0.22082519531,-0.12487792968
1726155051220.7634,-0.98974609375,0.22082519531,-0.12487792968
1726155051240.794,-0.92590332031,0.20666503906,-0.13745117187
1726155051260.794,-0.92590332031,0.20666503906,-0.13745117187
1726155051280.794,-0.92590332031,0.20666503906,-0.13745117187
1726155051300.7634,-0.92590332031,0.20666503906,-0.13745117187
1726155051320.8245,-0.90649414062,0.203125,-0.17041015625
1726155051340.7634,-0.90649414062,0.203125,-0.17041015625
1726155051360.7634,-0.90649414062,0.203125,-0.17041015625
1726155051380.7632,-0.90649414062,0.203125,-0.17041015625
1726155051400.8547,-0.94128417968,0.23803710937,-0.2138671875
1726155051420.7632,-0.94128417968,0.23803710937,-0.2138671875
1726155051440.7634,-0.94128417968,0.23803710937,-0.2138671875
1726155051460.794,-0.94128417968,0.23803710937,-0.2138671875
1726155051480.8855,-0.99609375,0.2646484375,-0.25512695312
1726155051500.794,-0.99609375,0.2646484375,-0.25512695312
1726155051520.794,-0.99609375,0.2646484375,-0.25512695312
1726155051540.794,-0.99609375,0.2646484375,-0.25512695312
1726155051560.916,-1.08935546875,0.23022460937,-0.25024414062
1726155051580.794,-1.08935546875,0.23022460937,-0.25024414062
1726155051600.794,-1.08935546875,0.23022460937,-0.25024414062
1726155051620.7937,-1.08935546875,0.23022460937,-0.25024414062
1726155051640.9463,-1.05261230468,0.19653320312,-0.2333984375
1726155051660.7937,-1.05261230468,0.19653320312,-0.2333984375
1726155051680.794,-1.05261230468,0.19653320312,-0.2333984375
1726155051700.7634,-1.05261230468,0.19653320312,-0.2333984375
1726155051720.977,-0.91979980468,0.15783691406,-0.23706054687
1726155051740.7634,-0.91979980468,0.15783691406,-0.23706054687
1726155051760.794,-0.91979980468,0.15783691406,-0.23706054687
1726155051780.794,-0.91979980468,0.15783691406,-0.23706054687
1726155051801.0078,-0.89526367187,0.11584472656,-0.22619628906
1726155051820.7634,-0.89526367187,0.11584472656,-0.22619628906
1726155051840.7634,-0.89526367187,0.11584472656,-0.22619628906
1726155051860.794,-0.89526367187,0.11584472656,-0.22619628906
1726155051881.038,-0.87451171875,0.1337890625,-0.22119140625
1726155051900.7937,-0.87451171875,0.1337890625,-0.22119140625
1726155051920.7632,-0.87451171875,0.1337890625,-0.22119140625
1726155051940.794,-0.87451171875,0.1337890625,-0.22119140625
1726155051961.1296,-0.88159179687,0.1650390625,-0.23657226562
1726155051980.794,-0.88159179687,0.1650390625,-0.23657226562
1726155052000.7634,-0.88159179687,0.1650390625,-0.23657226562
1726155052020.794,-0.88159179687,0.1650390625,-0.23657226562
1726155052041.099,-0.89624023437,0.1796875,-0.28637695312
1726155052060.794,-0.89624023437,0.1796875,-0.28637695312
1726155052080.794,-0.89624023437,0.1796875,-0.28637695312
1726155052100.794,-0.89624023437,0.1796875,-0.28637695312
1726155052121.1296,-0.88232421875,0.16662597656,-0.32849121093
1726155052140.7937,-0.88232421875,0.16662597656,-0.32849121093
1726155052160.7937,-0.88232421875,0.16662597656,-0.32849121093
1726155052180.794,-0.88232421875,0.16662597656,-0.32849121093
1726155052201.16,-0.91125488281,0.15844726562,-0.32409667968
1726155052220.7634,-0.91125488281,0.15844726562,-0.32409667968
1726155052240.794,-0.91125488281,0.15844726562,-0.32409667968
1726155052260.7634,-0.91125488281,0.15844726562,-0.32409667968
1726155052281.191,-0.95385742187,0.17028808593,-0.29907226562
1726155052300.794,-0.95385742187,0.17028808593,-0.29907226562
1726155052320.7634,-0.95385742187,0.17028808593,-0.29907226562
1726155052340.794,-0.95385742187,0.17028808593,-0.29907226562
1726155052361.2212,-1.064453125,0.17895507812,-0.27490234375
1726155052380.7632,-1.064453125,0.17895507812,-0.27490234375
1726155052400.7632,-1.064453125,0.17895507812,-0.27490234375
1726155052420.794,-1.064453125,0.17895507812,-0.27490234375
1726155052441.252,-1.16088867187,0.1923828125,-0.26477050781
1726155052460.794,-1.16088867187,0.1923828125,-0.26477050781
1726155052480.794,-1.16088867187,0.1923828125,-0.26477050781
1726155052500.7634,-1.16088867187,0.1923828125,-0.26477050781
1726155052521.2825,-1.07556152343,0.177734375,-0.24853515625
1726155052540.794,-1.07556152343,0.177734375,-0.24853515625
1726155052560.7634,-1.07556152343,0.177734375,-0.24853515625
1726155052580.7634,-1.07556152343,0.177734375,-0.24853515625
1726155052601.3127,-0.97631835937,0.15014648437,-0.21179199218
1726155052620.7937,-0.97631835937,0.15014648437,-0.21179199218
1726155052640.7937,-0.97631835937,0.15014648437,-0.21179199218
1726155052660.7632,-0.97631835937,0.15014648437,-0.21179199218
1726155052681.4043,-0.986328125,0.13928222656,-0.16967773437
1726155052700.794,-0.986328125,0.13928222656,-0.16967773437
1726155052720.794,-0.986328125,0.13928222656,-0.16967773437
1726155052740.794,-0.986328125,0.13928222656,-0.16967773437
1726155052761.374,-0.99206542968,0.13000488281,-0.14685058593
1726155052780.7634,-0.99206542968,0.13000488281,-0.14685058593
1726155052800.794,-0.99206542968,0.13000488281,-0.14685058593
1726155052820.794,-0.99206542968,0.13000488281,-0.14685058593
1726155052841.4048,-0.94885253906,0.13720703125,-0.14868164062
1726155052860.7634,-0.94885253906,0.13720703125,-0.14868164062
1726155052880.7632,-0.94885253906,0.13720703125,-0.14868164062
1726155052900.7937,-0.94885253906,0.13720703125,-0.14868164062
1726155052921.435,-0.93908691406,0.17602539062,-0.146484375
1726155052940.7634,-0.93908691406,0.17602539062,-0.146484375
1726155052960.794,-0.93908691406,0.17602539062,-0.146484375
1726155052980.7634,-0.93908691406,0.17602539062,-0.146484375
1726155053001.4656,-0.94921875,0.22119140625,-0.15161132812
1726155053020.7634,-0.94921875,0.22119140625,-0.15161132812
1726155053040.7634,-0.94921875,0.22119140625,-0.15161132812
1726155053060.794,-0.94921875,0.22119140625,-0.15161132812
1726155053081.4963,-0.9423828125,0.27258300781,-0.17492675781
1726155053100.7634,-0.9423828125,0.27258300781,-0.17492675781
1726155053120.7937,-0.9423828125,0.27258300781,-0.17492675781
1726155053140.7937,-0.9423828125,0.27258300781,-0.17492675781
1726155053161.5266,-0.95910644531,0.3193359375,-0.20239257812
1726155053180.794,-0.95910644531,0.3193359375,-0.20239257812
1726155053200.794,-0.95910644531,0.3193359375,-0.20239257812
1726155053220.7634,-0.95910644531,0.3193359375,-0.20239257812
1726155053241.5571,-1.03979492187,0.33081054687,-0.22155761718
1726155053262.1375,-1.03979492187,0.33081054687,-0.22155761718
1726155053280.641,-1.03979492187,0.33081054687,-0.22155761718
1726155053300.7634,-1.03979492187,0.33081054687,-0.22155761718
1726155053321.6487,-1.14001464843,0.3173828125,-0.23779296875
1726155053340.794,-1.14001464843,0.3173828125,-0.23779296875
1726155053360.794,-1.14001464843,0.3173828125,-0.23779296875
1726155053380.7937,-1.14001464843,0.3173828125,-0.23779296875
1726155053401.6792,-1.0751953125,0.27880859375,-0.26513671875
1726155053420.641,-1.0751953125,0.27880859375,-0.26513671875
1726155053440.794,-1.0751953125,0.27880859375,-0.26513671875
1726155053460.794,-1.0751953125,0.27880859375,-0.26513671875
1726155053481.6487,-0.91564941406,0.212890625,-0.27380371093
1726155053500.641,-0.91564941406,0.212890625,-0.27380371093
1726155053520.794,-0.91564941406,0.212890625,-0.27380371093
1726155053540.794,-0.91564941406,0.212890625,-0.27380371093
1726155053561.7405,-0.91638183593,0.15808105468,-0.240234375
1726155053580.641,-0.91638183593,0.15808105468,-0.240234375
1726155053600.794,-0.91638183593,0.15808105468,-0.240234375
1726155053620.7937,-0.91638183593,0.15808105468,-0.240234375
1726155053641.7708,-0.96362304687,0.13989257812,-0.22973632812
1726155053660.7632,-0.96362304687,0.13989257812,-0.22973632812
1726155053680.794,-0.96362304687,0.13989257812,-0.22973632812
1726155053700.794,-0.96362304687,0.13989257812,-0.22973632812
1726155053721.7405,-0.91577148437,0.13134765625,-0.2509765625
1726155053740.641,-0.91577148437,0.13134765625,-0.2509765625
1726155053760.794,-0.91577148437,0.13134765625,-0.2509765625
1726155053780.794,-0.91577148437,0.13134765625,-0.2509765625
1726155053801.7708,-0.8955078125,0.1513671875,-0.25988769531
1726155053820.641,-0.8955078125,0.1513671875,-0.25988769531
1726155053840.794,-0.8955078125,0.1513671875,-0.25988769531
1726155053860.794,-0.8955078125,0.1513671875,-0.25988769531
1726155053881.8015,-0.90588378906,0.17846679687,-0.27331542968
1726155053900.641,-0.90588378906,0.17846679687,-0.27331542968
1726155053920.794,-0.90588378906,0.17846679687,-0.27331542968
1726155053940.7634,-0.90588378906,0.17846679687,-0.27331542968
1726155053961.893,-0.90979003906,0.150390625,-0.27648925781
1726155053980.641,-0.90979003906,0.150390625,-0.27648925781
1726155054000.794,-0.90979003906,0.150390625,-0.27648925781
1726155054020.7634,-0.90979003906,0.150390625,-0.27648925781
1726155054042.046,-0.93444824218,0.09985351562,-0.26440429687
1726155054060.641,-0.93444824218,0.09985351562,-0.26440429687
1726155054080.794,-0.93444824218,0.09985351562,-0.26440429687
1726155054100.7634,-0.93444824218,0.09985351562,-0.26440429687
1726155054121.893,-0.96362304687,0.07629394531,-0.2587890625
1726155054140.641,-0.96362304687,0.07629394531,-0.2587890625
1726155054160.7937,-0.96362304687,0.07629394531,-0.2587890625
1726155054180.794,-0.96362304687,0.07629394531,-0.2587890625
1726155054201.9846,-0.99291992187,0.08605957031,-0.25402832031
1726155054220.641,-0.99291992187,0.08605957031,-0.25402832031
1726155054240.7634,-0.99291992187,0.08605957031,-0.25402832031
1726155054260.794,-0.99291992187,0.08605957031,-0.25402832031
1726155054282.0151,-1.07019042968,0.14794921875,-0.24768066406
1726155054300.641,-1.07019042968,0.14794921875,-0.24768066406
1726155054320.7634,-1.07019042968,0.14794921875,-0.24768066406
1726155054340.794,-1.07019042968,0.14794921875,-0.24768066406
1726155054361.9846,-1.140625,0.23010253906,-0.26147460937
1726155054380.641,-1.140625,0.23010253906,-0.26147460937
1726155054400.7632,-1.140625,0.23010253906,-0.26147460937
1726155054420.794,-1.140625,0.23010253906,-0.26147460937
1726155054442.0151,-1.04309082031,0.26000976562,-0.27197265625
1726155054460.641,-1.04309082031,0.26000976562,-0.27197265625
1726155054480.794,-1.04309082031,0.26000976562,-0.27197265625
1726155054500.794,-1.04309082031,0.26000976562,-0.27197265625
1726155054522.046,-0.96325683593,0.24682617187,-0.25500488281
1726155054540.641,-0.96325683593,0.24682617187,-0.25500488281
1726155054560.794,-0.96325683593,0.24682617187,-0.25500488281
1726155054580.794,-0.96325683593,0.24682617187,-0.25500488281
1726155054602.076,-1.02087402343,0.22302246093,-0.22424316406
1726155054620.641,-1.02087402343,0.22302246093,-0.22424316406
1726155054640.7937,-1.02087402343,0.22302246093,-0.22424316406
1726155054660.7937,-1.02087402343,0.22302246093,-0.22424316406
1726155054682.1067,-1.07177734375,0.22119140625,-0.17956542968
1726155054700.641,-1.07177734375,0.22119140625,-0.17956542968
1726155054720.794,-1.07177734375,0.22119140625,-0.17956542968
1726155054740.794,-1.07177734375,0.22119140625,-0.17956542968
1726155054762.1375,-1.0693359375,0.240234375,-0.15148925781
1726155054780.641,-1.0693359375,0.240234375,-0.15148925781
1726155054800.794,-1.0693359375,0.240234375,-0.15148925781
1726155054820.794,-1.0693359375,0.240234375,-0.15148925781
1726155054842.168,-1.04016113281,0.25122070312,-0.15087890625
1726155054860.641,-1.04016113281,0.25122070312,-0.15087890625
1726155054880.7937,-1.04016113281,0.25122070312,-0.15087890625
1726155054900.7937,-1.04016113281,0.25122070312,-0.15087890625
1726155054922.1985,-1.00048828125,0.2802734375,-0.17565917968
1726155054940.641,-1.00048828125,0.2802734375,-0.17565917968
1726155054960.7634,-1.00048828125,0.2802734375,-0.17565917968
1726155054980.794,-1.00048828125,0.2802734375,-0.17565917968
1726155055002.229,-0.93298339843,0.33654785156,-0.23303222656
1726155055020.641,-0.93298339843,0.33654785156,-0.23303222656
1726155055040.7634,-0.93298339843,0.33654785156,-0.23303222656
1726155055060.794,-0.93298339843,0.33654785156,-0.23303222656
1726155055082.3208,-0.8837890625,0.38366699218,-0.29626464843
1726155055100.641,-0.8837890625,0.38366699218,-0.29626464843
1726155055120.7937,-0.8837890625,0.38366699218,-0.29626464843
1726155055140.7937,-0.8837890625,0.38366699218,-0.29626464843
1726155055162.29,-0.89208984375,0.416015625,-0.34143066406
1726155055180.641,-0.89208984375,0.416015625,-0.34143066406
1726155055200.794,-0.89208984375,0.416015625,-0.34143066406
1726155055220.7634,-0.89208984375,0.416015625,-0.34143066406
1726155055242.3203,-0.86791992187,0.41650390625,-0.359375
1726155055260.641,-0.86791992187,0.41650390625,-0.359375
1726155055280.794,-0.86791992187,0.41650390625,-0.359375
1726155055300.794,-0.86791992187,0.41650390625,-0.359375
1726155055322.3513,-0.81274414062,0.36462402343,-0.33435058593
1726155055340.641,-0.81274414062,0.36462402343,-0.33435058593
1726155055360.794,-0.81274414062,0.36462402343,-0.33435058593
1726155055380.7937,-0.81274414062,0.36462402343,-0.33435058593
1726155055402.3816,-0.84753417968,0.31335449218,-0.29968261718
1726155055420.641,-0.84753417968,0.31335449218,-0.29968261718
1726155055440.794,-0.84753417968,0.31335449218,-0.29968261718
1726155055460.794,-0.84753417968,0.31335449218,-0.29968261718
1726155055482.412,-0.90539550781,0.29675292968,-0.28564453125
1726155055500.641,-0.90539550781,0.29675292968,-0.28564453125
1726155055520.794,-0.90539550781,0.29675292968,-0.28564453125
1726155055540.7634,-0.90539550781,0.29675292968,-0.28564453125
1726155055562.809,-0.90844726562,0.29309082031,-0.27075195312
1726155055580.641,-0.90844726562,0.29309082031,-0.27075195312
1726155055600.794,-0.90844726562,0.29309082031,-0.27075195312
1726155055620.7937,-0.90844726562,0.29309082031,-0.27075195312
1726155055642.4731,-0.92443847656,0.30712890625,-0.26489257812
1726155055660.641,-0.92443847656,0.30712890625,-0.26489257812
1726155055680.794,-0.92443847656,0.30712890625,-0.26489257812
1726155055700.794,-0.92443847656,0.30712890625,-0.26489257812
1726155055722.504,-0.95068359375,0.31982421875,-0.271484375
1726155055740.641,-0.95068359375,0.31982421875,-0.271484375
1726155055760.794,-0.95068359375,0.31982421875,-0.271484375
1726155055780.7634,-0.95068359375,0.31982421875,-0.271484375
1726155055802.5344,-0.97644042968,0.28198242187,-0.27978515625
1726155055820.641,-0.97644042968,0.28198242187,-0.27978515625
1726155055840.794,-0.97644042968,0.28198242187,-0.27978515625
1726155055860.794,-0.97644042968,0.28198242187,-0.27978515625
1726155055882.5647,-1.03125,0.21337890625,-0.27319335937
1726155055900.641,-1.03125,0.21337890625,-0.27319335937
1726155055920.7632,-1.03125,0.21337890625,-0.27319335937
1726155055940.7634,-1.03125,0.21337890625,-0.27319335937
1726155055962.5955,-1.11608886718,0.19165039062,-0.24938964843
1726155055980.641,-1.11608886718,0.19165039062,-0.24938964843
1726155056000.7634,-1.11608886718,0.19165039062,-0.24938964843
1726155056020.794,-1.11608886718,0.19165039062,-0.24938964843
1726155056042.626,-1.0859375,0.17749023437,-0.24963378906
1726155056060.641,-1.0859375,0.17749023437,-0.24963378906
1726155056080.794,-1.0859375,0.17749023437,-0.24963378906
1726155056100.7634,-1.0859375,0.17749023437,-0.24963378906
1726155056122.6565,-0.98327636718,0.12390136718,-0.25927734375
1726155056140.641,-0.98327636718,0.12390136718,-0.25927734375
1726155056160.7632,-0.98327636718,0.12390136718,-0.25927734375
1726155056180.7632,-0.98327636718,0.12390136718,-0.25927734375
1726155056202.687,-1.01428222656,0.0537109375,-0.19616699218
1726155056220.641,-1.01428222656,0.0537109375,-0.19616699218
1726155056240.794,-1.01428222656,0.0537109375,-0.19616699218
1726155056260.7634,-1.01428222656,0.0537109375,-0.19616699218
1726155056282.7175,-0.970703125,0.07763671875,-0.18212890625
1726155056300.641,-0.970703125,0.07763671875,-0.18212890625
1726155056320.8245,-0.970703125,0.07763671875,-0.18212890625
1726155056340.794,-0.970703125,0.07763671875,-0.18212890625
1726155056362.748,-0.95556640625,0.14819335937,-0.15991210937
1726155056380.641,-0.95556640625,0.14819335937,-0.15991210937
1726155056400.7632,-0.95556640625,0.14819335937,-0.15991210937
1726155056420.794,-0.95556640625,0.14819335937,-0.15991210937
1726155056442.7783,-0.97253417968,0.19995117187,-0.177734375
1726155056460.641,-0.97253417968,0.19995117187,-0.177734375
1726155056480.794,-0.97253417968,0.19995117187,-0.177734375
1726155056500.7634,-0.97253417968,0.19995117187,-0.177734375
1726155056522.809,-0.9658203125,0.17297363281,-0.22253417968
1726155056540.641,-0.9658203125,0.17297363281,-0.22253417968
1726155056560.794,-0.9658203125,0.17297363281,-0.22253417968
1726155056580.7634,-0.9658203125,0.17297363281,-0.22253417968
1726155056602.8396,-0.98034667968,0.15307617187,-0.24755859375
1726155056620.641,-0.98034667968,0.15307617187,-0.24755859375
1726155056640.7937,-0.98034667968,0.15307617187,-0.24755859375
1726155056660.7937,-0.98034667968,0.15307617187,-0.24755859375
1726155056682.87,-1.03723144531,0.16882324218,-0.26342773437
1726155056700.794,-1.03723144531,0.16882324218,-0.26342773437
1726155056720.794,-1.03723144531,0.16882324218,-0.26342773437
1726155056740.7634,-1.03723144531,0.16882324218,-0.26342773437
1726155056762.901,-1.09814453125,0.20434570312,-0.29272460937
1726155056780.641,-1.09814453125,0.20434570312,-0.29272460937
1726155056800.7634,-1.09814453125,0.20434570312,-0.29272460937
1726155056820.794,-1.09814453125,0.20434570312,-0.29272460937
1726155056842.9312,-1.0087890625,0.27087402343,-0.31787109375
1726155056860.641,-1.0087890625,0.27087402343,-0.31787109375
1726155056880.7937,-1.0087890625,0.27087402343,-0.31787109375
1726155056900.7937,-1.0087890625,0.27087402343,-0.31787109375
1726155056922.962,-0.91491699218,0.30200195312,-0.30554199218
1726155056940.641,-0.91491699218,0.30200195312,-0.30554199218
1726155056960.7634,-0.91491699218,0.30200195312,-0.30554199218
1726155056980.794,-0.91491699218,0.30200195312,-0.30554199218
1726155057002.9924,-0.93688964843,0.26745605468,-0.27587890625
1726155057020.641,-0.93688964843,0.26745605468,-0.27587890625
1726155057040.794,-0.93688964843,0.26745605468,-0.27587890625
1726155057060.794,-0.93688964843,0.26745605468,-0.27587890625
1726155057083.3892,-0.91479492187,0.22424316406,-0.26416015625
1726155057100.641,-0.91479492187,0.22424316406,-0.26416015625
1726155057120.7937,-0.91479492187,0.22424316406,-0.26416015625
1726155057140.7632,-0.91479492187,0.22424316406,-0.26416015625
1726155057163.0535,-0.86169433593,0.21557617187,-0.27331542968
1726155057180.641,-0.86169433593,0.21557617187,-0.27331542968
1726155057200.7634,-0.86169433593,0.21557617187,-0.27331542968
1726155057220.7634,-0.86169433593,0.21557617187,-0.27331542968
1726155057243.084,-0.82446289062,0.23657226562,-0.29833984375
1726155057260.641,-0.82446289062,0.23657226562,-0.29833984375
1726155057280.794,-0.82446289062,0.23657226562,-0.29833984375
1726155057300.794,-0.82446289062,0.23657226562,-0.29833984375
1726155057323.1145,-0.80822753906,0.33801269531,-0.34753417968
1726155057340.641,-0.80822753906,0.33801269531,-0.34753417968
1726155057360.7634,-0.80822753906,0.33801269531,-0.34753417968
1726155057380.7937,-0.80822753906,0.33801269531,-0.34753417968
1726155057403.145,-0.82141113281,0.46362304687,-0.38195800781
1726155057420.641,-0.82141113281,0.46362304687,-0.38195800781
1726155057440.794,-0.82141113281,0.46362304687,-0.38195800781
1726155057460.7634,-0.82141113281,0.46362304687,-0.38195800781
1726155057483.1755,-0.90466308593,0.53356933593,-0.37817382812
1726155057500.641,-0.90466308593,0.53356933593,-0.37817382812
1726155057520.7634,-0.90466308593,0.53356933593,-0.37817382812
1726155057540.7634,-0.90466308593,0.53356933593,-0.37817382812
1726155057563.2063,-1.02587890625,0.57348632812,-0.35986328125
1726155057580.641,-1.02587890625,0.57348632812,-0.35986328125
1726155057600.794,-1.02587890625,0.57348632812,-0.35986328125
1726155057620.7937,-1.02587890625,0.57348632812,-0.35986328125
1726155057643.2363,-1.03344726562,0.55139160156,-0.33142089843
1726155057660.641,-1.03344726562,0.55139160156,-0.33142089843
1726155057680.7632,-1.03344726562,0.55139160156,-0.33142089843
1726155057700.7634,-1.03344726562,0.55139160156,-0.33142089843
1726155057723.267,-0.98474121093,0.48181152343,-0.28381347656
1726155057740.641,-0.98474121093,0.48181152343,-0.28381347656
1726155057760.7634,-0.98474121093,0.48181152343,-0.28381347656
1726155057780.794,-0.98474121093,0.48181152343,-0.28381347656
1726155057803.2979,-0.9580078125,0.42736816406,-0.24169921875
1726155057820.641,-0.9580078125,0.42736816406,-0.24169921875
1726155057840.8245,-0.9580078125,0.42736816406,-0.24169921875
1726155057860.7634,-0.9580078125,0.42736816406,-0.24169921875
1726155057883.328,-0.896484375,0.40515136718,-0.24304199218
1726155057900.641,-0.896484375,0.40515136718,-0.24304199218
1726155057920.794,-0.896484375,0.40515136718,-0.24304199218
1726155057940.7634,-0.896484375,0.40515136718,-0.24304199218
1726155057963.359,-0.81469726562,0.41979980468,-0.27380371093
1726155057980.641,-0.81469726562,0.41979980468,-0.27380371093
1726155058000.794,-0.81469726562,0.41979980468,-0.27380371093
1726155058020.794,-0.81469726562,0.41979980468,-0.27380371093
1726155058043.3894,-0.75463867187,0.46411132812,-0.29858398437
1726155058060.641,-0.75463867187,0.46411132812,-0.29858398437
1726155058080.794,-0.75463867187,0.46411132812,-0.29858398437
1726155058100.7634,-0.75463867187,0.46411132812,-0.29858398437
1726155058123.4197,-0.73388671875,0.5244140625,-0.32482910156
1726155058140.641,-0.73388671875,0.5244140625,-0.32482910156
1726155058160.7937,-0.73388671875,0.5244140625,-0.32482910156
1726155058180.7632,-0.73388671875,0.5244140625,-0.32482910156
1726155058203.4504,-0.71691894531,0.57653808593,-0.35778808593
1726155058220.641,-0.71691894531,0.57653808593,-0.35778808593
1726155058240.794,-0.71691894531,0.57653808593,-0.35778808593
1726155058260.794,-0.71691894531,0.57653808593,-0.35778808593
1726155058283.4807,-0.75280761718,0.57482910156,-0.37841796875
1726155058300.641,-0.75280761718,0.57482910156,-0.37841796875
1726155058320.794,-0.75280761718,0.57482910156,-0.37841796875
1726155058340.794,-0.75280761718,0.57482910156,-0.37841796875
1726155058363.5115,-0.90185546875,0.52917480468,-0.36828613281
1726155058380.641,-0.90185546875,0.52917480468,-0.36828613281
1726155058400.7937,-0.90185546875,0.52917480468,-0.36828613281
1726155058420.7632,-0.90185546875,0.52917480468,-0.36828613281
1726155058443.542,-0.91516113281,0.46923828125,-0.33532714843
1726155058460.641,-0.91516113281,0.46923828125,-0.33532714843
1726155058480.7634,-0.91516113281,0.46923828125,-0.33532714843
1726155058500.7634,-0.91516113281,0.46923828125,-0.33532714843
1726155058523.5725,-0.88061523437,0.41845703125,-0.29809570312
1726155058540.641,-0.88061523437,0.41845703125,-0.29809570312
1726155058560.7634,-0.88061523437,0.41845703125,-0.29809570312
1726155058580.794,-0.88061523437,0.41845703125,-0.29809570312
1726155058603.603,-0.9521484375,0.38220214843,-0.27758789062
1726155058620.641,-0.9521484375,0.38220214843,-0.27758789062
1726155058640.7937,-0.9521484375,0.38220214843,-0.27758789062
1726155058660.7632,-0.9521484375,0.38220214843,-0.27758789062
1726155058683.6335,-0.94909667968,0.35388183593,-0.29211425781
1726155058700.641,-0.94909667968,0.35388183593,-0.29211425781
1726155058720.7634,-0.94909667968,0.35388183593,-0.29211425781
1726155058740.7634,-0.94909667968,0.35388183593,-0.29211425781
1726155058763.664,-0.91418457031,0.32604980468,-0.31750488281
1726155058780.641,-0.91418457031,0.32604980468,-0.31750488281
1726155058800.794,-0.91418457031,0.32604980468,-0.31750488281
1726155058820.7634,-0.91418457031,0.32604980468,-0.31750488281
1726155058843.6943,-0.9052734375,0.2890625,-0.34399414062
1726155058860.641,-0.9052734375,0.2890625,-0.34399414062
1726155058880.7632,-0.9052734375,0.2890625,-0.34399414062
1726155058900.7632,-0.9052734375,0.2890625,-0.34399414062
1726155058923.725,-0.90417480468,0.25512695312,-0.35534667968
1726155058940.641,-0.90417480468,0.25512695312,-0.35534667968
1726155058960.794,-0.90417480468,0.25512695312,-0.35534667968
1726155058980.794,-0.90417480468,0.25512695312,-0.35534667968
1726155059003.7559,-0.90270996093,0.23522949218,-0.33666992187
1726155059020.641,-0.90270996093,0.23522949218,-0.33666992187
1726155059040.794,-0.90270996093,0.23522949218,-0.33666992187
1726155059060.794,-0.90270996093,0.23522949218,-0.33666992187
1726155059083.786,-0.923828125,0.2373046875,-0.3154296875
1726155059100.641,-0.923828125,0.2373046875,-0.3154296875
1726155059120.7632,-0.923828125,0.2373046875,-0.3154296875
1726155059140.7937,-0.923828125,0.2373046875,-0.3154296875
1726155059163.8167,-0.97326660156,0.25085449218,-0.31066894531
1726155059180.641,-0.97326660156,0.25085449218,-0.31066894531
1726155059200.794,-0.97326660156,0.25085449218,-0.31066894531
1726155059220.794,-0.97326660156,0.25085449218,-0.31066894531
1726155059243.8474,-1.06616210937,0.2822265625,-0.294921875
1726155059260.641,-1.06616210937,0.2822265625,-0.294921875
1726155059281.1604,-1.06616210937,0.2822265625,-0.294921875
1726155059300.7634,-1.06616210937,0.2822265625,-0.294921875
1726155059323.878,-1.07507324218,0.314453125,-0.27099609375
1726155059340.641,-1.07507324218,0.314453125,-0.27099609375
1726155059360.7634,-1.07507324218,0.314453125,-0.27099609375
1726155059380.7632,-1.07507324218,0.314453125,-0.27099609375
1726155059403.9084,-1.0458984375,0.31188964843,-0.24096679687
1726155059420.641,-1.0458984375,0.31188964843,-0.24096679687
1726155059440.7634,-1.0458984375,0.31188964843,-0.24096679687
1726155059460.794,-1.0458984375,0.31188964843,-0.24096679687
1726155059483.9387,-1.06359863281,0.27722167968,-0.205078125
1726155059500.641,-1.06359863281,0.27722167968,-0.205078125
1726155059520.794,-1.06359863281,0.27722167968,-0.205078125
1726155059540.7634,-1.06359863281,0.27722167968,-0.205078125
1726155059563.9695,-1.03845214843,0.23291015625,-0.20092773437
1726155059580.641,-1.03845214843,0.23291015625,-0.20092773437
1726155059600.7634,-1.03845214843,0.23291015625,-0.20092773437
1726155059620.7632,-1.03845214843,0.23291015625,-0.20092773437
1726155059644.0,-0.97875976562,0.24462890625,-0.25
1726155059660.641,-0.97875976562,0.24462890625,-0.25
1726155059680.7632,-0.97875976562,0.24462890625,-0.25
1726155059700.794,-0.97875976562,0.24462890625,-0.25
1726155059724.0305,-0.89367675781,0.31677246093,-0.31665039062
1726155059740.6719,-0.89367675781,0.31677246093,-0.31665039062
1726155059760.794,-0.89367675781,0.31677246093,-0.31665039062
1726155059780.794,-0.89367675781,0.31677246093,-0.31665039062
1726155059804.0613,-0.85815429687,0.3837890625,-0.35095214843
1726155059820.641,-0.85815429687,0.3837890625,-0.35095214843
1726155059840.794,-0.85815429687,0.3837890625,-0.35095214843
1726155059860.794,-0.85815429687,0.3837890625,-0.35095214843
1726155059884.0916,-0.91870117187,0.42553710937,-0.35021972656
1726155059900.641,-0.91870117187,0.42553710937,-0.35021972656
1726155059920.794,-0.91870117187,0.42553710937,-0.35021972656
1726155059940.794,-0.91870117187,0.42553710937,-0.35021972656
1726155059964.122,-0.94177246093,0.45422363281,-0.37390136718
1726155059980.641,-0.94177246093,0.45422363281,-0.37390136718
1726155060000.794,-0.94177246093,0.45422363281,-0.37390136718
1726155060020.794,-0.94177246093,0.45422363281,-0.37390136718
1726155060044.1528,-0.94104003906,0.46984863281,-0.38598632812
1726155060060.6719,-0.94104003906,0.46984863281,-0.38598632812
1726155060080.7634,-0.94104003906,0.46984863281,-0.38598632812
1726155060100.7634,-0.94104003906,0.46984863281,-0.38598632812
1726155060124.183,-0.90625,0.45617675781,-0.37280273437
1726155060140.641,-0.90625,0.45617675781,-0.37280273437
1726155060160.7937,-0.90625,0.45617675781,-0.37280273437
1726155060180.794,-0.90625,0.45617675781,-0.37280273437
1726155060204.2139,-0.775390625,0.439453125,-0.36877441406
1726155060220.641,-0.775390625,0.439453125,-0.36877441406
1726155060240.794,-0.775390625,0.439453125,-0.36877441406
1726155060260.7634,-0.775390625,0.439453125,-0.36877441406
1726155060284.2444,-0.67895507812,0.45861816406,-0.36059570312
1726155060300.6719,-0.67895507812,0.45861816406,-0.36059570312
1726155060320.794,-0.67895507812,0.45861816406,-0.36059570312
1726155060340.7634,-0.67895507812,0.45861816406,-0.36059570312
1726155060364.2747,-0.65380859375,0.51147460937,-0.37243652343
1726155060380.641,-0.65380859375,0.51147460937,-0.37243652343
1726155060400.7632,-0.65380859375,0.51147460937,-0.37243652343
1726155060420.7632,-0.65380859375,0.51147460937,-0.37243652343
1726155060444.3054,-0.70251464843,0.56628417968,-0.3779296875
1726155060460.641,-0.70251464843,0.56628417968,-0.3779296875
1726155060480.7634,-0.70251464843,0.56628417968,-0.3779296875
1726155060500.794,-0.70251464843,0.56628417968,-0.3779296875
1726155060524.336,-0.7763671875,0.58459472656,-0.36389160156
1726155060540.6719,-0.7763671875,0.58459472656,-0.36389160156
1726155060560.7634,-0.7763671875,0.58459472656,-0.36389160156
1726155060580.794,-0.7763671875,0.58459472656,-0.36389160156
1726155060604.3662,-0.88366699218,0.56286621093,-0.33227539062
1726155060620.6716,-0.88366699218,0.56286621093,-0.33227539062
1726155060640.7937,-0.88366699218,0.56286621093,-0.33227539062
1726155060660.7632,-0.88366699218,0.56286621093,-0.33227539062
1726155060684.3967,-0.92956542968,0.52880859375,-0.31030273437
1726155060700.641,-0.92956542968,0.52880859375,-0.31030273437
1726155060720.794,-0.92956542968,0.52880859375,-0.31030273437
1726155060740.7634,-0.92956542968,0.52880859375,-0.31030273437
1726155060764.4275,-0.91345214843,0.48889160156,-0.29272460937
1726155060780.641,-0.91345214843,0.48889160156,-0.29272460937
1726155060800.7634,-0.91345214843,0.48889160156,-0.29272460937
1726155060820.794,-0.91345214843,0.48889160156,-0.29272460937
1726155060844.458,-0.98205566406,0.45153808593,-0.24694824218
1726155060860.641,-0.98205566406,0.45153808593,-0.24694824218
1726155060880.7632,-0.98205566406,0.45153808593,-0.24694824218
1726155060900.7937,-0.98205566406,0.45153808593,-0.24694824218
1726155060924.4883,-0.99426269531,0.4091796875,-0.22351074218
1726155060940.641,-0.99426269531,0.4091796875,-0.22351074218
1726155060960.794,-0.99426269531,0.4091796875,-0.22351074218
1726155060980.794,-0.99426269531,0.4091796875,-0.22351074218
1726155061004.519,-0.93737792968,0.35180664062,-0.216796875
1726155061020.641,-0.93737792968,0.35180664062,-0.216796875
1726155061040.7634,-0.93737792968,0.35180664062,-0.216796875
1726155061060.794,-0.93737792968,0.35180664062,-0.216796875
1726155061084.5496,-0.91296386718,0.3271484375,-0.19909667968
1726155061100.6719,-0.91296386718,0.3271484375,-0.19909667968
1726155061120.7632,-0.91296386718,0.3271484375,-0.19909667968
1726155061140.7937,-0.91296386718,0.3271484375,-0.19909667968
1726155061164.58,-0.91296386718,0.3427734375,-0.18237304687
1726155061180.641,-0.91296386718,0.3427734375,-0.18237304687
1726155061200.7634,-0.91296386718,0.3427734375,-0.18237304687
1726155061220.794,-0.91296386718,0.3427734375,-0.18237304687
1726155061244.6108,-0.96520996093,0.34582519531,-0.18823242187
1726155061260.641,-0.96520996093,0.34582519531,-0.18823242187
1726155061280.794,-0.96520996093,0.34582519531,-0.18823242187
1726155061300.7634,-0.96520996093,0.34582519531,-0.18823242187
1726155061324.641,-1.07495117187,0.33068847656,-0.21911621093
1726155061340.641,-1.07495117187,0.33068847656,-0.21911621093
1726155061360.7634,-1.07495117187,0.33068847656,-0.21911621093
1726155061380.7937,-1.07495117187,0.33068847656,-0.21911621093
1726155061404.6716,-1.14587402343,0.32043457031,-0.24426269531
1726155061420.641,-1.14587402343,0.32043457031,-0.24426269531
1726155061440.794,-1.14587402343,0.32043457031,-0.24426269531
1726155061460.7634,-1.14587402343,0.32043457031,-0.24426269531
1726155061483.1145,-1.14587402343,0.32043457031,-0.24426269531
1726155061500.641,-1.14587402343,0.32043457031,-0.24426269531
1726155061520.7634,-1.14587402343,0.32043457031,-0.24426269531
1726155061540.794,-1.14587402343,0.32043457031,-0.24426269531
1726155061564.733,-0.92724609375,0.18347167968,-0.23254394531
1726155061580.641,-0.92724609375,0.18347167968,-0.23254394531
1726155061600.7634,-0.92724609375,0.18347167968,-0.23254394531
1726155061620.7937,-0.92724609375,0.18347167968,-0.23254394531
1726155061644.7634,-0.93737792968,0.10900878906,-0.21166992187
1726155061660.641,-0.93737792968,0.10900878906,-0.21166992187
1726155061680.7632,-0.93737792968,0.10900878906,-0.21166992187
1726155061700.794,-0.93737792968,0.10900878906,-0.21166992187
1726155061724.794,-0.92016601562,0.06896972656,-0.19665527343
1726155061740.641,-0.92016601562,0.06896972656,-0.19665527343
1726155061760.794,-0.92016601562,0.06896972656,-0.19665527343
1726155061780.794,-0.92016601562,0.06896972656,-0.19665527343
1726155061804.8245,-0.90185546875,0.03686523437,-0.21264648437
1726155061820.641,-0.90185546875,0.03686523437,-0.21264648437
1726155061840.794,-0.90185546875,0.03686523437,-0.21264648437
1726155061860.794,-0.90185546875,0.03686523437,-0.21264648437
1726155061884.8547,-0.90673828125,0.03015136718,-0.25451660156
1726155061900.641,-0.90673828125,0.03015136718,-0.25451660156
1726155061920.794,-0.90673828125,0.03015136718,-0.25451660156
1726155061940.7634,-0.90673828125,0.03015136718,-0.25451660156
1726155061964.8855,-0.94970703125,0.10424804687,-0.28015136718
1726155061980.641,-0.94970703125,0.10424804687,-0.28015136718
1726155062000.794,-0.94970703125,0.10424804687,-0.28015136718
1726155062020.794,-0.94970703125,0.10424804687,-0.28015136718
1726155062044.916,-1.03649902343,0.19812011718,-0.27868652343
1726155062060.641,-1.03649902343,0.19812011718,-0.27868652343
1726155062080.7634,-1.03649902343,0.19812011718,-0.27868652343
1726155062100.794,-1.03649902343,0.19812011718,-0.27868652343
1726155062124.9463,-1.06127929687,0.26599121093,-0.25598144531
1726155062140.641,-1.06127929687,0.26599121093,-0.25598144531
1726155062160.7632,-1.06127929687,0.26599121093,-0.25598144531
1726155062180.794,-1.06127929687,0.26599121093,-0.25598144531
1726155062204.977,-1.02697753906,0.28820800781,-0.23291015625
1726155062220.641,-1.02697753906,0.28820800781,-0.23291015625
1726155062240.794,-1.02697753906,0.28820800781,-0.23291015625
1726155062260.794,-1.02697753906,0.28820800781,-0.23291015625
1726155062285.0078,-1.04333496093,0.26306152343,-0.22216796875
1726155062300.641,-1.04333496093,0.26306152343,-0.22216796875
1726155062320.794,-1.04333496093,0.26306152343,-0.22216796875
1726155062340.794,-1.04333496093,0.26306152343,-0.22216796875
1726155062365.038,-1.02905273437,0.2294921875,-0.22033691406
1726155062380.641,-1.02905273437,0.2294921875,-0.22033691406
1726155062400.8547,-1.02905273437,0.2294921875,-0.22033691406
1726155062420.7632,-1.02905273437,0.2294921875,-0.22033691406
1726155062445.0686,-0.9609375,0.22534179687,-0.22155761718
1726155062460.641,-0.9609375,0.22534179687,-0.22155761718
1726155062480.794,-0.9609375,0.22534179687,-0.22155761718
1726155062500.794,-0.9609375,0.22534179687,-0.22155761718
1726155062525.099,-0.91247558593,0.28283691406,-0.25134277343
1726155062540.641,-0.91247558593,0.28283691406,-0.25134277343
1726155062560.794,-0.91247558593,0.28283691406,-0.25134277343
1726155062580.7634,-0.91247558593,0.28283691406,-0.25134277343
1726155062605.1296,-0.90234375,0.36901855468,-0.29650878906
1726155062620.641,-0.90234375,0.36901855468,-0.29650878906
1726155062640.7937,-0.90234375,0.36901855468,-0.29650878906
1726155062660.7937,-0.90234375,0.36901855468,-0.29650878906
1726155062685.1604,-0.91430664062,0.43115234375,-0.32788085937
1726155062700.641,-0.91430664062,0.43115234375,-0.32788085937
1726155062720.794,-0.91430664062,0.43115234375,-0.32788085937
1726155062740.7634,-0.91430664062,0.43115234375,-0.32788085937
1726155062765.2214,-0.97106933593,0.45178222656,-0.330078125
1726155062780.641,-0.97106933593,0.45178222656,-0.330078125
1726155062800.794,-0.97106933593,0.45178222656,-0.330078125
1726155062820.7634,-0.97106933593,0.45178222656,-0.330078125
1726155062845.2212,-0.98181152343,0.43005371093,-0.32800292968
1726155062860.641,-0.98181152343,0.43005371093,-0.32800292968
1726155062880.7937,-0.98181152343,0.43005371093,-0.32800292968
1726155062900.7632,-0.98181152343,0.43005371093,-0.32800292968
1726155062925.252,-0.85961914062,0.40954589843,-0.33215332031
1726155062940.6716,-0.85961914062,0.40954589843,-0.33215332031
1726155062960.7634,-0.85961914062,0.40954589843,-0.33215332031
1726155062980.7634,-0.85961914062,0.40954589843,-0.33215332031
1726155063005.2825,-0.78601074218,0.39892578125,-0.31958007812
1726155063020.641,-0.78601074218,0.39892578125,-0.31958007812
1726155063040.794,-0.78601074218,0.39892578125,-0.31958007812
1726155063060.794,-0.78601074218,0.39892578125,-0.31958007812
1726155063085.3127,-0.79028320312,0.39086914062,-0.30847167968
1726155063100.6719,-0.79028320312,0.39086914062,-0.30847167968
1726155063120.7937,-0.79028320312,0.39086914062,-0.30847167968
1726155063140.7937,-0.79028320312,0.39086914062,-0.30847167968
1726155063165.3435,-0.77453613281,0.40991210937,-0.30126953125
1726155063180.641,-0.77453613281,0.40991210937,-0.30126953125
1726155063200.7634,-0.77453613281,0.40991210937,-0.30126953125
1726155063220.7634,-0.77453613281,0.40991210937,-0.30126953125
1726155063245.374,-0.78271484375,0.42932128906,-0.29052734375
1726155063260.6719,-0.78271484375,0.42932128906,-0.29052734375
1726155063280.794,-0.78271484375,0.42932128906,-0.29052734375
1726155063300.794,-0.78271484375,0.42932128906,-0.29052734375
1726155063325.4043,-0.80749511718,0.42065429687,-0.31262207031
1726155063340.641,-0.80749511718,0.42065429687,-0.31262207031
1726155063360.794,-0.80749511718,0.42065429687,-0.31262207031
1726155063380.7937,-0.80749511718,0.42065429687,-0.31262207031
1726155063405.435,-0.89709472656,0.39990234375,-0.36157226562
1726155063420.641,-0.89709472656,0.39990234375,-0.36157226562
1726155063440.794,-0.89709472656,0.39990234375,-0.36157226562
1726155063460.7634,-0.89709472656,0.39990234375,-0.36157226562
1726155063485.4658,-1.09118652343,0.38293457031,-0.36767578125
1726155063500.641,-1.09118652343,0.38293457031,-0.36767578125
1726155063520.794,-1.09118652343,0.38293457031,-0.36767578125
1726155063540.7634,-1.09118652343,0.38293457031,-0.36767578125
1726155063565.496,-1.17956542968,0.36975097656,-0.33605957031
1726155063580.641,-1.17956542968,0.36975097656,-0.33605957031
1726155063600.794,-1.17956542968,0.36975097656,-0.33605957031
1726155063620.7937,-1.17956542968,0.36975097656,-0.33605957031
1726155063645.5266,-1.05712890625,0.31469726562,-0.29943847656
1726155063660.641,-1.05712890625,0.31469726562,-0.29943847656
1726155063680.794,-1.05712890625,0.31469726562,-0.29943847656
1726155063700.794,-1.05712890625,0.31469726562,-0.29943847656
1726155063725.5571,-0.98645019531,0.20764160156,-0.23864746093
1726155063740.641,-0.98645019531,0.20764160156,-0.23864746093
1726155063760.794,-0.98645019531,0.20764160156,-0.23864746093
1726155063780.7634,-0.98645019531,0.20764160156,-0.23864746093
1726155063805.588,-0.99206542968,0.12023925781,-0.18115234375
1726155063820.641,-0.99206542968,0.12023925781,-0.18115234375
1726155063840.7634,-0.99206542968,0.12023925781,-0.18115234375
1726155063860.794,-0.99206542968,0.12023925781,-0.18115234375
1726155063885.618,-0.93530273437,0.0888671875,-0.18029785156
1726155063900.641,-0.93530273437,0.0888671875,-0.18029785156
1726155063920.794,-0.93530273437,0.0888671875,-0.18029785156
1726155063940.794,-0.93530273437,0.0888671875,-0.18029785156
1726155063965.6487,-0.91918945312,0.08361816406,-0.19775390625
1726155063980.641,-0.91918945312,0.08361816406,-0.19775390625
1726155064000.7634,-0.91918945312,0.08361816406,-0.19775390625
1726155064020.794,-0.91918945312,0.08361816406,-0.19775390625
1726155064045.6794,-0.93469238281,0.11669921875,-0.19323730468
1726155064060.641,-0.93469238281,0.11669921875,-0.19323730468
1726155064080.7634,-0.93469238281,0.11669921875,-0.19323730468
1726155064100.794,-0.93469238281,0.11669921875,-0.19323730468
1726155064125.71,-0.96691894531,0.17370605468,-0.18603515625
1726155064140.641,-0.96691894531,0.17370605468,-0.18603515625
1726155064160.7632,-0.96691894531,0.17370605468,-0.18603515625
1726155064180.794,-0.96691894531,0.17370605468,-0.18603515625
1726155064205.7405,-1.06640625,0.20446777343,-0.18469238281
1726155064220.641,-1.06640625,0.20446777343,-0.18469238281
1726155064240.794,-1.06640625,0.20446777343,-0.18469238281
1726155064260.794,-1.06640625,0.20446777343,-0.18469238281
1726155064285.71,-1.1220703125,0.19909667968,-0.17687988281
1726155064300.641,-1.1220703125,0.19909667968,-0.17687988281
1726155064320.794,-1.1220703125,0.19909667968,-0.17687988281
1726155064340.794,-1.1220703125,0.19909667968,-0.17687988281
1726155064365.7405,-1.02404785156,0.17883300781,-0.18981933593
1726155064380.641,-1.02404785156,0.17883300781,-0.18981933593
1726155064400.7937,-1.02404785156,0.17883300781,-0.18981933593
1726155064420.7632,-1.02404785156,0.17883300781,-0.18981933593
1726155064445.71,-0.94714355468,0.16101074218,-0.24487304687
1726155064460.641,-0.94714355468,0.16101074218,-0.24487304687
1726155064480.7634,-0.94714355468,0.16101074218,-0.24487304687
1726155064500.794,-0.94714355468,0.16101074218,-0.24487304687
1726155064525.7405,-0.96337890625,0.13500976562,-0.26635742187
1726155064540.641,-0.96337890625,0.13500976562,-0.26635742187
1726155064560.7634,-0.96337890625,0.13500976562,-0.26635742187
1726155064580.794,-0.96337890625,0.13500976562,-0.26635742187
1726155064605.71,-0.966796875,0.13854980468,-0.23571777343
1726155064620.641,-0.966796875,0.13854980468,-0.23571777343
1726155064640.7632,-0.966796875,0.13854980468,-0.23571777343
1726155064660.7632,-0.966796875,0.13854980468,-0.23571777343
1726155064685.71,-0.9599609375,0.18286132812,-0.24328613281
1726155064700.641,-0.9599609375,0.18286132812,-0.24328613281
1726155064720.794,-0.9599609375,0.18286132812,-0.24328613281
1726155064740.7634,-0.9599609375,0.18286132812,-0.24328613281
1726155064765.7405,-0.94641113281,0.22546386718,-0.30529785156
1726155064780.6719,-0.94641113281,0.22546386718,-0.30529785156
1726155064800.7634,-0.94641113281,0.22546386718,-0.30529785156
1726155064820.794,-0.94641113281,0.22546386718,-0.30529785156
1726155064845.71,-0.916015625,0.2578125,-0.35913085937
1726155064860.641,-0.916015625,0.2578125,-0.35913085937
1726155064880.7937,-0.916015625,0.2578125,-0.35913085937
1726155064900.7632,-0.916015625,0.2578125,-0.35913085937
1726155064925.71,-0.88208007812,0.2958984375,-0.38427734375
1726155064940.641,-0.88208007812,0.2958984375,-0.38427734375
1726155064960.794,-0.88208007812,0.2958984375,-0.38427734375
1726155064980.7634,-0.88208007812,0.2958984375,-0.38427734375
1726155065005.7405,-0.87255859375,0.36779785156,-0.37927246093
1726155065020.641,-0.87255859375,0.36779785156,-0.37927246093
1726155065040.7634,-0.87255859375,0.36779785156,-0.37927246093
1726155065060.7634,-0.87255859375,0.36779785156,-0.37927246093
1726155065085.7405,-0.93273925781,0.44299316406,-0.34777832031
1726155065100.641,-0.93273925781,0.44299316406,-0.34777832031
1726155065120.7937,-0.93273925781,0.44299316406,-0.34777832031
1726155065140.7937,-0.93273925781,0.44299316406,-0.34777832031
1726155065165.71,-0.88061523437,0.49682617187,-0.33935546875
1726155065180.641,-0.88061523437,0.49682617187,-0.33935546875
1726155065200.7634,-0.88061523437,0.49682617187,-0.33935546875
1726155065220.7634,-0.88061523437,0.49682617187,-0.33935546875
1726155065245.7405,-0.80200195312,0.51879882812,-0.33227539062
1726155065260.641,-0.80200195312,0.51879882812,-0.33227539062
1726155065280.794,-0.80200195312,0.51879882812,-0.33227539062
1726155065300.794,-0.80200195312,0.51879882812,-0.33227539062
1726155065326.412,-0.85192871093,0.52185058593,-0.298828125
1726155065340.6719,-0.85192871093,0.52185058593,-0.298828125
1726155065360.794,-0.85192871093,0.52185058593,-0.298828125
1726155065380.7632,-0.85192871093,0.52185058593,-0.298828125
1726155065405.71,-0.83349609375,0.5283203125,-0.30920410156
1726155065420.641,-0.83349609375,0.5283203125,-0.30920410156
1726155065440.794,-0.83349609375,0.5283203125,-0.30920410156
1726155065460.794,-0.83349609375,0.5283203125,-0.30920410156
1726155065485.7405,-0.75817871093,0.51794433593,-0.34741210937
1726155065500.641,-0.75817871093,0.51794433593,-0.34741210937
1726155065520.794,-0.75817871093,0.51794433593,-0.34741210937
1726155065540.7634,-0.75817871093,0.51794433593,-0.34741210937
1726155065565.7097,-0.68969726562,0.52136230468,-0.3798828125
1726155065580.641,-0.68969726562,0.52136230468,-0.3798828125
1726155065600.7634,-0.68969726562,0.52136230468,-0.3798828125
1726155065620.7632,-0.68969726562,0.52136230468,-0.3798828125
1726155065640.7632,-0.65979003906,0.56677246093,-0.4189453125
1726155065660.641,-0.65979003906,0.56677246093,-0.4189453125
1726155065680.7632,-0.65979003906,0.56677246093,-0.4189453125
1726155065700.7634,-0.65979003906,0.56677246093,-0.4189453125
1726155065720.794,-0.66772460937,0.60668945312,-0.44030761718
1726155065740.641,-0.66772460937,0.60668945312,-0.44030761718
1726155065760.7634,-0.66772460937,0.60668945312,-0.44030761718
1726155065780.794,-0.66772460937,0.60668945312,-0.44030761718
1726155065800.7634,-0.82165527343,0.59399414062,-0.40014648437
1726155065820.641,-0.82165527343,0.59399414062,-0.40014648437
1726155065840.794,-0.82165527343,0.59399414062,-0.40014648437
1726155065860.794,-0.82165527343,0.59399414062,-0.40014648437
1726155065880.7632,-0.87768554687,0.53601074218,-0.3564453125
1726155065900.641,-0.87768554687,0.53601074218,-0.3564453125
1726155065920.794,-0.87768554687,0.53601074218,-0.3564453125
1726155065940.7634,-0.87768554687,0.53601074218,-0.3564453125
1726155065960.794,-0.84130859375,0.47973632812,-0.35180664062
1726155065980.6716,-0.84130859375,0.47973632812,-0.35180664062
1726155066000.7634,-0.84130859375,0.47973632812,-0.35180664062
1726155066020.7634,-0.84130859375,0.47973632812,-0.35180664062
1726155066040.794,-0.89733886718,0.44311523437,-0.33605957031
1726155066060.6719,-0.89733886718,0.44311523437,-0.33605957031
1726155066080.794,-0.89733886718,0.44311523437,-0.33605957031
1726155066100.794,-0.89733886718,0.44311523437,-0.33605957031
1726155066120.7937,-0.8837890625,0.39575195312,-0.31091308593
1726155066140.641,-0.8837890625,0.39575195312,-0.31091308593
1726155066160.7632,-0.8837890625,0.39575195312,-0.31091308593
1726155066180.8547,-0.8837890625,0.39575195312,-0.31091308593
1726155066200.7634,-0.85876464843,0.35815429687,-0.29821777343
1726155066220.641,-0.85876464843,0.35815429687,-0.29821777343
1726155066240.794,-0.85876464843,0.35815429687,-0.29821777343
1726155066260.7634,-0.85876464843,0.35815429687,-0.29821777343
1726155066280.7634,-0.86791992187,0.35095214843,-0.31201171875
1726155066300.641,-0.86791992187,0.35095214843,-0.31201171875
1726155066320.794,-0.86791992187,0.35095214843,-0.31201171875
1726155066340.794,-0.86791992187,0.35095214843,-0.31201171875
1726155066360.794,-0.88989257812,0.32263183593,-0.32373046875
1726155066380.6716,-0.88989257812,0.32263183593,-0.32373046875
1726155066400.7632,-0.88989257812,0.32263183593,-0.32373046875
1726155066420.794,-0.88989257812,0.32263183593,-0.32373046875
1726155066440.794,-0.91784667968,0.27917480468,-0.30212402343
1726155066460.6716,-0.91784667968,0.27917480468,-0.30212402343
1726155066480.794,-0.91784667968,0.27917480468,-0.30212402343
1726155066500.7634,-0.91784667968,0.27917480468,-0.30212402343
1726155066520.7634,-1.00280761718,0.22863769531,-0.26599121093
1726155066540.6719,-1.00280761718,0.22863769531,-0.26599121093
1726155066560.7634,-1.00280761718,0.22863769531,-0.26599121093
1726155066580.7634,-1.00280761718,0.22863769531,-0.26599121093
1726155066600.7634,-1.08837890625,0.18627929687,-0.232421875
1726155066620.641,-1.08837890625,0.18627929687,-0.232421875
1726155066640.7632,-1.08837890625,0.18627929687,-0.232421875
1726155066660.7632,-1.08837890625,0.18627929687,-0.232421875
1726155066680.7632,-1.08837890625,0.16247558593,-0.22668457031
1726155066700.641,-1.04479980468,0.16247558593,-0.22668457031
1726155066720.7634,-1.04479980468,0.16247558593,-0.22668457031
1726155066740.794,-1.04479980468,0.16247558593,-0.22668457031
1726155066760.794,-1.04479980468,0.07653808593,-0.22033691406
1726155066780.641,-1.00341796875,0.07653808593,-0.22033691406
1726155066800.7634,-1.00341796875,0.07653808593,-0.22033691406
1726155066820.794,-1.00341796875,0.07653808593,-0.22033691406
1726155066840.794,-1.00341796875,0.07653808593,-0.17980957031
1726155066860.641,-0.94787597656,0.07788085937,-0.17980957031
1726155066880.7937,-0.94787597656,0.07788085937,-0.17980957031
1726155066900.7632,-0.94787597656,0.07788085937,-0.17980957031
1726155066920.794,-0.94787597656,0.07788085937,-0.17980957031
1726155066940.641,-0.9189453125,0.15356445312,-0.14318847656
1726155066960.794,-0.9189453125,0.15356445312,-0.14318847656
1726155066980.794,-0.9189453125,0.15356445312,-0.14318847656
1726155067000.7634,-0.9189453125,0.15356445312,-0.14318847656
1726155067020.641,-0.95336914062,0.21179199218,-0.15014648437
1726155067040.7634,-0.95336914062,0.21179199218,-0.15014648437
1726155067060.794,-0.95336914062,0.21179199218,-0.15014648437
1726155067080.7634,-0.95336914062,0.21179199218,-0.15014648437
1726155067100.6719,-0.98083496093,0.24621582031,-0.18054199218
1726155067120.7937,-0.98083496093,0.24621582031,-0.18054199218
1726155067140.7632,-0.98083496093,0.24621582031,-0.18054199218
1726155067160.7937,-0.98083496093,0.24621582031,-0.18054199218
1726155067180.641,-0.99780273437,0.27685546875,-0.20300292968
1726155067200.794,-0.99780273437,0.27685546875,-0.20300292968
1726155067220.794,-0.99780273437,0.27685546875,-0.20300292968
1726155067240.794,-0.99780273437,0.27685546875,-0.20300292968
1726155067260.6719,-1.02038574218,0.27978515625,-0.2197265625
1726155067280.794,-1.02038574218,0.27978515625,-0.2197265625
1726155067300.794,-1.02038574218,0.27978515625,-0.2197265625
1726155067320.7634,-1.02038574218,0.27978515625,-0.2197265625
1726155067340.6719,-1.10168457031,0.29040527343,-0.22338867187
1726155067360.7634,-1.10168457031,0.29040527343,-0.22338867187
1726155067380.7937,-1.10168457031,0.29040527343,-0.22338867187
1726155067400.7632,-1.10168457031,0.29040527343,-0.22338867187
1726155067420.641,-1.05102539062,0.24853515625,-0.28344726562
1726155067440.7634,-1.05102539062,0.24853515625,-0.28344726562
1726155067460.794,-1.05102539062,0.24853515625,-0.28344726562
1726155067480.7634,-1.05102539062,0.24853515625,-0.28344726562
1726155067500.641,-0.93359375,0.24877929687,-0.3447265625
1726155067520.794,-0.93359375,0.24877929687,-0.3447265625
1726155067540.7634,-0.93359375,0.24877929687,-0.3447265625
1726155067560.794,-0.93359375,0.24877929687,-0.3447265625
1726155067580.641,-0.96020507812,0.33959960937,-0.32653808593
1726155067600.794,-0.96020507812,0.33959960937,-0.32653808593
1726155067620.7937,-0.96020507812,0.33959960937,-0.32653808593
1726155067640.7937,-0.96020507812,0.33959960937,-0.32653808593
1726155067660.6716,-0.92358398437,0.36315917968,-0.29821777343
1726155067680.794,-0.92358398437,0.36315917968,-0.29821777343
1726155067700.794,-0.92358398437,0.36315917968,-0.29821777343
1726155067720.794,-0.92358398437,0.36315917968,-0.29821777343
1726155067740.641,-0.80639648437,0.36682128906,-0.26208496093
1726155067760.794,-0.80639648437,0.36682128906,-0.26208496093
1726155067780.794,-0.80639648437,0.36682128906,-0.26208496093
1726155067800.7634,-0.80639648437,0.36682128906,-0.26208496093
1726155067820.6719,-0.73620605468,0.4091796875,-0.23376464843
1726155067840.794,-0.73620605468,0.4091796875,-0.23376464843
1726155067860.794,-0.73620605468,0.4091796875,-0.23376464843
1726155067880.7937,-0.73620605468,0.4091796875,-0.23376464843
1726155067900.641,-0.69604492187,0.47583007812,-0.24548339843
1726155067920.7632,-0.69604492187,0.47583007812,-0.24548339843
1726155067940.7634,-0.69604492187,0.47583007812,-0.24548339843
1726155067960.794,-0.69604492187,0.47583007812,-0.24548339843
1726155067980.641,-0.69409179687,0.55798339843,-0.26770019531
1726155068000.794,-0.69409179687,0.55798339843,-0.26770019531
1726155068020.794,-0.69409179687,0.55798339843,-0.26770019531
1726155068040.794,-0.69409179687,0.55798339843,-0.26770019531
1726155068060.641,-0.78283691406,0.63696289062,-0.28527832031
1726155068080.7634,-0.78283691406,0.63696289062,-0.28527832031
1726155068100.794,-0.78283691406,0.63696289062,-0.28527832031
1726155068120.7632,-0.78283691406,0.63696289062,-0.28527832031
1726155068140.641,-0.89819335937,0.69152832031,-0.28100585937
1726155068160.7632,-0.89819335937,0.69152832031,-0.28100585937
1726155068180.794,-0.89819335937,0.69152832031,-0.28100585937
1726155068200.7634,-0.89819335937,0.69152832031,-0.28100585937
1726155068220.641,-0.89880371093,0.67004394531,-0.24462890625
1726155068240.7634,-0.89880371093,0.67004394531,-0.24462890625
1726155068260.794,-0.89880371093,0.67004394531,-0.24462890625
1726155068280.794,-0.89880371093,0.67004394531,-0.24462890625
1726155068300.6719,-0.85949707031,0.57568359375,-0.20788574218
1726155068320.794,-0.85949707031,0.57568359375,-0.20788574218
1726155068340.7634,-0.85949707031,0.57568359375,-0.20788574218
1726155068360.794,-0.85949707031,0.57568359375,-0.20788574218
1726155068380.641,-0.86511230468,0.48999023437,-0.1865234375
1726155068400.7632,-0.86511230468,0.48999023437,-0.1865234375
1726155068420.794,-0.86511230468,0.48999023437,-0.1865234375
1726155068440.794,-0.86511230468,0.48999023437,-0.1865234375
1726155068460.6716,-0.85217285156,0.44055175781,-0.19116210937
1726155068480.794,-0.85217285156,0.44055175781,-0.19116210937
1726155068500.794,-0.85217285156,0.44055175781,-0.19116210937
1726155068520.794,-0.85217285156,0.44055175781,-0.19116210937
1726155068540.641,-0.85229492187,0.44567871093,-0.19018554687
1726155068560.794,-0.85229492187,0.44567871093,-0.19018554687
1726155068580.794,-0.85229492187,0.44567871093,-0.19018554687
1726155068600.7634,-0.85229492187,0.44567871093,-0.19018554687
1726155068620.641,-0.87121582031,0.47729492187,-0.17419433593
1726155068640.7937,-0.87121582031,0.47729492187,-0.17419433593
1726155068660.7937,-0.87121582031,0.47729492187,-0.17419433593
1726155068680.7632,-0.87121582031,0.47729492187,-0.17419433593
1726155068700.641,-0.90393066406,0.51806640625,-0.16247558593
1726155068720.7634,-0.90393066406,0.51806640625,-0.16247558593
1726155068740.794,-0.90393066406,0.51806640625,-0.16247558593
1726155068760.7634,-0.90393066406,0.51806640625,-0.16247558593
1726155068780.641,-0.95361328125,0.52978515625,-0.14868164062
1726155068800.794,-0.95361328125,0.52978515625,-0.14868164062
1726155068820.794,-0.95361328125,0.52978515625,-0.14868164062
1726155068840.794,-0.95361328125,0.52978515625,-0.14868164062
1726155068860.6719,-1.05493164062,0.45080566406,-0.16320800781
1726155068880.7937,-1.05493164062,0.45080566406,-0.16320800781
1726155068900.7632,-1.05493164062,0.45080566406,-0.16320800781
1726155068920.794,-1.05493164062,0.45080566406,-0.16320800781
1726155068940.6716,-1.07299804687,0.34729003906,-0.19799804687
1726155068960.794,-1.07299804687,0.34729003906,-0.19799804687
1726155068980.794,-1.07299804687,0.34729003906,-0.19799804687
1726155069000.794,-1.07299804687,0.34729003906,-0.19799804687
1726155069020.641,-0.97717285156,0.2509765625,-0.20703125
1726155069040.7634,-0.97717285156,0.2509765625,-0.20703125
1726155069060.794,-0.97717285156,0.2509765625,-0.20703125
1726155069080.7634,-0.97717285156,0.2509765625,-0.20703125
1726155069100.6719,-0.95642089843,0.16552734375,-0.21423339843
1726155069120.7937,-0.95642089843,0.16552734375,-0.21423339843
1726155069140.7632,-0.95642089843,0.16552734375,-0.21423339843
1726155069160.7937,-0.95642089843,0.16552734375,-0.21423339843
1726155069180.641,-0.94580078125,0.13391113281,-0.24060058593
1726155069200.794,-0.94580078125,0.13391113281,-0.24060058593
1726155069220.794,-0.94580078125,0.13391113281,-0.24060058593
1726155069240.794,-0.94580078125,0.13391113281,-0.24060058593
1726155069260.641,-0.904296875,0.1494140625,-0.26220703125
1726155069280.7634,-0.904296875,0.1494140625,-0.26220703125
1726155069300.7634,-0.904296875,0.1494140625,-0.26220703125
1726155069320.794,-0.904296875,0.1494140625,-0.26220703125
1726155069340.641,-0.89440917968,0.1953125,-0.28381347656
1726155069360.7634,-0.89440917968,0.1953125,-0.28381347656
1726155069380.7937,-0.89440917968,0.1953125,-0.28381347656
1726155069400.7632,-0.89440917968,0.1953125,-0.28381347656
1726155069420.641,-0.87622070312,0.21459960937,-0.31787109375
1726155069440.794,-0.87622070312,0.21459960937,-0.31787109375
1726155069460.794,-0.87622070312,0.21459960937,-0.31787109375
1726155069480.7634,-0.87622070312,0.21459960937,-0.31787109375
1726155069500.641,-0.90112304687,0.22143554687,-0.32849121093
1726155069520.7634,-0.90112304687,0.22143554687,-0.32849121093
1726155069540.794,-0.90112304687,0.22143554687,-0.32849121093
1726155069560.7634,-0.90112304687,0.22143554687,-0.32849121093
1726155069580.641,-1.00646972656,0.23718261718,-0.29382324218
1726155069600.7634,-1.00646972656,0.23718261718,-0.29382324218
1726155069620.7937,-1.00646972656,0.23718261718,-0.29382324218
1726155069640.7632,-1.00646972656,0.23718261718,-0.29382324218
1726155069660.641,-1.07019042968,0.24560546875,-0.24853515625
1726155069680.7632,-1.07019042968,0.24560546875,-0.24853515625
1726155069700.794,-1.07019042968,0.24560546875,-0.24853515625
1726155069720.794,-1.07019042968,0.24560546875,-0.24853515625
1726155069740.641,-1.03527832031,0.24011230468,-0.20971679687
1726155069760.7634,-1.03527832031,0.24011230468,-0.20971679687
1726155069780.7634,-1.03527832031,0.24011230468,-0.20971679687
1726155069800.7634,-1.03527832031,0.24011230468,-0.20971679687
1726155069820.641,-1.01696777343,0.21984863281,-0.17175292968
1726155069840.7634,-1.01696777343,0.21984863281,-0.17175292968
1726155069860.794,-1.01696777343,0.21984863281,-0.17175292968
1726155069880.7937,-1.01696777343,0.21984863281,-0.17175292968
1726155069900.641,-1.01049804687,0.19787597656,-0.1416015625
1726155069920.7632,-1.01049804687,0.19787597656,-0.1416015625
1726155069940.7634,-1.01049804687,0.19787597656,-0.1416015625
1726155069960.794,-1.01049804687,0.19787597656,-0.1416015625
1726155069980.641,-0.96166992187,0.20227050781,-0.12329101562
1726155070000.794,-0.96166992187,0.20227050781,-0.12329101562
1726155070020.794,-0.96166992187,0.20227050781,-0.12329101562
1726155070040.7634,-0.96166992187,0.20227050781,-0.12329101562
1726155070060.641,-0.93981933593,0.23034667968,-0.13049316406
1726155070080.7634,-0.93981933593,0.23034667968,-0.13049316406
1726155070100.7634,-0.93981933593,0.23034667968,-0.13049316406
1726155070120.7632,-0.93981933593,0.23034667968,-0.13049316406
1726155070140.641,-0.92553710937,0.25598144531,-0.16186523437
1726155070160.7937,-0.92553710937,0.25598144531,-0.16186523437
1726155070180.794,-0.92553710937,0.25598144531,-0.16186523437
1726155070200.7634,-0.92553710937,0.25598144531,-0.16186523437
1726155070220.6716,-0.94177246093,0.28137207031,-0.18908691406
1726155070240.7634,-0.94177246093,0.28137207031,-0.18908691406
1726155070260.794,-0.94177246093,0.28137207031,-0.18908691406
1726155070280.794,-0.94177246093,0.28137207031,-0.18908691406
1726155070300.641,-1.00146484375,0.30480957031,-0.21740722656
1726155070320.794,-1.00146484375,0.30480957031,-0.21740722656
1726155070340.794,-1.00146484375,0.30480957031,-0.21740722656
1726155070360.7634,-1.00146484375,0.30480957031,-0.21740722656
1726155070380.6716,-1.07727050781,0.32922363281,-0.23693847656
1726155070400.7937,-1.07727050781,0.32922363281,-0.23693847656
1726155070420.7632,-1.07727050781,0.32922363281,-0.23693847656
1726155070440.794,-1.07727050781,0.32922363281,-0.23693847656
1726155070460.6716,-1.00537109375,0.33325195312,-0.23864746093
1726155070480.7634,-1.00537109375,0.33325195312,-0.23864746093
1726155070500.7634,-1.00537109375,0.33325195312,-0.23864746093
1726155070520.7634,-1.00537109375,0.33325195312,-0.23864746093
1726155070540.641,-0.91857910156,0.30383300781,-0.2353515625
1726155070560.794,-0.91857910156,0.30383300781,-0.2353515625
1726155070580.794,-0.91857910156,0.30383300781,-0.2353515625
1726155070600.7634,-0.91857910156,0.30383300781,-0.2353515625
1726155070620.641,-0.94165039062,0.27038574218,-0.23583984375
1726155070640.7937,-0.94165039062,0.27038574218,-0.23583984375
1726155070660.7632,-0.94165039062,0.27038574218,-0.23583984375
1726155070680.794,-0.94165039062,0.27038574218,-0.23583984375
1726155070700.6716,-0.89819335937,0.24328613281,-0.23718261718
1726155070720.7634,-0.89819335937,0.24328613281,-0.23718261718
1726155070740.794,-0.89819335937,0.24328613281,-0.23718261718
1726155070760.7634,-0.89819335937,0.24328613281,-0.23718261718
1726155070780.6719,-0.85607910156,0.24011230468,-0.24291992187
1726155070800.794,-0.85607910156,0.24011230468,-0.24291992187
1726155070820.794,-0.85607910156,0.24011230468,-0.24291992187
1726155070840.794,-0.85607910156,0.24011230468,-0.24291992187
1726155070860.641,-0.84057617187,0.26147460937,-0.28845214843
1726155070880.7937,-0.84057617187,0.26147460937,-0.28845214843
1726155070900.7632,-0.84057617187,0.26147460937,-0.28845214843
1726155070920.794,-0.84057617187,0.26147460937,-0.28845214843
1726155070940.641,-0.888671875,0.26416015625,-0.33349609375
1726155070960.7634,-0.888671875,0.26416015625,-0.33349609375
1726155070980.794,-0.888671875,0.26416015625,-0.33349609375
1726155071000.794,-0.888671875,0.26416015625,-0.33349609375
1726155071020.641,-0.94860839843,0.26330566406,-0.33264160156
1726155071040.794,-0.94860839843,0.26330566406,-0.33264160156
1726155071060.7634,-0.94860839843,0.26330566406,-0.33264160156
1726155071080.794,-0.94860839843,0.26330566406,-0.33264160156
1726155071100.6719,-1.04418945312,0.27856445312,-0.29162597656
1726155071120.7632,-1.04418945312,0.27856445312,-0.29162597656
1726155071140.7937,-1.04418945312,0.27856445312,-0.29162597656
1726155071160.7937,-1.04418945312,0.27856445312,-0.29162597656
1726155071180.641,-1.07531738281,0.29931640625,-0.26208496093
1726155071200.7634,-1.07531738281,0.29931640625,-0.26208496093
1726155071220.7634,-1.07531738281,0.29931640625,-0.26208496093
1726155071240.7634,-1.07531738281,0.29931640625,-0.26208496093
1726155071260.641,-0.95532226562,0.30578613281,-0.2431640625
1726155071280.794,-0.95532226562,0.30578613281,-0.2431640625
1726155071300.794,-0.95532226562,0.30578613281,-0.2431640625
1726155071320.7634,-0.95532226562,0.30578613281,-0.2431640625
1726155071340.641,-0.94946289062,0.30151367187,-0.20825195312
1726155071361.5266,-0.94946289062,0.30151367187,-0.20825195312
1726155071380.7937,-0.94946289062,0.30151367187,-0.20825195312
1726155071400.7632,-0.94946289062,0.30151367187,-0.20825195312
1726155071420.641,-0.97583007812,0.34338378906,-0.18566894531
1726155071440.794,-0.97583007812,0.34338378906,-0.18566894531
1726155071460.7634,-0.97583007812,0.34338378906,-0.18566894531
1726155071480.794,-0.97583007812,0.34338378906,-0.18566894531
1726155071500.641,-0.92565917968,0.40661621093,-0.18347167968
1726155071520.794,-0.92565917968,0.40661621093,-0.18347167968
1726155071540.794,-0.92565917968,0.40661621093,-0.18347167968
1726155071560.7634,-0.92565917968,0.40661621093,-0.18347167968
1726155071580.641,-0.91162109375,0.43200683593,-0.19396972656
1726155071600.794,-0.91162109375,0.43200683593,-0.19396972656
1726155071620.7937,-0.91162109375,0.43200683593,-0.19396972656
1726155071640.7937,-0.91162109375,0.43200683593,-0.19396972656
1726155071660.6716,-0.91442871093,0.4521484375,-0.2197265625
1726155071680.794,-0.91442871093,0.4521484375,-0.2197265625
1726155071700.794,-0.91442871093,0.4521484375,-0.2197265625
1726155071720.794,-0.91442871093,0.4521484375,-0.2197265625
1726155071740.641,-0.90222167968,0.46459960937,-0.26086425781
1726155071760.794,-0.90222167968,0.46459960937,-0.26086425781
1726155071780.7634,-0.90222167968,0.46459960937,-0.26086425781
1726155071800.7634,-0.90222167968,0.46459960937,-0.26086425781
1726155071820.641,-0.91528320312,0.4580078125,-0.28527832031
1726155071840.794,-0.91528320312,0.4580078125,-0.28527832031
1726155071860.7634,-0.91528320312,0.4580078125,-0.28527832031
1726155071880.7937,-0.91528320312,0.4580078125,-0.28527832031
1726155071900.641,-0.94848632812,0.45483398437,-0.30810546875
1726155071920.794,-0.94848632812,0.45483398437,-0.30810546875
1726155071940.7634,-0.94848632812,0.45483398437,-0.30810546875
1726155071960.794,-0.94848632812,0.45483398437,-0.30810546875
1726155071980.641,-0.86596679687,0.45336914062,-0.34167480468
1726155072000.794,-0.86596679687,0.45336914062,-0.34167480468
1726155072020.794,-0.86596679687,0.45336914062,-0.34167480468
1726155072040.794,-0.86596679687,0.45336914062,-0.34167480468
1726155072060.641,-0.85803222656,0.37866210937,-0.28796386718
1726155072080.794,-0.85803222656,0.37866210937,-0.28796386718
1726155072100.7634,-0.85803222656,0.37866210937,-0.28796386718
1726155072120.7937,-0.85803222656,0.37866210937,-0.28796386718
1726155072140.6716,-0.84362792968,0.32922363281,-0.28125
1726155072160.7632,-0.84362792968,0.32922363281,-0.28125
1726155072180.7632,-0.84362792968,0.32922363281,-0.28125
1726155072200.794,-0.84362792968,0.32922363281,-0.28125
1726155072220.641,-0.82751464843,0.29064941406,-0.29370117187
1726155072240.794,-0.82751464843,0.29064941406,-0.29370117187
1726155072260.794,-0.82751464843,0.29064941406,-0.29370117187
1726155072280.7634,-0.82751464843,0.29064941406,-0.29370117187
1726155072300.641,-0.83776855468,0.27258300781,-0.287109375
1726155072320.7634,-0.83776855468,0.27258300781,-0.287109375
1726155072340.7634,-0.83776855468,0.27258300781,-0.287109375
1726155072360.7634,-0.83776855468,0.27258300781,-0.287109375
1726155072380.641,-0.86022949218,0.27355957031,-0.28918457031
1726155072400.7937,-0.86022949218,0.27355957031,-0.28918457031
1726155072420.7632,-0.86022949218,0.27355957031,-0.28918457031
1726155072440.794,-0.86022949218,0.27355957031,-0.28918457031
1726155072460.641,-0.91027832031,0.28759765625,-0.29956054687
1726155072480.794,-0.91027832031,0.28759765625,-0.29956054687
1726155072500.7634,-0.91027832031,0.28759765625,-0.29956054687
1726155072520.794,-0.91027832031,0.28759765625,-0.29956054687
1726155072540.641,-1.00244140625,0.26904296875,-0.28247070312
1726155072560.794,-1.00244140625,0.26904296875,-0.28247070312
1726155072580.7634,-1.00244140625,0.26904296875,-0.28247070312
1726155072600.794,-1.00244140625,0.26904296875,-0.28247070312
1726155072620.6716,-1.13403320312,0.21459960937,-0.22863769531
1726155072640.7937,-1.13403320312,0.21459960937,-0.22863769531
1726155072660.7632,-1.13403320312,0.21459960937,-0.22863769531
1726155072680.7632,-1.13403320312,0.21459960937,-0.22863769531
1726155072700.641,-1.10778808593,0.15161132812,-0.19836425781
1726155072720.794,-1.10778808593,0.15161132812,-0.19836425781
1726155072740.794,-1.10778808593,0.15161132812,-0.19836425781
1726155072760.7634,-1.10778808593,0.15161132812,-0.19836425781
1726155072780.641,-1.00280761718,0.06494140625,-0.18835449218
1726155072800.794,-1.00280761718,0.06494140625,-0.18835449218
1726155072820.794,-1.00280761718,0.06494140625,-0.18835449218
1726155072840.7634,-1.00280761718,0.06494140625,-0.18835449218
1726155072860.641,-1.00805664062,0.0068359375,-0.17431640625
1726155072880.7632,-1.00805664062,0.0068359375,-0.17431640625
1726155072900.7632,-1.00805664062,0.0068359375,-0.17431640625
1726155072920.794,-1.00805664062,0.0068359375,-0.17431640625
1726155072940.641,-0.998046875,-0.01086425781,-0.17297363281
1726155072960.7634,-0.998046875,-0.01086425781,-0.17297363281
1726155072980.7634,-0.998046875,-0.01086425781,-0.17297363281
1726155073000.794,-0.998046875,-0.01086425781,-0.17297363281
1726155073020.641,-0.974609375,-0.009765625,-0.16613769531
1726155073040.794,-0.974609375,-0.009765625,-0.16613769531
1726155073060.794,-0.974609375,-0.009765625,-0.16613769531
1726155073080.794,-0.974609375,-0.009765625,-0.16613769531
1726155073100.641,-0.95947265625,0.02294921875,-0.14514160156
1726155073120.7632,-0.95947265625,0.02294921875,-0.14514160156
1726155073140.7632,-0.95947265625,0.02294921875,-0.14514160156
1726155073160.7632,-0.95947265625,0.02294921875,-0.14514160156
1726155073180.641,-0.9638671875,0.06127929687,-0.12292480468
1726155073200.7634,-0.9638671875,0.06127929687,-0.12292480468
1726155073220.7634,-0.9638671875,0.06127929687,-0.12292480468
1726155073240.794,-0.9638671875,0.06127929687,-0.12292480468
1726155073260.6719,-1.01708984375,0.08325195312,-0.11352539062
1726155073280.7634,-1.01708984375,0.08325195312,-0.11352539062
1726155073300.7634,-1.01708984375,0.08325195312,-0.11352539062
1726155073320.794,-1.01708984375,0.08325195312,-0.11352539062
1726155073340.641,-1.15124511718,0.0810546875,-0.111328125
1726155073360.7634,-1.15124511718,0.0810546875,-0.111328125
1726155073380.7937,-1.15124511718,0.0810546875,-0.111328125
1726155073400.8242,-1.15124511718,0.0810546875,-0.111328125
1726155073420.641,-1.08776855468,0.06115722656,-0.16552734375
1726155073440.7634,-1.08776855468,0.06115722656,-0.16552734375
1726155073460.7634,-1.08776855468,0.06115722656,-0.16552734375
1726155073480.794,-1.08776855468,0.06115722656,-0.16552734375
1726155073500.6719,-0.93200683593,-0.01049804687,-0.22827148437
1726155073520.7634,-0.93200683593,-0.01049804687,-0.22827148437
1726155073540.794,-0.93200683593,-0.01049804687,-0.22827148437
1726155073560.794,-0.93200683593,-0.01049804687,-0.22827148437
1726155073580.641,-0.9365234375,-0.04296875,-0.22424316406
1726155073600.7634,-0.9365234375,-0.04296875,-0.22424316406
1726155073620.7937,-0.9365234375,-0.04296875,-0.22424316406
1726155073640.7937,-0.9365234375,-0.04296875,-0.22424316406
1726155073660.641,-0.93444824218,0.03356933593,-0.20886230468
1726155073680.7632,-0.93444824218,0.03356933593,-0.20886230468
1726155073700.794,-0.93444824218,0.03356933593,-0.20886230468
1726155073720.794,-0.93444824218,0.03356933593,-0.20886230468
1726155073740.641,-0.92407226562,0.11926269531,-0.2099609375
1726155073760.794,-0.92407226562,0.11926269531,-0.2099609375
1726155073780.8245,-0.92407226562,0.11926269531,-0.2099609375
1726155073800.794,-0.92407226562,0.11926269531,-0.2099609375
1726155073820.641,-0.88793945312,0.18017578125,-0.24169921875
1726155073840.794,-0.88793945312,0.18017578125,-0.24169921875
1726155073860.7634,-0.88793945312,0.18017578125,-0.24169921875
1726155073880.7632,-0.88793945312,0.18017578125,-0.24169921875
1726155073900.641,-0.89721679687,0.21789550781,-0.27954101562
1726155073920.794,-0.89721679687,0.21789550781,-0.27954101562
1726155073940.7634,-0.89721679687,0.21789550781,-0.27954101562
1726155073960.794,-0.89721679687,0.21789550781,-0.27954101562
1726155073980.641,-0.96618652343,0.23034667968,-0.29296875
1726155074000.7634,-0.96618652343,0.23034667968,-0.29296875
1726155074020.794,-0.96618652343,0.23034667968,-0.29296875
1726155074040.7634,-0.96618652343,0.23034667968,-0.29296875
1726155074060.641,-1.1328125,0.24243164062,-0.26892089843
1726155074080.794,-1.1328125,0.24243164062,-0.26892089843
1726155074100.7634,-1.1328125,0.24243164062,-0.26892089843
1726155074120.7937,-1.1328125,0.24243164062,-0.26892089843
1726155074140.641,-1.15625,0.25109863281,-0.24951171875
1726155074160.7937,-1.15625,0.25109863281,-0.24951171875
1726155074180.7632,-1.15625,0.25109863281,-0.24951171875
1726155074200.794,-1.15625,0.25109863281,-0.24951171875
1726155074220.641,-1.02026367187,0.21765136718,-0.21948242187
1726155074240.7634,-1.02026367187,0.21765136718,-0.21948242187
1726155074260.794,-1.02026367187,0.21765136718,-0.21948242187
1726155074280.794,-1.02026367187,0.21765136718,-0.21948242187
1726155074300.641,-0.9921875,0.20935058593,-0.17529296875
1726155074320.794,-0.9921875,0.20935058593,-0.17529296875
1726155074340.794,-0.9921875,0.20935058593,-0.17529296875
1726155074360.794,-0.9921875,0.20935058593,-0.17529296875
1726155074380.641,-0.96142578125,0.28784179687,-0.17761230468
1726155074400.7937,-0.96142578125,0.28784179687,-0.17761230468
1726155074420.794,-0.96142578125,0.28784179687,-0.17761230468
1726155074440.794,-0.96142578125,0.28784179687,-0.17761230468
1726155074460.6716,-0.90234375,0.36096191406,-0.21203613281
1726155074480.7634,-0.90234375,0.36096191406,-0.21203613281
1726155074500.794,-0.90234375,0.36096191406,-0.21203613281
1726155074520.794,-0.90234375,0.36096191406,-0.21203613281
1726155074540.8245,-0.84973144531,0.40649414062,-0.25207519531
1726155074560.794,-0.84973144531,0.40649414062,-0.25207519531
1726155074580.794,-0.84973144531,0.40649414062,-0.25207519531
1726155074600.7634,-0.84973144531,0.40649414062,-0.25207519531
1726155074620.641,-0.82507324218,0.4443359375,-0.28540039062
1726155074640.7632,-0.82507324218,0.4443359375,-0.28540039062
1726155074660.7937,-0.82507324218,0.4443359375,-0.28540039062
1726155074680.794,-0.82507324218,0.4443359375,-0.28540039062
1726155074700.641,-0.83764648437,0.45263671875,-0.314453125
1726155074720.794,-0.83764648437,0.45263671875,-0.314453125
1726155074740.7634,-0.83764648437,0.45263671875,-0.314453125
1726155074760.7634,-0.83764648437,0.45263671875,-0.314453125
1726155074780.641,-0.94458007812,0.44189453125,-0.30920410156
1726155074800.794,-0.94458007812,0.44189453125,-0.30920410156
1726155074820.794,-0.94458007812,0.44189453125,-0.30920410156
1726155074840.7634,-0.94458007812,0.44189453125,-0.30920410156
1726155074860.641,-1.02893066406,0.39733886718,-0.28393554687
1726155074880.7632,-1.02893066406,0.39733886718,-0.28393554687
1726155074900.7937,-1.02893066406,0.39733886718,-0.28393554687
1726155074920.7632,-1.02893066406,0.39733886718,-0.28393554687
1726155074940.6716,-0.92529296875,0.34838867187,-0.26574707031
1726155074960.794,-0.92529296875,0.34838867187,-0.26574707031
1726155074980.7634,-0.92529296875,0.34838867187,-0.26574707031
1726155075000.794,-0.92529296875,0.34838867187,-0.26574707031
1726155075020.6719,-0.875,0.31298828125,-0.24267578125
1726155075040.7634,-0.875,0.31298828125,-0.24267578125
1726155075060.794,-0.875,0.31298828125,-0.24267578125
1726155075080.7634,-0.875,0.31298828125,-0.24267578125
1726155075100.641,-0.93591308593,0.3017578125,-0.22570800781
1726155075120.7632,-0.93591308593,0.3017578125,-0.22570800781
1726155075140.7937,-0.93591308593,0.3017578125,-0.22570800781
1726155075160.7632,-0.93591308593,0.3017578125,-0.22570800781
1726155075180.641,-0.92895507812,0.29760742187,-0.2314453125
1726155075200.794,-0.92895507812,0.29760742187,-0.2314453125
1726155075220.7634,-0.92895507812,0.29760742187,-0.2314453125
1726155075240.794,-0.92895507812,0.29760742187,-0.2314453125
1726155075260.641,-0.90270996093,0.28527832031,-0.24865722656
1726155075280.794,-0.90270996093,0.28527832031,-0.24865722656
1726155075300.7634,-0.90270996093,0.28527832031,-0.24865722656
1726155075320.794,-0.90270996093,0.28527832031,-0.24865722656
1726155075340.6719,-0.89892578125,0.28259277343,-0.26599121093
1726155075360.794,-0.89892578125,0.28259277343,-0.26599121093
1726155075380.7937,-0.89892578125,0.28259277343,-0.26599121093
1726155075400.7937,-0.89892578125,0.28259277343,-0.26599121093
