timestamp,accel.x,accel.y,accel.z
1725969740455.7056,-0.98071289062,0.42651367187,-0.16662597656
1725969740475.9082,-0.98071289062,0.42651367187,-0.16662597656
1725969740495.9275,-0.98071289062,0.42651367187,-0.16662597656
1725969740515.8557,-0.98071289062,0.42651367187,-0.16662597656
1725969740535.7532,-0.98010253906,0.46618652343,-0.20788574218
1725969740555.9253,-0.98010253906,0.46618652343,-0.20788574218
1725969740575.8835,-0.98010253906,0.46618652343,-0.20788574218
1725969740595.8728,-0.98010253906,0.46618652343,-0.20788574218
1725969740615.5566,-1.0849609375,0.45446777343,-0.22302246093
1725969740635.8508,-1.0849609375,0.45446777343,-0.22302246093
1725969740655.901,-1.0849609375,0.45446777343,-0.22302246093
1725969740675.9507,-1.0849609375,0.45446777343,-0.22302246093
1725969740695.6653,-1.08386230468,0.45007324218,-0.25830078125
1725969740715.868,-1.08386230468,0.45007324218,-0.25830078125
1725969740735.918,-1.08386230468,0.45007324218,-0.25830078125
1725969740755.846,-1.08386230468,0.45007324218,-0.25830078125
1725969740775.713,-1.00207519531,0.4501953125,-0.28198242187
1725969740795.9155,-1.00207519531,0.4501953125,-0.28198242187
1725969740815.8435,-1.00207519531,0.4501953125,-0.28198242187
1725969740835.863,-1.00207519531,0.4501953125,-0.28198242187
1725969740855.6995,-1.06506347656,0.451171875,-0.24401855468
1725969740875.8716,-1.06506347656,0.451171875,-0.24401855468
1725969740895.891,-1.06506347656,0.451171875,-0.24401855468
1725969740915.9412,-1.06506347656,0.451171875,-0.24401855468
1725969740935.625,-1.11010742187,0.427734375,-0.22631835937
1725969740955.858,-1.11010742187,0.427734375,-0.22631835937
1725969740975.8472,-1.11010742187,0.427734375,-0.22631835937
1725969740995.8667,-1.11010742187,0.427734375,-0.22631835937
1725969741015.6726,-1.07580566406,0.39172363281,-0.23791503906
1725969741035.9363,-1.07580566406,0.39172363281,-0.23791503906
1725969741055.8643,-1.07580566406,0.39172363281,-0.23791503906
1725969741075.8533,-1.07580566406,0.39172363281,-0.23791503906
1725969741095.6592,-0.97229003906,0.38232421875,-0.25061035156
1725969741115.8618,-0.97229003906,0.38232421875,-0.25061035156
1725969741135.8508,-0.97229003906,0.38232421875,-0.25061035156
1725969741155.8398,-0.97229003906,0.38232421875,-0.25061035156
1725969741175.5847,-0.87182617187,0.37475585937,-0.25341796875
1725969741195.879,-0.87182617187,0.37475585937,-0.25341796875
1725969741215.8374,-0.87182617187,0.37475585937,-0.25341796875
1725969741235.8567,-0.87182617187,0.37475585937,-0.25341796875
1725969741255.5713,-0.86669921875,0.3701171875,-0.2431640625
1725969741275.8655,-0.86669921875,0.3701171875,-0.2431640625
1725969741295.885,-0.86669921875,0.3701171875,-0.2431640625
1725969741315.8435,-0.86669921875,0.3701171875,-0.2431640625
1725969741335.5884,-0.939453125,0.38256835937,-0.21447753906
1725969741355.852,-0.939453125,0.38256835937,-0.21447753906
1725969741375.841,-0.939453125,0.38256835937,-0.21447753906
1725969741395.83,-0.939453125,0.38256835937,-0.21447753906
1725969741415.697,-0.93579101562,0.37487792968,-0.15832519531
1725969741435.8386,-0.93579101562,0.37487792968,-0.15832519531
1725969741455.8276,-0.93579101562,0.37487792968,-0.15832519531
1725969741475.8472,-0.93579101562,0.37487792968,-0.15832519531
1725969741495.592,-0.93615722656,0.36193847656,-0.10620117187
1725969741515.8557,-0.93615722656,0.36193847656,-0.10620117187
1725969741535.8447,-0.93615722656,0.36193847656,-0.10620117187
1725969741555.8335,-0.93615722656,0.36193847656,-0.10620117187
1725969741575.548,-0.96655273437,0.36840820312,-0.10266113281
1725969741595.8423,-0.96655273437,0.36840820312,-0.10266113281
1725969741615.8313,-0.96655273437,0.36840820312,-0.10266113281
1725969741635.8508,-0.96655273437,0.36840820312,-0.10266113281
1725969741655.6567,-0.93908691406,0.37561035156,-0.10827636718
1725969741675.8289,-0.93908691406,0.37561035156,-0.10827636718
1725969741695.8484,-0.93908691406,0.37561035156,-0.10827636718
1725969741715.8374,-0.93908691406,0.37561035156,-0.10827636718
1725969741735.7043,-0.935546875,0.39660644531,-0.13488769531
1725969741755.846,-0.935546875,0.39660644531,-0.13488769531
1725969741775.8347,-0.935546875,0.39660644531,-0.13488769531
1725969741795.824,-0.935546875,0.39660644531,-0.13488769531
1725969741815.7214,-0.93395996093,0.42932128906,-0.22241210937
1725969741835.863,-0.93395996093,0.42932128906,-0.22241210937
1725969741855.8215,-0.93395996093,0.42932128906,-0.22241210937
1725969741875.841,-0.93395996093,0.42932128906,-0.22241210937
1725969741895.6165,-0.96350097656,0.43115234375,-0.29235839843
1725969741915.819,-0.96350097656,0.43115234375,-0.29235839843
1725969741935.8386,-0.96350097656,0.43115234375,-0.29235839843
1725969741955.858,-0.96350097656,0.43115234375,-0.29235839843
1725969741975.664,-1.09606933593,0.42358398437,-0.31042480468
1725969741995.836,-1.09606933593,0.42358398437,-0.31042480468
1725969742015.8557,-1.09606933593,0.42358398437,-0.31042480468
1725969742035.8142,-1.09606933593,0.42358398437,-0.31042480468
1725969742055.7117,-1.12963867187,0.42626953125,-0.30212402343
1725969742075.8228,-1.12963867187,0.42626953125,-0.30212402343
1725969742095.8423,-1.12963867187,0.42626953125,-0.30212402343
1725969742115.8313,-1.12963867187,0.42626953125,-0.30212402343
1725969742135.576,-1.06298828125,0.39318847656,-0.23889160156
1725969742155.8704,-1.06298828125,0.39318847656,-0.23889160156
1725969742175.8289,-1.06298828125,0.39318847656,-0.23889160156
1725969742195.8484,-1.06298828125,0.39318847656,-0.23889160156
1725969742215.6235,-1.02673339843,0.34020996093,-0.15197753906
1725969742235.8264,-1.02673339843,0.34020996093,-0.15197753906
1725969742255.8154,-1.02673339843,0.34020996093,-0.15197753906
1725969742275.8347,-1.02673339843,0.34020996093,-0.15197753906
1725969742295.702,-0.96716308593,0.36657714843,-0.09802246093
1725969742315.8435,-0.96716308593,0.36657714843,-0.09802246093
1725969742335.8325,-0.96716308593,0.36657714843,-0.09802246093
1725969742355.8215,-0.96716308593,0.36657714843,-0.09802246093
1725969742375.7188,-0.90185546875,0.38098144531,-0.08837890625
1725969742395.83,-0.90185546875,0.38098144531,-0.08837890625
1725969742415.819,-0.90185546875,0.38098144531,-0.08837890625
1725969742435.8386,-0.90185546875,0.38098144531,-0.08837890625
1725969742455.5835,-0.87451171875,0.36682128906,-0.16528320312
1725969742475.8472,-0.87451171875,0.36682128906,-0.16528320312
1725969742495.8057,-0.87451171875,0.36682128906,-0.16528320312
1725969742515.8557,-0.87451171875,0.36682128906,-0.16528320312
1725969742535.692,-0.92321777343,0.36437988281,-0.27099609375
1725969742555.8032,-0.92321777343,0.36437988281,-0.27099609375
1725969742575.8228,-0.92321777343,0.36437988281,-0.27099609375
1725969742595.8115,-0.92321777343,0.36437988281,-0.27099609375
1725969742618.8523,-1.0126953125,0.32995605468,-0.31298828125
1725969742635.7288,-1.0126953125,0.32995605468,-0.31298828125
1725969742655.809,-1.0126953125,0.32995605468,-0.31298828125
1725969742675.7983,-1.0126953125,0.32995605468,-0.31298828125
1725969742695.7263,-0.982421875,0.3232421875,-0.29602050781
1725969742715.807,-0.982421875,0.3232421875,-0.29602050781
1725969742735.796,-0.982421875,0.3232421875,-0.29602050781
1725969742755.8765,-0.982421875,0.3232421875,-0.29602050781
1725969742775.6824,-0.91101074218,0.33044433593,-0.25061035156
1725969742795.7935,-0.91101074218,0.33044433593,-0.25061035156
1725969742815.8127,-0.91101074218,0.33044433593,-0.25061035156
1725969742835.802,-0.91101074218,0.33044433593,-0.25061035156
1725969742855.6995,-0.88500976562,0.34741210937,-0.21374511718
1725969742875.8716,-0.88500976562,0.34741210937,-0.21374511718
1725969742895.7996,-0.88500976562,0.34741210937,-0.21374511718
1725969742915.819,-0.88500976562,0.34741210937,-0.21374511718
1725969742935.7163,-0.84997558593,0.36474609375,-0.19140625
1725969742955.797,-0.84997558593,0.36474609375,-0.19140625
1725969742975.8167,-0.84997558593,0.36474609375,-0.19140625
1725969742995.8667,-0.84997558593,0.36474609375,-0.19140625
1725969743015.7031,-0.87316894531,0.37902832031,-0.19458007812
1725969743035.8142,-0.87316894531,0.37902832031,-0.19458007812
1725969743055.8032,-0.87316894531,0.37902832031,-0.19458007812
1725969743075.7922,-0.87316894531,0.37902832031,-0.19458007812
1725969743095.7202,-0.90905761718,0.39819335937,-0.23767089843
1725969743115.8618,-0.90905761718,0.39819335937,-0.23767089843
1725969743135.7896,-0.90905761718,0.39819335937,-0.23767089843
1725969743155.809,-0.90905761718,0.39819335937,-0.23767089843
1725969743175.7068,-0.97058105468,0.41247558593,-0.2841796875
1725969743195.787,-0.97058105468,0.41247558593,-0.2841796875
1725969743215.8374,-0.97058105468,0.41247558593,-0.2841796875
1725969743235.796,-0.97058105468,0.41247558593,-0.2841796875
1725969743255.693,-1.05004882812,0.42419433593,-0.23571777343
1725969743275.8044,-1.05004882812,0.42419433593,-0.23571777343
1725969743295.8545,-1.05004882812,0.42419433593,-0.23571777343
1725969743315.8127,-1.05004882812,0.42419433593,-0.23571777343
1725969743335.7104,-1.017578125,0.43188476562,-0.18603515625
1725969743355.852,-1.017578125,0.43188476562,-0.18603515625
1725969743375.8103,-1.017578125,0.43188476562,-0.18603515625
1725969743395.83,-1.017578125,0.43188476562,-0.18603515625
1725969743415.697,-1.07336425781,0.39685058593,-0.17321777343
1725969743435.808,-1.07336425781,0.39685058593,-0.17321777343
1725969743455.797,-1.07336425781,0.39685058593,-0.17321777343
1725969743475.786,-1.07336425781,0.39685058593,-0.17321777343
1725969743495.6836,-1.04614257812,0.33154296875,-0.193359375
1725969743515.7947,-1.04614257812,0.33154296875,-0.193359375
1725969743535.8447,-1.04614257812,0.33154296875,-0.193359375
1725969743555.8032,-1.04614257812,0.33154296875,-0.193359375
1725969743575.7007,-0.95947265625,0.27392578125,-0.24548339843
1725969743595.8423,-0.95947265625,0.27392578125,-0.24548339843
1725969743615.8313,-0.95947265625,0.27392578125,-0.24548339843
1725969743635.8203,-0.95947265625,0.27392578125,-0.24548339843
1725969743655.6873,-0.90441894531,0.23669433593,-0.28540039062
1725969743675.7983,-0.90441894531,0.23669433593,-0.28540039062
1725969743695.787,-0.90441894531,0.23669433593,-0.28540039062
1725969743715.8374,-0.90441894531,0.23669433593,-0.28540039062
1725969743735.7043,-1.01538085937,0.23706054687,-0.26647949218
1725969743755.785,-1.01538085937,0.23706054687,-0.26647949218
1725969743775.8044,-1.01538085937,0.23706054687,-0.26647949218
1725969743795.7935,-1.01538085937,0.23706054687,-0.26647949218
1725969743815.691,-1.025390625,0.27990722656,-0.2294921875
1725969743835.8325,-1.025390625,0.27990722656,-0.2294921875
1725969743855.8215,-1.025390625,0.27990722656,-0.2294921875
1725969743875.78,-1.025390625,0.27990722656,-0.2294921875
1725969743895.6775,-0.96862792968,0.34155273437,-0.19665527343
1725969743915.819,-0.96862792968,0.34155273437,-0.19665527343
1725969743935.7776,-0.96862792968,0.34155273437,-0.19665527343
1725969743955.797,-0.96862792968,0.34155273437,-0.19665527343
1725969743975.664,-0.97131347656,0.37145996093,-0.17407226562
1725969743995.8057,-0.97131347656,0.37145996093,-0.17407226562
1725969744015.764,-0.97131347656,0.37145996093,-0.17407226562
1725969744035.8142,-0.97131347656,0.37145996093,-0.17407226562
1725969744055.6812,-0.91833496093,0.39147949218,-0.19995117187
1725969744075.8228,-0.91833496093,0.39147949218,-0.19995117187
1725969744095.7812,-0.91833496093,0.39147949218,-0.19995117187
1725969744115.7703,-0.91833496093,0.39147949218,-0.19995117187
1725969744135.6675,-0.89990234375,0.40405273437,-0.23913574218
1725969744155.7788,-0.89990234375,0.40405273437,-0.23913574218
1725969744175.7678,-0.89990234375,0.40405273437,-0.23913574218
1725969744195.8179,-0.89990234375,0.40405273437,-0.23913574218
1725969744215.6848,-0.92358398437,0.37023925781,-0.30432128906
1725969744235.7651,-0.92358398437,0.37023925781,-0.30432128906
1725969744255.846,-0.92358398437,0.37023925781,-0.30432128906
1725969744275.774,-0.92358398437,0.37023925781,-0.30432128906
1725969744295.6711,-1.00756835937,0.33056640625,-0.37744140625
1725969744315.8435,-1.00756835937,0.33056640625,-0.37744140625
1725969744335.802,-1.00756835937,0.33056640625,-0.37744140625
1725969744355.7605,-1.00756835937,0.33056640625,-0.37744140625
1725969744375.6885,-1.13220214843,0.31726074218,-0.40539550781
1725969744395.769,-1.13220214843,0.31726074218,-0.40539550781
1725969744415.758,-1.13220214843,0.31726074218,-0.40539550781
1725969744435.8386,-1.13220214843,0.31726074218,-0.40539550781
1725969744455.675,-1.10070800781,0.31103515625,-0.37036132812
1725969744475.786,-1.10070800781,0.31103515625,-0.37036132812
1725969744495.836,-1.10070800781,0.31103515625,-0.37036132812
1725969744515.764,-1.10070800781,0.31103515625,-0.37036132812
1725969744535.6616,-0.89001464843,0.35607910156,-0.2841796875
1725969744555.8335,-0.89001464843,0.35607910156,-0.2841796875
1725969744575.7617,-0.89001464843,0.35607910156,-0.2841796875
1725969744595.7507,-0.89001464843,0.35607910156,-0.2841796875
1725969744615.6787,-0.82104492187,0.53979492187,-0.17834472656
1725969744635.7593,-0.82104492187,0.53979492187,-0.17834472656
1725969744655.7483,-0.82104492187,0.53979492187,-0.17834472656
1725969744675.7983,-0.82104492187,0.53979492187,-0.17834472656
1725969744695.6958,-0.83996582031,0.71923828125,-0.15295410156
1725969744715.7458,-0.83996582031,0.71923828125,-0.15295410156
1725969744735.8264,-0.83996582031,0.71923828125,-0.15295410156
1725969744755.7544,-0.83996582031,0.71923828125,-0.15295410156
1725969744775.6519,-0.76953125,0.76635742187,-0.18286132812
1725969744795.7935,-0.76953125,0.76635742187,-0.18286132812
1725969744815.752,-0.76953125,0.76635742187,-0.18286132812
1725969744835.7715,-0.76953125,0.76635742187,-0.18286132812
1725969744855.6687,-0.70544433593,0.7216796875,-0.18640136718
1725969744875.7495,-0.70544433593,0.7216796875,-0.18640136718
1725969744895.769,-0.70544433593,0.7216796875,-0.18640136718
1725969744915.819,-0.70544433593,0.7216796875,-0.18640136718
1725969744935.686,-0.67138671875,0.60070800781,-0.19323730468
1725969744955.7666,-0.67138671875,0.60070800781,-0.19323730468
1725969744975.8167,-0.67138671875,0.60070800781,-0.19323730468
1725969744995.7751,-0.67138671875,0.60070800781,-0.19323730468
1725969745015.6726,-0.7607421875,0.49011230468,-0.20678710937
1725969745035.8142,-0.7607421875,0.49011230468,-0.20678710937
1725969745055.7727,-0.7607421875,0.49011230468,-0.20678710937
1725969745075.7922,-0.7607421875,0.49011230468,-0.20678710937
1725969745095.6592,-0.96398925781,0.42297363281,-0.193359375
1725969745115.7395,-0.96398925781,0.42297363281,-0.193359375
1725969745135.7593,-0.96398925781,0.42297363281,-0.193359375
1725969745155.809,-0.96398925781,0.42297363281,-0.193359375
1725969745175.6455,-1.06604003906,0.3916015625,-0.18603515625
1725969745195.7568,-1.06604003906,0.3916015625,-0.18603515625
1725969745215.807,-1.06604003906,0.3916015625,-0.18603515625
1725969745235.7349,-1.06604003906,0.3916015625,-0.18603515625
1725969745255.6628,-1.06677246093,0.37280273437,-0.18151855468
1725969745275.8044,-1.06677246093,0.37280273437,-0.18151855468
1725969745295.7324,-1.06677246093,0.37280273437,-0.18151855468
1725969745315.752,-1.06677246093,0.37280273437,-0.18151855468
1725969745335.6494,-1.01391601562,0.37866210937,-0.14514160156
1725969745355.73,-1.01391601562,0.37866210937,-0.14514160156
1725969745375.78,-1.01391601562,0.37866210937,-0.14514160156
1725969745395.7996,-1.01391601562,0.37866210937,-0.14514160156
1725969745415.697,-0.96520996093,0.43774414062,-0.11560058593
1725969745435.747,-0.96520996093,0.43774414062,-0.11560058593
1725969745455.797,-0.96520996093,0.43774414062,-0.11560058593
1725969745475.786,-0.96520996093,0.43774414062,-0.11560058593
1725969745495.653,-0.93432617187,0.50268554687,-0.14562988281
1725969745515.7947,-0.93432617187,0.50268554687,-0.14562988281
1725969745535.7532,-0.93432617187,0.50268554687,-0.14562988281
1725969745555.742,-0.93432617187,0.50268554687,-0.14562988281
1725969745575.6396,-0.93859863281,0.53930664062,-0.21374511718
1725969745595.7812,-0.93859863281,0.53930664062,-0.21374511718
1725969745615.7395,-0.93859863281,0.53930664062,-0.21374511718
1725969745635.7896,-0.93859863281,0.53930664062,-0.21374511718
1725969745655.6567,-1.11572265625,0.5458984375,-0.24658203125
1725969745675.7373,-1.11572265625,0.5458984375,-0.24658203125
1725969745695.787,-1.11572265625,0.5458984375,-0.24658203125
1725969745715.7458,-1.11572265625,0.5458984375,-0.24658203125
1725969745735.6433,-1.23474121093,0.53857421875,-0.22338867187
1725969745755.785,-1.23474121093,0.53857421875,-0.22338867187
1725969745775.7434,-1.23474121093,0.53857421875,-0.22338867187
1725969745795.7324,-1.23474121093,0.53857421875,-0.22338867187
1725969745815.63,-1.20690917968,0.47888183593,-0.14379882812
1725969745835.7715,-1.20690917968,0.47888183593,-0.14379882812
1725969745855.7605,-1.20690917968,0.47888183593,-0.14379882812
1725969745875.78,-1.20690917968,0.47888183593,-0.14379882812
1725969745895.6467,-1.16467285156,0.39477539062,-0.08679199218
1725969745915.7275,-1.16467285156,0.39477539062,-0.08679199218
1725969745935.7776,-1.16467285156,0.39477539062,-0.08679199218
1725969745955.736,-1.16467285156,0.39477539062,-0.08679199218
1725969745975.6335,-1.07421875,0.37854003906,-0.07067871093
1725969745995.7446,-1.07421875,0.37854003906,-0.07067871093
1725969746015.7336,-1.07421875,0.37854003906,-0.07067871093
1725969746035.7227,-1.07421875,0.37854003906,-0.07067871093
1725969746055.62,-0.83129882812,0.38879394531,-0.17443847656
1725969746075.7312,-0.83129882812,0.38879394531,-0.17443847656
1725969746095.7202,-0.83129882812,0.38879394531,-0.17443847656
1725969746115.8008,-0.83129882812,0.38879394531,-0.17443847656
1725969746135.6372,-0.87182617187,0.34545898437,-0.25537109375
1725969746155.7483,-0.87182617187,0.34545898437,-0.25537109375
1725969746175.7983,-0.87182617187,0.34545898437,-0.25537109375
1725969746195.7263,-0.87182617187,0.34545898437,-0.25537109375
1725969746215.6235,-0.98657226562,0.29919433593,-0.28271484375
1725969746235.7349,-0.98657226562,0.29919433593,-0.28271484375
1725969746255.7239,-0.98657226562,0.29919433593,-0.28271484375
1725969746275.713,-0.98657226562,0.29919433593,-0.28271484375
1725969746295.6409,-1.08288574218,0.30993652343,-0.27990722656
1725969746315.7214,-1.08288574218,0.30993652343,-0.27990722656
1725969746335.7104,-1.08288574218,0.30993652343,-0.27990722656
1725969746355.791,-1.08288574218,0.30993652343,-0.27990722656
1725969746375.5967,-1.0537109375,0.33264160156,-0.23156738281
1725969746395.7383,-1.0537109375,0.33264160156,-0.23156738281
1725969746415.7275,-1.0537109375,0.33264160156,-0.23156738281
1725969746435.7163,-1.0537109375,0.33264160156,-0.23156738281
1725969746455.614,-1.02770996093,0.35791015625,-0.13403320312
1725969746475.725,-1.02770996093,0.35791015625,-0.13403320312
1725969746495.7446,-1.02770996093,0.35791015625,-0.13403320312
1725969746515.7031,-1.02770996093,0.35791015625,-0.13403320312
1725969746536.9739,-1.02697753906,0.43420410156,-0.1083984375
1725969746555.5896,-1.02697753906,0.43420410156,-0.1083984375
1725969746575.7007,-1.02697753906,0.43420410156,-0.1083984375
1725969746595.7202,-1.02697753906,0.43420410156,-0.1083984375
1725969746615.6177,-1.01721191406,0.50109863281,-0.1484375
1725969746635.6982,-1.01721191406,0.50109863281,-0.1484375
1725969746655.7175,-1.01721191406,0.50109863281,-0.1484375
1725969746675.7068,-1.01721191406,0.50109863281,-0.1484375
1725969746695.5735,-1.13464355468,0.51879882812,-0.1953125
1725969746715.715,-1.13464355468,0.51879882812,-0.1953125
1725969746735.7349,-1.13464355468,0.51879882812,-0.1953125
1725969746755.7239,-1.13464355468,0.51879882812,-0.1953125
1725969746775.621,-1.18322753906,0.52587890625,-0.22863769531
1725969746795.7324,-1.18322753906,0.52587890625,-0.22863769531
1725969746815.7214,-1.18322753906,0.52587890625,-0.22863769531
1725969746835.7104,-1.18322753906,0.52587890625,-0.22863769531
1725969746855.608,-1.12036132812,0.47924804687,-0.19946289062
1725969746875.7188,-1.12036132812,0.47924804687,-0.19946289062
1725969746895.769,-1.12036132812,0.47924804687,-0.19946289062
1725969746915.697,-1.12036132812,0.47924804687,-0.19946289062
1725969746935.625,-1.07434082031,0.3896484375,-0.16284179687
1725969746955.7056,-1.07434082031,0.3896484375,-0.16284179687
1725969746975.6943,-1.07434082031,0.3896484375,-0.16284179687
1725969746995.714,-1.07434082031,0.3896484375,-0.16284179687
1725969747015.7031,-1.05187988281,0.33337402343,-0.13427734375
1725969747035.692,-1.05187988281,0.33337402343,-0.13427734375
1725969747055.7117,-1.05187988281,0.33337402343,-0.13427734375
1725969747075.7312,-1.05187988281,0.33337402343,-0.13427734375
1725969747095.598,-1.06213378906,0.28942871093,-0.11267089843
1725969747115.7092,-1.06213378906,0.28942871093,-0.11267089843
1725969747135.6982,-1.06213378906,0.28942871093,-0.11267089843
1725969747155.6873,-1.06213378906,0.28942871093,-0.11267089843
1725969747175.6152,-1.05456542968,0.26574707031,-0.1484375
1725969747195.6958,-1.05456542968,0.26574707031,-0.1484375
1725969747215.6848,-1.05456542968,0.26574707031,-0.1484375
1725969747235.7043,-1.05456542968,0.26574707031,-0.1484375
1725969747255.693,-1.0478515625,0.25476074218,-0.22863769531
1725969747275.6824,-1.0478515625,0.25476074218,-0.22863769531
1725969747295.702,-1.0478515625,0.25476074218,-0.22863769531
1725969747315.691,-1.0478515625,0.25476074218,-0.22863769531
1725969747335.5884,-0.98107910156,0.23388671875,-0.28588867187
1725969747355.6995,-0.98107910156,0.23388671875,-0.28588867187
1725969747375.7188,-0.98107910156,0.23388671875,-0.28588867187
1725969747395.708,-0.98107910156,0.23388671875,-0.28588867187
1725969747415.6055,-0.890625,0.22839355468,-0.3115234375
1725969747435.686,-0.890625,0.22839355468,-0.3115234375
1725969747455.7056,-0.890625,0.22839355468,-0.3115234375
1725969747475.786,-0.890625,0.22839355468,-0.3115234375
1725969747495.6836,-0.83166503906,0.24035644531,-0.29333496093
1725969747515.7336,-0.83166503906,0.24035644531,-0.29333496093
1725969747535.692,-0.83166503906,0.24035644531,-0.29333496093
1725969747555.6812,-0.83166503906,0.24035644531,-0.29333496093
1725969747575.6091,-0.84594726562,0.2939453125,-0.23889160156
1725969747595.6897,-0.84594726562,0.2939453125,-0.23889160156
1725969747615.6787,-0.84594726562,0.2939453125,-0.23889160156
1725969747635.6982,-0.84594726562,0.2939453125,-0.23889160156
1725969747655.5957,-0.94641113281,0.39501953125,-0.22497558593
1725969747675.6763,-0.94641113281,0.39501953125,-0.22497558593
1725969747695.6958,-0.94641113281,0.39501953125,-0.22497558593
1725969747715.715,-0.94641113281,0.39501953125,-0.22497558593
1725969747735.6433,-1.00891113281,0.52563476562,-0.24768066406
1725969747755.7239,-1.00891113281,0.52563476562,-0.24768066406
1725969747775.6824,-1.00891113281,0.52563476562,-0.24768066406
1725969747795.702,-1.00891113281,0.52563476562,-0.24768066406
1725969747815.599,-1.13488769531,0.55932617187,-0.25830078125
1725969747835.68,-1.13488769531,0.55932617187,-0.25830078125
1725969747855.6995,-1.13488769531,0.55932617187,-0.25830078125
1725969747875.7188,-1.13488769531,0.55932617187,-0.25830078125
1725969747895.5554,-1.18432617187,0.53442382812,-0.25598144531
1725969747915.697,-1.18432617187,0.53442382812,-0.25598144531
1725969747935.7163,-1.18432617187,0.53442382812,-0.25598144531
1725969747955.7056,-1.18432617187,0.53442382812,-0.25598144531
1725969747975.603,-1.08752441406,0.53637695312,-0.23498535156
1725969747995.6836,-1.08752441406,0.53637695312,-0.23498535156
1725969748015.6726,-1.08752441406,0.53637695312,-0.23498535156
1725969748035.692,-1.08752441406,0.53637695312,-0.23498535156
1725969748055.5896,-1.01733398437,0.44348144531,-0.20129394531
1725969748075.7007,-1.01733398437,0.44348144531,-0.20129394531
1725969748095.7202,-1.01733398437,0.44348144531,-0.20129394531
1725969748115.6787,-1.01733398437,0.44348144531,-0.20129394531
1725969748135.576,-1.00134277343,0.3427734375,-0.16162109375
1725969748155.6873,-1.00134277343,0.3427734375,-0.16162109375
1725969748175.7068,-1.00134277343,0.3427734375,-0.16162109375
1725969748195.7568,-1.00134277343,0.3427734375,-0.16162109375
1725969748215.6543,-1.06262207031,0.3125,-0.13684082031
1725969748235.7043,-1.06262207031,0.3125,-0.13684082031
1725969748255.785,-1.06262207031,0.3125,-0.13684082031
1725969748275.6824,-1.06262207031,0.3125,-0.13684082031
1725969748295.5798,-1.12145996093,0.29223632812,-0.17639160156
1725969748315.6604,-1.12145996093,0.29223632812,-0.17639160156
1725969748335.68,-1.12145996093,0.29223632812,-0.17639160156
1725969748355.6687,-1.12145996093,0.29223632812,-0.17639160156
1725969748375.5664,-1.09460449218,0.23889160156,-0.24694824218
1725969748395.6775,-1.09460449218,0.23889160156,-0.24694824218
1725969748415.6665,-1.09460449218,0.23889160156,-0.24694824218
1725969748435.6555,-1.09460449218,0.23889160156,-0.24694824218
1725969748455.5835,-1.00183105468,0.22351074218,-0.28295898437
1725969748475.664,-1.00183105468,0.22351074218,-0.28295898437
1725969748495.7446,-1.00183105468,0.22351074218,-0.28295898437
1725969748515.6726,-1.00183105468,0.22351074218,-0.28295898437
1725969748535.5396,-0.92321777343,0.2412109375,-0.28515625
1725969748555.7727,-0.92321777343,0.2412109375,-0.28515625
1725969748575.7007,-0.92321777343,0.2412109375,-0.28515625
1725969748595.6897,-0.92321777343,0.2412109375,-0.28515625
1725969748615.5566,-0.8583984375,0.25061035156,-0.24243164062
1725969748635.6675,-0.8583984375,0.25061035156,-0.24243164062
1725969748655.6567,-0.8583984375,0.25061035156,-0.24243164062
1725969748675.7983,-0.8583984375,0.25061035156,-0.24243164062
1725969748698.5645,-0.89172363281,0.31958007812,-0.16723632812
1725969748715.5627,-0.89172363281,0.31958007812,-0.16723632812
1725969748735.796,-0.89172363281,0.31958007812,-0.16723632812
1725969748755.6628,-0.89172363281,0.31958007812,-0.16723632812
1725969748775.5295,-0.99377441406,0.53186035156,-0.21057128906
1725969748795.6711,-0.99377441406,0.53186035156,-0.21057128906
1725969748815.6604,-0.99377441406,0.53186035156,-0.21057128906
1725969748835.6494,-0.99377441406,0.53186035156,-0.21057128906
1725969748855.5771,-1.14892578125,0.56433105468,-0.24926757812
1725969748875.6885,-1.14892578125,0.56433105468,-0.24926757812
1725969748895.6467,-1.14892578125,0.56433105468,-0.24926757812
1725969748915.6665,-1.14892578125,0.56433105468,-0.24926757812
1725969748935.564,-1.14184570312,0.54724121093,-0.25073242187
1725969748955.6443,-1.14184570312,0.54724121093,-0.25073242187
1725969748975.786,-1.14184570312,0.54724121093,-0.25073242187
1725969748995.6836,-1.14184570312,0.54724121093,-0.25073242187
1725969749015.5503,-1.0478515625,0.54235839843,-0.20239257812
1725969749035.7532,-1.0478515625,0.54235839843,-0.20239257812
1725969749055.6506,-1.0478515625,0.54235839843,-0.20239257812
1725969749075.6396,-1.0478515625,0.54235839843,-0.20239257812
1725969749095.5676,-1.017578125,0.45556640625,-0.17248535156
1725969749115.648,-1.017578125,0.45556640625,-0.17248535156
1725969749135.6372,-1.017578125,0.45556640625,-0.17248535156
1725969749155.7788,-1.017578125,0.45556640625,-0.17248535156
1725969749175.554,-1.04211425781,0.35778808593,-0.17004394531
1725969749195.6348,-1.04211425781,0.35778808593,-0.17004394531
1725969749215.7764,-1.04211425781,0.35778808593,-0.17004394531
1725969749235.6738,-1.04211425781,0.35778808593,-0.17004394531
1725969749255.5103,-1.06176757812,0.27783203125,-0.17199707031
1725969749275.7434,-1.06176757812,0.27783203125,-0.17199707031
1725969749295.6409,-1.06176757812,0.27783203125,-0.17199707031
1725969749315.6604,-1.06176757812,0.27783203125,-0.17199707031
1725969749335.5579,-1.03771972656,0.24047851562,-0.19067382812
1725969749355.6687,-1.03771972656,0.24047851562,-0.19067382812
1725969749375.658,-1.03771972656,0.24047851562,-0.19067382812
1725969749395.6467,-1.03771972656,0.24047851562,-0.19067382812
1725969749415.5444,-0.97326660156,0.20336914062,-0.24633789062
1725969749435.6555,-0.97326660156,0.20336914062,-0.24633789062
1725969749455.7666,-0.97326660156,0.20336914062,-0.24633789062
1725969749475.6335,-0.97326660156,0.20336914062,-0.24633789062
1725969749495.531,-0.9921875,0.177734375,-0.306640625
1725969749515.7031,-0.9921875,0.177734375,-0.306640625
1725969749535.6616,-0.9921875,0.177734375,-0.306640625
1725969749555.6506,-0.9921875,0.177734375,-0.306640625
1725969749575.548,-1.0009765625,0.18969726562,-0.31286621093
1725969749595.6592,-1.0009765625,0.18969726562,-0.31286621093
1725969749615.648,-1.0009765625,0.18969726562,-0.31286621093
1725969749635.7288,-1.0009765625,0.18969726562,-0.31286621093
1725969749655.5347,-0.923828125,0.21716308593,-0.26989746093
1725969749675.6455,-0.923828125,0.21716308593,-0.26989746093
1725969749695.6348,-0.923828125,0.21716308593,-0.26989746093
1725969749715.6543,-0.923828125,0.21716308593,-0.26989746093
1725969749735.5212,-0.92126464843,0.31335449218,-0.2509765625
1725969749755.7239,-0.92126464843,0.31335449218,-0.2509765625
1725969749775.621,-0.92126464843,0.31335449218,-0.2509765625
1725969749795.6711,-0.92126464843,0.31335449218,-0.2509765625
1725969749815.5383,-0.96789550781,0.43542480468,-0.275390625
1725969749835.6494,-0.96789550781,0.43542480468,-0.275390625
1725969749855.6384,-0.96789550781,0.43542480468,-0.275390625
1725969749875.7495,-0.96789550781,0.43542480468,-0.275390625
1725969749895.525,-1.07824707031,0.51940917968,-0.26184082031
1725969749915.636,-1.07824707031,0.51940917968,-0.26184082031
1725969749935.625,-1.07824707031,0.51940917968,-0.26184082031
1725969749955.675,-1.07824707031,0.51940917968,-0.26184082031
1725969749975.5115,-1.12255859375,0.51477050781,-0.24194335937
1725969749995.7446,-1.12255859375,0.51477050781,-0.24194335937
1725969750015.642,-1.12255859375,0.51477050781,-0.24194335937
1725969750035.6616,-1.12255859375,0.51477050781,-0.24194335937
1725969750055.5283,-1.07849121093,0.49694824218,-0.22009277343
1725969750075.6396,-1.07849121093,0.49694824218,-0.22009277343
1725969750095.6287,-1.07849121093,0.49694824218,-0.22009277343
1725969750115.7395,-1.07849121093,0.49694824218,-0.22009277343
1725969750135.5457,-1.04028320312,0.45642089843,-0.15991210937
1725969750155.6262,-1.04028320312,0.45642089843,-0.15991210937
1725969750175.7373,-1.04028320312,0.45642089843,-0.15991210937
1725969750195.6348,-1.04028320312,0.45642089843,-0.15991210937
1725969750215.5017,-1.0087890625,0.36865234375,-0.11108398437
1725969750235.6738,-1.0087890625,0.36865234375,-0.11108398437
1725969750255.6323,-1.0087890625,0.36865234375,-0.11108398437
1725969750275.621,-1.0087890625,0.36865234375,-0.11108398437
1725969750295.5188,-1.00048828125,0.31420898437,-0.07995605468
1725969750315.63,-1.00048828125,0.31420898437,-0.07995605468
1725969750335.619,-1.00048828125,0.31420898437,-0.07995605468
1725969750355.6995,-1.00048828125,0.31420898437,-0.07995605468
1725969750375.536,-0.98815917968,0.27941894531,-0.08618164062
1725969750395.6165,-0.98815917968,0.27941894531,-0.08618164062
1725969750415.7275,-0.98815917968,0.27941894531,-0.08618164062
1725969750435.625,-0.98815917968,0.27941894531,-0.08618164062
1725969750455.5225,-1.02526855468,0.26940917968,-0.13708496093
1725969750475.7556,-1.02526855468,0.26940917968,-0.13708496093
1725969750495.6223,-1.02526855468,0.26940917968,-0.13708496093
1725969750515.6116,-1.02526855468,0.26940917968,-0.13708496093
1725969750535.509,-0.98937988281,0.27416992187,-0.2265625
1725969750555.62,-0.98937988281,0.27416992187,-0.2265625
1725969750575.6091,-0.98937988281,0.27416992187,-0.2265625
1725969750595.7812,-0.98937988281,0.27416992187,-0.2265625
1725969750615.526,-0.91320800781,0.2763671875,-0.27966308593
1725969750635.6372,-0.91320800781,0.2763671875,-0.27966308593
1725969750655.7788,-0.91320800781,0.2763671875,-0.27966308593
1725969750675.6152,-0.91320800781,0.2763671875,-0.27966308593
1725969750695.482,-0.93713378906,0.28466796875,-0.27209472656
1725969750715.6543,-0.93713378906,0.28466796875,-0.27209472656
1725969750735.6128,-0.93713378906,0.28466796875,-0.27209472656
1725969750755.6018,-0.93713378906,0.28466796875,-0.27209472656
1725969750775.5295,-0.92529296875,0.3125,-0.26867675781
1725969750795.6104,-0.92529296875,0.3125,-0.26867675781
1725969750815.63,-0.92529296875,0.3125,-0.26867675781
1725969750835.619,-0.92529296875,0.3125,-0.26867675781
1725969750855.5164,-0.90002441406,0.35778808593,-0.26904296875
1725969750875.6274,-0.90002441406,0.35778808593,-0.26904296875
1725969750895.769,-0.90002441406,0.35778808593,-0.26904296875
1725969750915.6055,-0.90002441406,0.35778808593,-0.26904296875
1725969750935.4724,-0.90283203125,0.39770507812,-0.2734375
1725969750955.6443,-0.90283203125,0.39770507812,-0.2734375
1725969750975.6335,-0.90283203125,0.39770507812,-0.2734375
1725969750995.592,-0.90283203125,0.39770507812,-0.2734375
1725969751015.4895,-0.9228515625,0.43505859375,-0.27551269531
1725969751035.6003,-0.9228515625,0.43505859375,-0.27551269531
1725969751055.5896,-0.9228515625,0.43505859375,-0.27551269531
1725969751075.7922,-0.9228515625,0.43505859375,-0.27551269531
1725969751095.5063,-1.07604980468,0.44201660156,-0.24938964843
1725969751115.5872,-1.07604980468,0.44201660156,-0.24938964843
1725969751135.6372,-1.07604980468,0.44201660156,-0.24938964843
1725969751155.5957,-1.07604980468,0.44201660156,-0.24938964843
1725969751175.4932,-1.16833496093,0.44213867187,-0.20068359375
1725969751195.6348,-1.16833496093,0.44213867187,-0.20068359375
1725969751215.6235,-1.16833496093,0.44213867187,-0.20068359375
1725969751235.6128,-1.16833496093,0.44213867187,-0.20068359375
1725969751255.5103,-1.09362792968,0.44641113281,-0.14367675781
1725969751275.621,-1.09362792968,0.44641113281,-0.14367675781
1725969751295.6409,-1.09362792968,0.44641113281,-0.14367675781
1725969751315.7214,-1.09362792968,0.44641113281,-0.14367675781
1725969751335.4968,-1.01184082031,0.37756347656,-0.09509277343
1725969751355.6384,-1.01184082031,0.37756347656,-0.09509277343
1725969751375.6274,-1.01184082031,0.37756347656,-0.09509277343
1725969751395.586,-1.01184082031,0.37756347656,-0.09509277343
1725969751415.514,-0.98095703125,0.31408691406,-0.05895996093
1725969751435.7163,-0.98095703125,0.31408691406,-0.05895996093
1725969751455.5835,-0.98095703125,0.31408691406,-0.05895996093
1725969751475.603,-0.98095703125,0.31408691406,-0.05895996093
1725969751495.5005,-1.00207519531,0.30541992187,-0.041015625
1725969751515.581,-1.00207519531,0.30541992187,-0.041015625
1725969751535.631,-1.00207519531,0.30541992187,-0.041015625
1725969751555.6506,-1.00207519531,0.30541992187,-0.041015625
1725969751575.487,-1.06408691406,0.31701660156,-0.05249023437
1725969751595.598,-1.06408691406,0.31701660156,-0.05249023437
1725969751615.648,-1.06408691406,0.31701660156,-0.05249023437
1725969751635.576,-1.06408691406,0.31701660156,-0.05249023437
1725969751655.5347,-1.01770019531,0.24926757812,-0.19592285156
1725969751675.6455,-1.01770019531,0.24926757812,-0.19592285156
1725969751695.5735,-1.01770019531,0.24926757812,-0.19592285156
1725969751715.5627,-1.01770019531,0.24926757812,-0.19592285156
1725969751735.4907,-0.87841796875,0.23767089843,-0.28112792968
1725969751755.5713,-0.87841796875,0.23767089843,-0.28112792968
1725969751775.5603,-0.87841796875,0.23767089843,-0.28112792968
1725969751795.6104,-0.87841796875,0.23767089843,-0.28112792968
1725969751815.4773,-0.8896484375,0.25720214843,-0.2978515625
1725969751835.5884,-0.8896484375,0.25720214843,-0.2978515625
1725969751855.6995,-0.8896484375,0.25720214843,-0.2978515625
1725969751875.5967,-0.8896484375,0.25720214843,-0.2978515625
1725969751895.525,-0.85205078125,0.26953125,-0.27233886718
1725969751915.6055,-0.85205078125,0.26953125,-0.27233886718
1725969751935.5945,-0.85205078125,0.26953125,-0.27233886718
1725969751955.5835,-0.85205078125,0.26953125,-0.27233886718
1725969751975.4807,-0.86694335937,0.31591796875,-0.25830078125
1725969751995.592,-0.86694335937,0.31591796875,-0.25830078125
1725969752015.642,-0.86694335937,0.31591796875,-0.25830078125
1725969752035.6003,-0.86694335937,0.31591796875,-0.25830078125
1725969752055.498,-0.92175292968,0.37719726562,-0.2705078125
1725969752075.6091,-0.92175292968,0.37719726562,-0.2705078125
1725969752095.6592,-0.92175292968,0.37719726562,-0.2705078125
1725969752115.6177,-0.92175292968,0.37719726562,-0.2705078125
1725969752135.5151,-1.01928710937,0.44641113281,-0.24072265625
1725969752155.6873,-1.01928710937,0.44641113281,-0.24072265625
1725969752175.5847,-1.01928710937,0.44641113281,-0.24072265625
1725969752195.6042,-1.01928710937,0.44641113281,-0.24072265625
1725969752215.4712,-1.06677246093,0.47448730468,-0.21960449218
1725969752235.5823,-1.06677246093,0.47448730468,-0.21960449218
1725969752255.6323,-1.06677246093,0.47448730468,-0.21960449218
1725969752275.6824,-1.06677246093,0.47448730468,-0.21960449218
1725969752295.4575,-1.03894042968,0.49487304687,-0.20556640625
1725969752315.599,-1.03894042968,0.49487304687,-0.20556640625
1725969752335.619,-1.03894042968,0.49487304687,-0.20556640625
1725969752355.608,-1.03894042968,0.49487304687,-0.20556640625
1725969752375.5051,-1.00402832031,0.466796875,-0.154296875
1725969752395.586,-1.00402832031,0.466796875,-0.154296875
1725969752415.5747,-1.00402832031,0.466796875,-0.154296875
1725969752435.5945,-1.00402832031,0.466796875,-0.154296875
1725969752455.4614,-0.99926757812,0.36730957031,-0.11364746093
1725969752475.5725,-0.99926757812,0.36730957031,-0.11364746093
1725969752495.592,-0.99926757812,0.36730957031,-0.11364746093
1725969752515.7031,-0.99926757812,0.36730957031,-0.11364746093
1725969752535.448,-1.03662109375,0.3134765625,-0.07373046875
1725969752555.62,-1.03662109375,0.3134765625,-0.07373046875
1725969752575.7007,-1.03662109375,0.3134765625,-0.07373046875
1725969752595.5676,-1.03662109375,0.3134765625,-0.07373046875
1725969752615.465,-1.07287597656,0.25720214843,-0.02404785156
1725969752635.576,-1.07287597656,0.25720214843,-0.02404785156
1725969752655.5652,-1.07287597656,0.25720214843,-0.02404785156
1725969752675.5847,-1.07287597656,0.25720214843,-0.02404785156
1725969752695.482,-1.13879394531,0.19555664062,0.00964355468
1725969752715.5933,-1.13879394531,0.19555664062,0.00964355468
1725969752735.6128,-1.13879394531,0.19555664062,0.00964355468
1725969752755.6018,-1.13879394531,0.19555664062,0.00964355468
1725969752775.4382,-1.02661132812,0.19384765625,-0.05590820312
1725969752795.6409,-1.02661132812,0.19384765625,-0.05590820312
1725969752815.63,-1.02661132812,0.19384765625,-0.05590820312
1725969752835.5579,-1.02661132812,0.19384765625,-0.05590820312
1725969752855.455,-0.89929199218,0.19714355468,-0.17932128906
1725969752875.5967,-0.89929199218,0.19714355468,-0.17932128906
1725969752895.5554,-0.89929199218,0.19714355468,-0.17932128906
1725969752915.6055,-0.89929199218,0.19714355468,-0.17932128906
1725969752935.4724,-0.89306640625,0.18835449218,-0.25769042968
1725969752955.5527,-0.89306640625,0.18835449218,-0.25769042968
1725969752975.603,-0.89306640625,0.18835449218,-0.25769042968
1725969752995.592,-0.89306640625,0.18835449218,-0.25769042968
1725969753015.4587,-0.85998535156,0.22277832031,-0.28894042968
1725969753035.6003,-0.85998535156,0.22277832031,-0.28894042968
1725969753055.5896,-0.85998535156,0.22277832031,-0.28894042968
1725969753075.548,-0.85998535156,0.22277832031,-0.28894042968
1725969753095.4456,-0.88623046875,0.28894042968,-0.29113769531
1725969753115.5872,-0.88623046875,0.28894042968,-0.29113769531
1725969753135.5457,-0.88623046875,0.28894042968,-0.29113769531
1725969753155.5957,-0.88623046875,0.28894042968,-0.29113769531
1725969753175.4626,-0.93493652343,0.36450195312,-0.29736328125
1725969753195.5432,-0.93493652343,0.36450195312,-0.29736328125
1725969753215.6235,-0.93493652343,0.36450195312,-0.29736328125
1725969753235.5515,-0.93493652343,0.36450195312,-0.29736328125
1725969753255.4187,-1.0869140625,0.43518066406,-0.28039550781
1725969753275.5908,-1.0869140625,0.43518066406,-0.28039550781
1725969753295.5798,-1.0869140625,0.43518066406,-0.28039550781
1725969753315.5383,-1.0869140625,0.43518066406,-0.28039550781
1725969753335.4968,-1.15881347656,0.45678710937,-0.26306152343
1725969753355.5771,-1.15881347656,0.45678710937,-0.26306152343
1725969753375.5664,-1.15881347656,0.45678710937,-0.26306152343
1725969753395.586,-1.15881347656,0.45678710937,-0.26306152343
1725969753415.4224,-1.083984375,0.44909667968,-0.24047851562
1725969753435.5334,-1.083984375,0.44909667968,-0.24047851562
1725969753455.614,-1.083984375,0.44909667968,-0.24047851562
1725969753475.5725,-1.083984375,0.44909667968,-0.24047851562
1725969753495.4087,-1.03759765625,0.40173339843,-0.18188476562
1725969753515.642,-1.03759765625,0.40173339843,-0.18188476562
1725969753535.57,-1.03759765625,0.40173339843,-0.18188476562
1725969753555.5283,-1.03759765625,0.40173339843,-0.18188476562
1725969753575.487,-1.01281738281,0.32543945312,-0.12023925781
1725969753595.5676,-1.01281738281,0.32543945312,-0.12023925781
1725969753615.5566,-1.01281738281,0.32543945312,-0.12023925781
1725969753635.6067,-1.01281738281,0.32543945312,-0.12023925781
1725969753655.443,-1.00439453125,0.28784179687,-0.08325195312
1725969753675.5237,-1.00439453125,0.28784179687,-0.08325195312
1725969753695.6348,-1.00439453125,0.28784179687,-0.08325195312
1725969753715.5322,-1.00439453125,0.28784179687,-0.08325195312
1725969753735.4297,-0.9931640625,0.28063964843,-0.09826660156
1725969753755.5713,-0.9931640625,0.28063964843,-0.09826660156
1725969753775.5295,-0.9931640625,0.28063964843,-0.09826660156
1725969753795.5493,-0.9931640625,0.28063964843,-0.09826660156
1725969753815.4773,-0.98278808593,0.28149414062,-0.15625
1725969753835.527,-0.98278808593,0.28149414062,-0.15625
1725969753855.5469,-0.98278808593,0.28149414062,-0.15625
1725969753875.5967,-0.98278808593,0.28149414062,-0.15625
1725969753895.433,-0.97790527343,0.26940917968,-0.2177734375
1725969753915.5747,-0.97790527343,0.26940917968,-0.2177734375
1725969753935.564,-0.97790527343,0.26940917968,-0.2177734375
1725969753955.5527,-0.97790527343,0.26940917968,-0.2177734375
1725969753975.4504,-0.94226074218,0.26684570312,-0.2568359375
1725969753995.592,-0.94226074218,0.26684570312,-0.2568359375
1725969754015.5503,-0.94226074218,0.26684570312,-0.2568359375
1725969754035.5396,-0.94226074218,0.26684570312,-0.2568359375
1725969754055.437,-0.93920898437,0.30212402343,-0.29064941406
1725969754075.548,-0.93920898437,0.30212402343,-0.29064941406
1725969754095.537,-0.93920898437,0.30212402343,-0.29064941406
1725969754115.5566,-0.93920898437,0.30212402343,-0.29064941406
1725969754135.4236,-0.95129394531,0.32373046875,-0.29504394531
1725969754155.5347,-0.95129394531,0.32373046875,-0.29504394531
1725969754175.5847,-0.95129394531,0.32373046875,-0.29504394531
1725969754195.5432,-0.95129394531,0.32373046875,-0.29504394531
1725969754215.4712,-0.91625976562,0.34948730468,-0.25537109375
1725969754235.5823,-0.91625976562,0.34948730468,-0.25537109375
1725969754255.5103,-0.91625976562,0.34948730468,-0.25537109375
1725969754275.5295,-0.91625976562,0.34948730468,-0.25537109375
1725969754295.4575,-0.88220214843,0.40942382812,-0.23791503906
1725969754315.5383,-0.88220214843,0.40942382812,-0.23791503906
1725969754335.527,-0.88220214843,0.40942382812,-0.23791503906
1725969754355.5771,-0.88220214843,0.40942382812,-0.23791503906
1725969754375.3833,-0.87573242187,0.46447753906,-0.25378417968
1725969754395.525,-0.87573242187,0.46447753906,-0.25378417968
1725969754415.5444,-0.87573242187,0.46447753906,-0.25378417968
1725969754435.564,-0.87573242187,0.46447753906,-0.25378417968
1725969754455.5225,-1.13562011718,0.498046875,-0.21508789062
1725969754475.603,-1.13562011718,0.498046875,-0.21508789062
1725969754495.5615,-1.13562011718,0.498046875,-0.21508789062
1725969754515.52,-1.13562011718,0.498046875,-0.21508789062
1725969754535.4175,-1.10961914062,0.48291015625,-0.19714355468
1725969754555.5283,-1.10961914062,0.48291015625,-0.19714355468
1725969754575.5176,-1.10961914062,0.48291015625,-0.19714355468
1725969754595.537,-1.10961914062,0.48291015625,-0.19714355468
1725969754615.404,-1.06518554687,0.42895507812,-0.17114257812
1725969754635.576,-1.06518554687,0.42895507812,-0.17114257812
1725969754655.5347,-1.06518554687,0.42895507812,-0.17114257812
1725969754675.554,-1.06518554687,0.42895507812,-0.17114257812
1725969754695.4211,-1.00268554687,0.33923339843,-0.14538574218
1725969754715.5322,-1.00268554687,0.33923339843,-0.14538574218
1725969754735.5515,-1.00268554687,0.33923339843,-0.14538574218
1725969754755.5103,-1.00268554687,0.33923339843,-0.14538574218
1725969754775.4077,-0.97045898437,0.29418945312,-0.14599609375
1725969754795.4272,-0.97045898437,0.29418945312,-0.14599609375
1725969754815.5383,-0.97045898437,0.29418945312,-0.14599609375
1725969754835.527,-0.97045898437,0.29418945312,-0.14599609375
1725969754855.4248,-0.9345703125,0.27221679687,-0.18798828125
1725969754875.5664,-0.9345703125,0.27221679687,-0.18798828125
1725969754895.5554,-0.9345703125,0.27221679687,-0.18798828125
1725969754915.514,-0.9345703125,0.27221679687,-0.18798828125
1725969754935.5027,-0.98876953125,0.2587890625,-0.23046875
1725969754955.5527,-0.98876953125,0.2587890625,-0.23046875
1725969754975.542,-0.98876953125,0.2587890625,-0.23046875
1725969754995.592,-0.98876953125,0.2587890625,-0.23046875
1725969755015.4285,-1.01293945312,0.27233886718,-0.25646972656
1725969755035.509,-1.01293945312,0.27233886718,-0.25646972656
1725969755055.5283,-1.01293945312,0.27233886718,-0.25646972656
1725969755075.5786,-1.01293945312,0.27233886718,-0.25646972656
1725969755095.3845,-0.99926757812,0.31201171875,-0.283203125
1725969755115.526,-0.99926757812,0.31201171875,-0.283203125
1725969755135.5457,-0.99926757812,0.31201171875,-0.283203125
1725969755155.5347,-0.99926757812,0.31201171875,-0.283203125
1725969755175.4932,-0.998046875,0.32836914062,-0.251953125
1725969755195.5735,-0.998046875,0.32836914062,-0.251953125
1725969755215.5322,-0.998046875,0.32836914062,-0.251953125
1725969755235.5212,-0.998046875,0.32836914062,-0.251953125
1725969755255.388,-0.94848632812,0.365234375,-0.19665527343
1725969755275.5295,-0.94848632812,0.365234375,-0.19665527343
1725969755295.5188,-0.94848632812,0.365234375,-0.19665527343
1725969755315.5688,-0.94848632812,0.365234375,-0.19665527343
1725969755335.3748,-0.89929199218,0.47937011718,-0.19384765625
1725969755355.4858,-0.89929199218,0.47937011718,-0.19384765625
1725969755375.536,-0.89929199218,0.47937011718,-0.19384765625
1725969755395.4944,-0.89929199218,0.47937011718,-0.19384765625
1725969755415.453,-0.90148925781,0.619140625,-0.21130371093
1725969755435.5334,-0.90148925781,0.619140625,-0.21130371093
1725969755455.492,-0.90148925781,0.619140625,-0.21130371093
1725969755475.4504,-0.90148925781,0.619140625,-0.21130371093
1725969755495.3784,-1.06188964843,0.66857910156,-0.22668457031
1725969755515.4895,-1.06188964843,0.66857910156,-0.22668457031
1725969755535.448,-1.06188964843,0.66857910156,-0.22668457031
1725969755555.5283,-1.06188964843,0.66857910156,-0.22668457031
1725969755575.3647,-1.20031738281,0.62707519531,-0.24230957031
1725969755595.5063,-1.20031738281,0.62707519531,-0.24230957031
1725969755615.526,-1.20031738281,0.62707519531,-0.24230957031
1725969755635.5151,-1.20031738281,0.62707519531,-0.24230957031
1725969755655.4736,-1.17834472656,0.54516601562,-0.22143554687
1725969755675.554,-1.17834472656,0.54516601562,-0.22143554687
1725969755695.482,-1.17834472656,0.54516601562,-0.22143554687
1725969755715.5933,-1.17834472656,0.54516601562,-0.22143554687
1725969755735.3687,-1.07116699218,0.41833496093,-0.17932128906
1725969755755.4795,-1.07116699218,0.41833496093,-0.17932128906
1725969755775.5295,-1.07116699218,0.41833496093,-0.17932128906
1725969755795.5493,-1.07116699218,0.41833496093,-0.17932128906
1725969755815.3552,-0.96484375,0.32592773437,-0.15026855468
1725969755835.4968,-0.96484375,0.32592773437,-0.15026855468
1725969755855.5164,-0.96484375,0.32592773437,-0.15026855468
1725969755875.5051,-0.96484375,0.32592773437,-0.15026855468
1725969755895.4944,-0.90490722656,0.28796386718,-0.13366699218
1725969755915.5444,-0.90490722656,0.28796386718,-0.13366699218
1725969755935.4724,-0.90490722656,0.28796386718,-0.13366699218
1725969755955.5835,-0.90490722656,0.28796386718,-0.13366699218
1725969755975.3894,-0.91650390625,0.26721191406,-0.15502929687
1725969755995.5005,-0.91650390625,0.26721191406,-0.15502929687
1725969756015.581,-0.91650390625,0.26721191406,-0.15502929687
1725969756035.4785,-0.91650390625,0.26721191406,-0.15502929687
1725969756055.376,-0.92407226562,0.28454589843,-0.24841308593
1725969756075.5176,-0.92407226562,0.28454589843,-0.24841308593
1725969756095.476,-0.92407226562,0.28454589843,-0.24841308593
1725969756115.465,-0.92407226562,0.28454589843,-0.24841308593
1725969756135.4846,-0.95776367187,0.32922363281,-0.35559082031
1725969756155.504,-0.95776367187,0.32922363281,-0.35559082031
1725969756175.4626,-0.95776367187,0.32922363281,-0.35559082031
1725969756195.5735,-0.95776367187,0.32922363281,-0.35559082031
1725969756215.3796,-0.97033691406,0.33850097656,-0.40441894531
1725969756235.4602,-0.97033691406,0.33850097656,-0.40441894531
1725969756255.5408,-0.97033691406,0.33850097656,-0.40441894531
1725969756275.4688,-0.97033691406,0.33850097656,-0.40441894531
1725969756295.3357,-0.87719726562,0.43359375,-0.3876953125
1725969756315.599,-0.87719726562,0.43359375,-0.3876953125
1725969756335.4968,-0.87719726562,0.43359375,-0.3876953125
1725969756355.4858,-0.87719726562,0.43359375,-0.3876953125
1725969756375.4749,-0.76086425781,0.64050292968,-0.318359375
1725969756395.4944,-0.76086425781,0.64050292968,-0.318359375
1725969756415.514,-0.76086425781,0.64050292968,-0.318359375
1725969756435.564,-0.76086425781,0.64050292968,-0.318359375
1725969756455.339,-0.67834472656,0.75158691406,-0.25366210937
1725969756475.4807,-0.67834472656,0.75158691406,-0.25366210937
1725969756495.5615,-0.67834472656,0.75158691406,-0.25366210937
1725969756515.4587,-0.67834472656,0.75158691406,-0.25366210937
1725969756535.4785,-0.82861328125,0.75439453125,-0.18505859375
1725969756555.5896,-0.82861328125,0.75439453125,-0.18505859375
1725969756575.4563,-0.82861328125,0.75439453125,-0.18505859375
1725969756595.5063,-0.82861328125,0.75439453125,-0.18505859375
1725969756615.526,-0.98522949218,0.72021484375,-0.15197753906
1725969756635.454,-0.98522949218,0.72021484375,-0.15197753906
1725969756655.4736,-0.98522949218,0.72021484375,-0.15197753906
1725969756675.554,-0.98522949218,0.72021484375,-0.15197753906
1725969756695.36,-1.01135253906,0.65734863281,-0.16357421875
1725969756715.4712,-1.01135253906,0.65734863281,-0.16357421875
1725969756735.5823,-1.01135253906,0.65734863281,-0.16357421875
1725969756755.4492,-1.01135253906,0.65734863281,-0.16357421875
1725969756775.4688,-0.9912109375,0.54052734375,-0.15966796875
1725969756795.5493,-0.9912109375,0.54052734375,-0.15966796875
1725969756815.4468,-0.9912109375,0.54052734375,-0.15966796875
1725969756835.4968,-0.9912109375,0.54052734375,-0.15966796875
1725969756855.4248,-0.91723632812,0.41625976562,-0.13903808593
1725969756875.4749,-0.91723632812,0.41625976562,-0.13903808593
1725969756895.4639,-0.91723632812,0.41625976562,-0.13903808593
1725969756915.5444,-0.91723632812,0.41625976562,-0.13903808593
1725969756935.3198,-0.90148925781,0.41552734375,-0.13781738281
1725969756955.4614,-0.90148925781,0.41552734375,-0.13781738281
1725969756975.542,-0.90148925781,0.41552734375,-0.13781738281
1725969756995.47,-0.90148925781,0.41552734375,-0.13781738281
1725969757015.337,-0.84606933593,0.54553222656,-0.15490722656
1725969757035.5396,-0.84606933593,0.54553222656,-0.15490722656
1725969757055.4675,-0.84606933593,0.54553222656,-0.15490722656
1725969757075.4563,-0.84606933593,0.54553222656,-0.15490722656
1725969757095.4456,-0.71398925781,0.75524902343,-0.12963867187
1725969757115.465,-0.71398925781,0.75524902343,-0.12963867187
1725969757135.454,-0.71398925781,0.75524902343,-0.12963867187
1725969757155.5347,-0.71398925781,0.75524902343,-0.12963867187
1725969757175.3403,-0.59924316406,0.99792480468,-0.00439453125
1725969757195.4517,-0.59924316406,0.99792480468,-0.00439453125
1725969757215.5933,-0.59924316406,0.99792480468,-0.00439453125
1725969757235.4602,-0.59924316406,0.99792480468,-0.00439453125
1725969757255.3577,-0.44140625,0.92614746093,0.05114746093
1725969757275.5295,-0.44140625,0.92614746093,0.05114746093
1725969757295.4883,-0.44140625,0.92614746093,0.05114746093
1725969757315.4468,-0.44140625,0.92614746093,0.05114746093
1725969757335.4663,-0.44714355468,0.83471679687,0.11877441406
1725969757355.455,-0.44714355468,0.83471679687,0.11877441406
1725969757375.4749,-0.44714355468,0.83471679687,0.11877441406
1725969757395.5554,-0.44714355468,0.83471679687,0.11877441406
1725969757415.3308,-0.46752929687,0.72961425781,0.24401855468
1725969757435.442,-0.46752929687,0.72961425781,0.24401855468
1725969757455.5527,-0.46752929687,0.72961425781,0.24401855468
1725969757475.4504,-0.46752929687,0.72961425781,0.24401855468
1725969757495.348,-0.51770019531,0.63989257812,0.37341308593
1725969757515.5503,-0.51770019531,0.63989257812,0.37341308593
1725969757535.448,-0.51770019531,0.63989257812,0.37341308593
1725969757555.4675,-0.51770019531,0.63989257812,0.37341308593
1725969757575.3955,-0.51818847656,0.69604492187,0.52856445312
1725969757595.4456,-0.51818847656,0.69604492187,0.52856445312
1725969757615.4343,-0.51818847656,0.69604492187,0.52856445312
1725969757635.576,-0.51818847656,0.69604492187,0.52856445312
1725969757655.321,-0.47253417968,0.73156738281,0.75
1725969757675.432,-0.47253417968,0.73156738281,0.75
1725969757695.5432,-0.47253417968,0.73156738281,0.75
1725969757715.4407,-0.47253417968,0.73156738281,0.75
1725969757735.338,-0.45959472656,0.61889648437,0.83447265625
1725969757755.5408,-0.45959472656,0.61889648437,0.83447265625
1725969757775.4688,-0.45959472656,0.61889648437,0.83447265625
1725969757795.4272,-0.45959472656,0.61889648437,0.83447265625
1725969757815.5078,-0.39611816406,0.46203613281,0.73107910156
1725969757835.4355,-0.39611816406,0.46203613281,0.73107910156
1725969757855.455,-0.39611816406,0.46203613281,0.73107910156
1725969757875.5664,-0.39611816406,0.46203613281,0.73107910156
1725969757895.3113,-0.38220214843,0.36083984375,0.72973632812
1725969757915.453,-0.38220214843,0.36083984375,0.72973632812
1725969757935.5334,-0.38220214843,0.36083984375,0.72973632812
1725969757955.4614,-0.38220214843,0.36083984375,0.72973632812
1725969757975.3284,-0.47888183593,0.37097167968,0.76257324218
1725969757995.531,-0.47888183593,0.37097167968,0.76257324218
1725969758015.4285,-0.47888183593,0.37097167968,0.76257324218
1725969758035.4175,-0.47888183593,0.37097167968,0.76257324218
1725969758055.437,-0.60534667968,0.34753417968,0.59643554687
1725969758075.426,-0.60534667968,0.34753417968,0.59643554687
1725969758095.415,-0.60534667968,0.34753417968,0.59643554687
1725969758115.526,-0.60534667968,0.34753417968,0.59643554687
1725969758135.3015,-0.77270507812,0.36267089843,0.34582519531
1725969758155.4124,-0.77270507812,0.36267089843,0.34582519531
1725969758175.554,-0.77270507812,0.36267089843,0.34582519531
1725969758195.4211,-0.77270507812,0.36267089843,0.34582519531
1725969758215.3186,-0.92260742187,0.4677734375,0.2041015625
1725969758235.5212,-0.92260742187,0.4677734375,0.2041015625
1725969758255.4492,-0.92260742187,0.4677734375,0.2041015625
1725969758275.4688,-0.92260742187,0.4677734375,0.2041015625
1725969758295.4272,-0.96557617187,0.46459960937,0.1484375
1725969758315.4163,-0.96557617187,0.46459960937,0.1484375
1725969758335.4663,-0.96557617187,0.46459960937,0.1484375
1725969758355.5164,-0.96557617187,0.46459960937,0.1484375
1725969758375.2915,-0.98022460937,0.4443359375,0.13806152343
1725969758395.433,-0.98022460937,0.4443359375,0.13806152343
1725969758415.5444,-0.98022460937,0.4443359375,0.13806152343
1725969758435.4111,-0.98022460937,0.4443359375,0.13806152343
1725969758455.339,-0.99755859375,0.42248535156,0.1416015625
1725969758475.542,-0.99755859375,0.42248535156,0.1416015625
1725969758495.4395,-0.99755859375,0.42248535156,0.1416015625
1725969758515.4285,-0.99755859375,0.42248535156,0.1416015625
1725969758535.448,-1.00146484375,0.35595703125,0.12341308593
1725969758555.4065,-1.00146484375,0.35595703125,0.12341308593
1725969758575.4563,-1.00146484375,0.35595703125,0.12341308593
1725969758595.537,-1.00146484375,0.35595703125,0.12341308593
1725969758615.3125,-1.03344726562,0.34057617187,0.09509277343
1725969758635.4236,-1.03344726562,0.34057617187,0.09509277343
1725969758655.5347,-1.03344726562,0.34057617187,0.09509277343
1725969758675.4016,-1.03344726562,0.34057617187,0.09509277343
1725969758695.3296,-1.02233886718,0.33752441406,0.04028320312
1725969758715.5627,-1.02233886718,0.33752441406,0.04028320312
1725969758735.4297,-1.02233886718,0.33752441406,0.04028320312
1725969758755.4187,-1.02233886718,0.33752441406,0.04028320312
1725969758775.4077,-0.9609375,0.32678222656,-0.00415039062
1725969758795.3967,-0.9609375,0.32678222656,-0.00415039062
1725969758815.4163,-0.9609375,0.32678222656,-0.00415039062
1725969758835.527,-0.9609375,0.32678222656,-0.00415039062
1725969758855.3027,-0.91345214843,0.34680175781,-0.02587890625
1725969758875.4443,-0.91345214843,0.34680175781,-0.02587890625
1725969758895.5554,-0.91345214843,0.34680175781,-0.02587890625
1725969758915.4224,-0.91345214843,0.34680175781,-0.02587890625
1725969758935.3198,-0.91845703125,0.392578125,-0.01928710937
1725969758955.4614,-0.91845703125,0.392578125,-0.01928710937
1725969758975.42,-0.91845703125,0.392578125,-0.01928710937
1725969758995.4087,-0.91845703125,0.392578125,-0.01928710937
1725969759015.398,-0.95825195312,0.42956542968,-0.05908203125
1725969759035.4175,-0.95825195312,0.42956542968,-0.05908203125
1725969759055.437,-0.95825195312,0.42956542968,-0.05908203125
1725969759075.4563,-0.95825195312,0.42956542968,-0.05908203125
1725969759095.2927,-1.03625488281,0.41967773437,-0.1328125
1725969759115.4343,-1.03625488281,0.41967773437,-0.1328125
1725969759135.454,-1.03625488281,0.41967773437,-0.1328125
1725969759155.4124,-1.03625488281,0.41967773437,-0.1328125
1725969759175.2795,-1.126953125,0.3828125,-0.1796875
1725969759195.5127,-1.126953125,0.3828125,-0.1796875
1725969759215.4407,-1.126953125,0.3828125,-0.1796875
1725969759235.3992,-1.126953125,0.3828125,-0.1796875
1725969759255.2966,-1.10546875,0.31665039062,-0.22973632812
1725969759275.4077,-1.10546875,0.31665039062,-0.22973632812
1725969759295.3967,-1.10546875,0.31665039062,-0.22973632812
1725969759315.5078,-1.10546875,0.31665039062,-0.22973632812
1725969759335.2832,-0.93713378906,0.27014160156,-0.27795410156
1725969759355.3943,-0.93713378906,0.27014160156,-0.27795410156
1725969759375.4443,-0.93713378906,0.27014160156,-0.27795410156
1725969759395.4028,-0.93713378906,0.27014160156,-0.27795410156
1725969759415.2695,-0.75952148437,0.27551269531,-0.30895996093
1725969759435.5027,-0.75952148437,0.27551269531,-0.30895996093
1725969759455.431,-0.75952148437,0.27551269531,-0.30895996093
1725969759475.3894,-0.75952148437,0.27551269531,-0.30895996093
1725969759495.2869,-0.73303222656,0.34887695312,-0.30981445312
1725969759515.398,-0.73303222656,0.34887695312,-0.30981445312
1725969759535.3867,-0.73303222656,0.34887695312,-0.30981445312
1725969759555.5283,-0.73303222656,0.34887695312,-0.30981445312
1725969759575.2734,-0.77795410156,0.43627929687,-0.29870605468
1725969759595.415,-0.77795410156,0.43627929687,-0.29870605468
1725969759615.526,-0.77795410156,0.43627929687,-0.29870605468
1725969759635.393,-0.77795410156,0.43627929687,-0.29870605468
1725969759655.26,-0.78442382812,0.48950195312,-0.28515625
1725969759675.5237,-0.78442382812,0.48950195312,-0.28515625
1725969759695.3906,-0.78442382812,0.48950195312,-0.28515625
1725969759715.41,-0.78442382812,0.48950195312,-0.28515625
1725969759735.277,-0.77172851562,0.5029296875,-0.29663085937
1725969759755.388,-0.77172851562,0.5029296875,-0.29663085937
1725969759775.4077,-0.77172851562,0.5029296875,-0.29663085937
1725969759795.5188,-0.77172851562,0.5029296875,-0.29663085937
1725969759815.2637,-0.78564453125,0.49768066406,-0.33325195312
1725969759835.4053,-0.78564453125,0.49768066406,-0.33325195312
1725969759855.5164,-0.78564453125,0.49768066406,-0.33325195312
1725969759875.4138,-0.78564453125,0.49768066406,-0.33325195312
1725969759895.2502,-0.8359375,0.49426269531,-0.34094238281
1725969759915.3918,-0.8359375,0.49426269531,-0.34094238281
1725969759935.3809,-0.8359375,0.49426269531,-0.34094238281
1725969759955.3699,-0.8359375,0.49426269531,-0.34094238281
1725969759975.267,-1.02685546875,0.40795898437,-0.34216308593
1725969759995.3784,-1.02685546875,0.40795898437,-0.34216308593
1725969760015.398,-1.02685546875,0.40795898437,-0.34216308593
1725969760035.3867,-1.02685546875,0.40795898437,-0.34216308593
1725969760055.254,-1.05676269531,0.36376953125,-0.3076171875
1725969760075.3647,-1.05676269531,0.36376953125,-0.3076171875
1725969760095.415,-1.05676269531,0.36376953125,-0.3076171875
1725969760115.3735,-1.05676269531,0.36376953125,-0.3076171875
1725969760135.2405,-0.94360351562,0.34216308593,-0.22265625
1725969760155.4124,-0.94360351562,0.34216308593,-0.22265625
1725969760175.371,-0.94360351562,0.34216308593,-0.22265625
1725969760195.3906,-0.94360351562,0.34216308593,-0.22265625
1725969760215.288,-0.8720703125,0.41125488281,-0.16015625
1725969760235.3687,-0.8720703125,0.41125488281,-0.16015625
1725969760255.388,-0.8720703125,0.41125488281,-0.16015625
1725969760275.3772,-0.8720703125,0.41125488281,-0.16015625
1725969760295.244,-0.84497070312,0.48840332031,-0.16223144531
1725969760315.3855,-0.84497070312,0.48840332031,-0.16223144531
1725969760335.3748,-0.84497070312,0.48840332031,-0.16223144531
1725969760355.3635,-0.84497070312,0.48840332031,-0.16223144531
1725969760375.2612,-0.80102539062,0.52429199218,-0.193359375
1725969760395.3723,-0.80102539062,0.52429199218,-0.193359375
1725969760415.3918,-0.80102539062,0.52429199218,-0.193359375
1725969760435.3809,-0.80102539062,0.52429199218,-0.193359375
1725969760455.2783,-0.83264160156,0.56921386718,-0.20690917968
1725969760475.359,-0.83264160156,0.56921386718,-0.20690917968
1725969760495.3784,-0.83264160156,0.56921386718,-0.20690917968
1725969760515.3674,-0.83264160156,0.56921386718,-0.20690917968
1725969760535.2344,-0.90478515625,0.59741210937,-0.21215820312
1725969760555.4065,-0.90478515625,0.59741210937,-0.21215820312
1725969760575.3647,-0.90478515625,0.59741210937,-0.21215820312
1725969760595.354,-0.90478515625,0.59741210937,-0.21215820312
1725969760615.282,-1.06140136718,0.61462402343,-0.20422363281
1725969760635.393,-1.06140136718,0.61462402343,-0.20422363281
1725969760655.3516,-1.06140136718,0.61462402343,-0.20422363281
1725969760675.4016,-1.06140136718,0.61462402343,-0.20422363281
1725969760695.2683,-1.07397460937,0.62170410156,-0.17541503906
1725969760715.349,-1.07397460937,0.62170410156,-0.17541503906
1725969760735.3687,-1.07397460937,0.62170410156,-0.17541503906
1725969760755.3577,-1.07397460937,0.62170410156,-0.17541503906
1725969760775.2246,-0.91613769531,0.55517578125,-0.13598632812
1725969760795.3662,-0.91613769531,0.55517578125,-0.13598632812
1725969760815.3552,-0.91613769531,0.55517578125,-0.13598632812
1725969760835.2527,-0.91613769531,0.55517578125,-0.13598632812
1725969760855.2417,-0.80297851562,0.51794433593,-0.10400390625
1725969760875.3528,-0.80297851562,0.51794433593,-0.10400390625
1725969760895.3723,-0.80297851562,0.51794433593,-0.10400390625
1725969760915.361,-0.80297851562,0.51794433593,-0.10400390625
1725969760935.2588,-0.71374511718,0.53601074218,-0.13403320312
1725969760955.4004,-0.71374511718,0.53601074218,-0.13403320312
1725969760975.359,-0.71374511718,0.53601074218,-0.13403320312
1725969760995.348,-0.71374511718,0.53601074218,-0.13403320312
1725969761015.245,-0.67932128906,0.5537109375,-0.16772460937
1725969761035.3564,-0.67932128906,0.5537109375,-0.16772460937
1725969761055.3455,-0.67932128906,0.5537109375,-0.16772460937
1725969761075.3955,-0.67932128906,0.5537109375,-0.16772460937
1725969761095.2625,-0.70190429687,0.59020996093,-0.16052246093
1725969761115.3735,-0.70190429687,0.59020996093,-0.16052246093
1725969761135.3623,-0.70190429687,0.59020996093,-0.16052246093
1725969761155.3516,-0.70190429687,0.59020996093,-0.16052246093
1725969761175.249,-0.80310058593,0.64672851562,-0.14990234375
1725969761195.36,-0.80310058593,0.64672851562,-0.14990234375
1725969761215.349,-0.80310058593,0.64672851562,-0.14990234375
1725969761235.338,-0.80310058593,0.64672851562,-0.14990234375
1725969761255.266,-0.83776855468,0.74816894531,-0.08032226562
1725969761275.3772,-0.83776855468,0.74816894531,-0.08032226562
1725969761295.3357,-0.83776855468,0.74816894531,-0.08032226562
1725969761315.3552,-0.83776855468,0.74816894531,-0.08032226562
1725969761335.2527,-0.78308105468,0.76635742187,0.04064941406
1725969761355.3635,-0.78308105468,0.76635742187,0.04064941406
1725969761375.3528,-0.78308105468,0.76635742187,0.04064941406
1725969761395.3416,-0.78308105468,0.76635742187,0.04064941406
1725969761415.2393,-0.70129394531,0.73205566406,0.13781738281
1725969761435.3809,-0.70129394531,0.73205566406,0.13781738281
1725969761455.339,-0.70129394531,0.73205566406,0.13781738281
1725969761475.359,-0.70129394531,0.73205566406,0.13781738281
1725969761495.2563,-0.60168457031,0.74108886718,0.15087890625
1725969761515.3674,-0.60168457031,0.74108886718,0.15087890625
1725969761535.3564,-0.60168457031,0.74108886718,0.15087890625
1725969761555.3455,-0.60168457031,0.74108886718,0.15087890625
1725969761575.243,-0.57189941406,0.7412109375,0.11938476562
1725969761595.354,-0.57189941406,0.7412109375,0.11938476562
1725969761615.3735,-0.57189941406,0.7412109375,0.11938476562
1725969761635.332,-0.57189941406,0.7412109375,0.11938476562
1725969761655.26,-0.63513183593,0.70471191406,0.10998535156
1725969761675.371,-0.63513183593,0.70471191406,0.10998535156
1725969761695.3296,-0.63513183593,0.70471191406,0.10998535156
1725969761715.3796,-0.63513183593,0.70471191406,0.10998535156
1725969761735.2463,-0.77197265625,0.72839355468,0.06799316406
1725969761755.3271,-0.77197265625,0.72839355468,0.06799316406
1725969761775.3467,-0.77197265625,0.72839355468,0.06799316406
1725969761795.3662,-0.77197265625,0.72839355468,0.06799316406
1725969761815.2332,-0.86389160156,0.70910644531,0.00256347656
1725969761835.3748,-0.86389160156,0.70910644531,0.00256347656
1725969761855.4248,-0.86389160156,0.70910644531,0.00256347656
1725969761875.3528,-0.86389160156,0.70910644531,0.00256347656
1725969761895.2502,-0.9443359375,0.58654785156,-0.05920410156
1725969761915.453,-0.9443359375,0.58654785156,-0.05920410156
1725969761935.3198,-0.9443359375,0.58654785156,-0.05920410156
1725969761955.339,-0.9443359375,0.58654785156,-0.05920410156
1725969761975.267,-0.94226074218,0.48449707031,-0.08081054687
1725969761995.3171,-0.94226074218,0.48449707031,-0.08081054687
1725969762015.337,-0.94226074218,0.48449707031,-0.08081054687
1725969762035.3564,-0.94226074218,0.48449707031,-0.08081054687
1725969762055.2231,-0.7890625,0.38598632812,-0.08972167968
1725969762075.3647,-0.7890625,0.38598632812,-0.08972167968
1725969762095.476,-0.7890625,0.38598632812,-0.08972167968
1725969762115.3735,-0.7890625,0.38598632812,-0.08972167968
1725969762135.2405,-0.6875,0.35864257812,-0.11584472656
1725969762155.3516,-0.6875,0.35864257812,-0.11584472656
1725969762175.3403,-0.6875,0.35864257812,-0.11584472656
1725969762195.36,-0.6875,0.35864257812,-0.11584472656
1725969762215.2576,-0.72033691406,0.35534667968,-0.11755371093
1725969762235.3687,-0.72033691406,0.35534667968,-0.11755371093
1725969762255.3271,-0.72033691406,0.35534667968,-0.11755371093
1725969762275.4993,-0.72033691406,0.35534667968,-0.11755371093
1725969762295.244,-0.87316894531,0.38623046875,-0.099609375
1725969762315.3247,-0.87316894531,0.38623046875,-0.099609375
1725969762335.4663,-0.87316894531,0.38623046875,-0.099609375
1725969762355.3333,-0.87316894531,0.38623046875,-0.099609375
1725969762375.2307,-1.0966796875,0.53918457031,-0.099609375
1725969762395.4639,-1.0966796875,0.53918457031,-0.099609375
1725969762415.3308,-1.0966796875,0.53918457031,-0.099609375
1725969762435.3198,-1.0966796875,0.53918457031,-0.099609375
1725969762455.339,-1.20922851562,0.68347167968,-0.083984375
1725969762475.359,-1.20922851562,0.68347167968,-0.083984375
1725969762495.3171,-1.20922851562,0.68347167968,-0.083984375
1725969762515.4587,-1.20922851562,0.68347167968,-0.083984375
1725969762535.2344,-1.08239746093,0.66625976562,-0.08923339843
1725969762555.3147,-1.08239746093,0.66625976562,-0.08923339843
1725969762575.487,-1.08239746093,0.66625976562,-0.08923339843
1725969762595.3235,-1.08239746093,0.66625976562,-0.08923339843
1725969762615.2207,-0.94311523437,0.61450195312,-0.10620117187
1725969762635.332,-0.94311523437,0.61450195312,-0.10620117187
1725969762655.321,-0.94311523437,0.61450195312,-0.10620117187
1725969762675.3403,-0.94311523437,0.61450195312,-0.10620117187
1725969762695.238,-0.94372558593,0.474609375,-0.05895996093
1725969762715.3186,-0.94372558593,0.474609375,-0.05895996093
1725969762735.3076,-0.94372558593,0.474609375,-0.05895996093
1725969762755.3577,-0.94372558593,0.474609375,-0.05895996093
1725969762775.194,-1.11901855468,0.40209960937,-0.11291503906
1725969762795.3052,-1.11901855468,0.40209960937,-0.11291503906
1725969762815.4773,-1.11901855468,0.40209960937,-0.11291503906
1725969762835.3442,-1.11901855468,0.40209960937,-0.11291503906
1725969762855.2112,-1.03308105468,0.26098632812,-0.14233398437
1725969762875.3833,-1.03308105468,0.26098632812,-0.14233398437
1725969762895.3416,-1.03308105468,0.26098632812,-0.14233398437
1725969762915.3003,-1.03308105468,0.26098632812,-0.14233398437
1725969762935.2588,-1.06799316406,0.15661621093,-0.15393066406
1725969762955.3088,-1.06799316406,0.15661621093,-0.15393066406
1725969762975.2979,-1.06799316406,0.15661621093,-0.15393066406
1725969762995.348,-1.06799316406,0.15661621093,-0.15393066406
1725969763015.1843,-1.05102539062,0.20385742187,-0.18957519531
1725969763035.2954,-1.05102539062,0.20385742187,-0.18957519531
1725969763055.376,-1.05102539062,0.20385742187,-0.18957519531
1725969763075.304,-1.05102539062,0.20385742187,-0.18957519531
1725969763095.2014,-0.89916992187,0.25915527343,-0.1728515625
1725969763115.343,-0.89916992187,0.25915527343,-0.1728515625
1725969763135.332,-0.89916992187,0.25915527343,-0.1728515625
1725969763155.2903,-0.89916992187,0.25915527343,-0.1728515625
1725969763175.2185,-0.89514160156,0.3330078125,-0.13891601562
1725969763195.3296,-0.89514160156,0.3330078125,-0.13891601562
1725969763215.3186,-0.89514160156,0.3330078125,-0.13891601562
1725969763235.338,-0.89514160156,0.3330078125,-0.13891601562
1725969763255.1743,-1.02661132812,0.41943359375,-0.1533203125
1725969763275.2856,-1.02661132812,0.41943359375,-0.1533203125
1725969763295.2747,-1.02661132812,0.41943359375,-0.1533203125
1725969763315.3247,-1.02661132812,0.41943359375,-0.1533203125
1725969763335.1917,-1.16088867187,0.50354003906,-0.14758300781
1725969763355.2722,-1.16088867187,0.50354003906,-0.14758300781
1725969763375.2915,-1.16088867187,0.50354003906,-0.14758300781
1725969763395.3113,-1.16088867187,0.50354003906,-0.14758300781
1725969763415.2393,-1.12341308593,0.56372070312,-0.14807128906
1725969763435.2893,-1.12341308593,0.56372070312,-0.14807128906
1725969763455.3088,-1.12341308593,0.56372070312,-0.14807128906
1725969763475.2979,-1.12341308593,0.56372070312,-0.14807128906
1725969763495.1648,-1.06848144531,0.56872558593,-0.13989257812
1725969763515.3064,-1.06848144531,0.56872558593,-0.13989257812
1725969763535.326,-1.06848144531,0.56872558593,-0.13989257812
1725969763555.3147,-1.06848144531,0.56872558593,-0.13989257812
1725969763575.2124,-1.1064453125,0.50854492187,-0.10168457031
1725969763595.3235,-1.1064453125,0.50854492187,-0.10168457031
1725969763615.282,-1.1064453125,0.50854492187,-0.10168457031
1725969763635.3015,-1.1064453125,0.50854492187,-0.10168457031
1725969763655.1987,-1.11376953125,0.39916992187,-0.09326171875
1725969763675.2795,-1.11376953125,0.39916992187,-0.09326171875
1725969763695.299,-1.11376953125,0.39916992187,-0.09326171875
1725969763715.288,-1.11376953125,0.39916992187,-0.09326171875
1725969763735.1855,-1.14208984375,0.33044433593,-0.07897949218
1725969763755.3271,-1.14208984375,0.33044433593,-0.07897949218
1725969763775.316,-1.14208984375,0.33044433593,-0.07897949218
1725969763795.183,-1.14208984375,0.33044433593,-0.07897949218
1725969763815.2026,-1.19604492187,0.31091308593,-0.06176757812
1725969763835.2832,-1.19604492187,0.31091308593,-0.06176757812
1725969763855.3027,-1.19604492187,0.31091308593,-0.06176757812
1725969763875.2915,-1.19604492187,0.31091308593,-0.06176757812
1725969763895.1892,-1.17846679687,0.30493164062,-0.09130859375
1725969763915.2695,-1.17846679687,0.30493164062,-0.09130859375
1725969763935.3198,-1.17846679687,0.30493164062,-0.09130859375
1725969763955.2783,-1.17846679687,0.30493164062,-0.09130859375
1725969763975.1755,-1.06176757812,0.28234863281,-0.15930175781
1725969763995.2869,-1.06176757812,0.28234863281,-0.15930175781
1725969764015.276,-1.06176757812,0.28234863281,-0.15930175781
1725969764035.326,-1.06176757812,0.28234863281,-0.15930175781
1725969764055.1929,-1.0126953125,0.265625,-0.23999023437
1725969764075.2734,-1.0126953125,0.265625,-0.23999023437
1725969764095.2927,-1.0126953125,0.265625,-0.23999023437
1725969764115.282,-1.0126953125,0.265625,-0.23999023437
1725969764135.1794,-0.95532226562,0.2578125,-0.27453613281
1725969764155.2903,-0.95532226562,0.2578125,-0.27453613281
1725969764175.2795,-0.95532226562,0.2578125,-0.27453613281
1725969764195.299,-0.95532226562,0.2578125,-0.27453613281
1725969764215.1963,-0.87121582031,0.30517578125,-0.22485351562
1725969764235.277,-0.87121582031,0.30517578125,-0.22485351562
1725969764255.266,-0.87121582031,0.30517578125,-0.22485351562
1725969764275.2856,-0.87121582031,0.30517578125,-0.22485351562
1725969764295.183,-0.93212890625,0.40246582031,-0.18505859375
1725969764315.294,-0.93212890625,0.40246582031,-0.18505859375
1725969764335.3137,-0.93212890625,0.40246582031,-0.18505859375
1725969764355.2722,-0.93212890625,0.40246582031,-0.18505859375
1725969764375.1697,-1.06262207031,0.45080566406,-0.18322753906
1725969764395.2808,-1.06262207031,0.45080566406,-0.18322753906
1725969764415.3003,-1.06262207031,0.45080566406,-0.18322753906
1725969764435.2588,-1.06262207031,0.45080566406,-0.18322753906
1725969764455.1868,-1.18298339843,0.50463867187,-0.1552734375
1725969764475.267,-1.18298339843,0.50463867187,-0.1552734375
1725969764495.2869,-1.18298339843,0.50463867187,-0.1552734375
1725969764515.276,-1.18298339843,0.50463867187,-0.1552734375
1725969764535.1428,-1.10986328125,0.54016113281,-0.14123535156
1725969764555.254,-1.10986328125,0.54016113281,-0.14123535156
1725969764575.2734,-1.10986328125,0.54016113281,-0.14123535156
1725969764595.2927,-1.10986328125,0.54016113281,-0.14123535156
1725969764615.16,-1.01208496093,0.52026367187,-0.10961914062
1725969764635.2708,-1.01208496093,0.52026367187,-0.10961914062
1725969764655.26,-1.01208496093,0.52026367187,-0.10961914062
1725969764675.2795,-1.01208496093,0.52026367187,-0.10961914062
1725969764695.177,-1.03637695312,0.47033691406,-0.07409667968
1725969764715.2576,-1.03637695312,0.47033691406,-0.07409667968
1725969764735.277,-1.03637695312,0.47033691406,-0.07409667968
1725969764755.266,-1.03637695312,0.47033691406,-0.07409667968
1725969764775.1636,-1.0654296875,0.30529785156,-0.10021972656
1725969764795.3052,-1.0654296875,0.30529785156,-0.10021972656
1725969764815.2637,-1.0654296875,0.30529785156,-0.10021972656
1725969764835.2527,-1.0654296875,0.30529785156,-0.10021972656
1725969764855.1807,-1.10607910156,0.18041992187,-0.10925292968
1725969764875.2612,-1.10607910156,0.18041992187,-0.10925292968
1725969764895.2808,-1.10607910156,0.18041992187,-0.10925292968
1725969764915.2695,-1.10607910156,0.18041992187,-0.10925292968
1725969764935.1672,-1.09265136718,0.20764160156,-0.11975097656
1725969764955.2478,-1.09265136718,0.20764160156,-0.11975097656
1725969764975.2979,-1.09265136718,0.20764160156,-0.11975097656
1725969764995.2563,-1.09265136718,0.20764160156,-0.11975097656
1725969765015.1538,-1.05102539062,0.2412109375,-0.19958496093
1725969765035.2954,-1.05102539062,0.2412109375,-0.19958496093
1725969765055.254,-1.05102539062,0.2412109375,-0.19958496093
1725969765075.243,-1.05102539062,0.2412109375,-0.19958496093
1725969765095.171,-1.01806640625,0.25476074218,-0.2578125
1725969765115.2515,-1.01806640625,0.25476074218,-0.2578125
1725969765135.2405,-1.01806640625,0.25476074218,-0.2578125
1725969765155.26,-1.01806640625,0.25476074218,-0.2578125
1725969765175.1267,-1.0380859375,0.28503417968,-0.2734375
1725969765195.2683,-1.0380859375,0.28503417968,-0.2734375
1725969765215.288,-1.0380859375,0.28503417968,-0.2734375
1725969765235.2463,-1.0380859375,0.28503417968,-0.2734375
1725969765255.144,-1.03186035156,0.30017089843,-0.24841308593
1725969765275.2856,-1.03186035156,0.30017089843,-0.24841308593
1725969765295.244,-1.03186035156,0.30017089843,-0.24841308593
1725969765315.2637,-1.03186035156,0.30017089843,-0.24841308593
1725969765335.1611,-0.93090820312,0.30725097656,-0.18041992187
1725969765355.2722,-0.93090820312,0.30725097656,-0.18041992187
1725969765375.2915,-0.93090820312,0.30725097656,-0.18041992187
1725969765395.2502,-0.93090820312,0.30725097656,-0.18041992187
1725969765415.1172,-0.86926269531,0.36267089843,-0.14978027343
1725969765435.2588,-0.86926269531,0.36267089843,-0.14978027343
1725969765455.2478,-0.86926269531,0.36267089843,-0.14978027343
1725969765475.2368,-0.86926269531,0.36267089843,-0.14978027343
1725969765495.1648,-0.9765625,0.48950195312,-0.22033691406
1725969765515.245,-0.9765625,0.48950195312,-0.22033691406
1725969765535.2344,-0.9765625,0.48950195312,-0.22033691406
1725969765555.254,-0.9765625,0.48950195312,-0.22033691406
1725969765575.1511,-1.08959960937,0.51953125,-0.24035644531
1725969765595.232,-1.08959960937,0.51953125,-0.24035644531
1725969765615.2515,-1.08959960937,0.51953125,-0.24035644531
1725969765635.2405,-1.08959960937,0.51953125,-0.24035644531
1725969765655.138,-1.16418457031,0.51904296875,-0.19860839843
1725969765675.249,-1.16418457031,0.51904296875,-0.19860839843
1725969765695.238,-1.16418457031,0.51904296875,-0.19860839843
1725969765715.2576,-1.16418457031,0.51904296875,-0.19860839843
1725969765735.1245,-1.14270019531,0.45935058593,-0.13427734375
1725969765755.266,-1.14270019531,0.45935058593,-0.13427734375
1725969765775.2246,-1.14270019531,0.45935058593,-0.13427734375
1725969765795.244,-1.14270019531,0.45935058593,-0.13427734375
1725969765815.111,-1.05456542968,0.32824707031,-0.11682128906
1725969765835.2527,-1.05456542968,0.32824707031,-0.11682128906
1725969765855.2417,-1.05456542968,0.32824707031,-0.11682128906
1725969765875.2307,-1.05456542968,0.32824707031,-0.11682128906
1725969765895.0977,-1.03735351562,0.26818847656,-0.09619140625
1725969765915.2393,-1.03735351562,0.26818847656,-0.09619140625
1725969765935.2283,-1.03735351562,0.26818847656,-0.09619140625
1725969765955.2478,-1.03735351562,0.26818847656,-0.09619140625
1725969765975.1147,-1.02209472656,0.24438476562,-0.09912109375
1725969765995.2563,-1.02209472656,0.24438476562,-0.09912109375
1725969766015.245,-1.02209472656,0.24438476562,-0.09912109375
1725969766035.2344,-1.02209472656,0.24438476562,-0.09912109375
1725969766055.1318,-0.9951171875,0.24157714843,-0.15246582031
1725969766075.2734,-0.9951171875,0.24157714843,-0.15246582031
1725969766095.232,-0.9951171875,0.24157714843,-0.15246582031
1725969766115.2207,-0.9951171875,0.24157714843,-0.15246582031
1725969766135.1487,-1.05139160156,0.2548828125,-0.16906738281
1725969766155.2295,-1.05139160156,0.2548828125,-0.16906738281
1725969766175.2185,-1.05139160156,0.2548828125,-0.16906738281
1725969766195.2683,-1.05139160156,0.2548828125,-0.16906738281
1725969766215.1355,-1.06713867187,0.27160644531,-0.16748046875
1725969766235.216,-1.06713867187,0.27160644531,-0.16748046875
1725969766255.2356,-1.06713867187,0.27160644531,-0.16748046875
1725969766275.2551,-1.06713867187,0.27160644531,-0.16748046875
1725969766295.122,-1.068359375,0.33349609375,-0.18334960937
1725969766315.2332,-1.068359375,0.33349609375,-0.18334960937
1725969766335.222,-1.068359375,0.33349609375,-0.18334960937
1725969766355.2417,-1.068359375,0.33349609375,-0.18334960937
1725969766375.1392,-1.00317382812,0.35412597656,-0.18762207031
1725969766395.2195,-1.00317382812,0.35412597656,-0.18762207031
1725969766415.2087,-1.00317382812,0.35412597656,-0.18762207031
1725969766435.2283,-1.00317382812,0.35412597656,-0.18762207031
1725969766455.1255,-0.90295410156,0.36267089843,-0.18017578125
1725969766475.2063,-0.90295410156,0.36267089843,-0.18017578125
1725969766495.2258,-0.90295410156,0.36267089843,-0.18017578125
1725969766515.2148,-0.90295410156,0.36267089843,-0.18017578125
1725969766535.1123,-0.89379882812,0.40625,-0.21643066406
1725969766555.254,-0.89379882812,0.40625,-0.21643066406
1725969766575.2124,-0.89379882812,0.40625,-0.21643066406
1725969766595.232,-0.89379882812,0.40625,-0.21643066406
1725969766615.0989,-0.94885253906,0.4462890625,-0.26037597656
1725969766635.21,-0.94885253906,0.4462890625,-0.26037597656
1725969766655.2295,-0.94885253906,0.4462890625,-0.26037597656
1725969766675.2185,-0.94885253906,0.4462890625,-0.26037597656
1725969766695.116,-1.16735839843,0.4775390625,-0.25170898437
1725969766715.227,-1.16735839843,0.4775390625,-0.25170898437
1725969766735.2463,-1.16735839843,0.4775390625,-0.25170898437
1725969766755.205,-1.16735839843,0.4775390625,-0.25170898437
1725969766775.133,-1.32971191406,0.48999023437,-0.18408203125
1725969766795.244,-1.32971191406,0.48999023437,-0.18408203125
1725969766815.0803,-1.32971191406,0.48999023437,-0.18408203125
1725969766835.222,-1.32971191406,0.48999023437,-0.18408203125
1725969766855.1196,-1.27099609375,0.44165039062,-0.09936523437
1725969766875.2,-1.27099609375,0.44165039062,-0.09936523437
1725969766895.2195,-1.27099609375,0.44165039062,-0.09936523437
1725969766915.2087,-1.27099609375,0.44165039062,-0.09936523437
1725969766935.1062,-1.09460449218,0.27941894531,-0.03698730468
1725969766955.2173,-1.09460449218,0.27941894531,-0.03698730468
1725969766975.2063,-1.09460449218,0.27941894531,-0.03698730468
1725969766995.1953,-1.09460449218,0.27941894531,-0.03698730468
1725969767015.1233,-0.95812988281,0.14855957031,-0.04333496093
1725969767035.2039,-0.95812988281,0.14855957031,-0.04333496093
1725969767055.1929,-0.95812988281,0.14855957031,-0.04333496093
1725969767075.2124,-0.95812988281,0.14855957031,-0.04333496093
1725969767095.1099,-0.94653320312,0.14379882812,-0.10046386718
1725969767115.1904,-0.94653320312,0.14379882812,-0.10046386718
1725969767135.21,-0.94653320312,0.14379882812,-0.10046386718
1725969767155.1987,-0.94653320312,0.14379882812,-0.10046386718
1725969767175.0964,-0.9921875,0.18640136718,-0.14270019531
1725969767195.2075,-0.9921875,0.18640136718,-0.14270019531
1725969767215.227,-0.9921875,0.18640136718,-0.14270019531
1725969767235.216,-0.9921875,0.18640136718,-0.14270019531
1725969767255.1135,-1.05834960937,0.22705078125,-0.1572265625
1725969767275.194,-1.05834960937,0.22705078125,-0.1572265625
1725969767295.2136,-1.05834960937,0.22705078125,-0.1572265625
1725969767315.2026,-1.05834960937,0.22705078125,-0.1572265625
1725969767335.1,-1.07983398437,0.26281738281,-0.15258789062
1725969767355.2112,-1.07983398437,0.26281738281,-0.15258789062
1725969767375.2,-1.07983398437,0.26281738281,-0.15258789062
1725969767395.1892,-1.07983398437,0.26281738281,-0.15258789062
1725969767415.0867,-1.06701660156,0.32946777343,-0.17114257812
1725969767435.1975,-1.06701660156,0.32946777343,-0.17114257812
1725969767455.1868,-1.06701660156,0.32946777343,-0.17114257812
1725969767475.2063,-1.06701660156,0.32946777343,-0.17114257812
1725969767495.1035,-0.97546386718,0.35217285156,-0.17993164062
1725969767515.1843,-0.97546386718,0.35217285156,-0.17993164062
1725969767535.2344,-0.97546386718,0.35217285156,-0.17993164062
1725969767555.1929,-0.97546386718,0.35217285156,-0.17993164062
1725969767575.0903,-0.9150390625,0.36804199218,-0.17346191406
1725969767595.2625,-0.9150390625,0.36804199218,-0.17346191406
1725969767615.1904,-0.9150390625,0.36804199218,-0.17346191406
1725969767635.1794,-0.9150390625,0.36804199218,-0.17346191406
1725969767655.077,-0.92333984375,0.44934082031,-0.20385742187
1725969767675.188,-0.92333984375,0.44934082031,-0.20385742187
1725969767695.177,-0.92333984375,0.44934082031,-0.20385742187
1725969767715.227,-0.92333984375,0.44934082031,-0.20385742187
1725969767735.094,-0.99914550781,0.51965332031,-0.20861816406
1725969767755.205,-0.99914550781,0.51965332031,-0.20861816406
1725969767775.2246,-0.99914550781,0.51965332031,-0.20861816406
1725969767795.2136,-0.99914550781,0.51965332031,-0.20861816406
1725969767815.0803,-1.17004394531,0.49401855468,-0.18798828125
1725969767835.222,-1.17004394531,0.49401855468,-0.18798828125
1725969767855.1807,-1.17004394531,0.49401855468,-0.18798828125
1725969767875.2,-1.17004394531,0.49401855468,-0.18798828125
1725969767895.0977,-1.20690917968,0.45703125,-0.15124511718
1725969767915.1782,-1.20690917968,0.45703125,-0.15124511718
1725969767935.1975,-1.20690917968,0.45703125,-0.15124511718
1725969767955.1868,-1.20690917968,0.45703125,-0.15124511718
1725969767975.0842,-1.09704589843,0.43566894531,-0.09973144531
1725969767995.1953,-1.09704589843,0.43566894531,-0.09973144531
1725969768015.1843,-1.09704589843,0.43566894531,-0.09973144531
1725969768035.173,-1.09704589843,0.43566894531,-0.09973144531
1725969768055.0708,-0.986328125,0.3662109375,-0.09448242187
1725969768075.2124,-0.986328125,0.3662109375,-0.09448242187
1725969768095.171,-0.986328125,0.3662109375,-0.09448242187
1725969768115.1904,-0.986328125,0.3662109375,-0.09448242187
1725969768135.088,-0.94506835937,0.29846191406,-0.08361816406
1725969768155.1685,-0.94506835937,0.29846191406,-0.08361816406
1725969768175.188,-0.94506835937,0.29846191406,-0.08361816406
1725969768195.177,-0.94506835937,0.29846191406,-0.08361816406
1725969768215.044,-0.986328125,0.25122070312,-0.05041503906
1725969768235.1855,-0.986328125,0.25122070312,-0.05041503906
1725969768255.1743,-0.986328125,0.25122070312,-0.05041503906
1725969768275.194,-0.986328125,0.25122070312,-0.05041503906
1725969768295.0916,-1.06298828125,0.27575683593,-0.09802246093
1725969768315.172,-1.06298828125,0.27575683593,-0.09802246093
1725969768335.1611,-1.06298828125,0.27575683593,-0.09802246093
1725969768355.1807,-1.06298828125,0.27575683593,-0.09802246093
1725969768375.0476,-1.10693359375,0.3427734375,-0.18640136718
1725969768395.1587,-1.10693359375,0.3427734375,-0.18640136718
1725969768415.1782,-1.10693359375,0.3427734375,-0.18640136718
1725969768435.1975,-1.10693359375,0.3427734375,-0.18640136718
1725969768455.0647,-1.041015625,0.3427734375,-0.25268554687
1725969768475.2063,-1.041015625,0.3427734375,-0.25268554687
1725969768495.1648,-1.041015625,0.3427734375,-0.25268554687
1725969768515.2148,-1.041015625,0.3427734375,-0.25268554687
1725969768535.0513,-0.91015625,0.30932617187,-0.25854492187
1725969768555.1929,-0.91015625,0.30932617187,-0.25854492187
1725969768575.182,-0.91015625,0.30932617187,-0.25854492187
1725969768595.171,-0.91015625,0.30932617187,-0.25854492187
1725969768615.0378,-0.85534667968,0.36364746093,-0.27062988281
1725969768635.1794,-0.85534667968,0.36364746093,-0.27062988281
1725969768655.1685,-0.85534667968,0.36364746093,-0.27062988281
1725969768675.1575,-0.85534667968,0.36364746093,-0.27062988281
1725969768695.0854,-0.87048339843,0.40246582031,-0.27624511718
1725969768715.166,-0.87048339843,0.40246582031,-0.27624511718
1725969768735.155,-0.87048339843,0.40246582031,-0.27624511718
1725969768755.1743,-0.87048339843,0.40246582031,-0.27624511718
1725969768775.0415,-0.93798828125,0.41857910156,-0.24133300781
1725969768795.1523,-0.93798828125,0.41857910156,-0.24133300781
1725969768815.172,-0.93798828125,0.41857910156,-0.24133300781
1725969768835.1611,-0.93798828125,0.41857910156,-0.24133300781
1725969768855.0583,-1.12072753906,0.421875,-0.19909667968
1725969768875.1697,-1.12072753906,0.421875,-0.19909667968
1725969768895.1587,-1.12072753906,0.421875,-0.19909667968
1725969768915.1477,-1.12072753906,0.421875,-0.19909667968
1725969768935.0757,-1.23193359375,0.41088867187,-0.17932128906
1725969768955.1562,-1.23193359375,0.41088867187,-0.17932128906
1725969768975.1453,-1.23193359375,0.41088867187,-0.17932128906
1725969768995.1953,-1.23193359375,0.41088867187,-0.17932128906
1725969769015.0315,-1.1357421875,0.37768554687,-0.16174316406
1725969769035.1428,-1.1357421875,0.37768554687,-0.16174316406
1725969769055.1624,-1.1357421875,0.37768554687,-0.16174316406
1725969769075.1511,-1.1357421875,0.37768554687,-0.16174316406
1725969769095.0488,-1.02941894531,0.31530761718,-0.1806640625
1725969769115.16,-1.02941894531,0.31530761718,-0.1806640625
1725969769135.1487,-1.02941894531,0.31530761718,-0.1806640625
1725969769155.1987,-1.02941894531,0.31530761718,-0.1806640625
1725969769175.0354,-0.97351074218,0.27258300781,-0.173828125
1725969769195.1465,-0.97351074218,0.27258300781,-0.173828125
1725969769215.166,-0.97351074218,0.27258300781,-0.173828125
1725969769235.155,-0.97351074218,0.27258300781,-0.173828125
1725969769255.022,-0.96105957031,0.25170898437,-0.13415527343
1725969769275.1636,-0.96105957031,0.25170898437,-0.13415527343
1725969769295.183,-0.96105957031,0.25170898437,-0.13415527343
1725969769315.172,-0.96105957031,0.25170898437,-0.13415527343
1725969769335.0696,-0.93957519531,0.24816894531,-0.15734863281
1725969769355.15,-0.93957519531,0.24816894531,-0.15734863281
1725969769375.1392,-0.93957519531,0.24816894531,-0.15734863281
1725969769395.1892,-0.93957519531,0.24816894531,-0.15734863281
1725969769415.056,-0.93591308593,0.26110839843,-0.18591308593
1725969769435.1367,-0.93591308593,0.26110839843,-0.18591308593
1725969769455.1562,-0.93591308593,0.26110839843,-0.18591308593
1725969769475.1453,-0.93591308593,0.26110839843,-0.18591308593
1725969769495.0122,-1.08837890625,0.32653808593,-0.20544433593
1725969769515.1538,-1.08837890625,0.32653808593,-0.20544433593
1725969769535.1428,-1.08837890625,0.32653808593,-0.20544433593
1725969769555.1318,-1.08837890625,0.32653808593,-0.20544433593
1725969769575.0598,-1.08447265625,0.35607910156,-0.23132324218
1725969769595.1404,-1.08447265625,0.35607910156,-0.23132324218
1725969769615.1292,-1.08447265625,0.35607910156,-0.23132324218
1725969769635.1794,-1.08447265625,0.35607910156,-0.23132324218
1725969769655.0464,-0.89501953125,0.33642578125,-0.21423339843
1725969769675.1267,-0.89501953125,0.33642578125,-0.21423339843
1725969769695.177,-0.89501953125,0.33642578125,-0.21423339843
1725969769715.1355,-0.89501953125,0.33642578125,-0.21423339843
1725969769735.0327,-0.86083984375,0.37939453125,-0.2041015625
1725969769755.144,-0.86083984375,0.37939453125,-0.2041015625
1725969769775.133,-0.86083984375,0.37939453125,-0.2041015625
1725969769795.183,-0.86083984375,0.37939453125,-0.2041015625
1725969769815.05,-0.9033203125,0.45361328125,-0.2431640625
1725969769835.1306,-0.9033203125,0.45361328125,-0.2431640625
1725969769855.15,-0.9033203125,0.45361328125,-0.2431640625
1725969769875.1392,-0.9033203125,0.45361328125,-0.2431640625
1725969769895.006,-0.94909667968,0.47058105468,-0.28015136718
1725969769915.1477,-0.94909667968,0.47058105468,-0.28015136718
1725969769935.1672,-0.94909667968,0.47058105468,-0.28015136718
1725969769955.1255,-0.94909667968,0.47058105468,-0.28015136718
1725969769975.0232,-1.10498046875,0.44921875,-0.2744140625
1725969769995.1343,-1.10498046875,0.44921875,-0.2744140625
1725969770015.1233,-1.10498046875,0.44921875,-0.2744140625
1725969770035.1428,-1.10498046875,0.44921875,-0.2744140625
1725969770055.0403,-1.13391113281,0.44030761718,-0.23425292968
1725969770075.1208,-1.13391113281,0.44030761718,-0.23425292968
1725969770095.1404,-1.13391113281,0.44030761718,-0.23425292968
1725969770115.16,-1.13391113281,0.44030761718,-0.23425292968
1725969770135.0269,-1.03063964843,0.41320800781,-0.18737792968
1725969770155.138,-1.03063964843,0.41320800781,-0.18737792968
1725969770175.1267,-1.03063964843,0.41320800781,-0.18737792968
1725969770195.116,-1.03063964843,0.41320800781,-0.18737792968
1725969770215.0134,-0.98767089843,0.37353515625,-0.16967773437
1725969770235.155,-0.98767089843,0.37353515625,-0.16967773437
1725969770255.1135,-0.98767089843,0.37353515625,-0.16967773437
1725969770275.133,-0.98767089843,0.37353515625,-0.16967773437
1725969770295.0305,-0.92590332031,0.33935546875,-0.19274902343
1725969770315.111,-0.92590332031,0.33935546875,-0.19274902343
1725969770335.1306,-0.92590332031,0.33935546875,-0.19274902343
1725969770355.15,-0.92590332031,0.33935546875,-0.19274902343
1725969770375.017,-0.84716796875,0.2880859375,-0.23474121093
1725969770395.1587,-0.84716796875,0.2880859375,-0.23474121093
1725969770415.1172,-0.84716796875,0.2880859375,-0.23474121093
1725969770435.1367,-0.84716796875,0.2880859375,-0.23474121093
1725969770455.034,-0.859375,0.25891113281,-0.27416992187
1725969770475.1453,-0.859375,0.25891113281,-0.27416992187
1725969770495.1343,-0.859375,0.25891113281,-0.27416992187
1725969770515.1233,-0.859375,0.25891113281,-0.27416992187
1725969770535.0208,-0.98498535156,0.26708984375,-0.27893066406
1725969770555.1318,-0.98498535156,0.26708984375,-0.27893066406
1725969770575.1511,-0.98498535156,0.26708984375,-0.27893066406
1725969770595.1099,-0.98498535156,0.26708984375,-0.27893066406
1725969770615.0378,-1.08935546875,0.30749511718,-0.23742675781
1725969770635.1487,-1.08935546875,0.30749511718,-0.23742675781
1725969770655.1074,-1.08935546875,0.30749511718,-0.23742675781
1725969770675.1575,-1.08935546875,0.30749511718,-0.23742675781
1725969770695.0244,-1.12658691406,0.35229492187,-0.19299316406
1725969770715.1047,-1.12658691406,0.35229492187,-0.19299316406
1725969770735.1245,-1.12658691406,0.35229492187,-0.19299316406
1725969770755.1135,-1.12658691406,0.35229492187,-0.19299316406
1725969770775.0107,-1.01159667968,0.34411621093,-0.15563964843
1725969770795.122,-1.01159667968,0.34411621093,-0.15563964843
1725969770815.111,-1.01159667968,0.34411621093,-0.15563964843
1725969770835.1306,-1.01159667968,0.34411621093,-0.15563964843
1725969770855.028,-0.83178710937,0.34130859375,-0.11218261718
1725969770875.1086,-0.83178710937,0.34130859375,-0.11218261718
1725969770895.128,-0.83178710937,0.34130859375,-0.11218261718
1725969770915.1477,-0.83178710937,0.34130859375,-0.11218261718
1725969770934.984,-0.79077148437,0.36083984375,-0.09814453125
1725969770955.1255,-0.79077148437,0.36083984375,-0.09814453125
1725969770975.1147,-0.79077148437,0.36083984375,-0.09814453125
1725969770995.1035,-0.79077148437,0.36083984375,-0.09814453125
1725969771015.0012,-0.83728027343,0.40014648437,-0.1572265625
1725969771035.1123,-0.83728027343,0.40014648437,-0.1572265625
1725969771055.1013,-0.83728027343,0.40014648437,-0.1572265625
1725969771075.1208,-0.83728027343,0.40014648437,-0.1572265625
1725969771095.0183,-1.08288574218,0.49597167968,-0.26281738281
1725969771115.0989,-1.08288574218,0.49597167968,-0.26281738281
1725969771135.1184,-1.08288574218,0.49597167968,-0.26281738281
1725969771155.1074,-1.08288574218,0.49597167968,-0.26281738281
1725969771175.005,-1.115234375,0.49865722656,-0.23303222656
1725969771195.116,-1.115234375,0.49865722656,-0.23303222656
1725969771215.1047,-1.115234375,0.49865722656,-0.23303222656
1725969771235.1245,-1.115234375,0.49865722656,-0.23303222656
1725969771255.022,-1.03234863281,0.45812988281,-0.17639160156
1725969771275.1023,-1.03234863281,0.45812988281,-0.17639160156
1725969771295.0916,-1.03234863281,0.45812988281,-0.17639160156
1725969771315.111,-1.03234863281,0.45812988281,-0.17639160156
1725969771335.0083,-0.94982910156,0.39453125,-0.16455078125
1725969771355.089,-0.94982910156,0.39453125,-0.16455078125
1725969771375.1086,-0.94982910156,0.39453125,-0.16455078125
1725969771395.2502,-0.94982910156,0.39453125,-0.16455078125
1725969771414.995,-0.91772460937,0.33142089843,-0.17053222656
1725969771435.1062,-0.91772460937,0.33142089843,-0.17053222656
1725969771455.0952,-0.91772460937,0.33142089843,-0.17053222656
1725969771475.1147,-0.91772460937,0.33142089843,-0.17053222656
1725969771495.0122,-0.89538574218,0.27600097656,-0.17016601562
1725969771515.0928,-0.89538574218,0.27600097656,-0.17016601562
1725969771535.1123,-0.89538574218,0.27600097656,-0.17016601562
1725969771555.1318,-0.89538574218,0.27600097656,-0.17016601562
1725969771574.9683,-0.896484375,0.27087402343,-0.22314453125
1725969771595.1099,-0.896484375,0.27087402343,-0.22314453125
1725969771615.0989,-0.896484375,0.27087402343,-0.22314453125
1725969771635.1184,-0.896484375,0.27087402343,-0.22314453125
1725969771654.985,-1.00854492187,0.28112792968,-0.25830078125
1725969771675.1267,-1.00854492187,0.28112792968,-0.25830078125
1725969771695.0854,-1.00854492187,0.28112792968,-0.25830078125
1725969771715.1047,-1.00854492187,0.28112792968,-0.25830078125
1725969771734.972,-1.15356445312,0.3212890625,-0.25183105468
1725969771755.083,-1.15356445312,0.3212890625,-0.25183105468
1725969771775.133,-1.15356445312,0.3212890625,-0.25183105468
1725969771795.0916,-1.15356445312,0.3212890625,-0.25183105468
1725969771814.9585,-1.08349609375,0.34521484375,-0.24768066406
1725969771835.1306,-1.08349609375,0.34521484375,-0.24768066406
1725969771855.089,-1.08349609375,0.34521484375,-0.24768066406
1725969771875.078,-1.08349609375,0.34521484375,-0.24768066406
1725969771895.006,-0.88623046875,0.32299804687,-0.21142578125
1725969771915.1172,-0.88623046875,0.32299804687,-0.21142578125
1725969771935.1062,-0.88623046875,0.32299804687,-0.21142578125
1725969771955.0952,-0.88623046875,0.32299804687,-0.21142578125
1725969771974.9927,-0.79321289062,0.34704589843,-0.17565917968
1725969771995.1035,-0.79321289062,0.34704589843,-0.17565917968
1725969772015.0928,-0.79321289062,0.34704589843,-0.17565917968
1725969772035.1123,-0.79321289062,0.34704589843,-0.17565917968
1725969772054.9792,-0.78833007812,0.39794921875,-0.19030761718
1725969772075.0903,-0.78833007812,0.39794921875,-0.19030761718
1725969772095.079,-0.78833007812,0.39794921875,-0.19030761718
1725969772115.0989,-0.78833007812,0.39794921875,-0.19030761718
1725969772134.9658,-0.86950683593,0.42272949218,-0.23046875
1725969772155.077,-0.86950683593,0.42272949218,-0.23046875
1725969772175.066,-0.86950683593,0.42272949218,-0.23046875
1725969772195.0854,-0.86950683593,0.42272949218,-0.23046875
1725969772214.9524,-1.0908203125,0.4404296875,-0.23779296875
1725969772235.0635,-1.0908203125,0.4404296875,-0.23779296875
1725969772255.083,-1.0908203125,0.4404296875,-0.23779296875
1725969772275.1023,-1.0908203125,0.4404296875,-0.23779296875
1725969772294.9695,-1.19812011718,0.47998046875,-0.22546386718
1725969772315.0803,-1.19812011718,0.47998046875,-0.22546386718
1725969772335.0696,-1.19812011718,0.47998046875,-0.22546386718
1725969772355.089,-1.19812011718,0.47998046875,-0.22546386718
1725969772374.9863,-1.07104492187,0.46411132812,-0.18640136718
1725969772395.0671,-1.07104492187,0.46411132812,-0.18640136718
1725969772415.0867,-1.07104492187,0.46411132812,-0.18640136718
1725969772435.0757,-1.07104492187,0.46411132812,-0.18640136718
1725969772454.9731,-0.93139648437,0.39721679687,-0.15673828125
1725969772475.0842,-0.93139648437,0.39721679687,-0.15673828125
1725969772495.0732,-0.93139648437,0.39721679687,-0.15673828125
1725969772515.0928,-0.93139648437,0.39721679687,-0.15673828125
1725969772534.9597,-0.88195800781,0.34106445312,-0.14501953125
1725969772555.0708,-0.88195800781,0.34106445312,-0.14501953125
1725969772575.0598,-0.88195800781,0.34106445312,-0.14501953125
1725969772595.079,-0.88195800781,0.34106445312,-0.14501953125
1725969772614.9768,-0.880859375,0.30444335937,-0.11865234375
1725969772635.0571,-0.880859375,0.30444335937,-0.11865234375
1725969772655.077,-0.880859375,0.30444335937,-0.11865234375
1725969772675.066,-0.880859375,0.30444335937,-0.11865234375
1725969772694.9631,-0.92199707031,0.30200195312,-0.123046875
1725969772715.0745,-0.92199707031,0.30200195312,-0.123046875
1725969772735.0635,-0.92199707031,0.30200195312,-0.123046875
1725969772755.083,-0.92199707031,0.30200195312,-0.123046875
1725969772777.544,-1.07043457031,0.32165527343,-0.16467285156
1725969772794.9387,-1.07043457031,0.32165527343,-0.16467285156
1725969772815.05,-1.07043457031,0.32165527343,-0.16467285156
1725969772835.0696,-1.07043457031,0.32165527343,-0.16467285156
1725969772854.9363,-1.11145019531,0.34753417968,-0.21960449218
1725969772875.078,-1.11145019531,0.34753417968,-0.21960449218
1725969772895.0671,-1.11145019531,0.34753417968,-0.21960449218
1725969772915.056,-1.11145019531,0.34753417968,-0.21960449218
1725969772934.923,-1.02954101562,0.33764648437,-0.26599121093
1725969772955.0647,-1.02954101562,0.33764648437,-0.26599121093
1725969772975.0537,-1.02954101562,0.33764648437,-0.26599121093
1725969772995.0732,-1.02954101562,0.33764648437,-0.26599121093
1725969773014.94,-0.91735839843,0.31848144531,-0.28454589843
1725969773035.0513,-0.91735839843,0.31848144531,-0.28454589843
1725969773055.1013,-0.91735839843,0.31848144531,-0.28454589843
1725969773075.0598,-0.91735839843,0.31848144531,-0.28454589843
1725969773094.9268,-0.806640625,0.34399414062,-0.25048828125
1725969773115.0989,-0.806640625,0.34399414062,-0.25048828125
1725969773135.088,-0.806640625,0.34399414062,-0.25048828125
1725969773155.0464,-0.806640625,0.34399414062,-0.25048828125
1725969773174.9744,-0.78002929687,0.39025878906,-0.23876953125
1725969773195.0547,-0.78002929687,0.39025878906,-0.23876953125
1725969773215.044,-0.78002929687,0.39025878906,-0.23876953125
1725969773235.0635,-0.78002929687,0.39025878906,-0.23876953125
1725969773254.9607,-0.83020019531,0.39404296875,-0.25622558593
1725969773275.0415,-0.83020019531,0.39404296875,-0.25622558593
1725969773295.0916,-0.83020019531,0.39404296875,-0.25622558593
1725969773315.0803,-0.83020019531,0.39404296875,-0.25622558593
1725969773334.9167,-1.09948730468,0.4208984375,-0.24975585937
1725969773355.0583,-1.09948730468,0.4208984375,-0.24975585937
1725969773375.0476,-1.09948730468,0.4208984375,-0.24975585937
1725969773395.0366,-1.09948730468,0.4208984375,-0.24975585937
1725969773414.9644,-1.18347167968,0.4521484375,-0.22802734375
1725969773435.0452,-1.18347167968,0.4521484375,-0.22802734375
1725969773455.034,-1.18347167968,0.4521484375,-0.22802734375
1725969773475.0842,-1.18347167968,0.4521484375,-0.22802734375
1725969773494.9207,-1.04016113281,0.44799804687,-0.16882324218
1725969773515.0315,-1.04016113281,0.44799804687,-0.16882324218
1725969773535.0513,-1.04016113281,0.44799804687,-0.16882324218
1725969773555.0403,-1.04016113281,0.44799804687,-0.16882324218
1725969773574.9375,-0.97644042968,0.44287109375,-0.12036132812
1725969773595.0488,-0.97644042968,0.44287109375,-0.12036132812
1725969773615.0378,-0.97644042968,0.44287109375,-0.12036132812
1725969773635.0571,-0.97644042968,0.44287109375,-0.12036132812
1725969773654.9243,-0.93530273437,0.42175292968,-0.08215332031
1725969773675.0354,-0.93530273437,0.42175292968,-0.08215332031
1725969773695.0547,-0.93530273437,0.42175292968,-0.08215332031
1725969773715.044,-0.93530273437,0.42175292968,-0.08215332031
1725969773734.911,-0.93798828125,0.39624023437,-0.07275390625
1725969773755.0525,-0.93798828125,0.39624023437,-0.07275390625
1725969773775.072,-0.93798828125,0.39624023437,-0.07275390625
1725969773795.0305,-0.93798828125,0.39624023437,-0.07275390625
1725969773814.9585,-0.99035644531,0.35412597656,-0.10791015625
1725969773835.039,-0.99035644531,0.35412597656,-0.10791015625
1725969773855.0583,-0.99035644531,0.35412597656,-0.10791015625
1725969773875.0476,-0.99035644531,0.35412597656,-0.10791015625
1725969773894.9143,-1.00451660156,0.34790039062,-0.18115234375
1725969773915.056,-1.00451660156,0.34790039062,-0.18115234375
1725969773935.0452,-1.00451660156,0.34790039062,-0.18115234375
1725969773955.034,-1.00451660156,0.34790039062,-0.18115234375
1725969773974.9316,-1.0234375,0.37023925781,-0.22729492187
1725969773995.0732,-1.0234375,0.37023925781,-0.22729492187
1725969774015.0315,-1.0234375,0.37023925781,-0.22729492187
1725969774035.0513,-1.0234375,0.37023925781,-0.22729492187
1725969774054.9182,-1.02075195312,0.32116699218,-0.24450683593
1725969774075.0293,-1.02075195312,0.32116699218,-0.24450683593
1725969774095.0183,-1.02075195312,0.32116699218,-0.24450683593
1725969774115.0378,-1.02075195312,0.32116699218,-0.24450683593
1725969774134.9048,-0.92053222656,0.306640625,-0.24328613281
1725969774155.0159,-0.92053222656,0.306640625,-0.24328613281
1725969774175.0354,-0.92053222656,0.306640625,-0.24328613281
1725969774195.0244,-0.92053222656,0.306640625,-0.24328613281
1725969774214.9219,-0.86645507812,0.38952636718,-0.25524902343
1725969774235.0327,-0.86645507812,0.38952636718,-0.25524902343
1725969774255.0525,-0.86645507812,0.38952636718,-0.25524902343
1725969774275.0415,-0.86645507812,0.38952636718,-0.25524902343
1725969774294.9084,-0.86010742187,0.4375,-0.27526855468
1725969774315.05,-0.86010742187,0.4375,-0.27526855468
1725969774335.039,-0.86010742187,0.4375,-0.27526855468
1725969774355.028,-0.86010742187,0.4375,-0.27526855468
1725969774374.9255,-0.986328125,0.43908691406,-0.23461914062
1725969774395.0671,-0.986328125,0.43908691406,-0.23461914062
1725969774415.0256,-0.986328125,0.43908691406,-0.23461914062
1725969774435.0146,-0.986328125,0.43908691406,-0.23461914062
1725969774454.9426,-1.07849121093,0.44494628906,-0.21569824218
1725969774475.0537,-1.07849121093,0.44494628906,-0.21569824218
1725969774495.0122,-1.07849121093,0.44494628906,-0.21569824218
1725969774515.0623,-1.07849121093,0.44494628906,-0.21569824218
1725969774534.9292,-1.12158203125,0.43103027343,-0.19226074218
1725969774555.0095,-1.12158203125,0.43103027343,-0.19226074218
1725969774575.0293,-1.12158203125,0.43103027343,-0.19226074218
1725969774595.0183,-1.12158203125,0.43103027343,-0.19226074218
1725969774614.9155,-1.04052734375,0.39233398437,-0.1708984375
1725969774635.0269,-1.04052734375,0.39233398437,-0.1708984375
1725969774655.0159,-1.04052734375,0.39233398437,-0.1708984375
1725969774675.005,-1.04052734375,0.39233398437,-0.1708984375
1725969774694.9329,-0.86096191406,0.33776855468,-0.17663574218
1725969774715.0134,-0.86096191406,0.33776855468,-0.17663574218
1725969774735.0024,-0.86096191406,0.33776855468,-0.17663574218
1725969774755.022,-0.86096191406,0.33776855468,-0.17663574218
1725969774774.9194,-0.83666992187,0.27160644531,-0.17517089843
1725969774795.0,-0.83666992187,0.27160644531,-0.17517089843
1725969774815.05,-0.83666992187,0.27160644531,-0.17517089843
1725969774835.0083,-0.83666992187,0.27160644531,-0.17517089843
1725969774854.8755,-0.88269042968,0.25646972656,-0.18383789062
1725969774875.017,-0.88269042968,0.25646972656,-0.18383789062
1725969774895.0366,-0.88269042968,0.25646972656,-0.18383789062
1725969774915.0256,-0.88269042968,0.25646972656,-0.18383789062
1725969774934.8923,-0.984375,0.27856445312,-0.19201660156
1725969774955.0037,-0.984375,0.27856445312,-0.19201660156
1725969774975.0232,-0.984375,0.27856445312,-0.19201660156
1725969774995.0122,-0.984375,0.27856445312,-0.19201660156
1725969775014.9097,-1.01403808593,0.30346679687,-0.21252441406
1725969775035.0208,-1.01403808593,0.30346679687,-0.21252441406
1725969775055.0095,-1.01403808593,0.30346679687,-0.21252441406
1725969775075.0293,-1.01403808593,0.30346679687,-0.21252441406
1725969775094.8962,-1.02380371093,0.35571289062,-0.23669433593
1725969775115.007,-1.02380371093,0.35571289062,-0.23669433593
1725969775134.9963,-1.02380371093,0.35571289062,-0.23669433593
1725969775155.0464,-1.02380371093,0.35571289062,-0.23669433593
1725969775174.913,-1.00842285156,0.34985351562,-0.22717285156
1725969775194.994,-1.00842285156,0.34985351562,-0.22717285156
1725969775215.0134,-1.00842285156,0.34985351562,-0.22717285156
1725969775235.0024,-1.00842285156,0.34985351562,-0.22717285156
1725969775254.8691,-0.88562011718,0.34912109375,-0.18408203125
1725969775275.0107,-0.88562011718,0.34912109375,-0.18408203125
1725969775295.0,-0.88562011718,0.34912109375,-0.18408203125
1725969775314.989,-0.88562011718,0.34912109375,-0.18408203125
1725969775334.8865,-0.82727050781,0.41552734375,-0.17541503906
1725969775354.9976,-0.82727050781,0.41552734375,-0.17541503906
1725969775374.9863,-0.82727050781,0.41552734375,-0.17541503906
1725969775395.006,-0.82727050781,0.41552734375,-0.17541503906
1725969775414.9036,-0.8583984375,0.44653320312,-0.20788574218
1725969775434.984,-0.8583984375,0.44653320312,-0.20788574218
1725969775455.0037,-0.8583984375,0.44653320312,-0.20788574218
1725969775474.9927,-0.8583984375,0.44653320312,-0.20788574218
1725969775494.8596,-1.02624511718,0.45471191406,-0.22412109375
1725969775515.0012,-1.02624511718,0.45471191406,-0.22412109375
1725969775535.0208,-1.02624511718,0.45471191406,-0.22412109375
1725969775555.0095,-1.02624511718,0.45471191406,-0.22412109375
1725969775574.9072,-1.09606933593,0.46691894531,-0.259765625
1725969775595.0183,-1.09606933593,0.46691894531,-0.259765625
1725969775615.007,-1.09606933593,0.46691894531,-0.259765625
1725969775634.9963,-1.09606933593,0.46691894531,-0.259765625
1725969775654.8633,-0.99633789062,0.47778320312,-0.28381347656
1725969775675.005,-0.99633789062,0.47778320312,-0.28381347656
1725969775694.994,-0.99633789062,0.47778320312,-0.28381347656
1725969775714.983,-0.99633789062,0.47778320312,-0.28381347656
1725969775734.911,-0.95190429687,0.44018554687,-0.2490234375
1725969775755.022,-0.95190429687,0.44018554687,-0.2490234375
1725969775774.9805,-0.95190429687,0.44018554687,-0.2490234375
1725969775795.0,-0.95190429687,0.44018554687,-0.2490234375
1725969775814.8975,-0.93432617187,0.36633300781,-0.19958496093
1725969775835.0083,-0.93432617187,0.36633300781,-0.19958496093
1725969775854.9976,-0.93432617187,0.36633300781,-0.19958496093
1725969775874.9863,-0.93432617187,0.36633300781,-0.19958496093
1725969775894.884,-0.90002441406,0.32238769531,-0.166015625
1725969775914.995,-0.90002441406,0.32238769531,-0.166015625
1725969775935.0146,-0.90002441406,0.32238769531,-0.166015625
1725969775954.9731,-0.90002441406,0.32238769531,-0.166015625
1725969775974.8706,-0.86108398437,0.29577636718,-0.18054199218
1725969775995.0122,-0.86108398437,0.29577636718,-0.18054199218
1725969776015.0012,-0.86108398437,0.29577636718,-0.18054199218
1725969776034.9902,-0.86108398437,0.29577636718,-0.18054199218
1725969776054.8877,-0.87939453125,0.29064941406,-0.2353515625
1725969776074.9988,-0.87939453125,0.29064941406,-0.2353515625
1725969776095.0183,-0.87939453125,0.29064941406,-0.2353515625
1725969776114.9768,-0.87939453125,0.29064941406,-0.2353515625
1725969776134.8435,-0.97033691406,0.29858398437,-0.2890625
1725969776154.985,-0.97033691406,0.29858398437,-0.2890625
1725969776175.005,-0.97033691406,0.29858398437,-0.2890625
1725969776194.994,-0.97033691406,0.29858398437,-0.2890625
1725969776214.8608,-1.04919433593,0.33471679687,-0.32653808593
1725969776234.972,-1.04919433593,0.33471679687,-0.32653808593
1725969776254.9915,-1.04919433593,0.33471679687,-0.32653808593
1725969776274.9805,-1.04919433593,0.33471679687,-0.32653808593
1725969776294.8474,-1.00573730468,0.34631347656,-0.3388671875
1725969776314.989,-1.00573730468,0.34631347656,-0.3388671875
1725969776335.0083,-1.00573730468,0.34631347656,-0.3388671875
1725969776354.9976,-1.00573730468,0.34631347656,-0.3388671875
1725969776374.8645,-0.86657714843,0.33605957031,-0.30908203125
1725969776395.006,-0.86657714843,0.33605957031,-0.30908203125
1725969776414.9644,-0.86657714843,0.33605957031,-0.30908203125
1725969776435.0146,-0.86657714843,0.33605957031,-0.30908203125
1725969776454.8816,-0.79650878906,0.38024902343,-0.25256347656
1725969776474.9927,-0.79650878906,0.38024902343,-0.25256347656
1725969776495.0122,-0.79650878906,0.38024902343,-0.25256347656
1725969776514.9707,-0.79650878906,0.38024902343,-0.25256347656
1725969776534.868,-0.80969238281,0.43212890625,-0.22302246093
1725969776554.9792,-0.80969238281,0.43212890625,-0.22302246093
1725969776574.9988,-0.80969238281,0.43212890625,-0.22302246093
1725969776594.9875,-0.80969238281,0.43212890625,-0.22302246093
1725969776614.8853,-0.89404296875,0.45739746093,-0.23425292968
1725969776634.9658,-0.89404296875,0.45739746093,-0.23425292968
1725969776654.9548,-0.89404296875,0.45739746093,-0.23425292968
1725969776674.9744,-0.89404296875,0.45739746093,-0.23425292968
1725969776694.8718,-1.10778808593,0.50769042968,-0.24194335937
1725969776714.983,-1.10778808593,0.50769042968,-0.24194335937
1725969776735.0024,-1.10778808593,0.50769042968,-0.24194335937
1725969776754.9607,-1.10778808593,0.50769042968,-0.24194335937
1725969776774.8584,-0.99340820312,0.5009765625,-0.22216796875
1725969776794.9695,-0.99340820312,0.5009765625,-0.22216796875
1725969776814.9585,-0.99340820312,0.5009765625,-0.22216796875
1725969776834.978,-0.99340820312,0.5009765625,-0.22216796875
1725969776854.8755,-1.03283691406,0.44567871093,-0.19738769531
1725969776874.956,-1.03283691406,0.44567871093,-0.19738769531
1725969776894.9756,-1.03283691406,0.44567871093,-0.19738769531
1725969776914.9644,-1.03283691406,0.44567871093,-0.19738769531
1725969776934.8315,-1.11169433593,0.39807128906,-0.23693847656
1725969776954.9731,-1.11169433593,0.39807128906,-0.23693847656
1725969776974.962,-1.11169433593,0.39807128906,-0.23693847656
1725969776994.9512,-1.11169433593,0.39807128906,-0.23693847656
1725969777014.8792,-1.04321289062,0.34973144531,-0.31579589843
1725969777034.9597,-1.04321289062,0.34973144531,-0.31579589843
1725969777054.9792,-1.04321289062,0.34973144531,-0.31579589843
1725969777074.9683,-1.04321289062,0.34973144531,-0.31579589843
1725969777094.8352,-0.87780761718,0.27722167968,-0.34948730468
1725969777114.9463,-0.87780761718,0.27722167968,-0.34948730468
1725969777134.9963,-0.87780761718,0.27722167968,-0.34948730468
1725969777154.985,-0.87780761718,0.27722167968,-0.34948730468
1725969777174.8523,-0.82995605468,0.23913574218,-0.31616210937
1725969777194.9631,-0.82995605468,0.23913574218,-0.31616210937
1725969777214.9524,-0.82995605468,0.23913574218,-0.31616210937
1725969777234.9414,-0.82995605468,0.23913574218,-0.31616210937
1725969777254.8691,-1.06713867187,0.29968261718,-0.21203613281
1725969777274.95,-1.06713867187,0.29968261718,-0.21203613281
1725969777294.9387,-1.06713867187,0.29968261718,-0.21203613281
1725969777314.9585,-1.06713867187,0.29968261718,-0.21203613281
1725969777334.8254,-1.27673339843,0.44677734375,-0.13537597656
1725969777354.967,-1.27673339843,0.44677734375,-0.13537597656
1725969777374.956,-1.27673339843,0.44677734375,-0.13537597656
1725969777394.945,-1.27673339843,0.44677734375,-0.13537597656
1725969777414.8423,-1.13989257812,0.44958496093,-0.13403320312
1725969777434.984,-1.13989257812,0.44958496093,-0.13403320312
1725969777454.9426,-1.13989257812,0.44958496093,-0.13403320312
1725969777475.0232,-1.13989257812,0.44958496093,-0.13403320312
1725969777494.8596,-0.94482421875,0.34252929687,-0.08544921875
1725969777514.9707,-0.94482421875,0.34252929687,-0.08544921875
1725969777534.9902,-0.94482421875,0.34252929687,-0.08544921875
1725969777554.9487,-0.94482421875,0.34252929687,-0.08544921875
1725969777574.846,-0.85803222656,0.35302734375,-0.01586914062
1725969777594.9573,-0.85803222656,0.35302734375,-0.01586914062
1725969777614.9768,-0.85803222656,0.35302734375,-0.01586914062
1725969777634.9658,-0.85803222656,0.35302734375,-0.01586914062
1725969777654.8633,-0.80822753906,0.45593261718,-0.07104492187
1725969777674.9438,-0.80822753906,0.45593261718,-0.07104492187
1725969777694.9631,-0.80822753906,0.45593261718,-0.07104492187
1725969777714.9524,-0.80822753906,0.45593261718,-0.07104492187
1725969777734.8499,-0.93090820312,0.54455566406,-0.16748046875
1725969777754.9304,-0.93090820312,0.54455566406,-0.16748046875
1725969777774.95,-0.93090820312,0.54455566406,-0.16748046875
1725969777794.9387,-0.93090820312,0.54455566406,-0.16748046875
1725969777814.8364,-1.03393554687,0.47021484375,-0.21875
1725969777834.9475,-1.03393554687,0.47021484375,-0.21875
1725969777854.9363,-1.03393554687,0.47021484375,-0.21875
1725969777874.9255,-1.03393554687,0.47021484375,-0.21875
1725969777894.8228,-0.974609375,0.45324707031,-0.25
1725969777914.934,-0.974609375,0.45324707031,-0.25
1725969777934.923,-0.974609375,0.45324707031,-0.25
1725969777954.9731,-0.974609375,0.45324707031,-0.25
1725969777974.8096,-1.02624511718,0.48803710937,-0.24682617187
1725969777994.9207,-1.02624511718,0.48803710937,-0.24682617187
1725969778014.94,-1.02624511718,0.48803710937,-0.24682617187
1725969778034.9292,-1.02624511718,0.48803710937,-0.24682617187
1725969778054.796,-1.05236816406,0.41674804687,-0.25061035156
1725969778074.9375,-1.05236816406,0.41674804687,-0.25061035156
1725969778094.9573,-1.05236816406,0.41674804687,-0.25061035156
1725969778114.9463,-1.05236816406,0.41674804687,-0.25061035156
1725969778134.8435,-0.97277832031,0.35119628906,-0.25964355468
1725969778154.9243,-0.97277832031,0.35119628906,-0.25964355468
1725969778174.9438,-0.97277832031,0.35119628906,-0.25964355468
1725969778194.9329,-0.97277832031,0.35119628906,-0.25964355468
1725969778214.8303,-0.91174316406,0.28723144531,-0.26391601562
1725969778234.9414,-0.91174316406,0.28723144531,-0.26391601562
1725969778254.9607,-0.91174316406,0.28723144531,-0.26391601562
1725969778274.9194,-0.91174316406,0.28723144531,-0.26391601562
1725969778294.817,-0.89465332031,0.25854492187,-0.26794433593
1725969778314.928,-0.89465332031,0.25854492187,-0.26794433593
1725969778334.9475,-0.89465332031,0.25854492187,-0.26794433593
1725969778354.967,-0.89465332031,0.25854492187,-0.26794433593
1725969778374.8035,-1.0576171875,0.26281738281,-0.21350097656
1725969778394.9143,-1.0576171875,0.26281738281,-0.21350097656
1725969778414.934,-1.0576171875,0.26281738281,-0.21350097656
1725969778434.923,-1.0576171875,0.26281738281,-0.21350097656
1725969778454.79,-1.08996582031,0.29919433593,-0.14538574218
1725969778474.9316,-1.08996582031,0.29919433593,-0.14538574218
1725969778494.9207,-1.08996582031,0.29919433593,-0.14538574218
1725969778514.9097,-1.08996582031,0.29919433593,-0.14538574218
1725969778534.8376,-0.97888183593,0.36511230468,-0.14489746093
1725969778554.9182,-0.97888183593,0.36511230468,-0.14489746093
1725969778574.9375,-0.97888183593,0.36511230468,-0.14489746093
1725969778594.9268,-0.97888183593,0.36511230468,-0.14489746093
1725969778614.8242,-0.91247558593,0.36047363281,-0.16027832031
1725969778634.9048,-0.91247558593,0.36047363281,-0.16027832031
1725969778654.9243,-0.91247558593,0.36047363281,-0.16027832031
1725969778674.913,-0.91247558593,0.36047363281,-0.16027832031
1725969778694.7803,-0.86169433593,0.33227539062,-0.1279296875
1725969778714.9219,-0.86169433593,0.33227539062,-0.1279296875
1725969778734.9414,-0.86169433593,0.33227539062,-0.1279296875
1725969778754.9304,-0.86169433593,0.33227539062,-0.1279296875
1725969778774.828,-0.90368652343,0.37121582031,-0.10131835937
1725969778794.817,-0.90368652343,0.37121582031,-0.10131835937
1725969778814.928,-0.90368652343,0.37121582031,-0.10131835937
1725969778834.9167,-0.90368652343,0.37121582031,-0.10131835937
1725969778854.8145,-0.94934082031,0.42175292968,-0.11499023437
1725969778874.9255,-0.94934082031,0.42175292968,-0.11499023437
1725969778894.945,-0.94934082031,0.42175292968,-0.11499023437
1725969778914.9036,-0.94934082031,0.42175292968,-0.11499023437
1725969778934.801,-1.12805175781,0.46496582031,-0.11303710937
1725969778954.9426,-1.12805175781,0.46496582031,-0.11303710937
1725969778974.9011,-1.12805175781,0.46496582031,-0.11303710937
1725969778994.9207,-1.12805175781,0.46496582031,-0.11303710937
1725969779014.818,-1.13317871093,0.52380371093,-0.11938476562
1725969779034.9292,-1.13317871093,0.52380371093,-0.11938476562
1725969779054.9182,-1.13317871093,0.52380371093,-0.11938476562
1725969779074.9375,-1.13317871093,0.52380371093,-0.11938476562
1725969779094.774,-0.97814941406,0.55639648437,-0.14111328125
1725969779114.9155,-0.97814941406,0.55639648437,-0.14111328125
1725969779134.9353,-0.97814941406,0.55639648437,-0.14111328125
1725969779154.8936,-0.97814941406,0.55639648437,-0.14111328125
1725969779174.7913,-0.98510742187,0.51745605468,-0.16381835937
1725969779194.9329,-0.98510742187,0.51745605468,-0.16381835937
1725969779214.9219,-0.98510742187,0.51745605468,-0.16381835937
1725969779234.911,-0.98510742187,0.51745605468,-0.16381835937
1725969779254.7778,-1.02795410156,0.43884277343,-0.17749023437
1725969779274.889,-1.02795410156,0.43884277343,-0.17749023437
1725969779294.9084,-1.02795410156,0.43884277343,-0.17749023437
1725969779314.928,-1.02795410156,0.43884277343,-0.17749023437
1725969779334.7644,-1.04382324218,0.35412597656,-0.15368652343
1725969779354.9363,-1.04382324218,0.35412597656,-0.15368652343
1725969779374.895,-1.04382324218,0.35412597656,-0.15368652343
1725969779394.9143,-1.04382324218,0.35412597656,-0.15368652343
1725969779414.7815,-1.02404785156,0.29797363281,-0.12585449218
1725969779434.8923,-1.02404785156,0.29797363281,-0.12585449218
1725969779454.912,-1.02404785156,0.29797363281,-0.12585449218
1725969779474.9011,-1.02404785156,0.29797363281,-0.12585449218
1725969779494.7983,-1.06127929687,0.27685546875,-0.115234375
1725969779514.9097,-1.06127929687,0.27685546875,-0.115234375
1725969779534.8987,-1.06127929687,0.27685546875,-0.115234375
1725969779554.8877,-1.06127929687,0.27685546875,-0.115234375
1725969779574.7852,-1.08435058593,0.3046875,-0.1767578125
1725969779594.8962,-1.08435058593,0.3046875,-0.1767578125
1725969779614.8853,-1.08435058593,0.3046875,-0.1767578125
1725969779634.9048,-1.08435058593,0.3046875,-0.1767578125
1725969779654.7715,-1.01477050781,0.28332519531,-0.25646972656
1725969779674.8828,-1.01477050781,0.28332519531,-0.25646972656
1725969779694.9329,-1.01477050781,0.28332519531,-0.25646972656
1725969779714.9219,-1.01477050781,0.28332519531,-0.25646972656
1725969779734.911,-0.87084960937,0.26391601562,-0.27807617187
1725969779754.9,-0.87084960937,0.26391601562,-0.27807617187
1725969779774.889,-0.87084960937,0.26391601562,-0.27807617187
1725969779794.878,-0.87084960937,0.26391601562,-0.27807617187
1725969779814.7751,-0.86206054687,0.32055664062,-0.2578125
1725969779834.9167,-0.86206054687,0.32055664062,-0.2578125
1725969779854.8755,-0.86206054687,0.32055664062,-0.2578125
1725969779874.895,-0.86206054687,0.32055664062,-0.2578125
1725969779894.7925,-0.8955078125,0.38037109375,-0.25476074218
1725969779914.873,-0.8955078125,0.38037109375,-0.25476074218
1725969779934.8923,-0.8955078125,0.38037109375,-0.25476074218
1725969779954.8816,-0.8955078125,0.38037109375,-0.25476074218
1725969779974.7483,-0.98095703125,0.4228515625,-0.23547363281
1725969779994.89,-0.98095703125,0.4228515625,-0.23547363281
1725969780014.9097,-0.98095703125,0.4228515625,-0.23547363281
1725969780034.8987,-0.98095703125,0.4228515625,-0.23547363281
1725969780054.796,-1.18762207031,0.49267578125,-0.18481445312
1725969780074.8767,-1.18762207031,0.49267578125,-0.18481445312
1725969780094.8962,-1.18762207031,0.49267578125,-0.18481445312
1725969780114.9155,-1.18762207031,0.49267578125,-0.18481445312
1725969780134.752,-1.25476074218,0.5283203125,-0.13195800781
1725969780154.8936,-1.25476074218,0.5283203125,-0.13195800781
1725969780174.8828,-1.25476074218,0.5283203125,-0.13195800781
1725969780194.8718,-1.25476074218,0.5283203125,-0.13195800781
1725969780214.7693,-1.16943359375,0.48657226562,-0.10107421875
1725969780234.8804,-1.16943359375,0.48657226562,-0.10107421875
1725969780254.8691,-1.16943359375,0.48657226562,-0.10107421875
1725969780274.889,-1.16943359375,0.48657226562,-0.10107421875
1725969780294.7559,-1.10034179687,0.43371582031,-0.1357421875
1725969780314.8667,-1.10034179687,0.43371582031,-0.1357421875
1725969780334.8865,-1.10034179687,0.43371582031,-0.1357421875
1725969780354.8755,-1.10034179687,0.43371582031,-0.1357421875
1725969780374.7727,-1.07019042968,0.38720703125,-0.189453125
1725969780394.884,-1.07019042968,0.38720703125,-0.189453125
1725969780414.873,-1.07019042968,0.38720703125,-0.189453125
1725969780434.862,-1.07019042968,0.38720703125,-0.189453125
1725969780454.79,-0.99670410156,0.30297851562,-0.21020507812
1725969780474.8706,-0.99670410156,0.30297851562,-0.21020507812
1725969780494.8596,-0.99670410156,0.30297851562,-0.21020507812
1725969780514.8792,-0.99670410156,0.30297851562,-0.21020507812
1725969780534.7766,-0.93432617187,0.24084472656,-0.22106933593
1725969780554.8572,-0.93432617187,0.24084472656,-0.22106933593
1725969780574.9072,-0.93432617187,0.24084472656,-0.22106933593
1725969780594.8655,-0.93432617187,0.24084472656,-0.22106933593
1725969780614.7632,-1.02514648437,0.24621582031,-0.20520019531
1725969780634.8743,-1.02514648437,0.24621582031,-0.20520019531
1725969780654.8936,-1.02514648437,0.24621582031,-0.20520019531
1725969780674.8828,-1.02514648437,0.24621582031,-0.20520019531
1725969780694.7803,-1.07995605468,0.28942871093,-0.16552734375
1725969780714.8608,-1.07995605468,0.28942871093,-0.16552734375
1725969780734.8804,-1.07995605468,0.28942871093,-0.16552734375
1725969780754.9,-1.07995605468,0.28942871093,-0.16552734375
1725969780774.7363,-1.0888671875,0.35119628906,-0.14916992187
1725969780794.878,-1.0888671875,0.35119628906,-0.14916992187
1725969780814.8667,-1.0888671875,0.35119628906,-0.14916992187
1725969780834.856,-1.0888671875,0.35119628906,-0.14916992187
1725969780854.7534,-1.03466796875,0.34875488281,-0.15185546875
1725969780874.8645,-1.03466796875,0.34875488281,-0.15185546875
1725969780894.8535,-1.03466796875,0.34875488281,-0.15185546875
1725969780914.9036,-1.03466796875,0.34875488281,-0.15185546875
1725969780934.74,-0.91662597656,0.34765625,-0.14794921875
1725969780954.851,-0.91662597656,0.34765625,-0.14794921875
1725969780974.8706,-0.91662597656,0.34765625,-0.14794921875
1725969780994.8596,-0.91662597656,0.34765625,-0.14794921875
1725969781014.757,-0.87927246093,0.39709472656,-0.17529296875
1725969781034.868,-0.87927246093,0.39709472656,-0.17529296875
1725969781054.8572,-0.87927246093,0.39709472656,-0.17529296875
1725969781074.8767,-0.87927246093,0.39709472656,-0.17529296875
1725969781094.774,-0.92126464843,0.44104003906,-0.22448730468
1725969781114.8547,-0.92126464843,0.44104003906,-0.22448730468
1725969781134.8435,-0.92126464843,0.44104003906,-0.22448730468
1725969781154.8936,-0.92126464843,0.44104003906,-0.22448730468
1725969781174.7302,-1.0732421875,0.48034667968,-0.21618652343
1725969781194.8413,-1.0732421875,0.48034667968,-0.21618652343
1725969781214.8608,-1.0732421875,0.48034667968,-0.21618652343
1725969781234.8499,-1.0732421875,0.48034667968,-0.21618652343
1725969781254.7473,-1.11694335937,0.48083496093,-0.18627929687
1725969781274.8584,-1.11694335937,0.48083496093,-0.18627929687
1725969781294.878,-1.11694335937,0.48083496093,-0.18627929687
1725969781314.8975,-1.11694335937,0.48083496093,-0.18627929687
1725969781334.734,-1.09887695312,0.46032714843,-0.15454101562
1725969781354.8447,-1.09887695312,0.46032714843,-0.15454101562
1725969781374.895,-1.09887695312,0.46032714843,-0.15454101562
1725969781394.8535,-1.09887695312,0.46032714843,-0.15454101562
1725969781414.7205,-1.11022949218,0.41943359375,-0.13049316406
1725969781434.862,-1.11022949218,0.41943359375,-0.13049316406
1725969781454.851,-1.11022949218,0.41943359375,-0.13049316406
1725969781474.84,-1.11022949218,0.41943359375,-0.13049316406
1725969781494.768,-1.05603027343,0.35559082031,-0.13171386718
1725969781514.8486,-1.05603027343,0.35559082031,-0.13171386718
1725969781534.8376,-1.05603027343,0.35559082031,-0.13171386718
1725969781554.8572,-1.05603027343,0.35559082031,-0.13171386718
1725969781574.724,-0.99951171875,0.29760742187,-0.13012695312
1725969781594.8352,-0.99951171875,0.29760742187,-0.13012695312
1725969781614.8547,-0.99951171875,0.29760742187,-0.13012695312
1725969781634.9353,-0.99951171875,0.29760742187,-0.13012695312
1725969781654.7412,-0.9658203125,0.26440429687,-0.14501953125
1725969781674.8523,-0.9658203125,0.26440429687,-0.14501953125
1725969781694.8413,-0.9658203125,0.26440429687,-0.14501953125
1725969781714.8303,-0.9658203125,0.26440429687,-0.14501953125
1725969781734.7275,-0.98254394531,0.25305175781,-0.17602539062
1725969781754.8389,-0.98254394531,0.25305175781,-0.17602539062
1725969781774.828,-0.98254394531,0.25305175781,-0.17602539062
1725969781794.8474,-0.98254394531,0.25305175781,-0.17602539062
1725969781814.7449,-0.95068359375,0.26550292968,-0.17907714843
1725969781834.8254,-0.95068359375,0.26550292968,-0.17907714843
1725969781854.8755,-0.95068359375,0.26550292968,-0.17907714843
1725969781874.834,-0.95068359375,0.26550292968,-0.17907714843
1725969781894.7007,-1.01708984375,0.33276367187,-0.17944335937
1725969781914.873,-1.01708984375,0.33276367187,-0.17944335937
1725969781934.8315,-1.01708984375,0.33276367187,-0.17944335937
1725969781954.851,-1.01708984375,0.33276367187,-0.17944335937
1725969781974.718,-1.05749511718,0.34643554687,-0.16809082031
1725969781994.8596,-1.05749511718,0.34643554687,-0.16809082031
1725969782014.8486,-1.05749511718,0.34643554687,-0.16809082031
1725969782034.8376,-1.05749511718,0.34643554687,-0.16809082031
1725969782054.735,-0.95642089843,0.34545898437,-0.14709472656
1725969782074.846,-0.95642089843,0.34545898437,-0.14709472656
1725969782094.8352,-0.95642089843,0.34545898437,-0.14709472656
1725969782114.8242,-0.95642089843,0.34545898437,-0.14709472656
1725969782134.7217,-0.92907714843,0.40759277343,-0.17077636718
1725969782154.8633,-0.92907714843,0.40759277343,-0.17077636718
1725969782174.8523,-0.92907714843,0.40759277343,-0.17077636718
1725969782194.8413,-0.92907714843,0.40759277343,-0.17077636718
1725969782214.7388,-0.98205566406,0.45104980468,-0.2109375
1725969782234.8499,-0.98205566406,0.45104980468,-0.2109375
1725969782254.8691,-0.98205566406,0.45104980468,-0.2109375
1725969782274.828,-0.98205566406,0.45104980468,-0.2109375
1725969782294.6948,-1.20581054687,0.5068359375,-0.18310546875
1725969782314.8364,-1.20581054687,0.5068359375,-0.18310546875
1725969782334.8254,-1.20581054687,0.5068359375,-0.18310546875
1725969782354.8145,-1.20581054687,0.5068359375,-0.18310546875
1725969782374.7727,-1.16186523437,0.50244140625,-0.13854980468
1725969782394.8228,-1.16186523437,0.50244140625,-0.13854980468
1725969782414.812,-1.16186523437,0.50244140625,-0.13854980468
1725969782434.8315,-1.16186523437,0.50244140625,-0.13854980468
1725969782454.6985,-1.11975097656,0.45263671875,-0.13439941406
1725969782474.84,-1.11975097656,0.45263671875,-0.13439941406
1725969782494.829,-1.11975097656,0.45263671875,-0.13439941406
1725969782514.818,-1.11975097656,0.45263671875,-0.13439941406
1725969782534.7156,-1.05627441406,0.37524414062,-0.15856933593
1725969782554.8267,-1.05627441406,0.37524414062,-0.15856933593
1725969782574.846,-1.05627441406,0.37524414062,-0.15856933593
1725969782594.8352,-1.05627441406,0.37524414062,-0.15856933593
1725969782614.7327,-1.04235839843,0.30053710937,-0.171875
1725969782634.8132,-1.04235839843,0.30053710937,-0.171875
1725969782654.8633,-1.04235839843,0.30053710937,-0.171875
1725969782674.8215,-1.04235839843,0.30053710937,-0.171875
1725969782694.7192,-1.01403808593,0.25952148437,-0.19799804687
1725969782714.8303,-1.01403808593,0.25952148437,-0.19799804687
1725969782734.8499,-1.01403808593,0.25952148437,-0.19799804687
1725969782754.8389,-1.01403808593,0.25952148437,-0.19799804687
1725969782774.7363,-1.02368164062,0.25280761718,-0.20385742187
1725969782794.817,-1.02368164062,0.25280761718,-0.20385742187
1725969782814.806,-1.02368164062,0.25280761718,-0.20385742187
1725969782834.8254,-1.02368164062,0.25280761718,-0.20385742187
1725969782854.723,-1.01574707031,0.26647949218,-0.18151855468
1725969782874.834,-1.01574707031,0.26647949218,-0.18151855468
1725969782894.8535,-1.01574707031,0.26647949218,-0.18151855468
1725969782914.812,-1.01574707031,0.26647949218,-0.18151855468
1725969782934.6787,-1.10375976562,0.32385253906,-0.17846679687
1725969782954.8203,-1.10375976562,0.32385253906,-0.17846679687
1725969782974.8096,-1.10375976562,0.32385253906,-0.17846679687
1725969782994.829,-1.10375976562,0.32385253906,-0.17846679687
1725969783014.696,-1.14587402343,0.35791015625,-0.18957519531
1725969783034.8071,-1.14587402343,0.35791015625,-0.18957519531
1725969783054.8267,-1.14587402343,0.35791015625,-0.18957519531
1725969783074.8157,-1.14587402343,0.35791015625,-0.18957519531
1725969783094.7131,-1.03723144531,0.39050292968,-0.18115234375
1725969783114.8242,-1.03723144531,0.39050292968,-0.18115234375
1725969783134.8435,-1.03723144531,0.39050292968,-0.18115234375
1725969783154.8022,-1.03723144531,0.39050292968,-0.18115234375
1725969783174.6997,-0.99182128906,0.46398925781,-0.21374511718
1725969783194.8413,-0.99182128906,0.46398925781,-0.21374511718
1725969783214.7998,-0.99182128906,0.46398925781,-0.21374511718
1725969783234.819,-0.99182128906,0.46398925781,-0.21374511718
1725969783254.7168,-0.98937988281,0.556640625,-0.26330566406
1725969783274.797,-0.98937988281,0.556640625,-0.26330566406
1725969783294.817,-0.98937988281,0.556640625,-0.26330566406
1725969783314.8364,-0.98937988281,0.556640625,-0.26330566406
1725969783334.6729,-1.19567871093,0.60192871093,-0.2353515625
1725969783354.8145,-1.19567871093,0.60192871093,-0.2353515625
1725969783374.8035,-1.19567871093,0.60192871093,-0.2353515625
1725969783394.7925,-1.19567871093,0.60192871093,-0.2353515625
1725969783414.7205,-1.36376953125,0.56994628906,-0.166015625
1725969783434.8315,-1.36376953125,0.56994628906,-0.166015625
1725969783454.79,-1.36376953125,0.56994628906,-0.166015625
1725969783474.84,-1.36376953125,0.56994628906,-0.166015625
1725969783494.6765,-1.30249023437,0.49560546875,-0.11071777343
1725969783514.7876,-1.30249023437,0.49560546875,-0.11071777343
1725969783534.8071,-1.30249023437,0.49560546875,-0.11071777343
1725969783554.796,-1.30249023437,0.49560546875,-0.11071777343
1725969783574.6936,-1.18640136718,0.39428710937,-0.09020996093
1725969783594.8047,-1.18640136718,0.39428710937,-0.09020996093
1725969783614.7937,-1.18640136718,0.39428710937,-0.09020996093
1725969783634.7827,-1.18640136718,0.39428710937,-0.09020996093
1725969783654.7107,-1.080078125,0.310546875,-0.08996582031
1725969783674.7913,-1.080078125,0.310546875,-0.08996582031
1725969783694.8108,-1.080078125,0.310546875,-0.08996582031
1725969783714.7998,-1.080078125,0.310546875,-0.08996582031
1725969783734.6667,-1.00756835937,0.26208496093,-0.10559082031
1725969783754.7778,-1.00756835937,0.26208496093,-0.10559082031
1725969783774.797,-1.00756835937,0.26208496093,-0.10559082031
1725969783794.7864,-1.00756835937,0.26208496093,-0.10559082031
1725969783814.6533,-0.94775390625,0.251953125,-0.13684082031
1725969783834.795,-0.94775390625,0.251953125,-0.13684082031
1725969783854.784,-0.94775390625,0.251953125,-0.13684082031
1725969783874.834,-0.94775390625,0.251953125,-0.13684082031
1725969783894.6704,-0.99597167968,0.25769042968,-0.15441894531
1725969783914.7815,-0.99597167968,0.25769042968,-0.15441894531
1725969783934.8315,-0.99597167968,0.25769042968,-0.15441894531
1725969783954.79,-0.99597167968,0.25769042968,-0.15441894531
1725969783974.6875,-1.11633300781,0.27905273437,-0.17626953125
1725969783994.7983,-1.11633300781,0.27905273437,-0.17626953125
1725969784014.818,-1.11633300781,0.27905273437,-0.17626953125
1725969784034.7766,-1.11633300781,0.27905273437,-0.17626953125
1725969784054.7043,-1.12670898437,0.31518554687,-0.22082519531
1725969784074.7852,-1.12670898437,0.31518554687,-0.22082519531
1725969784094.8047,-1.12670898437,0.31518554687,-0.22082519531
1725969784114.7937,-1.12670898437,0.31518554687,-0.22082519531
1725969784134.6606,-1.044921875,0.33813476562,-0.24157714843
1725969784154.7715,-1.044921875,0.33813476562,-0.24157714843
1725969784174.7913,-1.044921875,0.33813476562,-0.24157714843
1725969784194.7803,-1.044921875,0.33813476562,-0.24157714843
1725969784214.6775,-1.04125976562,0.40209960937,-0.22729492187
1725969784234.819,-1.04125976562,0.40209960937,-0.22729492187
1725969784254.8083,-1.04125976562,0.40209960937,-0.22729492187
1725969784274.95,-1.04125976562,0.40209960937,-0.22729492187
1725969784294.6948,-1.02807617187,0.48498535156,-0.22485351562
1725969784314.7751,-1.02807617187,0.48498535156,-0.22485351562
1725969784334.795,-1.02807617187,0.48498535156,-0.22485351562
1725969784354.784,-1.02807617187,0.48498535156,-0.22485351562
1725969784374.651,-1.00317382812,0.54357910156,-0.20593261718
1725969784394.762,-1.00317382812,0.54357910156,-0.20593261718
1725969784414.7815,-1.00317382812,0.54357910156,-0.20593261718
1725969784434.7705,-1.00317382812,0.54357910156,-0.20593261718
1725969784454.668,-1.08337402343,0.56567382812,-0.18774414062
1725969784474.8096,-1.08337402343,0.56567382812,-0.18774414062
1725969784494.768,-1.08337402343,0.56567382812,-0.18774414062
1725969784514.7876,-1.08337402343,0.56567382812,-0.18774414062
1725969784534.6543,-1.19885253906,0.53942871093,-0.16784667968
1725969784554.7656,-1.19885253906,0.53942871093,-0.16784667968
1725969784574.7852,-1.19885253906,0.53942871093,-0.16784667968
1725969784594.774,-1.19885253906,0.53942871093,-0.16784667968
1725969784614.6716,-1.24328613281,0.466796875,-0.12719726562
1725969784634.7827,-1.24328613281,0.466796875,-0.12719726562
1725969784654.8022,-1.24328613281,0.466796875,-0.12719726562
1725969784674.7607,-1.24328613281,0.466796875,-0.12719726562
1725969784694.6887,-1.20458984375,0.37145996093,-0.11254882812
1725969784714.7693,-1.20458984375,0.37145996093,-0.11254882812
1725969784734.7583,-1.20458984375,0.37145996093,-0.11254882812
1725969784754.7778,-1.20458984375,0.37145996093,-0.11254882812
1725969784774.6448,-1.14489746093,0.28308105468,-0.09936523437
1725969784794.7559,-1.14489746093,0.28308105468,-0.09936523437
1725969784814.806,-1.14489746093,0.28308105468,-0.09936523437
1725969784834.7644,-1.14489746093,0.28308105468,-0.09936523437
1725969784857.5,-1.05139160156,0.23461914062,-0.0859375
1725969784874.651,-1.05139160156,0.23461914062,-0.0859375
1725969784894.762,-1.05139160156,0.23461914062,-0.0859375
1725969784914.7507,-1.05139160156,0.23461914062,-0.0859375
1725969784934.6484,-0.8994140625,0.255859375,-0.11413574218
1725969784954.7595,-0.8994140625,0.255859375,-0.11413574218
1725969784974.779,-0.8994140625,0.255859375,-0.11413574218
1725969784994.768,-0.8994140625,0.255859375,-0.11413574218
1725969785014.635,-0.83471679687,0.28137207031,-0.16162109375
1725969785034.746,-0.83471679687,0.28137207031,-0.16162109375
1725969785054.796,-0.83471679687,0.28137207031,-0.16162109375
1725969785074.7852,-0.83471679687,0.28137207031,-0.16162109375
1725969785094.652,-1.04858398437,0.29956054687,-0.20556640625
1725969785114.7632,-1.04858398437,0.29956054687,-0.20556640625
1725969785134.7827,-1.04858398437,0.29956054687,-0.20556640625
1725969785154.7715,-1.04858398437,0.29956054687,-0.20556640625
1725969785174.6387,-1.08935546875,0.36169433593,-0.21423339843
1725969785194.7495,-1.08935546875,0.36169433593,-0.21423339843
1725969785214.7693,-1.08935546875,0.36169433593,-0.21423339843
1725969785234.7888,-1.08935546875,0.36169433593,-0.21423339843
1725969785254.6252,-1.03173828125,0.41101074218,-0.20935058593
1725969785274.7668,-1.03173828125,0.41101074218,-0.20935058593
1725969785294.7559,-1.03173828125,0.41101074218,-0.20935058593
1725969785314.7449,-1.03173828125,0.41101074218,-0.20935058593
1725969785334.6729,-1.00378417968,0.47570800781,-0.22998046875
1725969785354.7534,-1.00378417968,0.47570800781,-0.22998046875
1725969785374.7727,-1.00378417968,0.47570800781,-0.22998046875
1725969785394.762,-1.00378417968,0.47570800781,-0.22998046875
1725969785414.812,-1.01477050781,0.49853515625,-0.2177734375
1725969785434.74,-1.01477050781,0.49853515625,-0.2177734375
1725969785454.7595,-1.01477050781,0.49853515625,-0.2177734375
1725969785474.7483,-1.01477050781,0.49853515625,-0.2177734375
1725969785494.6155,-1.09387207031,0.49768066406,-0.19946289062
1725969785514.757,-1.09387207031,0.49768066406,-0.19946289062
1725969785534.746,-1.09387207031,0.49768066406,-0.19946289062
1725969785554.735,-1.09387207031,0.49768066406,-0.19946289062
1725969785574.6323,-1.25695800781,0.48071289062,-0.15661621093
1725969785594.7437,-1.25695800781,0.48071289062,-0.15661621093
1725969785614.7327,-1.25695800781,0.48071289062,-0.15661621093
1725969785634.752,-1.25695800781,0.48071289062,-0.15661621093
1725969785654.6191,-1.22973632812,0.42163085937,-0.11157226562
1725969785674.7607,-1.22973632812,0.42163085937,-0.11157226562
1725969785694.7803,-1.22973632812,0.42163085937,-0.11157226562
1725969785714.7388,-1.22973632812,0.42163085937,-0.11157226562
1725969785734.6362,-1.07641601562,0.36706542968,-0.11669921875
1725969785754.7473,-1.07641601562,0.36706542968,-0.11669921875
1725969785774.7363,-1.07641601562,0.36706542968,-0.11669921875
1725969785794.7559,-1.07641601562,0.36706542968,-0.11669921875
1725969785814.6533,-1.04650878906,0.32177734375,-0.12841796875
1725969785834.734,-1.04650878906,0.32177734375,-0.12841796875
1725969785854.7534,-1.04650878906,0.32177734375,-0.12841796875
1725969785874.7727,-1.04650878906,0.32177734375,-0.12841796875
1725969785894.64,-1.00036621093,0.27453613281,-0.14331054687
1725969785914.7507,-1.00036621093,0.27453613281,-0.14331054687
1725969785934.74,-1.00036621093,0.27453613281,-0.14331054687
1725969785954.729,-1.00036621093,0.27453613281,-0.14331054687
1725969785974.6265,-0.95483398437,0.24951171875,-0.16479492187
1725969785994.7375,-0.95483398437,0.24951171875,-0.16479492187
1725969786014.7263,-0.95483398437,0.24951171875,-0.16479492187
1725969786034.746,-0.95483398437,0.24951171875,-0.16479492187
1725969786054.6436,-0.94396972656,0.25231933593,-0.18933105468
1725969786074.7546,-0.94396972656,0.25231933593,-0.18933105468
1725969786094.774,-0.94396972656,0.25231933593,-0.18933105468
1725969786114.7632,-0.94396972656,0.25231933593,-0.18933105468
1725969786134.5996,-1.04321289062,0.30688476562,-0.24365234375
1725969786154.7715,-1.04321289062,0.30688476562,-0.24365234375
1725969786174.7302,-1.04321289062,0.30688476562,-0.24365234375
1725969786194.7192,-1.04321289062,0.30688476562,-0.24365234375
1725969786214.6167,-1.04870605468,0.3291015625,-0.263671875
1725969786234.7583,-1.04870605468,0.3291015625,-0.263671875
1725969786254.7168,-1.04870605468,0.3291015625,-0.263671875
1725969786274.7363,-1.04870605468,0.3291015625,-0.263671875
1725969786294.6033,-0.94396972656,0.33959960937,-0.21057128906
1725969786314.7144,-0.94396972656,0.33959960937,-0.21057128906
1725969786334.7644,-0.94396972656,0.33959960937,-0.21057128906
1725969786354.7534,-0.94396972656,0.33959960937,-0.21057128906
1725969786374.5898,-0.94836425781,0.41320800781,-0.21179199218
1725969786394.762,-0.94836425781,0.41320800781,-0.21179199218
1725969786414.7205,-0.94836425781,0.41320800781,-0.21179199218
1725969786434.74,-0.94836425781,0.41320800781,-0.21179199218
1725969786454.6067,-0.98889160156,0.50378417968,-0.25927734375
1725969786474.718,-0.98889160156,0.50378417968,-0.25927734375
1725969786494.7375,-0.98889160156,0.50378417968,-0.25927734375
1725969786514.7263,-0.98889160156,0.50378417968,-0.25927734375
1725969786534.624,-1.18920898437,0.58569335937,-0.27209472656
1725969786554.735,-1.18920898437,0.58569335937,-0.27209472656
1725969786574.7546,-1.18920898437,0.58569335937,-0.27209472656
1725969786594.7131,-1.18920898437,0.58569335937,-0.27209472656
1725969786614.6104,-1.27844238281,0.55920410156,-0.25085449218
1725969786634.752,-1.27844238281,0.55920410156,-0.25085449218
1725969786654.7107,-1.27844238281,0.55920410156,-0.25085449218
1725969786674.7607,-1.27844238281,0.55920410156,-0.25085449218
1725969786694.6277,-1.21264648437,0.48754882812,-0.21704101562
1725969786714.7083,-1.21264648437,0.48754882812,-0.21704101562
1725969786734.7275,-1.21264648437,0.48754882812,-0.21704101562
1725969786754.7473,-1.21264648437,0.48754882812,-0.21704101562
1725969786774.5835,-1.16125488281,0.41650390625,-0.18774414062
1725969786794.725,-1.16125488281,0.41650390625,-0.18774414062
1725969786814.7144,-1.16125488281,0.41650390625,-0.18774414062
1725969786834.734,-1.16125488281,0.41650390625,-0.18774414062
1725969786854.6008,-1.04541015625,0.34375,-0.16674804687
1725969786874.712,-1.04541015625,0.34375,-0.16674804687
1725969786894.7007,-1.04541015625,0.34375,-0.16674804687
1725969786914.7205,-1.04541015625,0.34375,-0.16674804687
1725969786934.6484,-0.96643066406,0.29943847656,-0.15588378906
1725969786954.6985,-0.96643066406,0.29943847656,-0.15588378906
1725969786974.718,-0.96643066406,0.29943847656,-0.15588378906
1725969786994.707,-0.96643066406,0.29943847656,-0.15588378906
1725969787014.574,-0.89514160156,0.255859375,-0.16650390625
1725969787034.7156,-0.89514160156,0.255859375,-0.16650390625
1725969787054.7043,-0.89514160156,0.255859375,-0.16650390625
1725969787074.7546,-0.89514160156,0.255859375,-0.16650390625
1725969787094.591,-0.85681152343,0.25329589843,-0.20581054687
1725969787114.702,-0.85681152343,0.25329589843,-0.20581054687
1725969787134.7217,-0.85681152343,0.25329589843,-0.20581054687
1725969787154.7107,-0.85681152343,0.25329589843,-0.20581054687
1725969787174.608,-0.94934082031,0.28637695312,-0.23046875
1725969787194.7192,-0.94934082031,0.28637695312,-0.23046875
1725969787214.7083,-0.94934082031,0.28637695312,-0.23046875
1725969787234.7275,-0.94934082031,0.28637695312,-0.23046875
1725969787254.6252,-1.125,0.35925292968,-0.23669433593
1725969787274.7058,-1.125,0.35925292968,-0.23669433593
1725969787294.6948,-1.125,0.35925292968,-0.23669433593
1725969787314.7449,-1.125,0.35925292968,-0.23669433593
1725969787334.5813,-1.10668945312,0.39111328125,-0.23754882812
1725969787354.6924,-1.10668945312,0.39111328125,-0.23754882812
1725969787374.712,-1.10668945312,0.39111328125,-0.23754882812
1725969787394.7007,-1.10668945312,0.39111328125,-0.23754882812
1725969787414.5984,-0.97521972656,0.34448242187,-0.21606445312
1725969787434.74,-0.97521972656,0.34448242187,-0.21606445312
1725969787454.6985,-0.97521972656,0.34448242187,-0.21606445312
1725969787474.718,-0.97521972656,0.34448242187,-0.21606445312
1725969787494.6155,-0.92736816406,0.36340332031,-0.21850585937
1725969787514.696,-0.92736816406,0.36340332031,-0.21850585937
1725969787534.685,-0.92736816406,0.36340332031,-0.21850585937
1725969787554.735,-0.92736816406,0.36340332031,-0.21850585937
1725969787574.5715,-0.88122558593,0.42419433593,-0.28845214843
1725969787594.6826,-0.88122558593,0.42419433593,-0.28845214843
1725969787614.702,-0.88122558593,0.42419433593,-0.28845214843
1725969787634.6912,-0.88122558593,0.42419433593,-0.28845214843
1725969787654.558,-0.93054199218,0.42248535156,-0.32836914062
1725969787674.6997,-0.93054199218,0.42248535156,-0.32836914062
1725969787694.6887,-0.93054199218,0.42248535156,-0.32836914062
1725969787714.7388,-0.93054199218,0.42248535156,-0.32836914062
1725969787734.6057,-1.13903808593,0.40283203125,-0.28759765625
1725969787754.6863,-1.13903808593,0.40283203125,-0.28759765625
1725969787774.7058,-1.13903808593,0.40283203125,-0.28759765625
1725969787794.6948,-1.13903808593,0.40283203125,-0.28759765625
1725969787814.5615,-1.20080566406,0.39575195312,-0.21752929687
1725969787834.7031,-1.20080566406,0.39575195312,-0.21752929687
1725969787854.723,-1.20080566406,0.39575195312,-0.21752929687
1725969787874.6812,-1.20080566406,0.39575195312,-0.21752929687
1725969787894.6091,-1.12744140625,0.41015625,-0.14416503906
1725969787914.69,-1.12744140625,0.41015625,-0.14416503906
1725969787934.6787,-1.12744140625,0.41015625,-0.14416503906
1725969787954.729,-1.12744140625,0.41015625,-0.14416503906
1725969787974.5654,-1.08288574218,0.36999511718,-0.10888671875
1725969787994.6765,-1.08288574218,0.36999511718,-0.10888671875
1725969788014.696,-1.08288574218,0.36999511718,-0.10888671875
1725969788034.685,-1.08288574218,0.36999511718,-0.10888671875
1725969788054.5825,-0.98071289062,0.25463867187,-0.09936523437
1725969788074.6936,-0.98071289062,0.25463867187,-0.09936523437
1725969788094.6826,-0.98071289062,0.25463867187,-0.09936523437
1725969788114.6716,-0.98071289062,0.25463867187,-0.09936523437
1725969788134.569,-0.92590332031,0.26098632812,-0.1318359375
1725969788154.68,-0.92590332031,0.26098632812,-0.1318359375
1725969788174.6692,-0.92590332031,0.26098632812,-0.1318359375
1725969788194.7192,-0.92590332031,0.26098632812,-0.1318359375
1725969788214.5557,-0.89709472656,0.24938964843,-0.16259765625
1725969788234.6667,-0.89709472656,0.24938964843,-0.16259765625
1725969788254.7168,-0.89709472656,0.24938964843,-0.16259765625
1725969788274.7058,-0.89709472656,0.24938964843,-0.16259765625
1725969788294.5728,-0.97338867187,0.26477050781,-0.18212890625
1725969788314.6838,-0.97338867187,0.26477050781,-0.18212890625
1725969788334.7031,-0.97338867187,0.26477050781,-0.18212890625
1725969788354.6924,-0.97338867187,0.26477050781,-0.18212890625
1725969788374.559,-1.14758300781,0.31787109375,-0.208984375
1725969788394.6704,-1.14758300781,0.31787109375,-0.208984375
1725969788414.69,-1.14758300781,0.31787109375,-0.208984375
1725969788434.6787,-1.14758300781,0.31787109375,-0.208984375
1725969788454.5764,-1.12243652343,0.27062988281,-0.22253417968
1725969788474.6875,-1.12243652343,0.27062988281,-0.22253417968
1725969788494.6765,-1.12243652343,0.27062988281,-0.22253417968
1725969788514.6655,-1.12243652343,0.27062988281,-0.22253417968
1725969788534.5627,-0.95227050781,0.25280761718,-0.18603515625
1725969788554.674,-0.95227050781,0.25280761718,-0.18603515625
1725969788574.663,-0.95227050781,0.25280761718,-0.18603515625
1725969788594.6826,-0.95227050781,0.25280761718,-0.18603515625
1725969788614.58,-0.91052246093,0.36853027343,-0.15551757812
1725969788634.6606,-0.91052246093,0.36853027343,-0.15551757812
1725969788654.68,-0.91052246093,0.36853027343,-0.15551757812
1725969788674.6997,-0.91052246093,0.36853027343,-0.15551757812
1725969788694.536,-0.92126464843,0.45593261718,-0.18408203125
1725969788714.6775,-0.92126464843,0.45593261718,-0.18408203125
1725969788734.6667,-0.92126464843,0.45593261718,-0.18408203125
1725969788754.6555,-0.92126464843,0.45593261718,-0.18408203125
1725969788774.5835,-0.97106933593,0.47058105468,-0.17749023437
1725969788794.6643,-0.97106933593,0.47058105468,-0.17749023437
1725969788814.6838,-0.97106933593,0.47058105468,-0.17749023437
1725969788834.6729,-0.97106933593,0.47058105468,-0.17749023437
1725969788854.5703,-1.10375976562,0.45654296875,-0.14733886718
1725969788874.651,-1.10375976562,0.45654296875,-0.14733886718
1725969788894.6704,-1.10375976562,0.45654296875,-0.14733886718
1725969788914.6594,-1.10375976562,0.45654296875,-0.14733886718
1725969788934.557,-1.171875,0.46459960937,-0.13537597656
1725969788954.668,-1.171875,0.46459960937,-0.13537597656
1725969788974.6567,-1.171875,0.46459960937,-0.13537597656
1725969788994.707,-1.171875,0.46459960937,-0.13537597656
1725969789014.5435,-1.1025390625,0.44860839843,-0.10375976562
1725969789034.6543,-1.1025390625,0.44860839843,-0.10375976562
1725969789054.7043,-1.1025390625,0.44860839843,-0.10375976562
1725969789074.663,-1.1025390625,0.44860839843,-0.10375976562
1725969789094.5603,-1.05358886718,0.37536621093,-0.07971191406
1725969789114.6716,-1.05358886718,0.37536621093,-0.07971191406
1725969789134.6912,-1.05358886718,0.37536621093,-0.07971191406
1725969789154.6497,-1.05358886718,0.37536621093,-0.07971191406
1725969789174.547,-1.03271484375,0.31103515625,-0.052734375
1725969789194.6887,-1.03271484375,0.31103515625,-0.052734375
1725969789214.6775,-1.03271484375,0.31103515625,-0.052734375
1725969789234.6667,-1.03271484375,0.31103515625,-0.052734375
1725969789254.5337,-0.9521484375,0.26440429687,-0.01318359375
1725969789274.6448,-0.9521484375,0.26440429687,-0.01318359375
1725969789294.6948,-0.9521484375,0.26440429687,-0.01318359375
1725969789314.6533,-0.9521484375,0.26440429687,-0.01318359375
1725969789334.5203,-0.90112304687,0.25305175781,0.01257324218
1725969789354.6619,-0.90112304687,0.25305175781,0.01257324218
1725969789374.651,-0.90112304687,0.25305175781,0.01257324218
1725969789394.6704,-0.90112304687,0.25305175781,0.01257324218
1725969789414.537,-0.98254394531,0.28112792968,-0.00659179687
1725969789434.6484,-0.98254394531,0.28112792968,-0.00659179687
1725969789454.6375,-0.98254394531,0.28112792968,-0.00659179687
1725969789474.6567,-0.98254394531,0.28112792968,-0.00659179687
1725969789494.5544,-1.12780761718,0.34106445312,-0.09265136718
1725969789514.635,-1.12780761718,0.34106445312,-0.09265136718
1725969789534.685,-1.12780761718,0.34106445312,-0.09265136718
1725969789554.6436,-1.12780761718,0.34106445312,-0.09265136718
1725969789574.5105,-1.15075683593,0.39611816406,-0.23815917968
1725969789594.6826,-1.15075683593,0.39611816406,-0.23815917968
1725969789614.641,-1.15075683593,0.39611816406,-0.23815917968
1725969789634.6606,-1.15075683593,0.39611816406,-0.23815917968
1725969789654.5276,-0.97595214843,0.345703125,-0.31115722656
1725969789674.6387,-0.97595214843,0.345703125,-0.31115722656
1725969789694.6887,-0.97595214843,0.345703125,-0.31115722656
1725969789714.6472,-0.97595214843,0.345703125,-0.31115722656
1725969789734.5447,-0.85583496093,0.337890625,-0.29614257812
1725969789754.6555,-0.85583496093,0.337890625,-0.29614257812
1725969789774.6753,-0.85583496093,0.337890625,-0.29614257812
1725969789794.6335,-0.85583496093,0.337890625,-0.29614257812
1725969789814.5312,-0.84057617187,0.41857910156,-0.29968261718
1725969789834.6423,-0.84057617187,0.41857910156,-0.29968261718
1725969789854.631,-0.84057617187,0.41857910156,-0.29968261718
1725969789874.6812,-0.84057617187,0.41857910156,-0.29968261718
1725969789894.5483,-0.859375,0.42919921875,-0.27319335937
1725969789914.6594,-0.859375,0.42919921875,-0.27319335937
1725969789934.6484,-0.859375,0.42919921875,-0.27319335937
1725969789954.6375,-0.859375,0.42919921875,-0.27319335937
1725969789974.5044,-1.0380859375,0.42468261718,-0.20031738281
1725969789994.646,-1.0380859375,0.42468261718,-0.20031738281
1725969790014.635,-1.0380859375,0.42468261718,-0.20031738281
1725969790034.624,-1.0380859375,0.42468261718,-0.20031738281
1725969790054.5215,-1.17358398437,0.43933105468,-0.14758300781
1725969790074.663,-1.17358398437,0.43933105468,-0.14758300781
1725969790094.6216,-1.17358398437,0.43933105468,-0.14758300781
1725969790114.641,-1.17358398437,0.43933105468,-0.14758300781
1725969790134.5383,-1.18884277343,0.44934082031,-0.11462402343
1725969790154.6191,-1.18884277343,0.44934082031,-0.11462402343
1725969790174.6387,-1.18884277343,0.44934082031,-0.11462402343
1725969790194.6582,-1.18884277343,0.44934082031,-0.11462402343
1725969790214.4946,-1.13647460937,0.40393066406,-0.09094238281
1725969790234.6362,-1.13647460937,0.40393066406,-0.09094238281
1725969790254.6555,-1.13647460937,0.40393066406,-0.09094238281
1725969790274.6448,-1.13647460937,0.40393066406,-0.09094238281
1725969790294.5422,-0.99328613281,0.30871582031,-0.11010742187
1725969790314.6228,-0.99328613281,0.30871582031,-0.11010742187
1725969790334.6423,-0.99328613281,0.30871582031,-0.11010742187
1725969790354.631,-0.99328613281,0.30871582031,-0.11010742187
1725969790374.5288,-0.90258789062,0.24658203125,-0.15246582031
1725969790394.6704,-0.90258789062,0.24658203125,-0.15246582031
1725969790414.6594,-0.90258789062,0.24658203125,-0.15246582031
1725969790434.618,-0.90258789062,0.24658203125,-0.15246582031
1725969790454.546,-0.87475585937,0.23022460937,-0.17529296875
1725969790474.6567,-0.87475585937,0.23022460937,-0.17529296875
1725969790494.646,-0.87475585937,0.23022460937,-0.17529296875
1725969790514.635,-0.87475585937,0.23022460937,-0.17529296875
1725969790534.502,-0.94934082031,0.23815917968,-0.16516113281
1725969790554.613,-0.94934082031,0.23815917968,-0.16516113281
1725969790574.6323,-0.94934082031,0.23815917968,-0.16516113281
1725969790594.6216,-0.94934082031,0.23815917968,-0.16516113281
1725969790614.4883,-1.1103515625,0.31274414062,-0.17077636718
1725969790634.63,-1.1103515625,0.31274414062,-0.17077636718
1725969790654.6497,-1.1103515625,0.31274414062,-0.17077636718
1725969790674.608,-1.1103515625,0.31274414062,-0.17077636718
1725969790694.536,-1.19995117187,0.41638183593,-0.20886230468
1725969790714.6167,-1.19995117187,0.41638183593,-0.20886230468
1725969790734.6362,-1.19995117187,0.41638183593,-0.20886230468
1725969790754.6252,-1.19995117187,0.41638183593,-0.20886230468
1725969790774.492,-1.06457519531,0.36669921875,-0.22448730468
1725969790794.6033,-1.06457519531,0.36669921875,-0.22448730468
1725969790814.6228,-1.06457519531,0.36669921875,-0.22448730468
1725969790834.6423,-1.06457519531,0.36669921875,-0.22448730468
1725969790854.4788,-0.90966796875,0.32775878906,-0.15368652343
1725969790874.6204,-0.90966796875,0.32775878906,-0.15368652343
1725969790894.6091,-0.90966796875,0.32775878906,-0.15368652343
1725969790914.6594,-0.90966796875,0.32775878906,-0.15368652343
1725969790934.4958,-0.85412597656,0.4150390625,-0.09143066406
1725969790954.4849,-0.85412597656,0.4150390625,-0.09143066406
1725969790974.6265,-0.85412597656,0.4150390625,-0.09143066406
1725969790994.6155,-0.85412597656,0.4150390625,-0.09143066406
1725969791014.5127,-0.86889648437,0.48986816406,-0.15539550781
1725969791034.624,-0.86889648437,0.48986816406,-0.15539550781
1725969791054.613,-0.86889648437,0.48986816406,-0.15539550781
1725969791074.602,-0.86889648437,0.48986816406,-0.15539550781
1725969791094.4995,-1.23706054687,0.470703125,-0.20788574218
1725969791114.6104,-1.23706054687,0.470703125,-0.20788574218
1725969791134.63,-1.23706054687,0.470703125,-0.20788574218
1725969791154.6191,-1.23706054687,0.470703125,-0.20788574218
1725969791174.486,-1.07666015625,0.44714355468,-0.22302246093
1725969791194.5972,-1.07666015625,0.44714355468,-0.22302246093
1725969791214.6167,-1.07666015625,0.44714355468,-0.22302246093
1725969791234.6057,-1.07666015625,0.44714355468,-0.22302246093
1725969791254.5032,-1.1123046875,0.40393066406,-0.20617675781
1725969791274.6448,-1.1123046875,0.40393066406,-0.20617675781
1725969791294.6033,-1.1123046875,0.40393066406,-0.20617675781
1725969791314.5923,-1.1123046875,0.40393066406,-0.20617675781
1725969791334.4895,-1.11120605468,0.3212890625,-0.20446777343
1725969791354.6008,-1.11120605468,0.3212890625,-0.20446777343
1725969791374.5898,-1.11120605468,0.3212890625,-0.20446777343
1725969791394.6091,-1.11120605468,0.3212890625,-0.20446777343
1725969791414.4763,-1.03149414062,0.24829101562,-0.21936035156
1725969791434.5874,-1.03149414062,0.24829101562,-0.21936035156
1725969791454.6375,-1.03149414062,0.24829101562,-0.21936035156
1725969791474.596,-1.03149414062,0.24829101562,-0.21936035156
1725969791494.463,-0.8984375,0.19860839843,-0.26696777343
1725969791514.6045,-0.8984375,0.19860839843,-0.26696777343
1725969791534.5935,-0.8984375,0.19860839843,-0.26696777343
1725969791554.6436,-0.8984375,0.19860839843,-0.26696777343
1725969791574.5105,-0.79260253906,0.20361328125,-0.29541015625
1725969791594.591,-0.79260253906,0.20361328125,-0.29541015625
1725969791614.641,-0.79260253906,0.20361328125,-0.29541015625
1725969791634.5996,-0.79260253906,0.20361328125,-0.29541015625
1725969791654.497,-1.02783203125,0.24243164062,-0.21704101562
1725969791674.608,-1.02783203125,0.24243164062,-0.21704101562
1725969791694.5972,-1.02783203125,0.24243164062,-0.21704101562
1725969791714.586,-1.02783203125,0.24243164062,-0.21704101562
1725969791734.514,-1.31689453125,0.38037109375,-0.10852050781
1725969791754.5947,-1.31689453125,0.38037109375,-0.10852050781
1725969791774.5835,-1.31689453125,0.38037109375,-0.10852050781
1725969791794.6335,-1.31689453125,0.38037109375,-0.10852050781
1725969791814.4702,-1.197265625,0.45935058593,-0.07348632812
1725969791834.6118,-1.197265625,0.45935058593,-0.07348632812
1725969791854.6008,-1.197265625,0.45935058593,-0.07348632812
1725969791874.6204,-1.197265625,0.45935058593,-0.07348632812
1725969791894.4568,-1.00073242187,0.36169433593,-0.048828125
1725969791914.5984,-1.00073242187,0.36169433593,-0.048828125
1725969791934.5874,-1.00073242187,0.36169433593,-0.048828125
1725969791954.5764,-1.00073242187,0.36169433593,-0.048828125
1725969791974.4739,-0.92895507812,0.32763671875,-0.00305175781
1725969791994.5847,-0.92895507812,0.32763671875,-0.00305175781
1725969792014.574,-0.92895507812,0.32763671875,-0.00305175781
1725969792034.624,-0.92895507812,0.32763671875,-0.00305175781
1725969792054.4604,-0.84020996093,0.38891601562,-0.02221679687
1725969792074.5715,-0.84020996093,0.38891601562,-0.02221679687
1725969792094.591,-0.84020996093,0.38891601562,-0.02221679687
1725969792114.58,-0.84020996093,0.38891601562,-0.02221679687
1725969792134.447,-0.81970214843,0.43090820312,-0.11767578125
1725969792154.5886,-0.81970214843,0.43090820312,-0.11767578125
1725969792174.5776,-0.81970214843,0.43090820312,-0.11767578125
1725969792194.5972,-0.81970214843,0.43090820312,-0.11767578125
1725969792214.464,-0.93103027343,0.41821289062,-0.16638183593
1725969792234.5752,-0.93103027343,0.41821289062,-0.16638183593
1725969792254.6252,-0.93103027343,0.41821289062,-0.16638183593
1725969792274.6143,-0.93103027343,0.41821289062,-0.16638183593
1725969792294.4507,-0.95373535156,0.44152832031,-0.1943359375
1725969792314.5923,-0.95373535156,0.44152832031,-0.1943359375
1725969792334.5813,-0.95373535156,0.44152832031,-0.1943359375
1725969792354.5703,-0.95373535156,0.44152832031,-0.1943359375
1725969792374.4675,-0.95703125,0.51281738281,-0.20007324218
1725969792394.5789,-0.95703125,0.51281738281,-0.20007324218
1725969792414.5679,-0.95703125,0.51281738281,-0.20007324218
1725969792434.5874,-0.95703125,0.51281738281,-0.20007324218
1725969792454.4849,-1.08166503906,0.48352050781,-0.19226074218
1725969792474.5654,-1.08166503906,0.48352050781,-0.19226074218
1725969792494.6155,-1.08166503906,0.48352050781,-0.19226074218
1725969792514.574,-1.08166503906,0.48352050781,-0.19226074218
1725969792534.441,-1.19909667968,0.39270019531,-0.25231933593
1725969792554.613,-1.19909667968,0.39270019531,-0.25231933593
1725969792574.5715,-1.19909667968,0.39270019531,-0.25231933593
1725969792594.591,-1.19909667968,0.39270019531,-0.25231933593
1725969792614.458,-1.17468261718,0.32751464843,-0.31774902343
1725969792634.569,-1.17468261718,0.32751464843,-0.31774902343
1725969792654.5886,-1.17468261718,0.32751464843,-0.31774902343
1725969792674.5776,-1.17468261718,0.32751464843,-0.31774902343
1725969792694.4443,-1.01525878906,0.24072265625,-0.32116699218
1725969792714.5557,-1.01525878906,0.24072265625,-0.32116699218
1725969792734.6057,-1.01525878906,0.24072265625,-0.32116699218
1725969792754.5642,-1.01525878906,0.24072265625,-0.32116699218
1725969792774.4617,-0.86694335937,0.20031738281,-0.30187988281
1725969792794.5728,-0.86694335937,0.20031738281,-0.30187988281
1725969792814.5923,-0.86694335937,0.20031738281,-0.30187988281
1725969792834.6118,-0.86694335937,0.20031738281,-0.30187988281
1725969792854.4482,-0.95825195312,0.22631835937,-0.19714355468
1725969792874.559,-0.95825195312,0.22631835937,-0.19714355468
1725969792894.5789,-0.95825195312,0.22631835937,-0.19714355468
1725969792914.5679,-0.95825195312,0.22631835937,-0.19714355468
1725969792934.465,-1.17077636718,0.31970214843,-0.07946777343
1725969792954.5764,-1.17077636718,0.31970214843,-0.07946777343
1725969792974.5654,-1.17077636718,0.31970214843,-0.07946777343
1725969792994.5544,-1.17077636718,0.31970214843,-0.07946777343
1725969793014.4824,-1.19787597656,0.43103027343,-0.068359375
1725969793034.5627,-1.19787597656,0.43103027343,-0.068359375
1725969793054.552,-1.19787597656,0.43103027343,-0.068359375
1725969793074.5715,-1.19787597656,0.43103027343,-0.068359375
1725969793094.4688,-1.08239746093,0.40270996093,-0.068359375
1725969793114.58,-1.08239746093,0.40270996093,-0.068359375
1725969793134.5996,-1.08239746093,0.40270996093,-0.068359375
1725969793154.558,-1.08239746093,0.40270996093,-0.068359375
1725969793174.4556,-0.98889160156,0.35192871093,-0.021484375
1725969793194.5972,-0.98889160156,0.35192871093,-0.021484375
1725969793214.5557,-0.98889160156,0.35192871093,-0.021484375
1725969793234.5447,-0.98889160156,0.35192871093,-0.021484375
1725969793254.442,-0.95361328125,0.38244628906,-0.01098632812
1725969793274.5532,-0.95361328125,0.38244628906,-0.01098632812
1725969793294.5728,-0.95361328125,0.38244628906,-0.01098632812
1725969793314.5615,-0.95361328125,0.38244628906,-0.01098632812
1725969793334.4287,-0.93200683593,0.41967773437,-0.09265136718
1725969793354.5396,-0.93200683593,0.41967773437,-0.09265136718
1725969793374.559,-0.93200683593,0.41967773437,-0.09265136718
1725969793394.5483,-0.93200683593,0.41967773437,-0.09265136718
1725969793414.4153,-0.98022460937,0.43493652343,-0.16931152343
1725969793434.5874,-0.98022460937,0.43493652343,-0.16931152343
1725969793454.546,-0.98022460937,0.43493652343,-0.16931152343
1725969793474.596,-0.98022460937,0.43493652343,-0.16931152343
1725969793494.4324,-1.12365722656,0.46704101562,-0.21960449218
1725969793514.5435,-1.12365722656,0.46704101562,-0.21960449218
1725969793534.5627,-1.12365722656,0.46704101562,-0.21960449218
1725969793554.552,-1.12365722656,0.46704101562,-0.21960449218
1725969793574.4187,-1.09155273437,0.48193359375,-0.25036621093
1725969793594.5603,-1.09155273437,0.48193359375,-0.25036621093
1725969793614.58,-1.09155273437,0.48193359375,-0.25036621093
1725969793634.5383,-1.09155273437,0.48193359375,-0.25036621093
1725969793654.4663,-1.01708984375,0.45874023437,-0.20434570312
1725969793674.547,-1.01708984375,0.45874023437,-0.20434570312
1725969793694.536,-1.01708984375,0.45874023437,-0.20434570312
1725969793714.586,-1.01708984375,0.45874023437,-0.20434570312
1725969793734.4531,-1.09924316406,0.4228515625,-0.1328125
1725969793754.5947,-1.09924316406,0.4228515625,-0.1328125
1725969793774.5532,-1.09924316406,0.4228515625,-0.1328125
1725969793794.5422,-1.09924316406,0.4228515625,-0.1328125
1725969793814.4092,-1.1572265625,0.36755371093,-0.09216308593
1725969793834.5813,-1.1572265625,0.36755371093,-0.09216308593
1725969793854.5396,-1.1572265625,0.36755371093,-0.09216308593
1725969793874.559,-1.1572265625,0.36755371093,-0.09216308593
1725969793894.4568,-1.14367675781,0.31359863281,-0.05969238281
1725969793914.5679,-1.14367675781,0.31359863281,-0.05969238281
1725969793934.5264,-1.14367675781,0.31359863281,-0.05969238281
1725969793954.5764,-1.14367675781,0.31359863281,-0.05969238281
1725969793974.4128,-0.92126464843,0.25512695312,-0.10144042968
1725969793994.524,-0.92126464843,0.25512695312,-0.10144042968
1725969794014.574,-0.92126464843,0.25512695312,-0.10144042968
1725969794034.5325,-0.92126464843,0.25512695312,-0.10144042968
1725969794054.43,-0.90234375,0.27478027343,-0.15356445312
1725969794074.541,-0.90234375,0.27478027343,-0.15356445312
1725969794094.53,-0.90234375,0.27478027343,-0.15356445312
1725969794114.58,-0.90234375,0.27478027343,-0.15356445312
1725969794134.4775,-1.02270507812,0.287109375,-0.20397949218
1725969794154.5276,-1.02270507812,0.287109375,-0.20397949218
1725969794174.5776,-1.02270507812,0.287109375,-0.20397949218
1725969794194.536,-1.02270507812,0.287109375,-0.20397949218
1725969794214.403,-1.12158203125,0.34069824218,-0.26916503906
1725969794234.5447,-1.12158203125,0.34069824218,-0.26916503906
1725969794254.5337,-1.12158203125,0.34069824218,-0.26916503906
1725969794274.5532,-1.12158203125,0.34069824218,-0.26916503906
1725969794294.42,-1.09057617187,0.36157226562,-0.29125976562
1725969794314.5312,-1.09057617187,0.36157226562,-0.29125976562
1725969794334.5508,-1.09057617187,0.36157226562,-0.29125976562
1725969794354.5396,-1.09057617187,0.36157226562,-0.29125976562
1725969794374.4067,-1.01037597656,0.32543945312,-0.22961425781
1725969794394.5178,-1.01037597656,0.32543945312,-0.22961425781
1725969794414.537,-1.01037597656,0.32543945312,-0.22961425781
1725969794434.557,-1.01037597656,0.32543945312,-0.22961425781
1725969794454.3933,-0.94384765625,0.36279296875,-0.14868164062
1725969794474.5654,-0.94384765625,0.36279296875,-0.14868164062
1725969794494.524,-0.94384765625,0.36279296875,-0.14868164062
1725969794514.5435,-0.94384765625,0.36279296875,-0.14868164062
1725969794534.441,-0.89196777343,0.41882324218,-0.12561035156
1725969794554.5215,-0.89196777343,0.41882324218,-0.12561035156
1725969794574.5105,-0.89196777343,0.41882324218,-0.12561035156
1725969794594.53,-0.89196777343,0.41882324218,-0.12561035156
1725969794614.4275,-0.87609863281,0.43029785156,-0.18676757812
1725969794634.5383,-0.87609863281,0.43029785156,-0.18676757812
1725969794654.5276,-0.87609863281,0.43029785156,-0.18676757812
1725969794674.5166,-0.87609863281,0.43029785156,-0.18676757812
1725969794694.414,-0.94689941406,0.38989257812,-0.25378417968
1725969794714.5557,-0.94689941406,0.38989257812,-0.25378417968
1725969794734.5447,-0.94689941406,0.38989257812,-0.25378417968
1725969794754.5337,-0.94689941406,0.38989257812,-0.25378417968
1725969794774.4006,-1.10180664062,0.37414550781,-0.27258300781
1725969794794.5117,-1.10180664062,0.37414550781,-0.27258300781
1725969794814.5312,-1.10180664062,0.37414550781,-0.27258300781
1725969794834.5508,-1.10180664062,0.37414550781,-0.27258300781
1725969794854.3872,-1.03332519531,0.39172363281,-0.24487304687
1725969794874.5288,-1.03332519531,0.39172363281,-0.24487304687
1725969794894.5483,-1.03332519531,0.39172363281,-0.24487304687
1725969794914.5068,-1.03332519531,0.39172363281,-0.24487304687
1725969794934.4043,-0.94519042968,0.38647460937,-0.193359375
1725969794954.5151,-0.94519042968,0.38647460937,-0.193359375
1725969794974.5044,-0.94519042968,0.38647460937,-0.193359375
1725969794994.524,-0.94519042968,0.38647460937,-0.193359375
1725969795014.3909,-1.078125,0.38293457031,-0.13598632812
1725969795034.502,-1.078125,0.38293457031,-0.13598632812
1725969795054.5215,-1.078125,0.38293457031,-0.13598632812
1725969795074.5105,-1.078125,0.38293457031,-0.13598632812
1725969795094.3774,-1.09423828125,0.34582519531,-0.09887695312
1725969795114.519,-1.09423828125,0.34582519531,-0.09887695312
1725969795134.508,-1.09423828125,0.34582519531,-0.09887695312
1725969795154.497,-1.09423828125,0.34582519531,-0.09887695312
1725969795174.425,-1.01940917968,0.29931640625,-0.08251953125
1725969795194.5056,-1.01940917968,0.29931640625,-0.08251953125
1725969795214.4946,-1.01940917968,0.29931640625,-0.08251953125
1725969795234.514,-1.01940917968,0.29931640625,-0.08251953125
1725969795254.381,-0.966796875,0.27563476562,-0.08850097656
1725969795274.6448,-0.966796875,0.27563476562,-0.08850097656
1725969795294.5117,-0.966796875,0.27563476562,-0.08850097656
1725969795314.5007,-0.966796875,0.27563476562,-0.08850097656
1725969795334.3677,-0.89538574218,0.25830078125,-0.12463378906
1725969795354.5093,-0.89538574218,0.25830078125,-0.12463378906
1725969795374.4983,-0.89538574218,0.25830078125,-0.12463378906
1725969795394.5178,-0.89538574218,0.25830078125,-0.12463378906
1725969795414.3848,-0.89025878906,0.26586914062,-0.18737792968
1725969795434.4958,-0.89025878906,0.26586914062,-0.18737792968
1725969795454.546,-0.89025878906,0.26586914062,-0.18737792968
1725969795474.5044,-0.89025878906,0.26586914062,-0.18737792968
1725969795494.371,-1.11401367187,0.287109375,-0.22497558593
1725969795514.5127,-1.11401367187,0.287109375,-0.22497558593
1725969795534.5325,-1.11401367187,0.287109375,-0.22497558593
1725969795554.4907,-1.11401367187,0.287109375,-0.22497558593
1725969795574.4187,-1.10888671875,0.31884765625,-0.23205566406
1725969795594.4995,-1.10888671875,0.31884765625,-0.23205566406
1725969795614.519,-1.10888671875,0.31884765625,-0.23205566406
1725969795634.508,-1.10888671875,0.31884765625,-0.23205566406
1725969795654.436,-0.95959472656,0.40246582031,-0.19580078125
1725969795674.486,-0.95959472656,0.40246582031,-0.19580078125
1725969795694.536,-0.95959472656,0.40246582031,-0.19580078125
1725969795714.5251,-0.95959472656,0.40246582031,-0.19580078125
1725969795734.392,-0.99829101562,0.43420410156,-0.11840820312
1725969795754.5032,-0.99829101562,0.43420410156,-0.11840820312
1725969795774.492,-0.99829101562,0.43420410156,-0.11840820312
1725969795794.4812,-0.99829101562,0.43420410156,-0.11840820312
1725969795814.4092,-0.95288085937,0.43225097656,-0.08435058593
1725969795834.4895,-0.95288085937,0.43225097656,-0.08435058593
1725969795854.5093,-0.95288085937,0.43225097656,-0.08435058593
1725969795874.4983,-0.95288085937,0.43225097656,-0.08435058593
1725969795894.3652,-0.88366699218,0.4658203125,-0.07897949218
1725969795914.4763,-0.88366699218,0.4658203125,-0.07897949218
1725969795934.4958,-0.88366699218,0.4658203125,-0.07897949218
1725969795954.4849,-0.88366699218,0.4658203125,-0.07897949218
1725969795974.3823,-0.87951660156,0.47717285156,-0.10034179687
1725969795994.524,-0.87951660156,0.47717285156,-0.10034179687
1725969796014.4824,-0.87951660156,0.47717285156,-0.10034179687
1725969796034.6543,-0.87951660156,0.47717285156,-0.10034179687
1725969796054.3994,-0.96728515625,0.44921875,-0.10620117187
1725969796074.5105,-0.96728515625,0.44921875,-0.10620117187
1725969796094.4995,-0.96728515625,0.44921875,-0.10620117187
1725969796114.519,-0.96728515625,0.44921875,-0.10620117187
1725969796134.386,-1.06970214843,0.39660644531,-0.06713867187
1725969796154.497,-1.06970214843,0.39660644531,-0.06713867187
1725969796174.486,-1.06970214843,0.39660644531,-0.06713867187
1725969796194.475,-1.06970214843,0.39660644531,-0.06713867187
1725969796214.403,-1.10803222656,0.36474609375,-0.00524902343
1725969796234.4836,-1.10803222656,0.36474609375,-0.00524902343
1725969796254.4727,-1.10803222656,0.36474609375,-0.00524902343
1725969796274.5227,-1.10803222656,0.36474609375,-0.00524902343
1725969796294.3896,-1.11975097656,0.35925292968,0.07678222656
1725969796314.4702,-1.11975097656,0.35925292968,0.07678222656
1725969796334.4895,-1.11975097656,0.35925292968,0.07678222656
1725969796354.4788,-1.11975097656,0.35925292968,0.07678222656
1725969796374.3457,-1.09802246093,0.36401367187,0.15576171875
1725969796394.4873,-1.09802246093,0.36401367187,0.15576171875
1725969796414.537,-1.09802246093,0.36401367187,0.15576171875
1725969796434.465,-1.09802246093,0.36401367187,0.15576171875
1725969796454.3933,-1.05041503906,0.35998535156,0.22485351562
1725969796474.4739,-1.05041503906,0.35998535156,0.22485351562
1725969796494.463,-1.05041503906,0.35998535156,0.22485351562
1725969796514.4824,-1.05041503906,0.35998535156,0.22485351562
1725969796534.38,-1.02917480468,0.35913085937,0.26013183593
1725969796554.4604,-1.02917480468,0.35913085937,0.26013183593
1725969796574.48,-1.02917480468,0.35913085937,0.26013183593
1725969796594.4995,-1.02917480468,0.35913085937,0.26013183593
1725969796614.336,-1.08813476562,0.36706542968,0.26831054687
1725969796634.4775,-1.08813476562,0.36706542968,0.26831054687
1725969796654.4663,-1.08813476562,0.36706542968,0.26831054687
1725969796674.486,-1.08813476562,0.36706542968,0.26831054687
1725969796694.353,-1.11560058593,0.35620117187,0.19494628906
1725969796714.464,-1.11560058593,0.35620117187,0.19494628906
1725969796734.514,-1.11560058593,0.35620117187,0.19494628906
1725969796754.4727,-1.11560058593,0.35620117187,0.19494628906
1725969796774.37,-1.03356933593,0.37097167968,0.041015625
1725969796794.5117,-1.03356933593,0.37097167968,0.041015625
1725969796814.4702,-1.03356933593,0.37097167968,0.041015625
1725969796834.4895,-1.03356933593,0.37097167968,0.041015625
1725969796854.3567,-1.07043457031,0.36315917968,-0.1298828125
1725969796874.4675,-1.07043457031,0.36315917968,-0.1298828125
1725969796894.4568,-1.07043457031,0.36315917968,-0.1298828125
1725969796914.5068,-1.07043457031,0.36315917968,-0.1298828125
1725969796934.3433,-0.93188476562,0.18054199218,-0.46020507812
1725969796954.4849,-0.93188476562,0.18054199218,-0.46020507812
1725969796974.5044,-0.93188476562,0.18054199218,-0.46020507812
1725969796994.463,-0.93188476562,0.18054199218,-0.46020507812
1725969797014.3298,-0.90100097656,0.14514160156,-0.4208984375
1725969797034.38,-0.90100097656,0.14514160156,-0.4208984375
1725969797054.4907,-0.90100097656,0.14514160156,-0.4208984375
1725969797074.4495,-0.90100097656,0.14514160156,-0.4208984375
1725969797094.3774,-0.91674804687,0.18591308593,-0.35363769531
1725969797114.458,-0.91674804687,0.18591308593,-0.35363769531
1725969797134.447,-0.91674804687,0.18591308593,-0.35363769531
1725969797154.4663,-0.91674804687,0.18591308593,-0.35363769531
1725969797174.364,-0.91479492187,0.26647949218,-0.291015625
1725969797194.4443,-0.91479492187,0.26647949218,-0.291015625
1725969797214.464,-0.91479492187,0.26647949218,-0.291015625
1725969797234.4531,-0.91479492187,0.26647949218,-0.291015625
1725969797254.3503,-1.07849121093,0.32592773437,-0.20349121093
1725969797274.492,-1.07849121093,0.32592773437,-0.20349121093
1725969797294.4812,-1.07849121093,0.32592773437,-0.20349121093
1725969797314.4702,-1.07849121093,0.32592773437,-0.20349121093
1725969797334.3677,-1.09338378906,0.36926269531,-0.138671875
1725969797354.4482,-1.09338378906,0.36926269531,-0.138671875
1725969797374.4675,-1.09338378906,0.36926269531,-0.138671875
1725969797394.4568,-1.09338378906,0.36926269531,-0.138671875
1725969797414.3235,-0.98889160156,0.38745117187,-0.09692382812
1725969797434.465,-0.98889160156,0.38745117187,-0.09692382812
1725969797454.4543,-0.98889160156,0.38745117187,-0.09692382812
1725969797474.443,-0.98889160156,0.38745117187,-0.09692382812
1725969797494.3408,-1.04321289062,0.36047363281,-0.05249023437
1725969797514.4824,-1.04321289062,0.36047363281,-0.05249023437
1725969797534.441,-1.04321289062,0.36047363281,-0.05249023437
1725969797554.4604,-1.04321289062,0.36047363281,-0.05249023437
1725969797574.358,-1.02380371093,0.30517578125,-0.05773925781
1725969797594.4385,-1.02380371093,0.30517578125,-0.05773925781
1725969797614.458,-1.02380371093,0.30517578125,-0.05773925781
1725969797634.447,-1.02380371093,0.30517578125,-0.05773925781
1725969797654.3445,-1.00329589843,0.23974609375,-0.05200195312
1725969797674.4556,-1.00329589843,0.23974609375,-0.05200195312
1725969797694.475,-1.00329589843,0.23974609375,-0.05200195312
1725969797714.4336,-1.00329589843,0.23974609375,-0.05200195312
1725969797734.331,-1.0478515625,0.21228027343,-0.0107421875
1725969797754.442,-1.0478515625,0.21228027343,-0.0107421875
1725969797774.4312,-1.0478515625,0.21228027343,-0.0107421875
1725969797794.4507,-1.0478515625,0.21228027343,-0.0107421875
1725969797814.3176,-1.10412597656,0.24438476562,-0.00183105468
1725969797834.4287,-1.10412597656,0.24438476562,-0.00183105468
1725969797854.4788,-1.10412597656,0.24438476562,-0.00183105468
1725969797874.4373,-1.10412597656,0.24438476562,-0.00183105468
1725969797894.3347,-1.07299804687,0.29272460937,-0.04455566406
1725969797914.4458,-1.07299804687,0.29272460937,-0.04455566406
1725969797934.4348,-1.07299804687,0.29272460937,-0.04455566406
1725969797954.4543,-1.07299804687,0.29272460937,-0.04455566406
1725969797974.3518,-1.00219726562,0.333984375,-0.12915039062
1725969797994.4324,-1.00219726562,0.333984375,-0.12915039062
1725969798014.452,-1.00219726562,0.333984375,-0.12915039062
1725969798034.441,-1.00219726562,0.333984375,-0.12915039062
1725969798054.3079,-0.93688964843,0.36157226562,-0.18212890625
1725969798074.4495,-0.93688964843,0.36157226562,-0.18212890625
1725969798094.4385,-0.93688964843,0.36157226562,-0.18212890625
1725969798114.4275,-0.93688964843,0.36157226562,-0.18212890625
1725969798134.3247,-0.87719726562,0.40161132812,-0.17248535156
1725969798154.436,-0.87719726562,0.40161132812,-0.17248535156
1725969798174.425,-0.87719726562,0.40161132812,-0.17248535156
1725969798194.4443,-0.87719726562,0.40161132812,-0.17248535156
1725969798214.342,-0.87756347656,0.44006347656,-0.17321777343
1725969798234.4226,-0.87756347656,0.44006347656,-0.17321777343
1725969798254.4727,-0.87756347656,0.44006347656,-0.17321777343
1725969798274.4312,-0.87756347656,0.44006347656,-0.17321777343
1725969798294.298,-0.90173339843,0.43395996093,-0.21105957031
1725969798314.5615,-0.90173339843,0.43395996093,-0.21105957031
1725969798334.4287,-0.90173339843,0.43395996093,-0.21105957031
1725969798354.4482,-0.90173339843,0.43395996093,-0.21105957031
1725969798374.3457,-0.94946289062,0.40502929687,-0.2724609375
1725969798394.4568,-0.94946289062,0.40502929687,-0.2724609375
1725969798414.4153,-0.94946289062,0.40502929687,-0.2724609375
1725969798434.4348,-0.94946289062,0.40502929687,-0.2724609375
1725969798454.3015,-0.97900390625,0.3603515625,-0.34704589843
1725969798474.4128,-0.97900390625,0.3603515625,-0.34704589843
1725969798494.4324,-0.97900390625,0.3603515625,-0.34704589843
1725969798514.4211,-0.97900390625,0.3603515625,-0.34704589843
1725969798534.2883,-0.93969726562,0.31970214843,-0.37438964843
1725969798554.43,-0.93969726562,0.31970214843,-0.37438964843
1725969798574.4187,-0.93969726562,0.31970214843,-0.37438964843
1725969798594.4385,-0.93969726562,0.31970214843,-0.37438964843
1725969798614.3054,-0.8681640625,0.28918457031,-0.3173828125
1725969798634.4165,-0.8681640625,0.28918457031,-0.3173828125
1725969798654.436,-0.8681640625,0.28918457031,-0.3173828125
1725969798674.4556,-0.8681640625,0.28918457031,-0.3173828125
1725969798694.3225,-0.84521484375,0.28857421875,-0.21154785156
1725969798714.464,-0.84521484375,0.28857421875,-0.21154785156
1725969798734.4226,-0.84521484375,0.28857421875,-0.21154785156
1725969798754.4116,-0.84521484375,0.28857421875,-0.21154785156
1725969798774.309,-0.87512207031,0.34460449218,-0.13818359375
1725969798794.42,-0.87512207031,0.34460449218,-0.13818359375
1725969798814.4092,-0.87512207031,0.34460449218,-0.13818359375
1725969798834.4287,-0.87512207031,0.34460449218,-0.13818359375
1725969798854.2957,-0.97668457031,0.38317871093,-0.11657714843
1725969798874.4373,-0.97668457031,0.38317871093,-0.11657714843
1725969798894.4263,-0.97668457031,0.38317871093,-0.11657714843
1725969798914.4458,-0.97668457031,0.38317871093,-0.11657714843
1725969798934.3127,-1.05737304687,0.38977050781,-0.10754394531
1725969798954.4238,-1.05737304687,0.38977050781,-0.10754394531
1725969798974.4128,-1.05737304687,0.38977050781,-0.10754394531
1725969798994.4019,-1.05737304687,0.38977050781,-0.10754394531
1725969799014.2993,-1.02624511718,0.39282226562,-0.10217285156
1725969799034.4104,-1.02624511718,0.39282226562,-0.10217285156
1725969799054.3994,-1.02624511718,0.39282226562,-0.10217285156
1725969799074.4187,-1.02624511718,0.39282226562,-0.10217285156
1725969799094.3164,-1.00231933593,0.369140625,-0.10290527343
1725969799114.3967,-1.00231933593,0.369140625,-0.10290527343
1725969799134.4165,-1.00231933593,0.369140625,-0.10290527343
1725969799154.436,-1.00231933593,0.369140625,-0.10290527343
1725969799174.2725,-0.98803710937,0.33935546875,-0.10217285156
1725969799194.414,-0.98803710937,0.33935546875,-0.10217285156
1725969799214.4336,-0.98803710937,0.33935546875,-0.10217285156
1725969799234.4226,-0.98803710937,0.33935546875,-0.10217285156
1725969799254.2896,-0.97302246093,0.32556152343,-0.09765625
1725969799274.4312,-0.97302246093,0.32556152343,-0.09765625
1725969799294.42,-0.97302246093,0.32556152343,-0.09765625
1725969799314.4092,-0.97302246093,0.32556152343,-0.09765625
1725969799334.276,-0.96813964843,0.28564453125,-0.1142578125
1725969799354.4175,-0.96813964843,0.28564453125,-0.1142578125
1725969799374.4067,-0.96813964843,0.28564453125,-0.1142578125
1725969799394.3955,-0.96813964843,0.28564453125,-0.1142578125
1725969799414.3235,-0.99609375,0.25048828125,-0.12512207031
1725969799434.4348,-0.99609375,0.25048828125,-0.12512207031
1725969799454.4238,-0.99609375,0.25048828125,-0.12512207031
1725969799474.4128,-0.99609375,0.25048828125,-0.12512207031
1725969799494.2795,-1.0048828125,0.25280761718,-0.13439941406
1725969799514.3909,-1.0048828125,0.25280761718,-0.13439941406
1725969799534.4104,-1.0048828125,0.25280761718,-0.13439941406
1725969799554.3994,-1.0048828125,0.25280761718,-0.13439941406
1725969799574.2664,-0.97155761718,0.24768066406,-0.17309570312
1725969799594.408,-0.97155761718,0.24768066406,-0.17309570312
1725969799614.3967,-0.97155761718,0.24768066406,-0.17309570312
1725969799634.386,-0.97155761718,0.24768066406,-0.17309570312
1725969799654.314,-0.98510742187,0.22436523437,-0.21936035156
1725969799674.425,-0.98510742187,0.22436523437,-0.21936035156
1725969799694.3835,-0.98510742187,0.22436523437,-0.21936035156
1725969799714.4336,-0.98510742187,0.22436523437,-0.21936035156
1725969799734.3003,-0.98315429687,0.21557617187,-0.25659179687
1725969799754.4116,-0.98315429687,0.21557617187,-0.25659179687
1725969799774.4006,-0.98315429687,0.21557617187,-0.25659179687
1725969799794.3896,-0.98315429687,0.21557617187,-0.25659179687
1725969799814.2563,-0.95092773437,0.25427246093,-0.2822265625
1725969799834.4287,-0.95092773437,0.25427246093,-0.2822265625
1725969799854.4175,-0.95092773437,0.25427246093,-0.2822265625
1725969799874.4373,-0.95092773437,0.25427246093,-0.2822265625
1725969799894.2737,-0.9287109375,0.33215332031,-0.32531738281
1725969799914.3848,-0.9287109375,0.33215332031,-0.32531738281
1725969799934.4043,-0.9287109375,0.33215332031,-0.32531738281
1725969799954.4238,-0.9287109375,0.33215332031,-0.32531738281
1725969799974.2603,-0.90881347656,0.25024414062,-0.32788085937
1725969799994.4324,-0.90881347656,0.25024414062,-0.32788085937
1725969800014.3909,-0.90881347656,0.25024414062,-0.32788085937
1725969800034.38,-0.90881347656,0.25024414062,-0.32788085937
1725969800054.277,-0.89233398437,0.12866210937,-0.27270507812
1725969800074.4187,-0.89233398437,0.12866210937,-0.27270507812
1725969800094.408,-0.89233398437,0.12866210937,-0.27270507812
1725969800114.3967,-0.89233398437,0.12866210937,-0.27270507812
1725969800134.2944,-0.89196777343,0.06884765625,-0.19384765625
1725969800154.375,-0.89196777343,0.06884765625,-0.19384765625
1725969800174.425,-0.89196777343,0.06884765625,-0.19384765625
1725969800194.3835,-0.89196777343,0.06884765625,-0.19384765625
1725969800214.281,-0.94909667968,0.0107421875,-0.10607910156
1725969800234.4226,-0.94909667968,0.0107421875,-0.10607910156
1725969800254.381,-0.94909667968,0.0107421875,-0.10607910156
1725969800274.37,-0.94909667968,0.0107421875,-0.10607910156
1725969800294.2676,-0.97265625,-0.0048828125,-0.06713867187
1725969800314.3787,-0.97265625,-0.0048828125,-0.06713867187
1725969800334.398,-0.97265625,-0.0048828125,-0.06713867187
1725969800354.3872,-0.97265625,-0.0048828125,-0.06713867187
1725969800374.254,-1.07739257812,0.05554199218,-0.07824707031
1725969800394.3652,-1.07739257812,0.05554199218,-0.07824707031
1725969800414.3848,-1.07739257812,0.05554199218,-0.07824707031
1725969800434.3735,-1.07739257812,0.05554199218,-0.07824707031
1725969800454.2407,-1.16577148437,0.11499023437,-0.08752441406
1725969800474.4128,-1.16577148437,0.11499023437,-0.08752441406
1725969800494.4019,-1.16577148437,0.11499023437,-0.08752441406
1725969800514.3909,-1.16577148437,0.11499023437,-0.08752441406
1725969800534.2883,-1.07458496093,0.20104980468,-0.1376953125
1725969800554.3994,-1.07458496093,0.20104980468,-0.1376953125
1725969800574.4187,-1.07458496093,0.20104980468,-0.1376953125
1725969800594.3774,-1.07458496093,0.20104980468,-0.1376953125
1725969800614.2444,-0.99145507812,0.20678710937,-0.15380859375
1725969800634.4165,-0.99145507812,0.20678710937,-0.15380859375
1725969800654.4055,-0.99145507812,0.20678710937,-0.15380859375
1725969800674.364,-0.99145507812,0.20678710937,-0.15380859375
1725969800694.292,-0.93395996093,0.19287109375,-0.12072753906
1725969800714.403,-0.93395996093,0.19287109375,-0.12072753906
1725969800734.392,-0.93395996093,0.19287109375,-0.12072753906
1725969800754.381,-0.93395996093,0.19287109375,-0.12072753906
1725969800774.2783,-0.9541015625,0.21960449218,-0.09484863281
1725969800794.3591,-0.9541015625,0.21960449218,-0.09484863281
1725969800814.3787,-0.9541015625,0.21960449218,-0.09484863281
1725969800834.3677,-0.9541015625,0.21960449218,-0.09484863281
1725969800854.2651,-1.07397460937,0.25830078125,-0.00988769531
1725969800874.3762,-1.07397460937,0.25830078125,-0.00988769531
1725969800894.3652,-1.07397460937,0.25830078125,-0.00988769531
1725969800914.3542,-1.07397460937,0.25830078125,-0.00988769531
1725969800934.2517,-1.14233398437,0.31481933593,0.115234375
1725969800954.3628,-1.14233398437,0.31481933593,0.115234375
1725969800974.3823,-1.14233398437,0.31481933593,0.115234375
1725969800994.371,-1.14233398437,0.31481933593,0.115234375
1725969801014.2688,-1.13879394531,0.30993652343,0.16943359375
1725969801034.349,-1.13879394531,0.30993652343,0.16943359375
1725969801054.369,-1.13879394531,0.30993652343,0.16943359375
1725969801074.358,-1.13879394531,0.30993652343,0.16943359375
1725969801094.2249,-1.0986328125,0.27221679687,0.1728515625
1725969801114.3665,-1.0986328125,0.27221679687,0.1728515625
1725969801134.3555,-1.0986328125,0.27221679687,0.1728515625
1725969801154.375,-1.0986328125,0.27221679687,0.1728515625
1725969801174.2725,-1.04125976562,0.26611328125,0.07238769531
1725969801194.353,-1.04125976562,0.26611328125,0.07238769531
1725969801214.403,-1.04125976562,0.26611328125,0.07238769531
1725969801234.3616,-1.04125976562,0.26611328125,0.07238769531
1725969801254.259,-0.99890136718,0.16528320312,-0.13403320312
1725969801274.37,-0.99890136718,0.16528320312,-0.13403320312
1725969801294.3591,-0.99890136718,0.16528320312,-0.13403320312
1725969801314.348,-0.99890136718,0.16528320312,-0.13403320312
1725969801334.2456,-0.89892578125,0.0546875,-0.3251953125
1725969801354.3567,-0.89892578125,0.0546875,-0.3251953125
1725969801374.3457,-0.89892578125,0.0546875,-0.3251953125
1725969801394.3652,-0.89892578125,0.0546875,-0.3251953125
1725969801414.232,-0.873046875,0.07080078125,-0.45080566406
1725969801434.3433,-0.873046875,0.07080078125,-0.45080566406
1725969801454.3628,-0.873046875,0.07080078125,-0.45080566406
1725969801474.3518,-0.873046875,0.07080078125,-0.45080566406
1725969801494.2493,-0.96948242187,0.11791992187,-0.47180175781
1725969801514.3604,-0.96948242187,0.11791992187,-0.47180175781
1725969801534.38,-0.96948242187,0.11791992187,-0.47180175781
1725969801554.3384,-0.96948242187,0.11791992187,-0.47180175781
1725969801574.2664,-1.064453125,0.20971679687,-0.38049316406
1725969801594.3467,-1.064453125,0.20971679687,-0.38049316406
1725969801614.3665,-1.064453125,0.20971679687,-0.38049316406
1725969801634.3555,-1.064453125,0.20971679687,-0.38049316406
1725969801654.2224,-1.24108886718,0.33911132812,-0.27014160156
1725969801674.3335,-1.24108886718,0.33911132812,-0.27014160156
1725969801694.3835,-1.24108886718,0.33911132812,-0.27014160156
1725969801714.342,-1.24108886718,0.33911132812,-0.27014160156
1725969801734.2087,-1.20568847656,0.44116210937,-0.20727539062
1725969801754.3503,-1.20568847656,0.44116210937,-0.20727539062
1725969801774.3396,-1.20568847656,0.44116210937,-0.20727539062
1725969801794.3591,-1.20568847656,0.44116210937,-0.20727539062
1725969801814.2563,-1.0078125,0.48657226562,-0.11535644531
1725969801834.3677,-1.0078125,0.48657226562,-0.11535644531
1725969801854.3567,-1.0078125,0.48657226562,-0.11535644531
1725969801874.3762,-1.0078125,0.48657226562,-0.11535644531
1725969801894.2126,-0.95825195312,0.46301269531,-0.03820800781
1725969801914.3848,-0.95825195312,0.46301269531,-0.03820800781
1725969801934.3433,-0.95825195312,0.46301269531,-0.03820800781
1725969801954.3628,-0.95825195312,0.46301269531,-0.03820800781
1725969801974.2295,-1.01232910156,0.40612792968,-0.03442382812
1725969801994.3408,-1.01232910156,0.40612792968,-0.03442382812
1725969802014.3604,-1.01232910156,0.40612792968,-0.03442382812
1725969802034.38,-1.01232910156,0.40612792968,-0.03442382812
1725969802054.2163,-1.11462402343,0.36499023437,-0.05249023437
1725969802074.3271,-1.11462402343,0.36499023437,-0.05249023437
1725969802094.3774,-1.11462402343,0.36499023437,-0.05249023437
1725969802114.336,-1.11462402343,0.36499023437,-0.05249023437
1725969802134.203,-1.18322753906,0.33020019531,-0.08801269531
1725969802154.3445,-1.18322753906,0.33020019531,-0.08801269531
1725969802174.3335,-1.18322753906,0.33020019531,-0.08801269531
1725969802194.353,-1.18322753906,0.33020019531,-0.08801269531
1725969802214.22,-1.21313476562,0.28686523437,-0.14428710937
1725969802234.331,-1.21313476562,0.28686523437,-0.14428710937
1725969802254.32,-1.21313476562,0.28686523437,-0.14428710937
1725969802274.3396,-1.21313476562,0.28686523437,-0.14428710937
1725969802294.2063,-1.05712890625,0.23229980468,-0.24548339843
1725969802314.3176,-1.05712890625,0.23229980468,-0.24548339843
1725969802334.3372,-1.05712890625,0.23229980468,-0.24548339843
1725969802354.326,-1.05712890625,0.23229980468,-0.24548339843
1725969802374.2236,-0.98022460937,0.12133789062,-0.26245117187
1725969802394.3347,-0.98022460937,0.12133789062,-0.26245117187
1725969802414.3542,-0.98022460937,0.12133789062,-0.26245117187
1725969802434.3433,-0.98022460937,0.12133789062,-0.26245117187
1725969802454.2407,-0.99755859375,0.10400390625,-0.1943359375
1725969802474.3213,-0.99755859375,0.10400390625,-0.1943359375
1725969802494.3408,-0.99755859375,0.10400390625,-0.1943359375
1725969802514.3604,-0.99755859375,0.10400390625,-0.1943359375
1725969802534.2273,-0.93371582031,0.23352050781,-0.15832519531
1725969802554.369,-0.93371582031,0.23352050781,-0.15832519531
1725969802574.3271,-0.93371582031,0.23352050781,-0.15832519531
1725969802594.3164,-0.93371582031,0.23352050781,-0.15832519531
1725969802614.2444,-0.97265625,0.32104492187,-0.13952636718
1725969802634.3247,-0.97265625,0.32104492187,-0.13952636718
1725969802654.314,-0.97265625,0.32104492187,-0.13952636718
1725969802674.3335,-0.97265625,0.32104492187,-0.13952636718
1725969802694.2307,-1.06176757812,0.38269042968,-0.12646484375
1725969802714.3115,-1.06176757812,0.38269042968,-0.12646484375
1725969802734.331,-1.06176757812,0.38269042968,-0.12646484375
1725969802754.32,-1.06176757812,0.38269042968,-0.12646484375
1725969802774.2175,-1.17419433593,0.52807617187,-0.09753417968
1725969802794.3286,-1.17419433593,0.52807617187,-0.09753417968
1725969802814.348,-1.17419433593,0.52807617187,-0.09753417968
1725969802834.3066,-1.17419433593,0.52807617187,-0.09753417968
1725969802854.204,-1.15673828125,0.56994628906,-0.08605957031
1725969802874.3152,-1.15673828125,0.56994628906,-0.08605957031
1725969802894.304,-1.15673828125,0.56994628906,-0.08605957031
1725969802914.3235,-1.15673828125,0.56994628906,-0.08605957031
1725969802934.1907,-1.09741210937,0.51403808593,-0.11254882812
1725969802954.3323,-1.09741210937,0.51403808593,-0.11254882812
1725969802974.3213,-1.09741210937,0.51403808593,-0.11254882812
1725969802994.3408,-1.09741210937,0.51403808593,-0.11254882812
1725969803014.1772,-1.08349609375,0.40075683593,-0.1181640625
1725969803034.349,-1.08349609375,0.40075683593,-0.1181640625
1725969803054.3079,-1.08349609375,0.40075683593,-0.1181640625
1725969803074.358,-1.08349609375,0.40075683593,-0.1181640625
1725969803094.1943,-1.10925292968,0.28955078125,-0.09997558593
1725969803114.183,-1.10925292968,0.28955078125,-0.09997558593
1725969803134.3247,-1.10925292968,0.28955078125,-0.09997558593
1725969803154.3445,-1.10925292968,0.28955078125,-0.09997558593
1725969803174.181,-1.12133789062,0.24597167968,-0.06958007812
1725969803194.3225,-1.12133789062,0.24597167968,-0.06958007812
1725969803214.3115,-1.12133789062,0.24597167968,-0.06958007812
1725969803234.331,-1.12133789062,0.24597167968,-0.06958007812
1725969803254.198,-1.11853027343,0.27465820312,-0.06579589843
1725969803274.309,-1.11853027343,0.27465820312,-0.06579589843
1725969803294.3286,-1.11853027343,0.27465820312,-0.06579589843
1725969803314.3176,-1.11853027343,0.27465820312,-0.06579589843
1725969803334.215,-1.03393554687,0.29541015625,-0.12548828125
1725969803354.2957,-1.03393554687,0.29541015625,-0.12548828125
1725969803374.3457,-1.03393554687,0.29541015625,-0.12548828125
1725969803394.304,-1.03393554687,0.29541015625,-0.12548828125
1725969803414.1711,-0.96838378906,0.29150390625,-0.19921875
1725969803434.3127,-0.96838378906,0.29150390625,-0.19921875
1725969803454.3323,-0.96838378906,0.29150390625,-0.19921875
1725969803474.2908,-0.96838378906,0.29150390625,-0.19921875
1725969803494.2188,-0.93151855468,0.24377441406,-0.24401855468
1725969803514.2993,-0.93151855468,0.24377441406,-0.24401855468
1725969803534.2883,-0.93151855468,0.24377441406,-0.24401855468
1725969803554.3384,-0.93151855468,0.24377441406,-0.24401855468
1725969803574.1748,-0.91430664062,0.23718261718,-0.23156738281
1725969803594.286,-0.91430664062,0.23718261718,-0.23156738281
1725969803614.3054,-0.91430664062,0.23718261718,-0.23156738281
1725969803634.3247,-0.91430664062,0.23718261718,-0.23156738281
1725969803654.192,-0.9658203125,0.30078125,-0.2080078125
1725969803674.3027,-0.9658203125,0.30078125,-0.2080078125
1725969803694.292,-0.9658203125,0.30078125,-0.2080078125
1725969803714.342,-0.9658203125,0.30078125,-0.2080078125
1725969803734.2087,-1.01159667968,0.36181640625,-0.22729492187
1725969803754.32,-1.01159667968,0.36181640625,-0.22729492187
1725969803774.309,-1.01159667968,0.36181640625,-0.22729492187
1725969803794.3286,-1.01159667968,0.36181640625,-0.22729492187
1725969803814.165,-1.07165527343,0.43286132812,-0.21643066406
1725969803834.3066,-1.07165527343,0.43286132812,-0.21643066406
1725969803854.2957,-1.07165527343,0.43286132812,-0.21643066406
1725969803874.2847,-1.07165527343,0.43286132812,-0.21643066406
1725969803894.2126,-1.07666015625,0.49841308593,-0.1884765625
1725969803914.2932,-1.07666015625,0.49841308593,-0.1884765625
1725969803934.2822,-1.07666015625,0.49841308593,-0.1884765625
1725969803954.3015,-1.07666015625,0.49841308593,-0.1884765625
1725969803974.1687,-1.06640625,0.53100585937,-0.16809082031
1725969803994.3103,-1.06640625,0.53100585937,-0.16809082031
1725969804014.2993,-1.06640625,0.53100585937,-0.16809082031
1725969804034.2883,-1.06640625,0.53100585937,-0.16809082031
1725969804054.1553,-1.09191894531,0.50451660156,-0.15026855468
1725969804074.2969,-1.09191894531,0.50451660156,-0.15026855468
1725969804094.286,-1.09191894531,0.50451660156,-0.15026855468
1725969804114.275,-1.09191894531,0.50451660156,-0.15026855468
1725969804134.1724,-1.10693359375,0.44213867187,-0.16809082031
1725969804154.2834,-1.10693359375,0.44213867187,-0.16809082031
1725969804174.2725,-1.10693359375,0.44213867187,-0.16809082031
1725969804194.292,-1.10693359375,0.44213867187,-0.16809082031
1725969804214.1895,-1.119140625,0.37768554687,-0.17211914062
1725969804234.27,-1.119140625,0.37768554687,-0.17211914062
1725969804254.32,-1.119140625,0.37768554687,-0.17211914062
1725969804274.2783,-1.119140625,0.37768554687,-0.17211914062
1725969804294.1455,-1.08325195312,0.31005859375,-0.15112304687
1725969804314.287,-1.08325195312,0.31005859375,-0.15112304687
1725969804334.3066,-1.08325195312,0.31005859375,-0.15112304687
1725969804354.326,-1.08325195312,0.31005859375,-0.15112304687
1725969804374.1624,-1.0205078125,0.275390625,-0.15173339843
1725969804394.2737,-1.0205078125,0.275390625,-0.15173339843
1725969804414.3235,-1.0205078125,0.275390625,-0.15173339843
1725969804434.2822,-1.0205078125,0.275390625,-0.15173339843
1725969804454.1797,-0.99133300781,0.27795410156,-0.17712402343
1725969804474.2908,-0.99133300781,0.27795410156,-0.17712402343
1725969804494.2795,-0.99133300781,0.27795410156,-0.17712402343
1725969804514.2688,-0.99133300781,0.27795410156,-0.17712402343
1725969804534.1663,-1.00268554687,0.2958984375,-0.19519042968
1725969804554.277,-1.00268554687,0.2958984375,-0.19519042968
1725969804574.2664,-1.00268554687,0.2958984375,-0.19519042968
1725969804594.286,-1.00268554687,0.2958984375,-0.19519042968
1725969804614.183,-1.0361328125,0.30212402343,-0.19836425781
1725969804634.2944,-1.0361328125,0.30212402343,-0.19836425781
1725969804654.2834,-1.0361328125,0.30212402343,-0.19836425781
1725969804674.3027,-1.0361328125,0.30212402343,-0.19836425781
1725969804694.1394,-1.0048828125,0.27380371093,-0.21655273437
1725969804714.3115,-1.0048828125,0.27380371093,-0.21655273437
1725969804734.27,-1.0048828125,0.27380371093,-0.21655273437
1725969804754.259,-1.0048828125,0.27380371093,-0.21655273437
1725969804774.1565,-0.94958496093,0.28759765625,-0.21350097656
1725969804794.2676,-0.94958496093,0.28759765625,-0.21350097656
1725969804814.2563,-0.94958496093,0.28759765625,-0.21350097656
1725969804834.276,-0.94958496093,0.28759765625,-0.21350097656
1725969804854.143,-0.91345214843,0.34936523437,-0.20788574218
1725969804874.254,-0.91345214843,0.34936523437,-0.20788574218
1725969804894.2737,-0.91345214843,0.34936523437,-0.20788574218
1725969804914.2932,-0.91345214843,0.34936523437,-0.20788574218
1725969804934.16,-0.92468261718,0.39282226562,-0.21789550781
1725969804954.2712,-0.92468261718,0.39282226562,-0.21789550781
1725969804974.2603,-0.92468261718,0.39282226562,-0.21789550781
1725969804994.2795,-0.92468261718,0.39282226562,-0.21789550781
1725969805014.1467,-1.09985351562,0.44836425781,-0.20471191406
1725969805034.2578,-1.09985351562,0.44836425781,-0.20471191406
1725969805054.277,-1.09985351562,0.44836425781,-0.20471191406
1725969805074.2664,-1.09985351562,0.44836425781,-0.20471191406
1725969805094.1333,-1.11791992187,0.47131347656,-0.19348144531
1725969805114.275,-1.11791992187,0.47131347656,-0.19348144531
1725969805134.264,-1.11791992187,0.47131347656,-0.19348144531
1725969805154.2527,-1.11791992187,0.47131347656,-0.19348144531
1725969805174.181,-1.05541992187,0.46630859375,-0.16418457031
1725969805194.2615,-1.05541992187,0.46630859375,-0.16418457031
1725969805214.2505,-1.05541992187,0.46630859375,-0.16418457031
1725969805234.27,-1.05541992187,0.46630859375,-0.16418457031
1725969805254.1675,-1.1044921875,0.4326171875,-0.15258789062
1725969805274.248,-1.1044921875,0.4326171875,-0.15258789062
1725969805294.2676,-1.1044921875,0.4326171875,-0.15258789062
1725969805314.287,-1.1044921875,0.4326171875,-0.15258789062
1725969805334.1235,-1.09826660156,0.36169433593,-0.19104003906
1725969805354.2957,-1.09826660156,0.36169433593,-0.19104003906
1725969805374.254,-1.09826660156,0.36169433593,-0.19104003906
1725969805394.2432,-1.09826660156,0.36169433593,-0.19104003906
1725969805414.1406,-1.05773925781,0.30676269531,-0.24133300781
1725969805434.2517,-1.05773925781,0.30676269531,-0.24133300781
1725969805454.2407,-1.05773925781,0.30676269531,-0.24133300781
1725969805474.2908,-1.05773925781,0.30676269531,-0.24133300781
1725969805494.1577,-0.96069335937,0.2529296875,-0.27612304687
1725969805514.2383,-0.96069335937,0.2529296875,-0.27612304687
1725969805534.2578,-0.96069335937,0.2529296875,-0.27612304687
1725969805554.277,-0.96069335937,0.2529296875,-0.27612304687
1725969805574.1443,-0.89147949218,0.22265625,-0.28295898437
1725969805594.2551,-0.89147949218,0.22265625,-0.28295898437
1725969805614.2444,-0.89147949218,0.22265625,-0.28295898437
1725969805634.264,-0.89147949218,0.22265625,-0.28295898437
1725969805654.1309,-0.98840332031,0.23364257812,-0.22058105468
1725969805674.242,-0.98840332031,0.23364257812,-0.22058105468
1725969805694.292,-0.98840332031,0.23364257812,-0.22058105468
1725969805714.2505,-0.98840332031,0.23364257812,-0.22058105468
1725969805734.148,-1.08996582031,0.30859375,-0.1455078125
1725969805754.2896,-1.08996582031,0.30859375,-0.1455078125
1725969805774.248,-1.08996582031,0.30859375,-0.1455078125
1725969805794.237,-1.08996582031,0.30859375,-0.1455078125
1725969805814.1345,-1.07788085937,0.38415527343,-0.10119628906
1725969805834.2456,-1.07788085937,0.38415527343,-0.10119628906
1725969805854.2346,-1.07788085937,0.38415527343,-0.10119628906
1725969805874.254,-1.07788085937,0.38415527343,-0.10119628906
1725969805894.1516,-1.01696777343,0.36938476562,-0.0732421875
1725969805914.2627,-1.01696777343,0.36938476562,-0.0732421875
1725969805934.2517,-1.01696777343,0.36938476562,-0.0732421875
1725969805954.2407,-1.01696777343,0.36938476562,-0.0732421875
1725969805974.1077,-0.9677734375,0.35205078125,-0.04577636718
1725969805994.2493,-0.9677734375,0.35205078125,-0.04577636718
1725969806014.2383,-0.9677734375,0.35205078125,-0.04577636718
1725969806034.2578,-0.9677734375,0.35205078125,-0.04577636718
1725969806054.1248,-0.93432617187,0.46105957031,-0.15893554687
1725969806074.2358,-0.93432617187,0.46105957031,-0.15893554687
1725969806094.2249,-0.93432617187,0.46105957031,-0.15893554687
1725969806114.2444,-0.93432617187,0.46105957031,-0.15893554687
1725969806134.111,-0.97204589843,0.47192382812,-0.25439453125
1725969806154.2224,-0.97204589843,0.47192382812,-0.25439453125
1725969806174.242,-0.97204589843,0.47192382812,-0.25439453125
1725969806194.2307,-0.97204589843,0.47192382812,-0.25439453125
1725969806214.098,-1.05212402343,0.44982910156,-0.27392578125
1725969806234.2395,-1.05212402343,0.44982910156,-0.27392578125
1725969806254.2285,-1.05212402343,0.44982910156,-0.27392578125
1725969806274.248,-1.05212402343,0.44982910156,-0.27392578125
1725969806294.1147,-1.08947753906,0.44787597656,-0.24658203125
1725969806314.2563,-1.08947753906,0.44787597656,-0.24658203125
1725969806334.2456,-1.08947753906,0.44787597656,-0.24658203125
1725969806354.2651,-1.08947753906,0.44787597656,-0.24658203125
1725969806374.132,-1.10998535156,0.42932128906,-0.18896484375
1725969806394.2432,-1.10998535156,0.42932128906,-0.18896484375
1725969806414.232,-1.10998535156,0.42932128906,-0.18896484375
1725969806434.2212,-1.10998535156,0.42932128906,-0.18896484375
1725969806454.1187,-1.1298828125,0.38110351562,-0.162109375
1725969806474.2295,-1.1298828125,0.38110351562,-0.162109375
1725969806494.2188,-1.1298828125,0.38110351562,-0.162109375
1725969806514.2688,-1.1298828125,0.38110351562,-0.162109375
1725969806534.1052,-1.10791015625,0.31469726562,-0.1630859375
1725969806554.2163,-1.10791015625,0.31469726562,-0.1630859375
1725969806574.2358,-1.10791015625,0.31469726562,-0.1630859375
1725969806594.2551,-1.10791015625,0.31469726562,-0.1630859375
1725969806614.1223,-1.02893066406,0.26916503906,-0.20837402343
1725969806634.2332,-1.02893066406,0.26916503906,-0.20837402343
1725969806654.2224,-1.02893066406,0.26916503906,-0.20837402343
1725969806674.2114,-1.02893066406,0.26916503906,-0.20837402343
1725969806694.1394,-0.95458984375,0.23864746093,-0.27026367187
1725969806714.2505,-0.95458984375,0.23864746093,-0.27026367187
1725969806734.2087,-0.95458984375,0.23864746093,-0.27026367187
1725969806754.259,-0.95458984375,0.23864746093,-0.27026367187
1725969806774.0955,-0.99182128906,0.22644042968,-0.28234863281
1725969806794.2063,-0.99182128906,0.22644042968,-0.28234863281
1725969806814.226,-0.99182128906,0.22644042968,-0.28234863281
1725969806834.215,-0.99182128906,0.22644042968,-0.28234863281
1725969806854.082,-0.96337890625,0.24890136718,-0.26818847656
1725969806874.2236,-0.96337890625,0.24890136718,-0.26818847656
1725969806894.2126,-0.96337890625,0.24890136718,-0.26818847656
1725969806914.232,-0.96337890625,0.24890136718,-0.26818847656
1725969806934.1296,-0.94897460937,0.30944824218,-0.232421875
1725969806954.2102,-0.94897460937,0.30944824218,-0.232421875
1725969806974.2295,-0.94897460937,0.30944824218,-0.232421875
1725969806994.2493,-0.94897460937,0.30944824218,-0.232421875
1725969807014.1162,-1.005859375,0.33654785156,-0.18444824218
1725969807034.2273,-1.005859375,0.33654785156,-0.18444824218
1725969807054.2163,-1.005859375,0.33654785156,-0.18444824218
1725969807074.205,-1.005859375,0.33654785156,-0.18444824218
1725969807094.1028,-0.97302246093,0.34924316406,-0.14538574218
1725969807114.2444,-0.97302246093,0.34924316406,-0.14538574218
1725969807134.203,-0.97302246093,0.34924316406,-0.14538574218
1725969807154.2224,-0.97302246093,0.34924316406,-0.14538574218
1725969807174.089,-0.94421386718,0.40930175781,-0.15014648437
1725969807194.2004,-0.94421386718,0.40930175781,-0.15014648437
1725969807214.22,-0.94421386718,0.40930175781,-0.15014648437
1725969807234.2087,-0.94421386718,0.40930175781,-0.15014648437
1725969807254.1064,-0.95886230468,0.47387695312,-0.21594238281
1725969807274.2175,-0.95886230468,0.47387695312,-0.21594238281
1725969807294.237,-0.95886230468,0.47387695312,-0.21594238281
1725969807314.1956,-0.95886230468,0.47387695312,-0.21594238281
1725969807334.1235,-1.04284667968,0.51232910156,-0.25280761718
1725969807354.204,-1.04284667968,0.51232910156,-0.25280761718
1725969807374.193,-1.04284667968,0.51232910156,-0.25280761718
1725969807394.2126,-1.04284667968,0.51232910156,-0.25280761718
1725969807414.0796,-1.11218261718,0.50830078125,-0.26171875
1725969807434.2517,-1.11218261718,0.50830078125,-0.26171875
1725969807454.2102,-1.11218261718,0.50830078125,-0.26171875
1725969807474.1992,-1.11218261718,0.50830078125,-0.26171875
1725969807494.0967,-1.10607910156,0.50024414062,-0.24084472656
1725969807514.2383,-1.10607910156,0.50024414062,-0.24084472656
1725969807534.2273,-1.10607910156,0.50024414062,-0.24084472656
1725969807554.2163,-1.10607910156,0.50024414062,-0.24084472656
1725969807574.0833,-1.10412597656,0.4755859375,-0.18005371093
1725969807594.2249,-1.10412597656,0.4755859375,-0.18005371093
1725969807614.2139,-1.10412597656,0.4755859375,-0.18005371093
1725969807634.203,-1.10412597656,0.4755859375,-0.18005371093
1725969807654.0698,-1.11474609375,0.37438964843,-0.12878417968
1725969807674.2114,-1.11474609375,0.37438964843,-0.12878417968
1725969807694.2004,-1.11474609375,0.37438964843,-0.12878417968
1725969807714.1895,-1.11474609375,0.37438964843,-0.12878417968
1725969807734.1174,-1.08215332031,0.27722167968,-0.11010742187
1725969807754.198,-1.08215332031,0.27722167968,-0.11010742187
1725969807774.187,-1.08215332031,0.27722167968,-0.11010742187
1725969807794.2063,-1.08215332031,0.27722167968,-0.11010742187
1725969807814.1345,-0.98254394531,0.25170898437,-0.12951660156
1725969807834.215,-0.98254394531,0.25170898437,-0.12951660156
1725969807854.204,-0.98254394531,0.25170898437,-0.12951660156
1725969807874.193,-0.98254394531,0.25170898437,-0.12951660156
1725969807894.06,-0.90161132812,0.26696777343,-0.17602539062
1725969807914.2017,-0.90161132812,0.26696777343,-0.17602539062
1725969807934.2212,-0.90161132812,0.26696777343,-0.17602539062
1725969807954.1797,-0.90161132812,0.26696777343,-0.17602539062
1725969807974.1077,-0.94213867187,0.27502441406,-0.21032714843
1725969807994.1882,-0.94213867187,0.27502441406,-0.21032714843
1725969808014.2075,-0.94213867187,0.27502441406,-0.21032714843
1725969808034.1968,-0.94213867187,0.27502441406,-0.21032714843
1725969808054.0942,-0.94641113281,0.29553222656,-0.23669433593
1725969808074.205,-0.94641113281,0.29553222656,-0.23669433593
1725969808094.1943,-0.94641113281,0.29553222656,-0.23669433593
1725969808114.183,-0.94641113281,0.29553222656,-0.23669433593
1725969808134.0808,-0.96508789062,0.3154296875,-0.24377441406
1725969808154.192,-0.96508789062,0.3154296875,-0.24377441406
1725969808174.181,-0.96508789062,0.3154296875,-0.24377441406
1725969808194.2004,-0.96508789062,0.3154296875,-0.24377441406
1725969808214.0671,-1.00927734375,0.30810546875,-0.23767089843
1725969808234.2087,-1.00927734375,0.30810546875,-0.23767089843
1725969808254.198,-1.00927734375,0.30810546875,-0.23767089843
1725969808274.187,-1.00927734375,0.30810546875,-0.23767089843
1725969808294.0845,-0.96936035156,0.33178710937,-0.22961425781
1725969808314.1956,-0.96936035156,0.33178710937,-0.22961425781
1725969808334.1843,-0.96936035156,0.33178710937,-0.22961425781
1725969808354.1736,-0.96936035156,0.33178710937,-0.22961425781
1725969808374.1016,-0.95178222656,0.39294433593,-0.24670410156
1725969808394.182,-0.95178222656,0.39294433593,-0.24670410156
1725969808414.1711,-0.95178222656,0.39294433593,-0.24670410156
1725969808434.1907,-0.95178222656,0.39294433593,-0.24670410156
1725969808454.0576,-0.94152832031,0.43591308593,-0.30578613281
1725969808474.1687,-0.94152832031,0.43591308593,-0.30578613281
1725969808494.1882,-0.94152832031,0.43591308593,-0.30578613281
1725969808514.1772,-0.94152832031,0.43591308593,-0.30578613281
1725969808534.0747,-0.96801757812,0.42895507812,-0.30200195312
1725969808554.1855,-0.96801757812,0.42895507812,-0.30200195312
1725969808574.205,-0.96801757812,0.42895507812,-0.30200195312
1725969808594.1638,-0.96801757812,0.42895507812,-0.30200195312
1725969808614.0916,-1.11376953125,0.41418457031,-0.25756835937
1725969808634.1724,-1.11376953125,0.41418457031,-0.25756835937
1725969808654.1611,-1.11376953125,0.41418457031,-0.25756835937
1725969808674.181,-1.11376953125,0.41418457031,-0.25756835937
1725969808694.0784,-1.17028808593,0.41882324218,-0.20764160156
1725969808714.1895,-1.17028808593,0.41882324218,-0.20764160156
1725969808734.1785,-1.17028808593,0.41882324218,-0.20764160156
1725969808754.1675,-1.17028808593,0.41882324218,-0.20764160156
1725969808774.0344,-1.11633300781,0.43347167968,-0.14782714843
1725969808794.176,-1.11633300781,0.43347167968,-0.14782714843
1725969808814.165,-1.11633300781,0.43347167968,-0.14782714843
1725969808834.1843,-1.11633300781,0.43347167968,-0.14782714843
1725969808854.0515,-1.09643554687,0.38818359375,-0.10852050781
1725969808874.1624,-1.09643554687,0.38818359375,-0.10852050781
1725969808894.182,-1.09643554687,0.38818359375,-0.10852050781
1725969808914.2017,-1.09643554687,0.38818359375,-0.10852050781
1725969808934.038,-1.0517578125,0.29516601562,-0.09130859375
1725969808954.2102,-1.0517578125,0.29516601562,-0.09130859375
1725969808974.1992,-1.0517578125,0.29516601562,-0.09130859375
1725969808994.1882,-1.0517578125,0.29516601562,-0.09130859375
1725969809014.0857,-0.98193359375,0.25598144531,-0.10095214843
1725969809034.1663,-0.98193359375,0.25598144531,-0.10095214843
1725969809054.1553,-0.98193359375,0.25598144531,-0.10095214843
1725969809074.1748,-0.98193359375,0.25598144531,-0.10095214843
1725969809094.0415,-0.92321777343,0.26416015625,-0.16223144531
1725969809114.183,-0.92321777343,0.26416015625,-0.16223144531
1725969809134.203,-0.92321777343,0.26416015625,-0.16223144531
1725969809154.1611,-0.92321777343,0.26416015625,-0.16223144531
1725969809174.0588,-0.97814941406,0.28002929687,-0.193359375
1725969809194.17,-0.97814941406,0.28002929687,-0.193359375
1725969809214.0369,-0.97814941406,0.28002929687,-0.193359375
1725969809234.148,-0.97814941406,0.28002929687,-0.193359375
1725969809254.0454,-0.99975585937,0.30932617187,-0.23608398437
1725969809274.1565,-0.99975585937,0.30932617187,-0.23608398437
1725969809294.1455,-0.99975585937,0.30932617187,-0.23608398437
1725969809314.165,-0.99975585937,0.30932617187,-0.23608398437
1725969809334.215,-1.02331542968,0.28540039062,-0.23937988281
1725969809354.143,-1.02331542968,0.28540039062,-0.23937988281
1725969809374.1624,-1.02331542968,0.28540039062,-0.23937988281
1725969809394.182,-1.02331542968,0.28540039062,-0.23937988281
1725969809414.0183,-0.94262695312,0.28576660156,-0.20642089843
1725969809434.16,-0.94262695312,0.28576660156,-0.20642089843
1725969809454.1797,-0.94262695312,0.28576660156,-0.20642089843
1725969809474.1687,-0.94262695312,0.28576660156,-0.20642089843
1725969809494.066,-0.90905761718,0.35266113281,-0.18908691406
1725969809514.1467,-0.90905761718,0.35266113281,-0.18908691406
1725969809534.1663,-0.90905761718,0.35266113281,-0.18908691406
1725969809554.1553,-0.90905761718,0.35266113281,-0.18908691406
1725969809574.0527,-0.92272949218,0.4140625,-0.23205566406
1725969809594.1943,-0.92272949218,0.4140625,-0.23205566406
1725969809614.1528,-0.92272949218,0.4140625,-0.23205566406
1725969809634.1418,-0.92272949218,0.4140625,-0.23205566406
1725969809654.0393,-0.95092773437,0.44165039062,-0.26550292968
1725969809674.1504,-0.95092773437,0.44165039062,-0.26550292968
1725969809694.17,-0.95092773437,0.44165039062,-0.26550292968
1725969809714.22,-0.95092773437,0.44165039062,-0.26550292968
1725969809734.0564,-1.06103515625,0.45349121093,-0.24572753906
1725969809754.1367,-1.06103515625,0.45349121093,-0.24572753906
1725969809774.1565,-1.06103515625,0.45349121093,-0.24572753906
1725969809794.1455,-1.06103515625,0.45349121093,-0.24572753906
1725969809814.0125,-1.07165527343,0.45178222656,-0.201171875
1725969809834.1843,-1.07165527343,0.45178222656,-0.201171875
1725969809854.143,-1.07165527343,0.45178222656,-0.201171875
1725969809874.132,-1.07165527343,0.45178222656,-0.201171875
1725969809894.06,-1.0224609375,0.44885253906,-0.14172363281
1725969809914.1406,-1.0224609375,0.44885253906,-0.14172363281
1725969809934.16,-1.0224609375,0.44885253906,-0.14172363281
1725969809954.1492,-1.0224609375,0.44885253906,-0.14172363281
1725969809974.0466,-1.05261230468,0.40576171875,-0.09521484375
1725969809994.1272,-1.05261230468,0.40576171875,-0.09521484375
1725969810014.1467,-1.05261230468,0.40576171875,-0.09521484375
1725969810034.1355,-1.05261230468,0.40576171875,-0.09521484375
1725969810054.0332,-1.04797363281,0.32104492187,-0.06103515625
1725969810074.1443,-1.04797363281,0.32104492187,-0.06103515625
1725969810094.1638,-1.04797363281,0.32104492187,-0.06103515625
1725969810114.1528,-1.04797363281,0.32104492187,-0.06103515625
1725969810134.0195,-1.0458984375,0.27319335937,-0.05236816406
1725969810154.1309,-1.0458984375,0.27319335937,-0.05236816406
1725969810174.181,-1.0458984375,0.27319335937,-0.05236816406
1725969810194.17,-1.0458984375,0.27319335937,-0.05236816406
1725969810214.0369,-1.00415039062,0.283203125,-0.08288574218
1725969810234.148,-1.00415039062,0.283203125,-0.08288574218
1725969810254.1367,-1.00415039062,0.283203125,-0.08288574218
1725969810274.126,-1.00415039062,0.283203125,-0.08288574218
1725969810294.054,-0.98156738281,0.29211425781,-0.123046875
1725969810314.1345,-0.98156738281,0.29211425781,-0.123046875
1725969810334.154,-0.98156738281,0.29211425781,-0.123046875
1725969810354.143,-0.98156738281,0.29211425781,-0.123046875
1725969810374.0403,-0.98876953125,0.28784179687,-0.17407226562
1725969810394.121,-0.98876953125,0.28784179687,-0.17407226562
1725969810414.1406,-0.98876953125,0.28784179687,-0.17407226562
1725969810434.1296,-0.98876953125,0.28784179687,-0.17407226562
1725969810453.9963,-1.0078125,0.28588867187,-0.21142578125
1725969810474.2908,-1.0078125,0.28588867187,-0.21142578125
1725969810494.1272,-1.0078125,0.28588867187,-0.21142578125
1725969810514.1467,-1.0078125,0.28588867187,-0.21142578125
1725969810534.044,-1.04064941406,0.26928710937,-0.20593261718
1725969810554.1248,-1.04064941406,0.26928710937,-0.20593261718
1725969810574.1443,-1.04064941406,0.26928710937,-0.20593261718
1725969810594.1333,-1.04064941406,0.26928710937,-0.20593261718
1725969810614.0308,-1.00903320312,0.29809570312,-0.22106933593
1725969810634.111,-1.00903320312,0.29809570312,-0.22106933593
1725969810654.1309,-1.00903320312,0.29809570312,-0.22106933593
1725969810674.1199,-1.00903320312,0.29809570312,-0.22106933593
1725969810693.9868,-0.9619140625,0.34692382812,-0.26147460937
1725969810714.1284,-0.9619140625,0.34692382812,-0.26147460937
1725969810734.1174,-0.9619140625,0.34692382812,-0.26147460937
1725969810754.1675,-0.9619140625,0.34692382812,-0.26147460937
1725969810774.004,-0.92858886718,0.38842773437,-0.29907226562
1725969810794.1147,-0.92858886718,0.38842773437,-0.29907226562
1725969810814.165,-0.92858886718,0.38842773437,-0.29907226562
1725969810834.1235,-0.92858886718,0.38842773437,-0.29907226562
1725969810854.082,-0.92761230468,0.42346191406,-0.31872558593
1725969810874.132,-0.92761230468,0.42346191406,-0.31872558593
1725969810894.121,-0.92761230468,0.42346191406,-0.31872558593
1725969810914.11,-0.92761230468,0.42346191406,-0.31872558593
1725969810934.0076,-1.076171875,0.44812011718,-0.27783203125
1725969810954.1187,-1.076171875,0.44812011718,-0.27783203125
1725969810974.138,-1.076171875,0.44812011718,-0.27783203125
1725969810994.1272,-1.076171875,0.44812011718,-0.27783203125
1725969811014.0247,-1.16418457031,0.44506835937,-0.21606445312
1725969811034.1052,-1.16418457031,0.44506835937,-0.21606445312
1725969811054.1248,-1.16418457031,0.44506835937,-0.21606445312
1725969811074.1135,-1.16418457031,0.44506835937,-0.21606445312
1725969811094.0112,-1.09692382812,0.42492675781,-0.15600585937
1725969811114.1223,-1.09692382812,0.42492675781,-0.15600585937
1725969811134.1418,-1.09692382812,0.42492675781,-0.15600585937
1725969811154.1003,-1.09692382812,0.42492675781,-0.15600585937
1725969811174.0283,-1.09252929687,0.40710449218,-0.10290527343
1725969811194.109,-1.09252929687,0.40710449218,-0.10290527343
1725969811214.1284,-1.09252929687,0.40710449218,-0.10290527343
1725969811234.1174,-1.09252929687,0.40710449218,-0.10290527343
1725969811254.015,-1.1103515625,0.35607910156,-0.07922363281
1725969811274.0955,-1.1103515625,0.35607910156,-0.07922363281
1725969811294.1455,-1.1103515625,0.35607910156,-0.07922363281
1725969811314.104,-1.1103515625,0.35607910156,-0.07922363281
1725969811333.9707,-1.07495117187,0.30419921875,-0.08068847656
1725969811354.1123,-1.07495117187,0.30419921875,-0.08068847656
1725969811374.132,-1.07495117187,0.30419921875,-0.08068847656
1725969811394.121,-1.07495117187,0.30419921875,-0.08068847656
1725969811414.0183,-1.01452636718,0.27893066406,-0.10229492187
1725969811434.1296,-1.01452636718,0.27893066406,-0.10229492187
1725969811454.1492,-1.01452636718,0.27893066406,-0.10229492187
1725969811474.1077,-1.01452636718,0.27893066406,-0.10229492187
1725969811493.9746,-0.94995117187,0.259765625,-0.142578125
1725969811514.1162,-0.94995117187,0.259765625,-0.142578125
1725969811534.1052,-0.94995117187,0.259765625,-0.142578125
1725969811554.0942,-0.94995117187,0.259765625,-0.142578125
1725969811574.0222,-0.96362304687,0.26232910156,-0.17590332031
1725969811594.1028,-0.96362304687,0.26232910156,-0.17590332031
1725969811614.0916,-0.96362304687,0.26232910156,-0.17590332031
1725969811634.111,-0.96362304687,0.26232910156,-0.17590332031
1725969811653.9783,-0.93872070312,0.28967285156,-0.20922851562
1725969811674.089,-0.93872070312,0.28967285156,-0.20922851562
1725969811694.109,-0.93872070312,0.28967285156,-0.20922851562
1725969811714.098,-0.93872070312,0.28967285156,-0.20922851562
1725969811733.9648,-0.96667480468,0.3232421875,-0.22058105468
1725969811754.1064,-0.96667480468,0.3232421875,-0.22058105468
1725969811774.126,-0.96667480468,0.3232421875,-0.22058105468
1725969811794.1147,-0.96667480468,0.3232421875,-0.22058105468
1725969811814.0125,-1.037109375,0.32421875,-0.21020507812
1725969811834.093,-1.037109375,0.32421875,-0.21020507812
1725969811854.1123,-1.037109375,0.32421875,-0.21020507812
1725969811874.1016,-1.037109375,0.32421875,-0.21020507812
1725969811893.9685,-1.00219726562,0.32055664062,-0.18664550781
1725969811914.0796,-1.00219726562,0.32055664062,-0.18664550781
1725969811934.099,-1.00219726562,0.32055664062,-0.18664550781
1725969811954.088,-1.00219726562,0.32055664062,-0.18664550781
1725969811973.9856,-0.96923828125,0.37097167968,-0.16516113281
1725969811994.0967,-0.96923828125,0.37097167968,-0.16516113281
1725969812014.0857,-0.96923828125,0.37097167968,-0.16516113281
1725969812034.1052,-0.96923828125,0.37097167968,-0.16516113281
1725969812054.0027,-0.91735839843,0.42785644531,-0.19470214843
1725969812074.0833,-0.91735839843,0.42785644531,-0.19470214843
1725969812094.1028,-0.91735839843,0.42785644531,-0.19470214843
1725969812114.1223,-0.91735839843,0.42785644531,-0.19470214843
1725969812133.9587,-0.90881347656,0.45227050781,-0.22839355468
1725969812154.1003,-0.90881347656,0.45227050781,-0.22839355468
1725969812174.089,-0.90881347656,0.45227050781,-0.22839355468
1725969812194.0784,-0.90881347656,0.45227050781,-0.22839355468
1725969812213.9758,-1.09411621093,0.42663574218,-0.212890625
1725969812234.087,-1.09411621093,0.42663574218,-0.212890625
1725969812254.1064,-1.09411621093,0.42663574218,-0.212890625
1725969812274.0955,-1.09411621093,0.42663574218,-0.212890625
1725969812293.993,-1.01416015625,0.42456054687,-0.18359375
1725969812314.104,-1.01416015625,0.42456054687,-0.18359375
1725969812334.093,-1.01416015625,0.42456054687,-0.18359375
1725969812354.1123,-1.01416015625,0.42456054687,-0.18359375
1725969812374.01,-1.00915527343,0.42993164062,-0.14709472656
1725969812394.0903,-1.00915527343,0.42993164062,-0.14709472656
1725969812414.0796,-1.00915527343,0.42993164062,-0.14709472656
1725969812434.099,-1.00915527343,0.42993164062,-0.14709472656
1725969812453.966,-1.04028320312,0.36462402343,-0.12170410156
1725969812474.0771,-1.04028320312,0.36462402343,-0.12170410156
1725969812494.0967,-1.04028320312,0.36462402343,-0.12170410156
1725969812514.0857,-1.04028320312,0.36462402343,-0.12170410156
1725969812533.9832,-1.02453613281,0.28723144531,-0.10473632812
1725969812554.0637,-1.02453613281,0.28723144531,-0.10473632812
1725969812574.0833,-1.02453613281,0.28723144531,-0.10473632812
1725969812594.0723,-1.02453613281,0.28723144531,-0.10473632812
1725969812613.9695,-0.97546386718,0.27722167968,-0.10925292968
1725969812634.0808,-0.97546386718,0.27722167968,-0.10925292968
1725969812654.0698,-0.97546386718,0.27722167968,-0.10925292968
1725969812674.089,-0.97546386718,0.27722167968,-0.10925292968
1725969812693.9868,-0.93481445312,0.2861328125,-0.14270019531
1725969812714.098,-0.93481445312,0.2861328125,-0.14270019531
1725969812734.087,-0.93481445312,0.2861328125,-0.14270019531
1725969812754.076,-0.93481445312,0.2861328125,-0.14270019531
1725969812773.9429,-1.02221679687,0.26843261718,-0.16552734375
1725969812794.0845,-1.02221679687,0.26843261718,-0.16552734375
1725969812814.104,-1.02221679687,0.26843261718,-0.16552734375
1725969812834.093,-1.02221679687,0.26843261718,-0.16552734375
1725969812853.96,-1.03686523437,0.29235839843,-0.19494628906
1725969812874.071,-1.03686523437,0.29235839843,-0.19494628906
1725969812894.0903,-1.03686523437,0.29235839843,-0.19494628906
1725969812914.0796,-1.03686523437,0.29235839843,-0.19494628906
1725969812933.977,-0.96875,0.32763671875,-0.23168945312
1725969812954.088,-0.96875,0.32763671875,-0.23168945312
1725969812974.1077,-0.96875,0.32763671875,-0.23168945312
1725969812994.0967,-0.96875,0.32763671875,-0.23168945312
1725969813013.9636,-0.95666503906,0.29504394531,-0.24035644531
1725969813034.0747,-0.95666503906,0.29504394531,-0.24035644531
1725969813054.0637,-0.95666503906,0.29504394531,-0.24035644531
1725969813074.0527,-0.95666503906,0.29504394531,-0.24035644531
1725969813093.95,-0.93762207031,0.29125976562,-0.23718261718
1725969813114.0613,-0.93762207031,0.29125976562,-0.23718261718
1725969813134.0503,-0.93762207031,0.29125976562,-0.23718261718
1725969813154.0698,-0.93762207031,0.29125976562,-0.23718261718
1725969813173.9368,-0.91516113281,0.33752441406,-0.24304199218
1725969813194.0784,-0.91516113281,0.33752441406,-0.24304199218
1725969813214.0671,-0.91516113281,0.33752441406,-0.24304199218
1725969813234.0564,-0.91516113281,0.33752441406,-0.24304199218
1725969813253.923,-0.88269042968,0.37255859375,-0.2841796875
1725969813274.0955,-0.88269042968,0.37255859375,-0.2841796875
1725969813294.054,-0.88269042968,0.37255859375,-0.2841796875
1725969813314.0735,-0.88269042968,0.37255859375,-0.2841796875
1725969813333.9707,-0.9072265625,0.39416503906,-0.31384277343
1725969813354.082,-0.9072265625,0.39416503906,-0.31384277343
1725969813374.071,-0.9072265625,0.39416503906,-0.31384277343
1725969813394.06,-0.9072265625,0.39416503906,-0.31384277343
1725969813413.927,-1.03637695312,0.41467285156,-0.2880859375
1725969813434.0686,-1.03637695312,0.41467285156,-0.2880859375
1725969813454.0576,-1.03637695312,0.41467285156,-0.2880859375
1725969813474.0771,-1.03637695312,0.41467285156,-0.2880859375
1725969813493.944,-1.13208007812,0.42419433593,-0.24890136718
1725969813514.0552,-1.13208007812,0.42419433593,-0.24890136718
1725969813534.044,-1.13208007812,0.42419433593,-0.24890136718
1725969813554.0637,-1.13208007812,0.42419433593,-0.24890136718
1725969813573.9612,-1.06005859375,0.42663574218,-0.2119140625
1725969813594.0415,-1.06005859375,0.42663574218,-0.2119140625
1725969813614.0916,-1.06005859375,0.42663574218,-0.2119140625
1725969813634.0503,-1.06005859375,0.42663574218,-0.2119140625
1725969813653.9475,-1.03259277343,0.42248535156,-0.16455078125
1725969813674.0588,-1.03259277343,0.42248535156,-0.16455078125
1725969813694.0479,-1.03259277343,0.42248535156,-0.16455078125
1725969813714.0369,-1.03259277343,0.42248535156,-0.16455078125
1725969813733.9343,-1.06579589843,0.36645507812,-0.13610839843
1725969813754.076,-1.06579589843,0.36645507812,-0.13610839843
1725969813774.0344,-1.06579589843,0.36645507812,-0.13610839843
1725969813794.054,-1.06579589843,0.36645507812,-0.13610839843
1725969813813.921,-1.02697753906,0.302734375,-0.13842773437
1725969813834.032,-1.02697753906,0.302734375,-0.13842773437
1725969813854.0515,-1.02697753906,0.302734375,-0.13842773437
1725969813874.071,-1.02697753906,0.302734375,-0.13842773437
1725969813893.938,-0.97766113281,0.27294921875,-0.16040039062
1725969813914.049,-0.97766113281,0.27294921875,-0.16040039062
1725969813934.038,-0.97766113281,0.27294921875,-0.16040039062
1725969813954.0576,-0.97766113281,0.27294921875,-0.16040039062
1725969813973.955,-0.9150390625,0.25598144531,-0.18322753906
1725969813994.0356,-0.9150390625,0.25598144531,-0.18322753906
1725969814014.0552,-0.9150390625,0.25598144531,-0.18322753906
1725969814034.044,-0.9150390625,0.25598144531,-0.18322753906
1725969814053.9111,-0.85144042968,0.25537109375,-0.20422363281
1725969814074.0527,-0.85144042968,0.25537109375,-0.20422363281
1725969814094.0415,-0.85144042968,0.25537109375,-0.20422363281
1725969814114.0308,-0.85144042968,0.25537109375,-0.20422363281
1725969814133.9587,-0.95520019531,0.28735351562,-0.20361328125
1725969814154.0393,-0.95520019531,0.28735351562,-0.20361328125
1725969814174.0588,-0.95520019531,0.28735351562,-0.20361328125
1725969814194.0479,-0.95520019531,0.28735351562,-0.20361328125
1725969814213.9148,-1.08276367187,0.36486816406,-0.21997070312
1725969814234.026,-1.08276367187,0.36486816406,-0.21997070312
1725969814254.076,-1.08276367187,0.36486816406,-0.21997070312
1725969814274.0344,-1.08276367187,0.36486816406,-0.21997070312
1725969814293.932,-1.04846191406,0.38952636718,-0.23071289062
1725969814314.0427,-1.04846191406,0.38952636718,-0.23071289062
1725969814334.032,-1.04846191406,0.38952636718,-0.23071289062
1725969814354.0208,-1.04846191406,0.38952636718,-0.23071289062
1725969814373.9185,-1.03662109375,0.32604980468,-0.19311523437
1725969814394.0295,-1.03662109375,0.32604980468,-0.19311523437
1725969814414.0183,-1.03662109375,0.32604980468,-0.19311523437
1725969814434.0686,-1.03662109375,0.32604980468,-0.19311523437
1725969814453.9355,-1.001953125,0.33386230468,-0.18798828125
1725969814474.0466,-1.001953125,0.33386230468,-0.18798828125
1725969814494.066,-1.001953125,0.33386230468,-0.18798828125
1725969814514.0247,-1.001953125,0.33386230468,-0.18798828125
1725969814533.922,-0.89819335937,0.39697265625,-0.18872070312
1725969814554.0332,-0.89819335937,0.39697265625,-0.18872070312
1725969814574.0222,-0.89819335937,0.39697265625,-0.18872070312
1725969814594.0723,-0.89819335937,0.39697265625,-0.18872070312
1725969814613.9392,-0.85815429687,0.41186523437,-0.20166015625
1725969814634.0503,-0.85815429687,0.41186523437,-0.20166015625
1725969814654.0393,-0.85815429687,0.41186523437,-0.20166015625
1725969814674.0283,-0.85815429687,0.41186523437,-0.20166015625
1725969814693.8953,-0.86865234375,0.39477539062,-0.2451171875
1725969814714.0671,-0.86865234375,0.39477539062,-0.2451171875
1725969814734.0564,-0.86865234375,0.39477539062,-0.2451171875
1725969814754.015,-0.86865234375,0.39477539062,-0.2451171875
1725969814773.9429,-0.8798828125,0.35656738281,-0.2529296875
1725969814794.054,-0.8798828125,0.35656738281,-0.2529296875
1725969814814.0125,-0.8798828125,0.35656738281,-0.2529296875
1725969814834.032,-0.8798828125,0.35656738281,-0.2529296875
1725969814853.9294,-0.95593261718,0.34289550781,-0.20129394531
1725969814874.01,-0.95593261718,0.34289550781,-0.20129394531
1725969814894.0295,-0.95593261718,0.34289550781,-0.20129394531
1725969814914.0183,-0.95593261718,0.34289550781,-0.20129394531
1725969814933.916,-1.08422851562,0.3740234375,-0.13659667968
1725969814954.027,-1.08422851562,0.3740234375,-0.13659667968
1725969814974.016,-1.08422851562,0.3740234375,-0.13659667968
1725969814994.0051,-1.08422851562,0.3740234375,-0.13659667968
1725969815013.933,-1.03552246093,0.40637207031,-0.10327148437
1725969815034.044,-1.03552246093,0.40637207031,-0.10327148437
1725969815054.0027,-1.03552246093,0.40637207031,-0.10327148437
1725969815074.0222,-1.03552246093,0.40637207031,-0.10327148437
1725969815093.8892,-0.994140625,0.4140625,-0.09301757812
1725969815114.0002,-0.994140625,0.4140625,-0.09301757812
1725969815134.0503,-0.994140625,0.4140625,-0.09301757812
1725969815154.0088,-0.994140625,0.4140625,-0.09301757812
1725969815173.8755,-1.08215332031,0.37805175781,-0.10070800781
1725969815194.017,-1.08215332031,0.37805175781,-0.10070800781
1725969815214.0063,-1.08215332031,0.37805175781,-0.10070800781
1725969815234.026,-1.08215332031,0.37805175781,-0.10070800781
1725969815253.923,-1.08056640625,0.31237792968,-0.1240234375
1725969815274.004,-1.08056640625,0.31237792968,-0.1240234375
1725969815294.0234,-1.08056640625,0.31237792968,-0.1240234375
1725969815314.0125,-1.08056640625,0.31237792968,-0.1240234375
1725969815337.1448,-1.04125976562,0.27331542968,-0.13745117187
1725969815353.8987,-1.04125976562,0.27331542968,-0.13745117187
1725969815374.0403,-1.04125976562,0.27331542968,-0.13745117187
1725969815393.999,-1.04125976562,0.27331542968,-0.13745117187
1725969815413.8965,-0.89794921875,0.24829101562,-0.12658691406
1725969815434.0076,-0.89794921875,0.24829101562,-0.12658691406
1725969815453.9963,-0.89794921875,0.24829101562,-0.12658691406
1725969815474.0466,-0.89794921875,0.24829101562,-0.12658691406
1725969815493.9136,-0.94152832031,0.25695800781,-0.12255859375
1725969815513.994,-0.94152832031,0.25695800781,-0.12255859375
1725969815534.0137,-0.94152832031,0.25695800781,-0.12255859375
1725969815554.0027,-0.94152832031,0.25695800781,-0.12255859375
1725969815573.9,-1.09204101562,0.29333496093,-0.064453125
1725969815594.0112,-1.09204101562,0.29333496093,-0.064453125
1725969815614.0002,-1.09204101562,0.29333496093,-0.064453125
1725969815633.9893,-1.09204101562,0.29333496093,-0.064453125
1725969815653.8867,-1.13305664062,0.375,-0.02905273437
1725969815673.9978,-1.13305664062,0.375,-0.02905273437
1725969815693.9868,-1.13305664062,0.375,-0.02905273437
1725969815714.0063,-1.13305664062,0.375,-0.02905273437
1725969815733.9038,-1.11462402343,0.39111328125,-0.02185058593
1725969815753.9844,-1.11462402343,0.39111328125,-0.02185058593
1725969815774.004,-1.11462402343,0.39111328125,-0.02185058593
1725969815794.054,-1.11462402343,0.39111328125,-0.02185058593
1725969815813.8904,-1.0966796875,0.33190917968,-0.02893066406
1725969815834.0015,-1.0966796875,0.33190917968,-0.02893066406
1725969815853.9905,-1.0966796875,0.33190917968,-0.02893066406
1725969815874.01,-1.0966796875,0.33190917968,-0.02893066406
1725969815893.9075,-1.01953125,0.31689453125,-0.06774902343
1725969815913.988,-1.01953125,0.31689453125,-0.06774902343
1725969815934.038,-1.01953125,0.31689453125,-0.06774902343
1725969815953.9963,-1.01953125,0.31689453125,-0.06774902343
1725969815973.894,-0.95544433593,0.31188964843,-0.09411621093
1725969815994.0051,-0.95544433593,0.31188964843,-0.09411621093
1725969816013.994,-0.95544433593,0.31188964843,-0.09411621093
1725969816033.9832,-0.95544433593,0.31188964843,-0.09411621093
1725969816053.9111,-0.90783691406,0.28869628906,-0.09802246093
1725969816073.9917,-0.90783691406,0.28869628906,-0.09802246093
1725969816093.9807,-0.90783691406,0.28869628906,-0.09802246093
1725969816114.0308,-0.90783691406,0.28869628906,-0.09802246093
1725969816133.8672,-0.85852050781,0.31030273437,-0.11242675781
1725969816153.9783,-0.85852050781,0.31030273437,-0.11242675781
1725969816173.9978,-0.85852050781,0.31030273437,-0.11242675781
1725969816194.017,-0.85852050781,0.31030273437,-0.11242675781
1725969816213.8535,-0.86364746093,0.35266113281,-0.134765625
1725969816233.995,-0.86364746093,0.35266113281,-0.134765625
1725969816253.9844,-0.86364746093,0.35266113281,-0.134765625
1725969816273.9731,-0.86364746093,0.35266113281,-0.134765625
1725969816293.8708,-0.97033691406,0.39111328125,-0.15551757812
1725969816313.982,-0.97033691406,0.39111328125,-0.15551757812
1725969816333.9707,-0.97033691406,0.39111328125,-0.15551757812
1725969816354.0208,-0.97033691406,0.39111328125,-0.15551757812
1725969816373.8574,-0.99389648437,0.4111328125,-0.18090820312
1725969816393.9685,-0.99389648437,0.4111328125,-0.18090820312
1725969816414.0183,-0.99389648437,0.4111328125,-0.18090820312
1725969816433.977,-0.99389648437,0.4111328125,-0.18090820312
1725969816453.844,-0.96740722656,0.42053222656,-0.1875
1725969816473.9856,-0.96740722656,0.42053222656,-0.1875
1725969816494.0051,-0.96740722656,0.42053222656,-0.1875
1725969816513.994,-0.96740722656,0.42053222656,-0.1875
1725969816533.861,-1.0322265625,0.41235351562,-0.16564941406
1725969816554.0027,-1.0322265625,0.41235351562,-0.16564941406
1725969816573.9917,-1.0322265625,0.41235351562,-0.16564941406
1725969816593.9807,-1.0322265625,0.41235351562,-0.16564941406
1725969816613.8477,-1.06140136718,0.38146972656,-0.14392089843
1725969816633.9893,-1.06140136718,0.38146972656,-0.14392089843
1725969816653.9783,-1.06140136718,0.38146972656,-0.14392089843
1725969816673.9978,-1.06140136718,0.38146972656,-0.14392089843
1725969816693.8647,-1.0322265625,0.36181640625,-0.12756347656
1725969816713.9758,-1.0322265625,0.36181640625,-0.12756347656
1725969816733.9648,-1.0322265625,0.36181640625,-0.12756347656
1725969816753.9844,-1.0322265625,0.36181640625,-0.12756347656
1725969816773.8818,-0.970703125,0.37976074218,-0.14697265625
1725969816793.9624,-0.970703125,0.37976074218,-0.14697265625
1725969816813.982,-0.970703125,0.37976074218,-0.14697265625
1725969816833.9707,-0.970703125,0.37976074218,-0.14697265625
1725969816853.8684,-0.89929199218,0.4736328125,-0.205078125
1725969816873.9795,-0.89929199218,0.4736328125,-0.205078125
1725969816893.9685,-0.89929199218,0.4736328125,-0.205078125
1725969816913.9575,-0.89929199218,0.4736328125,-0.205078125
1725969816933.916,-0.84924316406,0.54345703125,-0.23217773437
1725969816953.9963,-0.84924316406,0.54345703125,-0.23217773437
1725969816973.9856,-0.84924316406,0.54345703125,-0.23217773437
1725969816993.9746,-0.84924316406,0.54345703125,-0.23217773437
1725969817013.8416,-0.8134765625,0.54162597656,-0.21142578125
1725969817033.9526,-0.8134765625,0.54162597656,-0.21142578125
1725969817054.0027,-0.8134765625,0.54162597656,-0.21142578125
1725969817073.9612,-0.8134765625,0.54162597656,-0.21142578125
1725969817093.828,-0.80407714843,0.52404785156,-0.1611328125
1725969817113.9695,-0.80407714843,0.52404785156,-0.1611328125
1725969817133.9587,-0.80407714843,0.52404785156,-0.1611328125
1725969817153.9783,-0.80407714843,0.52404785156,-0.1611328125
1725969817173.8452,-0.89135742187,0.50439453125,-0.11157226562
1725969817193.9563,-0.89135742187,0.50439453125,-0.11157226562
1725969817213.9758,-0.89135742187,0.50439453125,-0.11157226562
1725969817233.9648,-0.89135742187,0.50439453125,-0.11157226562
1725969817253.8315,-1.01245117187,0.48278808593,-0.06555175781
1725969817273.9731,-1.01245117187,0.48278808593,-0.06555175781
1725969817293.993,-1.01245117187,0.48278808593,-0.06555175781
1725969817314.0125,-1.01245117187,0.48278808593,-0.06555175781
1725969817333.8792,-0.97082519531,0.43725585937,-0.03479003906
1725969817353.96,-0.97082519531,0.43725585937,-0.03479003906
1725969817373.9795,-0.97082519531,0.43725585937,-0.03479003906
1725969817393.999,-0.97082519531,0.43725585937,-0.03479003906
1725969817413.8354,-0.93371582031,0.39514160156,-0.03076171875
1725969817433.9463,-0.93371582031,0.39514160156,-0.03076171875
1725969817453.966,-0.93371582031,0.39514160156,-0.03076171875
1725969817473.955,-0.93371582031,0.39514160156,-0.03076171875
1725969817493.8523,-0.94665527343,0.35778808593,-0.06335449218
1725969817513.9636,-0.94665527343,0.35778808593,-0.06335449218
1725969817533.9832,-0.94665527343,0.35778808593,-0.06335449218
1725969817553.972,-0.94665527343,0.35778808593,-0.06335449218
1725969817573.8696,-0.87768554687,0.32153320312,-0.11389160156
1725969817593.95,-0.87768554687,0.32153320312,-0.11389160156
1725969817613.9392,-0.87768554687,0.32153320312,-0.11389160156
1725969817633.9587,-0.87768554687,0.32153320312,-0.11389160156
1725969817653.8257,-0.87463378906,0.33178710937,-0.14794921875
1725969817673.9368,-0.87463378906,0.33178710937,-0.14794921875
1725969817693.9563,-0.87463378906,0.33178710937,-0.14794921875
1725969817713.9453,-0.87463378906,0.33178710937,-0.14794921875
1725969817733.8428,-0.91491699218,0.37622070312,-0.18676757812
1725969817753.9539,-0.91491699218,0.37622070312,-0.18676757812
1725969817773.9429,-0.91491699218,0.37622070312,-0.18676757812
1725969817793.9624,-0.91491699218,0.37622070312,-0.18676757812
1725969817813.829,-0.94104003906,0.40209960937,-0.21118164062
1725969817833.9707,-0.94104003906,0.40209960937,-0.21118164062
1725969817853.9905,-0.94104003906,0.40209960937,-0.21118164062
1725969817873.9487,-0.94104003906,0.40209960937,-0.21118164062
1725969817893.816,-1.06787109375,0.42468261718,-0.18286132812
1725969817913.9575,-1.06787109375,0.42468261718,-0.18286132812
1725969817933.9463,-1.06787109375,0.42468261718,-0.18286132812
1725969817953.966,-1.06787109375,0.42468261718,-0.18286132812
1725969817973.833,-1.0947265625,0.45593261718,-0.16345214843
1725969817993.9746,-1.0947265625,0.45593261718,-0.16345214843
1725969818013.9636,-1.0947265625,0.45593261718,-0.16345214843
1725969818033.9526,-1.0947265625,0.45593261718,-0.16345214843
1725969818053.85,-0.95495605468,0.45812988281,-0.17211914062
1725969818073.9307,-0.95495605468,0.45812988281,-0.17211914062
1725969818093.95,-0.95495605468,0.45812988281,-0.17211914062
1725969818113.9392,-0.95495605468,0.45812988281,-0.17211914062
1725969818133.806,-0.96801757812,0.42053222656,-0.14697265625
1725969818153.9475,-0.96801757812,0.42053222656,-0.14697265625
1725969818173.9368,-0.96801757812,0.42053222656,-0.14697265625
1725969818193.9255,-0.96801757812,0.42053222656,-0.14697265625
1725969818213.8535,-1.02416992187,0.36755371093,-0.12280273437
1725969818233.9343,-1.02416992187,0.36755371093,-0.12280273437
1725969818253.9539,-1.02416992187,0.36755371093,-0.12280273437
1725969818273.9429,-1.02416992187,0.36755371093,-0.12280273437
1725969818293.8403,-1.00451660156,0.33239746093,-0.09899902343
1725969818313.921,-1.00451660156,0.33239746093,-0.09899902343
1725969818333.9707,-1.00451660156,0.33239746093,-0.09899902343
1725969818353.96,-1.00451660156,0.33239746093,-0.09899902343
1725969818373.827,-0.98596191406,0.31396484375,-0.06286621093
1725969818393.9685,-0.98596191406,0.31396484375,-0.06286621093
1725969818413.9575,-0.98596191406,0.31396484375,-0.06286621093
1725969818433.9463,-0.98596191406,0.31396484375,-0.06286621093
1725969818453.844,-0.951171875,0.30529785156,-0.03869628906
1725969818473.9243,-0.951171875,0.30529785156,-0.03869628906
1725969818493.944,-0.951171875,0.30529785156,-0.03869628906
1725969818513.933,-0.951171875,0.30529785156,-0.03869628906
1725969818533.8,-1.05444335937,0.33471679687,-0.08996582031
1725969818553.972,-1.05444335937,0.33471679687,-0.08996582031
1725969818573.9307,-1.05444335937,0.33471679687,-0.08996582031
1725969818593.9197,-1.05444335937,0.33471679687,-0.08996582031
1725969818613.8171,-0.98107910156,0.3212890625,-0.17639160156
1725969818633.9587,-0.98107910156,0.3212890625,-0.17639160156
1725969818653.9172,-0.98107910156,0.3212890625,-0.17639160156
1725969818673.9368,-0.98107910156,0.3212890625,-0.17639160156
1725969818693.8037,-0.890625,0.35461425781,-0.248046875
1725969818713.9148,-0.890625,0.35461425781,-0.248046875
1725969818733.9648,-0.890625,0.35461425781,-0.248046875
1725969818753.923,-0.890625,0.35461425781,-0.248046875
1725969818773.7903,-0.96826171875,0.35766601562,-0.28662109375
1725969818793.932,-0.96826171875,0.35766601562,-0.28662109375
1725969818813.921,-0.96826171875,0.35766601562,-0.28662109375
1725969818833.91,-0.96826171875,0.35766601562,-0.28662109375
1725969818853.838,-0.94396972656,0.33508300781,-0.291015625
1725969818873.9487,-0.94396972656,0.33508300781,-0.291015625
1725969818893.9075,-0.94396972656,0.33508300781,-0.291015625
1725969818913.927,-0.94396972656,0.33508300781,-0.291015625
1725969818933.794,-0.89514160156,0.36315917968,-0.24829101562
1725969818953.9355,-0.89514160156,0.36315917968,-0.24829101562
1725969818973.9243,-0.89514160156,0.36315917968,-0.24829101562
1725969818993.9136,-0.89514160156,0.36315917968,-0.24829101562
1725969819013.7805,-0.88598632812,0.38146972656,-0.20227050781
1725969819033.922,-0.88598632812,0.38146972656,-0.20227050781
1725969819053.9417,-0.88598632812,0.38146972656,-0.20227050781
1725969819073.9307,-0.88598632812,0.38146972656,-0.20227050781
1725969819093.7976,-0.89624023437,0.39099121093,-0.16833496093
1725969819113.9392,-0.89624023437,0.39099121093,-0.16833496093
1725969819133.9282,-0.89624023437,0.39099121093,-0.16833496093
1725969819153.9475,-0.89624023437,0.39099121093,-0.16833496093
1725969819173.784,-0.921875,0.38293457031,-0.14208984375
1725969819193.9255,-0.921875,0.38293457031,-0.14208984375
1725969819214.0671,-0.921875,0.38293457031,-0.14208984375
1725969819233.9343,-0.921875,0.38293457031,-0.14208984375
1725969819253.8013,-1.06005859375,0.3740234375,-0.10168457031
1725969819273.9124,-1.06005859375,0.3740234375,-0.10168457031
1725969819293.932,-1.06005859375,0.3740234375,-0.10168457031
1725969819313.921,-1.06005859375,0.3740234375,-0.10168457031
1725969819333.8184,-1.119140625,0.38134765625,-0.07446289062
1725969819353.9294,-1.119140625,0.38134765625,-0.07446289062
1725969819373.9185,-1.119140625,0.38134765625,-0.07446289062
1725969819393.9075,-1.119140625,0.38134765625,-0.07446289062
1725969819413.7744,-1.00915527343,0.39086914062,-0.087890625
1725969819433.916,-1.00915527343,0.39086914062,-0.087890625
1725969819453.905,-1.00915527343,0.39086914062,-0.087890625
1725969819473.894,-1.00915527343,0.39086914062,-0.087890625
1725969819493.7915,-0.99438476562,0.39758300781,-0.08679199218
1725969819513.9023,-0.99438476562,0.39758300781,-0.08679199218
1725969819533.8916,-0.99438476562,0.39758300781,-0.08679199218
1725969819553.9417,-0.99438476562,0.39758300781,-0.08679199218
1725969819573.778,-0.96447753906,0.380859375,-0.06652832031
1725969819593.8892,-0.96447753906,0.380859375,-0.06652832031
1725969819613.9087,-0.96447753906,0.380859375,-0.06652832031
1725969819633.8977,-0.96447753906,0.380859375,-0.06652832031
1725969819653.7646,-0.88073730468,0.35424804687,-0.05908203125
1725969819673.9368,-0.88073730468,0.35424804687,-0.05908203125
1725969819693.8953,-0.88073730468,0.35424804687,-0.05908203125
1725969819713.9148,-0.88073730468,0.35424804687,-0.05908203125
1725969819733.8123,-0.85205078125,0.3564453125,-0.08178710937
1725969819753.923,-0.85205078125,0.3564453125,-0.08178710937
1725969819773.9429,-0.85205078125,0.3564453125,-0.08178710937
1725969819793.932,-0.85205078125,0.3564453125,-0.08178710937
1725969819813.7988,-0.95654296875,0.37316894531,-0.12353515625
1725969819833.91,-0.95654296875,0.37316894531,-0.12353515625
1725969819853.8987,-0.95654296875,0.37316894531,-0.12353515625
1725969819873.888,-0.95654296875,0.37316894531,-0.12353515625
1725969819893.816,-1.1083984375,0.36108398437,-0.16809082031
1725969819913.8965,-1.1083984375,0.36108398437,-0.16809082031
1725969819933.916,-1.1083984375,0.36108398437,-0.16809082031
1725969819953.905,-1.1083984375,0.36108398437,-0.16809082031
1725969819973.772,-1.02294921875,0.32934570312,-0.19506835937
1725969819993.9136,-1.02294921875,0.32934570312,-0.19506835937
1725969820013.9023,-1.02294921875,0.32934570312,-0.19506835937
1725969820033.8916,-1.02294921875,0.32934570312,-0.19506835937
1725969820053.789,-0.9111328125,0.29162597656,-0.20141601562
1725969820073.9,-0.9111328125,0.29162597656,-0.20141601562
1725969820093.8892,-0.9111328125,0.29162597656,-0.20141601562
1725969820113.878,-0.9111328125,0.29162597656,-0.20141601562
1725969820133.806,-0.89343261718,0.29284667968,-0.21789550781
1725969820153.8867,-0.89343261718,0.29284667968,-0.21789550781
1725969820173.9062,-0.89343261718,0.29284667968,-0.21789550781
1725969820193.9255,-0.89343261718,0.29284667968,-0.21789550781
1725969820213.7927,-0.818359375,0.30383300781,-0.21838378906
1725969820233.8733,-0.818359375,0.30383300781,-0.21838378906
1725969820253.923,-0.818359375,0.30383300781,-0.21838378906
1725969820273.8818,-0.818359375,0.30383300781,-0.21838378906
1725969820293.7793,-0.76989746093,0.29541015625,-0.23107910156
1725969820313.8904,-0.76989746093,0.29541015625,-0.23107910156
1725969820333.8792,-0.76989746093,0.29541015625,-0.23107910156
1725969820353.8987,-0.76989746093,0.29541015625,-0.23107910156
1725969820373.7964,-0.791015625,0.31127929687,-0.27233886718
1725969820393.8767,-0.791015625,0.31127929687,-0.27233886718
1725969820413.8965,-0.791015625,0.31127929687,-0.27233886718
1725969820433.8855,-0.791015625,0.31127929687,-0.27233886718
1725969820453.7827,-0.87805175781,0.3291015625,-0.28015136718
1725969820473.894,-0.87805175781,0.3291015625,-0.28015136718
1725969820493.883,-0.87805175781,0.3291015625,-0.28015136718
1725969820513.9023,-0.87805175781,0.3291015625,-0.28015136718
1725969820533.7695,-1.078125,0.37707519531,-0.22863769531
1725969820553.8806,-1.078125,0.37707519531,-0.22863769531
1725969820573.8696,-1.078125,0.37707519531,-0.22863769531
1725969820593.8892,-1.078125,0.37707519531,-0.22863769531
1725969820613.7866,-1.08801269531,0.44213867187,-0.19201660156
1725969820633.8672,-1.08801269531,0.44213867187,-0.19201660156
1725969820653.8867,-1.08801269531,0.44213867187,-0.19201660156
1725969820673.8755,-1.08801269531,0.44213867187,-0.19201660156
1725969820693.7732,-0.92895507812,0.47668457031,-0.20825195312
1725969820713.8843,-0.92895507812,0.47668457031,-0.20825195312
1725969820733.8733,-0.92895507812,0.47668457031,-0.20825195312
1725969820753.8623,-0.92895507812,0.47668457031,-0.20825195312
1725969820773.7903,-0.98828125,0.45629882812,-0.20031738281
1725969820793.8708,-0.98828125,0.45629882812,-0.20031738281
1725969820813.8904,-0.98828125,0.45629882812,-0.20031738281
1725969820833.8792,-0.98828125,0.45629882812,-0.20031738281
1725969820853.7769,-1.04821777343,0.39880371093,-0.17370605468
1725969820873.8574,-1.04821777343,0.39880371093,-0.17370605468
1725969820893.8767,-1.04821777343,0.39880371093,-0.17370605468
1725969820913.8965,-1.04821777343,0.39880371093,-0.17370605468
1725969820933.7634,-1.01977539062,0.357421875,-0.16857910156
1725969820953.905,-1.01977539062,0.357421875,-0.16857910156
1725969820973.8635,-1.01977539062,0.357421875,-0.16857910156
1725969820993.883,-1.01977539062,0.357421875,-0.16857910156
1725969821013.75,-0.96069335937,0.32666015625,-0.1796875
1725969821033.8916,-0.96069335937,0.32666015625,-0.1796875
1725969821053.8806,-0.96069335937,0.32666015625,-0.1796875
1725969821073.9,-0.96069335937,0.32666015625,-0.1796875
1725969821093.7363,-0.90502929687,0.2998046875,-0.19213867187
1725969821113.878,-0.90502929687,0.2998046875,-0.19213867187
1725969821133.8672,-0.90502929687,0.2998046875,-0.19213867187
1725969821153.8867,-0.90502929687,0.2998046875,-0.19213867187
1725969821173.7537,-0.97387695312,0.29675292968,-0.19482421875
1725969821193.8647,-0.97387695312,0.29675292968,-0.19482421875
1725969821213.8535,-0.97387695312,0.29675292968,-0.19482421875
1725969821233.8733,-0.97387695312,0.29675292968,-0.19482421875
1725969821253.7402,-1.08422851562,0.33166503906,-0.20239257812
1725969821273.8513,-1.08422851562,0.33166503906,-0.20239257812
1725969821293.8708,-1.08422851562,0.33166503906,-0.20239257812
1725969821313.8904,-1.08422851562,0.33166503906,-0.20239257812
1725969821333.7268,-1.03869628906,0.32824707031,-0.19750976562
1725969821353.8684,-1.03869628906,0.32824707031,-0.19750976562
1725969821373.8574,-1.03869628906,0.32824707031,-0.19750976562
1725969821393.8464,-1.03869628906,0.32824707031,-0.19750976562
1725969821416.9788,-0.99768066406,0.28796386718,-0.17443847656
1725969821433.733,-0.99768066406,0.28796386718,-0.17443847656
1725969821453.8745,-0.99768066406,0.28796386718,-0.17443847656
1725969821473.8635,-0.99768066406,0.28796386718,-0.17443847656
1725969821493.7607,-0.97229003906,0.2880859375,-0.17407226562
1725969821513.8416,-0.97229003906,0.2880859375,-0.17407226562
1725969821533.861,-0.97229003906,0.2880859375,-0.17407226562
1725969821553.85,-0.97229003906,0.2880859375,-0.17407226562
1725969821573.7476,-0.86450195312,0.29846191406,-0.16149902343
1725969821593.8586,-0.86450195312,0.29846191406,-0.16149902343
1725969821613.8477,-0.86450195312,0.29846191406,-0.16149902343
1725969821633.8672,-0.86450195312,0.29846191406,-0.16149902343
1725969821653.7646,-0.80810546875,0.36413574218,-0.14465332031
1725969821673.8452,-0.80810546875,0.36413574218,-0.14465332031
1725969821693.8647,-0.80810546875,0.36413574218,-0.14465332031
1725969821713.8535,-0.80810546875,0.36413574218,-0.14465332031
1725969821733.7512,-0.95227050781,0.40173339843,-0.15393066406
1725969821753.8623,-0.95227050781,0.40173339843,-0.15393066406
1725969821773.8818,-0.95227050781,0.40173339843,-0.15393066406
1725969821793.8403,-0.95227050781,0.40173339843,-0.15393066406
1725969821813.7683,-1.03552246093,0.40258789062,-0.14477539062
1725969821833.8792,-1.03552246093,0.40258789062,-0.14477539062
1725969821853.8684,-1.03552246093,0.40258789062,-0.14477539062
1725969821873.8574,-1.03552246093,0.40258789062,-0.14477539062
1725969821893.755,-0.98266601562,0.41235351562,-0.15502929687
1725969821913.8354,-0.98266601562,0.41235351562,-0.15502929687
1725969821933.8855,-0.98266601562,0.41235351562,-0.15502929687
1725969821953.8745,-0.98266601562,0.41235351562,-0.15502929687
1725969821973.7415,-0.98205566406,0.43151855468,-0.17553710937
1725969821993.883,-0.98205566406,0.43151855468,-0.17553710937
1725969822013.8416,-0.98205566406,0.43151855468,-0.17553710937
1725969822033.8303,-0.98205566406,0.43151855468,-0.17553710937
1725969822053.728,-1.05773925781,0.40808105468,-0.17980957031
1725969822073.839,-1.05773925781,0.40808105468,-0.17980957031
1725969822093.8586,-1.05773925781,0.40808105468,-0.17980957031
1725969822113.8477,-1.05773925781,0.40808105468,-0.17980957031
1725969822133.7144,-1.04931640625,0.36376953125,-0.1943359375
1725969822153.8257,-1.04931640625,0.36376953125,-0.1943359375
1725969822173.8452,-1.04931640625,0.36376953125,-0.1943359375
1725969822193.8342,-1.04931640625,0.36376953125,-0.1943359375
1725969822213.7317,-1.00158691406,0.33374023437,-0.22607421875
1725969822233.8428,-1.00158691406,0.33374023437,-0.22607421875
1725969822253.8928,-1.00158691406,0.33374023437,-0.22607421875
1725969822273.8818,-1.00158691406,0.33374023437,-0.22607421875
1725969822293.7183,-1.0126953125,0.29064941406,-0.23046875
1725969822313.829,-1.0126953125,0.29064941406,-0.23046875
1725969822333.8489,-1.0126953125,0.29064941406,-0.23046875
1725969822353.8684,-1.0126953125,0.29064941406,-0.23046875
1725969822373.7048,-1.00646972656,0.27990722656,-0.21801757812
1725969822393.8767,-1.00646972656,0.27990722656,-0.21801757812
1725969822413.8354,-1.00646972656,0.27990722656,-0.21801757812
1725969822433.8245,-1.00646972656,0.27990722656,-0.21801757812
1725969822453.7524,-0.93469238281,0.29992675781,-0.20275878906
1725969822473.833,-0.93469238281,0.29992675781,-0.20275878906
1725969822493.8523,-0.93469238281,0.29992675781,-0.20275878906
1725969822513.8416,-0.93469238281,0.29992675781,-0.20275878906
1725969822533.7085,-0.90966796875,0.30603027343,-0.17272949218
1725969822553.8196,-0.90966796875,0.30603027343,-0.17272949218
1725969822573.839,-0.90966796875,0.30603027343,-0.17272949218
1725969822593.828,-0.90966796875,0.30603027343,-0.17272949218
1725969822613.7256,-0.93017578125,0.32568359375,-0.15759277343
1725969822633.9587,-0.93017578125,0.32568359375,-0.15759277343
1725969822653.8257,-0.93017578125,0.32568359375,-0.15759277343
1725969822673.8147,-0.93017578125,0.32568359375,-0.15759277343
1725969822693.712,-0.98669433593,0.33374023437,-0.15161132812
1725969822713.8232,-0.98669433593,0.33374023437,-0.15161132812
1725969822733.8123,-0.98669433593,0.33374023437,-0.15161132812
1725969822753.8315,-0.98669433593,0.33374023437,-0.15161132812
1725969822773.6987,-1.01721191406,0.33544921875,-0.16967773437
1725969822793.8098,-1.01721191406,0.33544921875,-0.16967773437
1725969822813.8599,-1.01721191406,0.33544921875,-0.16967773437
1725969822833.8184,-1.01721191406,0.33544921875,-0.16967773437
1725969822853.6853,-0.95532226562,0.36120605468,-0.2177734375
1725969822873.827,-0.95532226562,0.36120605468,-0.2177734375
1725969822893.816,-0.95532226562,0.36120605468,-0.2177734375
1725969822913.8354,-0.95532226562,0.36120605468,-0.2177734375
1725969822933.7024,-0.92761230468,0.34204101562,-0.28601074218
1725969822953.8135,-0.92761230468,0.34204101562,-0.28601074218
1725969822973.833,-0.92761230468,0.34204101562,-0.28601074218
1725969822993.822,-0.92761230468,0.34204101562,-0.28601074218
1725969823013.75,-0.94482421875,0.30078125,-0.33557128906
1725969823033.8303,-0.94482421875,0.30078125,-0.33557128906
1725969823053.8196,-0.94482421875,0.30078125,-0.33557128906
1725969823073.8083,-0.94482421875,0.30078125,-0.33557128906
1725969823093.706,-0.95178222656,0.29089355468,-0.32849121093
1725969823113.8171,-0.95178222656,0.29089355468,-0.32849121093
1725969823133.806,-0.95178222656,0.29089355468,-0.32849121093
1725969823153.8257,-0.95178222656,0.29089355468,-0.32849121093
1725969823173.6926,-0.94152832031,0.29565429687,-0.31262207031
1725969823193.8037,-0.94152832031,0.29565429687,-0.31262207031
1725969823213.8535,-0.94152832031,0.29565429687,-0.31262207031
1725969823233.8123,-0.94152832031,0.29565429687,-0.31262207031
1725969823253.6792,-0.92736816406,0.30725097656,-0.28125
1725969823273.8208,-0.92736816406,0.30725097656,-0.28125
1725969823293.8098,-0.92736816406,0.30725097656,-0.28125
1725969823313.7988,-0.92736816406,0.30725097656,-0.28125
1725969823333.7268,-0.94787597656,0.32507324218,-0.25622558593
1725969823353.838,-0.94787597656,0.32507324218,-0.25622558593
1725969823373.7964,-0.94787597656,0.32507324218,-0.25622558593
1725969823393.8767,-0.94787597656,0.32507324218,-0.25622558593
1725969823413.6829,-0.93664550781,0.32922363281,-0.23510742187
1725969823433.8245,-0.93664550781,0.32922363281,-0.23510742187
1725969823453.8135,-0.93664550781,0.32922363281,-0.23510742187
1725969823473.8025,-0.93664550781,0.32922363281,-0.23510742187
1725969823493.6694,-0.95227050781,0.31457519531,-0.18774414062
1725969823513.811,-0.95227050781,0.31457519531,-0.18774414062
1725969823533.8,-0.95227050781,0.31457519531,-0.18774414062
1725969823553.8196,-0.95227050781,0.31457519531,-0.18774414062
1725969823573.6863,-0.96154785156,0.31713867187,-0.14489746093
1725969823593.7976,-0.96154785156,0.31713867187,-0.14489746093
1725969823613.8171,-0.96154785156,0.31713867187,-0.14489746093
1725969823633.806,-0.96154785156,0.31713867187,-0.14489746093
1725969823653.673,-0.91479492187,0.34643554687,-0.09777832031
1725969823673.8147,-0.91479492187,0.34643554687,-0.09777832031
1725969823693.8037,-0.91479492187,0.34643554687,-0.09777832031
1725969823713.7927,-0.91479492187,0.34643554687,-0.09777832031
1725969823733.69,-0.90869140625,0.3798828125,-0.07263183593
1725969823753.8013,-0.90869140625,0.3798828125,-0.07263183593
1725969823773.7903,-0.90869140625,0.3798828125,-0.07263183593
1725969823793.8403,-0.90869140625,0.3798828125,-0.07263183593
1725969823813.6768,-0.9443359375,0.40283203125,-0.11730957031
1725969823833.7878,-0.9443359375,0.40283203125,-0.11730957031
1725969823853.838,-0.9443359375,0.40283203125,-0.11730957031
1725969823873.7964,-0.9443359375,0.40283203125,-0.11730957031
1725969823893.663,-0.990234375,0.40307617187,-0.1943359375
1725969823913.8354,-0.990234375,0.40307617187,-0.1943359375
1725969823933.794,-0.990234375,0.40307617187,-0.1943359375
1725969823953.7827,-0.990234375,0.40307617187,-0.1943359375
1725969823973.6804,-1.06787109375,0.40417480468,-0.21984863281
1725969823993.7915,-1.06787109375,0.40417480468,-0.21984863281
1725969824013.7805,-1.06787109375,0.40417480468,-0.21984863281
1725969824033.8,-1.06787109375,0.40417480468,-0.21984863281
1725969824053.6975,-1.14990234375,0.41625976562,-0.20983886718
1725969824073.8083,-1.14990234375,0.41625976562,-0.20983886718
1725969824093.7976,-1.14990234375,0.41625976562,-0.20983886718
1725969824113.8171,-1.14990234375,0.41625976562,-0.20983886718
1725969824133.6536,-1.00573730468,0.38745117187,-0.22082519531
1725969824153.8257,-1.00573730468,0.38745117187,-0.22082519531
1725969824173.784,-1.00573730468,0.38745117187,-0.22082519531
1725969824193.8342,-1.00573730468,0.38745117187,-0.22082519531
1725969824213.6707,-0.87084960937,0.35107421875,-0.19580078125
1725969824233.7815,-0.87084960937,0.35107421875,-0.19580078125
1725969824253.8013,-0.87084960937,0.35107421875,-0.19580078125
1725969824273.7903,-0.87084960937,0.35107421875,-0.19580078125
1725969824293.6875,-0.9580078125,0.33203125,-0.16418457031
1725969824313.829,-0.9580078125,0.33203125,-0.16418457031
1725969824333.7878,-0.9580078125,0.33203125,-0.16418457031
1725969824353.8071,-0.9580078125,0.33203125,-0.16418457031
1725969824373.6743,-0.96008300781,0.2783203125,-0.19958496093
1725969824393.7854,-0.96008300781,0.2783203125,-0.19958496093
1725969824413.8047,-0.96008300781,0.2783203125,-0.19958496093
1725969824433.794,-0.96008300781,0.2783203125,-0.19958496093
1725969824453.661,-0.85571289062,0.20007324218,-0.24523925781
1725969824473.772,-0.85571289062,0.20007324218,-0.24523925781
1725969824493.7915,-0.85571289062,0.20007324218,-0.24523925781
1725969824513.7805,-0.85571289062,0.20007324218,-0.24523925781
1725969824533.678,-0.84045410156,0.19177246093,-0.25720214843
1725969824553.789,-0.84045410156,0.19177246093,-0.25720214843
1725969824573.8083,-0.84045410156,0.19177246093,-0.25720214843
1725969824593.767,-0.84045410156,0.19177246093,-0.25720214843
1725969824613.695,-0.90112304687,0.24841308593,-0.25646972656
1725969824633.7756,-0.90112304687,0.24841308593,-0.25646972656
1725969824653.7952,-0.90112304687,0.24841308593,-0.25646972656
1725969824673.784,-0.90112304687,0.24841308593,-0.25646972656
1725969824693.6816,-0.95544433593,0.30603027343,-0.26025390625
1725969824713.7622,-0.95544433593,0.30603027343,-0.26025390625
1725969824733.7815,-0.95544433593,0.30603027343,-0.26025390625
1725969824753.7708,-0.95544433593,0.30603027343,-0.26025390625
1725969824773.6682,-1.05786132812,0.37561035156,-0.23706054687
1725969824793.8098,-1.05786132812,0.37561035156,-0.23706054687
1725969824813.7683,-1.05786132812,0.37561035156,-0.23706054687
1725969824833.7878,-1.05786132812,0.37561035156,-0.23706054687
1725969824853.6548,-1.09313964843,0.46398925781,-0.17504882812
1725969824873.7659,-1.09313964843,0.46398925781,-0.17504882812
1725969824893.7854,-1.09313964843,0.46398925781,-0.17504882812
1725969824913.8047,-1.09313964843,0.46398925781,-0.17504882812
1725969824933.641,-1.01403808593,0.44201660156,-0.12841796875
1725969824953.7827,-1.01403808593,0.44201660156,-0.12841796875
1725969824973.772,-1.01403808593,0.44201660156,-0.12841796875
1725969824993.7607,-1.01403808593,0.44201660156,-0.12841796875
1725969825013.6584,-1.05297851562,0.37341308593,-0.0859375
1725969825033.7695,-1.05297851562,0.37341308593,-0.0859375
1725969825053.789,-1.05297851562,0.37341308593,-0.0859375
1725969825073.778,-1.05297851562,0.37341308593,-0.0859375
1725969825093.645,-1.06164550781,0.32360839843,-0.04736328125
1725969825113.756,-1.06164550781,0.32360839843,-0.04736328125
1725969825133.806,-1.06164550781,0.32360839843,-0.04736328125
1725969825153.7646,-1.06164550781,0.32360839843,-0.04736328125
1725969825173.6316,-1.03552246093,0.3046875,-0.01684570312
1725969825193.7732,-1.03552246093,0.3046875,-0.01684570312
1725969825213.7622,-1.03552246093,0.3046875,-0.01684570312
1725969825233.7512,-1.03552246093,0.3046875,-0.01684570312
1725969825253.6792,-0.99096679687,0.28430175781,-0.01306152343
1725969825273.7903,-0.99096679687,0.28430175781,-0.01306152343
1725969825293.7488,-0.99096679687,0.28430175781,-0.01306152343
1725969825313.7683,-0.99096679687,0.28430175781,-0.01306152343
1725969825333.6353,-1.06298828125,0.29260253906,-0.02795410156
1725969825353.7463,-1.06298828125,0.29260253906,-0.02795410156
1725969825373.7964,-1.06298828125,0.29260253906,-0.02795410156
1725969825393.755,-1.06298828125,0.29260253906,-0.02795410156
1725969825413.6523,-0.98718261718,0.32556152343,-0.12548828125
1725969825433.7634,-0.98718261718,0.32556152343,-0.12548828125
1725969825453.7524,-0.98718261718,0.32556152343,-0.12548828125
1725969825473.8025,-0.98718261718,0.32556152343,-0.12548828125
1725969825493.639,-0.78393554687,0.30456542968,-0.22216796875
1725969825513.75,-0.78393554687,0.30456542968,-0.22216796875
1725969825533.7695,-0.78393554687,0.30456542968,-0.22216796875
1725969825553.7583,-0.78393554687,0.30456542968,-0.22216796875
1725969825573.6255,-0.89562988281,0.27905273437,-0.26208496093
1725969825593.7976,-0.89562988281,0.27905273437,-0.26208496093
1725969825613.756,-0.89562988281,0.27905273437,-0.26208496093
1725969825633.7756,-0.89562988281,0.27905273437,-0.26208496093
1725969825653.6423,-0.99768066406,0.29943847656,-0.31506347656
1725969825673.8147,-0.99768066406,0.29943847656,-0.31506347656
1725969825693.7732,-0.99768066406,0.29943847656,-0.31506347656
1725969825713.7927,-0.99768066406,0.29943847656,-0.31506347656
1725969825733.6292,-0.93371582031,0.3173828125,-0.32409667968
1725969825753.7402,-0.93371582031,0.3173828125,-0.32409667968
1725969825773.7595,-0.93371582031,0.3173828125,-0.32409667968
1725969825793.7488,-0.93371582031,0.3173828125,-0.32409667968
1725969825813.6462,-0.92065429687,0.3486328125,-0.30432128906
1725969825833.757,-0.92065429687,0.3486328125,-0.30432128906
1725969825853.7769,-0.92065429687,0.3486328125,-0.30432128906
1725969825873.735,-0.92065429687,0.3486328125,-0.30432128906
1725969825893.663,-0.939453125,0.38513183593,-0.27111816406
1725969825913.744,-0.939453125,0.38513183593,-0.27111816406
1725969825933.733,-0.939453125,0.38513183593,-0.27111816406
1725969825953.7524,-0.939453125,0.38513183593,-0.27111816406
1725969825973.65,-0.93896484375,0.39904785156,-0.20983886718
1725969825993.7305,-0.93896484375,0.39904785156,-0.20983886718
1725969826013.75,-0.93896484375,0.39904785156,-0.20983886718
1725969826033.739,-0.93896484375,0.39904785156,-0.20983886718
1725969826053.606,-1.07202148437,0.4169921875,-0.15100097656
1725969826073.7476,-1.07202148437,0.4169921875,-0.15100097656
1725969826093.767,-1.07202148437,0.4169921875,-0.15100097656
1725969826113.756,-1.07202148437,0.4169921875,-0.15100097656
1725969826133.6536,-1.08520507812,0.42321777343,-0.12561035156
1725969826153.734,-1.08520507812,0.42321777343,-0.12561035156
1725969826173.7537,-1.08520507812,0.42321777343,-0.12561035156
1725969826193.7732,-1.08520507812,0.42321777343,-0.12561035156
1725969826213.6096,-0.95886230468,0.42199707031,-0.12316894531
1725969826233.7512,-0.95886230468,0.42199707031,-0.12316894531
1725969826253.7402,-0.95886230468,0.42199707031,-0.12316894531
1725969826273.7595,-0.95886230468,0.42199707031,-0.12316894531
1725969826293.6572,-1.02514648437,0.38696289062,-0.12097167968
1725969826313.7683,-1.02514648437,0.38696289062,-0.12097167968
1725969826333.7268,-1.02514648437,0.38696289062,-0.12097167968
1725969826353.7463,-1.02514648437,0.38696289062,-0.12097167968
1725969826373.6436,-1.05700683593,0.314453125,-0.12316894531
1725969826393.755,-1.05700683593,0.314453125,-0.12316894531
1725969826413.744,-1.05700683593,0.314453125,-0.12316894531
1725969826433.733,-1.05700683593,0.314453125,-0.12316894531
1725969826453.5999,-1.015625,0.29309082031,-0.13659667968
1725969826473.7415,-1.015625,0.29309082031,-0.13659667968
1725969826493.7305,-1.015625,0.29309082031,-0.13659667968
1725969826513.75,-1.015625,0.29309082031,-0.13659667968
1725969826533.6475,-0.94421386718,0.28100585937,-0.16687011718
1725969826553.728,-0.94421386718,0.28100585937,-0.16687011718
1725969826573.717,-0.94421386718,0.28100585937,-0.16687011718
1725969826593.7363,-0.94421386718,0.28100585937,-0.16687011718
1725969826613.634,-0.89831542968,0.25036621093,-0.19970703125
1725969826633.7144,-0.89831542968,0.25036621093,-0.19970703125
1725969826653.734,-0.89831542968,0.25036621093,-0.19970703125
1725969826673.7231,-0.89831542968,0.25036621093,-0.19970703125
1725969826693.59,-1.03234863281,0.26000976562,-0.19946289062
1725969826713.7622,-1.03234863281,0.26000976562,-0.19946289062
1725969826733.7207,-1.03234863281,0.26000976562,-0.19946289062
1725969826753.7402,-1.03234863281,0.26000976562,-0.19946289062
1725969826773.6072,-1.07080078125,0.31884765625,-0.20251464843
1725969826793.7183,-1.07080078125,0.31884765625,-0.20251464843
1725969826813.7375,-1.07080078125,0.31884765625,-0.20251464843
1725969826833.7268,-1.07080078125,0.31884765625,-0.20251464843
1725969826853.5935,-0.98449707031,0.33996582031,-0.21008300781
1725969826873.735,-0.98449707031,0.33996582031,-0.21008300781
1725969826893.7244,-0.98449707031,0.33996582031,-0.21008300781
1725969826913.7131,-0.98449707031,0.33996582031,-0.21008300781
1725969826933.6108,-0.9609375,0.31530761718,-0.19177246093
1725969826953.722,-0.9609375,0.31530761718,-0.19177246093
1725969826973.7107,-0.9609375,0.31530761718,-0.19177246093
1725969826993.7607,-0.9609375,0.31530761718,-0.19177246093
1725969827013.5974,-0.93017578125,0.32788085937,-0.1591796875
1725969827033.739,-0.93017578125,0.32788085937,-0.1591796875
1725969827053.7583,-0.93017578125,0.32788085937,-0.1591796875
1725969827073.7476,-0.93017578125,0.32788085937,-0.1591796875
1725969827093.584,-0.87512207031,0.35559082031,-0.15246582031
1725969827113.7256,-0.87512207031,0.35559082031,-0.15246582031
1725969827133.745,-0.87512207031,0.35559082031,-0.15246582031
1725969827153.7036,-0.87512207031,0.35559082031,-0.15246582031
1725969827173.6316,-0.83801269531,0.37268066406,-0.19934082031
1725969827193.712,-0.83801269531,0.37268066406,-0.19934082031
1725969827213.7012,-0.83801269531,0.37268066406,-0.19934082031
1725969827233.7207,-0.83801269531,0.37268066406,-0.19934082031
1725969827253.618,-0.8759765625,0.37548828125,-0.244140625
1725969827273.6987,-0.8759765625,0.37548828125,-0.244140625
1725969827293.7183,-0.8759765625,0.37548828125,-0.244140625
1725969827313.7073,-0.8759765625,0.37548828125,-0.244140625
1725969827333.5742,-1.08972167968,0.40075683593,-0.25036621093
1725969827353.7463,-1.08972167968,0.40075683593,-0.25036621093
1725969827373.7048,-1.08972167968,0.40075683593,-0.25036621093
1725969827393.7244,-1.08972167968,0.40075683593,-0.25036621093
1725969827413.6218,-1.09545898437,0.4208984375,-0.248046875
1725969827433.7024,-1.09545898437,0.4208984375,-0.248046875
1725969827453.722,-1.09545898437,0.4208984375,-0.248046875
1725969827473.7107,-1.09545898437,0.4208984375,-0.248046875
1725969827493.578,-0.9345703125,0.42614746093,-0.23132324218
1725969827513.7195,-0.9345703125,0.42614746093,-0.23132324218
1725969827533.6167,-0.9345703125,0.42614746093,-0.23132324218
1725969827553.6975,-0.9345703125,0.42614746093,-0.23132324218
1725969827573.5947,-1.03979492187,0.42541503906,-0.18920898437
1725969827593.7363,-1.03979492187,0.42541503906,-0.18920898437
1725969827613.695,-1.03979492187,0.42541503906,-0.18920898437
1725969827633.745,-1.03979492187,0.42541503906,-0.18920898437
1725969827653.5815,-1.07849121093,0.37609863281,-0.17785644531
1725969827673.7231,-1.07849121093,0.37609863281,-0.17785644531
1725969827693.712,-1.07849121093,0.37609863281,-0.17785644531
1725969827713.7012,-1.07849121093,0.37609863281,-0.17785644531
1725969827733.568,-1.00476074218,0.31872558593,-0.20275878906
1725969827753.7097,-1.00476074218,0.31872558593,-0.20275878906
1725969827773.6987,-1.00476074218,0.31872558593,-0.20275878906
1725969827793.6875,-1.00476074218,0.31872558593,-0.20275878906
1725969827813.5852,-0.94128417968,0.2763671875,-0.24157714843
1725969827833.6963,-0.94128417968,0.2763671875,-0.24157714843
1725969827853.6853,-0.94128417968,0.2763671875,-0.24157714843
1725969827873.7048,-0.94128417968,0.2763671875,-0.24157714843
1725969827893.5715,-0.89807128906,0.25866699218,-0.2626953125
1725969827913.6829,-0.89807128906,0.25866699218,-0.2626953125
1725969827933.733,-0.89807128906,0.25866699218,-0.2626953125
1725969827953.6914,-0.89807128906,0.25866699218,-0.2626953125
1725969827973.5583,-1.03637695312,0.27746582031,-0.22253417968
1725969827993.7305,-1.03637695312,0.27746582031,-0.22253417968
1725969828013.7195,-1.03637695312,0.27746582031,-0.22253417968
1725969828033.739,-1.03637695312,0.27746582031,-0.22253417968
1725969828053.5754,-0.97106933593,0.43981933593,-0.15161132812
1725969828073.6863,-0.97106933593,0.43981933593,-0.15161132812
1725969828093.7363,-0.97106933593,0.43981933593,-0.15161132812
1725969828113.695,-0.97106933593,0.43981933593,-0.15161132812
1725969828133.562,-1.01000976562,0.43286132812,-0.126953125
1725969828153.7036,-1.01000976562,0.43286132812,-0.126953125
1725969828173.6926,-1.01000976562,0.43286132812,-0.126953125
1725969828193.6816,-1.01000976562,0.43286132812,-0.126953125
1725969828213.579,-1.00415039062,0.38684082031,-0.13317871093
1725969828233.69,-1.00415039062,0.38684082031,-0.13317871093
1725969828253.6792,-1.00415039062,0.38684082031,-0.13317871093
1725969828273.6987,-1.00415039062,0.38684082031,-0.13317871093
1725969828293.596,-0.91064453125,0.40612792968,-0.19860839843
1725969828313.6768,-0.91064453125,0.40612792968,-0.19860839843
1725969828333.6963,-0.91064453125,0.40612792968,-0.19860839843
1725969828353.6853,-0.91064453125,0.40612792968,-0.19860839843
1725969828373.5522,-0.91613769531,0.39624023437,-0.32092285156
1725969828393.6938,-0.91613769531,0.39624023437,-0.32092285156
1725969828413.6829,-0.91613769531,0.39624023437,-0.32092285156
1725969828433.6719,-0.91613769531,0.39624023437,-0.32092285156
1725969828453.569,-0.97912597656,0.26342773437,-0.41748046875
1725969828473.6804,-0.97912597656,0.26342773437,-0.41748046875
1725969828493.7,-0.97912597656,0.26342773437,-0.41748046875
1725969828513.6887,-0.97912597656,0.26342773437,-0.41748046875
1725969828533.556,-0.97717285156,0.14733886718,-0.37707519531
1725969828553.6667,-0.97717285156,0.14733886718,-0.37707519531
1725969828573.6863,-0.97717285156,0.14733886718,-0.37707519531
1725969828593.6755,-0.97717285156,0.14733886718,-0.37707519531
1725969828613.5425,-0.95751953125,0.0712890625,-0.29260253906
1725969828633.684,-0.95751953125,0.0712890625,-0.29260253906
1725969828653.673,-0.95751953125,0.0712890625,-0.29260253906
1725969828673.6926,-0.95751953125,0.0712890625,-0.29260253906
1725969828693.5596,-1.07458496093,0.01916503906,-0.25317382812
1725969828713.7012,-1.07458496093,0.01916503906,-0.25317382812
1725969828733.69,-1.07458496093,0.01916503906,-0.25317382812
1725969828753.6792,-1.07458496093,0.01916503906,-0.25317382812
1725969828773.5767,-1.1416015625,0.07202148437,-0.28894042968
1725969828793.7183,-1.1416015625,0.07202148437,-0.28894042968
1725969828813.7073,-1.1416015625,0.07202148437,-0.28894042968
1725969828833.6963,-1.1416015625,0.07202148437,-0.28894042968
1725969828853.5935,-0.96228027343,0.173828125,-0.32238769531
1725969828873.7048,-0.96228027343,0.173828125,-0.32238769531
1725969828893.663,-0.96228027343,0.173828125,-0.32238769531
1725969828913.7131,-0.96228027343,0.173828125,-0.32238769531
1725969828933.5803,-0.90686035156,0.27124023437,-0.244140625
1725969828953.661,-0.90686035156,0.27124023437,-0.244140625
1725969828973.6804,-0.90686035156,0.27124023437,-0.244140625
1725969828993.6694,-0.90686035156,0.27124023437,-0.244140625
1725969829013.567,-0.94763183593,0.34899902343,-0.16589355468
1725969829033.7085,-0.94763183593,0.34899902343,-0.16589355468
1725969829053.6667,-0.94763183593,0.34899902343,-0.16589355468
1725969829073.656,-0.94763183593,0.34899902343,-0.16589355468
1725969829093.584,-0.96044921875,0.41345214843,-0.1513671875
1725969829113.6643,-0.96044921875,0.41345214843,-0.1513671875
1725969829133.6536,-0.96044921875,0.41345214843,-0.1513671875
1725969829153.673,-0.96044921875,0.41345214843,-0.1513671875
1725969829173.54,-1.10400390625,0.37145996093,-0.09558105468
1725969829193.6511,-1.10400390625,0.37145996093,-0.09558105468
1725969829213.6707,-1.10400390625,0.37145996093,-0.09558105468
1725969829233.6597,-1.10400390625,0.37145996093,-0.09558105468
1725969829253.5571,-1.25854492187,0.29052734375,-0.0810546875
1725969829273.6682,-1.25854492187,0.29052734375,-0.0810546875
1725969829293.6875,-1.25854492187,0.29052734375,-0.0810546875
1725969829313.6768,-1.25854492187,0.29052734375,-0.0810546875
1725969829333.5742,-1.28576660156,0.27258300781,-0.15661621093
1725969829353.6548,-1.28576660156,0.27258300781,-0.15661621093
1725969829373.7048,-1.28576660156,0.27258300781,-0.15661621093
1725969829393.663,-1.28576660156,0.27258300781,-0.15661621093
1725969829413.5303,-1.22338867187,0.23388671875,-0.21472167968
1725969829433.7024,-1.22338867187,0.23388671875,-0.21472167968
1725969829453.661,-1.22338867187,0.23388671875,-0.21472167968
1725969829473.65,-1.22338867187,0.23388671875,-0.21472167968
1725969829493.6084,-1.03479003906,0.20861816406,-0.26062011718
1725969829513.6584,-1.03479003906,0.20861816406,-0.26062011718
1725969829533.6475,-1.03479003906,0.20861816406,-0.26062011718
1725969829553.6667,-1.03479003906,0.20861816406,-0.26062011718
1725969829573.5645,-0.93957519531,0.17907714843,-0.29248046875
1725969829593.645,-0.93957519531,0.17907714843,-0.29248046875
1725969829613.6643,-0.93957519531,0.17907714843,-0.29248046875
1725969829633.6536,-0.93957519531,0.17907714843,-0.29248046875
1725969829653.5205,-0.962890625,0.15698242187,-0.25939941406
1725969829673.662,-0.962890625,0.15698242187,-0.25939941406
1725969829693.6511,-0.962890625,0.15698242187,-0.25939941406
1725969829713.64,-0.962890625,0.15698242187,-0.25939941406
1725969829733.5376,-0.96960449218,0.220703125,-0.201171875
1725969829753.6487,-0.96960449218,0.220703125,-0.201171875
1725969829773.6377,-0.96960449218,0.220703125,-0.201171875
1725969829793.6572,-0.96960449218,0.220703125,-0.201171875
1725969829813.5547,-1.05725097656,0.31604003906,-0.18444824218
1725969829833.6353,-1.05725097656,0.31604003906,-0.18444824218
1725969829853.6548,-1.05725097656,0.31604003906,-0.18444824218
1725969829873.6743,-1.05725097656,0.31604003906,-0.18444824218
1725969829893.5107,-1.08654785156,0.40222167968,-0.20483398437
1725969829913.6829,-1.08654785156,0.40222167968,-0.20483398437
1725969829933.641,-1.08654785156,0.40222167968,-0.20483398437
1725969829953.661,-1.08654785156,0.40222167968,-0.20483398437
1725969829973.5278,-1.06274414062,0.45593261718,-0.19348144531
1725969829993.639,-1.06274414062,0.45593261718,-0.19348144531
1725969830013.6584,-1.06274414062,0.45593261718,-0.19348144531
1725969830033.6475,-1.06274414062,0.45593261718,-0.19348144531
1725969830053.5144,-1.1142578125,0.47680664062,-0.16528320312
1725969830073.656,-1.1142578125,0.47680664062,-0.16528320312
1725969830093.6755,-1.1142578125,0.47680664062,-0.16528320312
1725969830113.6643,-1.1142578125,0.47680664062,-0.16528320312
1725969830133.562,-1.10803222656,0.49072265625,-0.14477539062
1725969830153.6423,-1.10803222656,0.49072265625,-0.14477539062
1725969830173.6316,-1.10803222656,0.49072265625,-0.14477539062
1725969830193.6511,-1.10803222656,0.49072265625,-0.14477539062
1725969830213.5483,-1.06860351562,0.494140625,-0.12060546875
1725969830233.6292,-1.06860351562,0.494140625,-0.12060546875
1725969830253.6487,-1.06860351562,0.494140625,-0.12060546875
1725969830273.6377,-1.06860351562,0.494140625,-0.12060546875
1725969830293.5352,-1.11584472656,0.42895507812,-0.109375
1725969830313.6768,-1.11584472656,0.42895507812,-0.109375
1725969830333.6655,-1.11584472656,0.42895507812,-0.109375
1725969830353.6548,-1.11584472656,0.42895507812,-0.109375
1725969830373.5522,-1.13159179687,0.33288574218,-0.10412597656
1725969830393.6328,-1.13159179687,0.33288574218,-0.10412597656
1725969830413.6523,-1.13159179687,0.33288574218,-0.10412597656
1725969830433.6719,-1.13159179687,0.33288574218,-0.10412597656
1725969830453.5083,-1.09313964843,0.29016113281,-0.09545898437
1725969830473.6191,-1.09313964843,0.29016113281,-0.09545898437
1725969830493.6694,-1.09313964843,0.29016113281,-0.09545898437
1725969830513.628,-1.09313964843,0.29016113281,-0.09545898437
1725969830533.5251,-1.03662109375,0.2734375,-0.08825683593
1725969830553.6365,-1.03662109375,0.2734375,-0.08825683593
1725969830573.6255,-1.03662109375,0.2734375,-0.08825683593
1725969830593.6755,-1.03662109375,0.2734375,-0.08825683593
1725969830613.512,-1.01965332031,0.26147460937,-0.08911132812
1725969830633.6536,-1.01965332031,0.26147460937,-0.08911132812
1725969830653.6423,-1.01965332031,0.26147460937,-0.08911132812
1725969830673.6316,-1.01965332031,0.26147460937,-0.08911132812
1725969830693.4983,-0.94714355468,0.27465820312,-0.12805175781
1725969830713.64,-0.94714355468,0.27465820312,-0.12805175781
1725969830733.6292,-0.94714355468,0.27465820312,-0.12805175781
1725969830753.618,-0.94714355468,0.27465820312,-0.12805175781
1725969830773.546,-0.89770507812,0.29113769531,-0.181640625
1725969830793.6267,-0.89770507812,0.29113769531,-0.181640625
1725969830813.6462,-0.89770507812,0.29113769531,-0.181640625
1725969830833.6655,-0.89770507812,0.29113769531,-0.181640625
1725969830853.5327,-0.99035644531,0.28015136718,-0.22119140625
1725969830873.6133,-0.99035644531,0.28015136718,-0.22119140625
1725969830893.6328,-0.99035644531,0.28015136718,-0.22119140625
1725969830913.6218,-0.99035644531,0.28015136718,-0.22119140625
1725969830933.4888,-1.01477050781,0.28747558593,-0.26049804687
1725969830953.661,-1.01477050781,0.28747558593,-0.26049804687
1725969830973.6191,-1.01477050781,0.28747558593,-0.26049804687
1725969830993.6084,-1.01477050781,0.28747558593,-0.26049804687
1725969831013.5059,-0.97717285156,0.32836914062,-0.2705078125
1725969831033.6475,-0.97717285156,0.32836914062,-0.2705078125
1725969831053.606,-0.97717285156,0.32836914062,-0.2705078125
1725969831073.656,-0.97717285156,0.32836914062,-0.2705078125
1725969831093.5227,-0.96691894531,0.37255859375,-0.27001953125
1725969831113.6035,-0.96691894531,0.37255859375,-0.27001953125
1725969831133.623,-0.96691894531,0.37255859375,-0.27001953125
1725969831153.6423,-0.96691894531,0.37255859375,-0.27001953125
1725969831173.5095,-0.94018554687,0.40246582031,-0.26770019531
1725969831193.6206,-0.94018554687,0.40246582031,-0.26770019531
1725969831213.6096,-0.94018554687,0.40246582031,-0.26770019531
1725969831233.6597,-0.94018554687,0.40246582031,-0.26770019531
1725969831253.5266,-0.94018554687,0.40246582031,-0.26770019531
1725969831273.6072,-0.94018554687,0.40246582031,-0.26770019531
1725969831293.6267,-0.94018554687,0.40246582031,-0.26770019531
1725969831313.6155,-0.94018554687,0.40246582031,-0.26770019531
1725969831333.5132,-1.04174804687,0.43713378906,-0.14501953125
1725969831353.6548,-1.04174804687,0.43713378906,-0.14501953125
1725969831373.6436,-1.04174804687,0.43713378906,-0.14501953125
1725969831393.6328,-1.04174804687,0.43713378906,-0.14501953125
1725969831413.4995,-0.96374511718,0.42956542968,-0.12487792968
1725969831433.641,-0.96374511718,0.42956542968,-0.12487792968
1725969831453.5999,-0.96374511718,0.42956542968,-0.12487792968
1725969831473.65,-0.96374511718,0.42956542968,-0.12487792968
1725969831493.4863,-1.07116699218,0.41345214843,-0.10095214843
1725969831513.5974,-1.07116699218,0.41345214843,-0.10095214843
1725969831533.6167,-1.07116699218,0.41345214843,-0.10095214843
1725969831553.606,-1.07116699218,0.41345214843,-0.10095214843
1725969831573.5034,-1.09716796875,0.32983398437,-0.10229492187
1725969831593.6145,-1.09716796875,0.32983398437,-0.10229492187
1725969831613.6035,-1.09716796875,0.32983398437,-0.10229492187
1725969831633.5923,-1.09716796875,0.32983398437,-0.10229492187
1725969831653.49,-1.03857421875,0.26892089843,-0.12072753906
1725969831673.601,-1.03857421875,0.26892089843,-0.12072753906
1725969831693.59,-1.03857421875,0.26892089843,-0.12072753906
1725969831713.64,-1.03857421875,0.26892089843,-0.12072753906
1725969831733.4763,-0.94763183593,0.25927734375,-0.14697265625
1725969831753.5876,-0.94763183593,0.25927734375,-0.14697265625
1725969831773.6377,-0.94763183593,0.25927734375,-0.14697265625
1725969831793.596,-0.94763183593,0.25927734375,-0.14697265625
1725969831813.4631,-0.85510253906,0.25695800781,-0.1591796875
1725969831833.6047,-0.85510253906,0.25695800781,-0.1591796875
1725969831853.5935,-0.85510253906,0.25695800781,-0.1591796875
1725969831873.6436,-0.85510253906,0.25695800781,-0.1591796875
1725969831893.5107,-0.96423339843,0.29028320312,-0.15234375
1725969831913.5913,-0.96423339843,0.29028320312,-0.15234375
1725969831933.6108,-0.96423339843,0.29028320312,-0.15234375
1725969831953.5999,-0.96423339843,0.29028320312,-0.15234375
1725969831973.4668,-1.0546875,0.37145996093,-0.17004394531
1725969831993.6084,-1.0546875,0.37145996093,-0.17004394531
1725969832013.5974,-1.0546875,0.37145996093,-0.17004394531
1725969832033.5864,-1.0546875,0.37145996093,-0.17004394531
1725969832053.484,-1.02075195312,0.376953125,-0.14807128906
1725969832073.5947,-1.02075195312,0.376953125,-0.14807128906
1725969832093.584,-1.02075195312,0.376953125,-0.14807128906
1725969832113.6035,-1.02075195312,0.376953125,-0.14807128906
1725969832133.4705,-1.02893066406,0.29931640625,-0.1201171875
1725969832153.612,-1.02893066406,0.29931640625,-0.1201171875
1725969832173.601,-1.02893066406,0.29931640625,-0.1201171875
1725969832193.59,-1.02893066406,0.29931640625,-0.1201171875
1725969832213.457,-0.98266601562,0.31616210937,-0.13525390625
1725969832233.5986,-0.98266601562,0.31616210937,-0.13525390625
1725969832253.5876,-0.98266601562,0.31616210937,-0.13525390625
1725969832273.5767,-0.98266601562,0.31616210937,-0.13525390625
1725969832293.474,-0.90588378906,0.38452148437,-0.15270996093
1725969832313.6155,-0.90588378906,0.38452148437,-0.15270996093
1725969832333.5742,-0.90588378906,0.38452148437,-0.15270996093
1725969832353.6243,-0.90588378906,0.38452148437,-0.15270996093
1725969832373.4912,-0.87634277343,0.40393066406,-0.20458984375
1725969832393.6023,-0.87634277343,0.40393066406,-0.20458984375
1725969832413.5913,-0.87634277343,0.40393066406,-0.20458984375
1725969832433.5803,-0.87634277343,0.40393066406,-0.20458984375
1725969832453.4473,-0.90112304687,0.39831542968,-0.24658203125
1725969832473.6191,-0.90112304687,0.39831542968,-0.24658203125
1725969832493.6084,-0.90112304687,0.39831542968,-0.24658203125
1725969832513.5974,-0.90112304687,0.39831542968,-0.24658203125
1725969832533.5251,-0.95751953125,0.39575195312,-0.228515625
1725969832553.606,-0.95751953125,0.39575195312,-0.228515625
1725969832573.5947,-0.95751953125,0.39575195312,-0.228515625
1725969832593.584,-0.95751953125,0.39575195312,-0.228515625
1725969832613.4814,-1.01098632812,0.40808105468,-0.19616699218
1725969832633.5923,-1.01098632812,0.40808105468,-0.19616699218
1725969832653.612,-1.01098632812,0.40808105468,-0.19616699218
1725969832673.601,-1.01098632812,0.40808105468,-0.19616699218
1725969832693.468,-0.98791503906,0.40454101562,-0.15295410156
1725969832713.6096,-0.98791503906,0.40454101562,-0.15295410156
1725969832733.568,-0.98791503906,0.40454101562,-0.15295410156
1725969832753.5876,-0.98791503906,0.40454101562,-0.15295410156
1725969832773.485,-1.01672363281,0.4111328125,-0.11608886718
1725969832793.596,-1.01672363281,0.4111328125,-0.11608886718
1725969832813.5852,-1.01672363281,0.4111328125,-0.11608886718
1725969832833.5742,-1.01672363281,0.4111328125,-0.11608886718
1725969832853.4412,-1.10314941406,0.39025878906,-0.12292480468
1725969832873.5828,-1.10314941406,0.39025878906,-0.12292480468
1725969832893.5715,-1.10314941406,0.39025878906,-0.12292480468
1725969832913.5913,-1.10314941406,0.39025878906,-0.12292480468
1725969832933.4888,-1.07678222656,0.31689453125,-0.14379882812
1725969832953.569,-1.07678222656,0.31689453125,-0.14379882812
1725969832973.5889,-1.07678222656,0.31689453125,-0.14379882812
1725969832993.578,-1.07678222656,0.31689453125,-0.14379882812
1725969833013.475,-0.98413085937,0.26086425781,-0.18591308593
1725969833033.556,-0.98413085937,0.26086425781,-0.18591308593
1725969833053.5754,-0.98413085937,0.26086425781,-0.18591308593
1725969833073.5947,-0.98413085937,0.26086425781,-0.18591308593
1725969833093.462,-0.89514160156,0.23376464843,-0.23156738281
1725969833113.5728,-0.89514160156,0.23376464843,-0.23156738281
1725969833133.562,-0.89514160156,0.23376464843,-0.23156738281
1725969833153.5815,-0.89514160156,0.23376464843,-0.23156738281
1725969833173.4485,-0.87341308593,0.24291992187,-0.23303222656
1725969833193.59,-0.87341308593,0.24291992187,-0.23303222656
1725969833213.579,-0.87341308593,0.24291992187,-0.23303222656
1725969833233.568,-0.87341308593,0.24291992187,-0.23303222656
1725969833253.435,-1.05090332031,0.31604003906,-0.21606445312
1725969833273.5767,-1.05090332031,0.31604003906,-0.21606445312
1725969833293.596,-1.05090332031,0.31604003906,-0.21606445312
1725969833313.5547,-1.05090332031,0.31604003906,-0.21606445312
1725969833333.4827,-1.08056640625,0.38024902343,-0.20812988281
1725969833353.5632,-1.08056640625,0.38024902343,-0.20812988281
1725969833373.5828,-1.08056640625,0.38024902343,-0.20812988281
1725969833393.6023,-1.08056640625,0.38024902343,-0.20812988281
1725969833413.4692,-0.95983886718,0.35083007812,-0.16784667968
1725969833433.5498,-0.95983886718,0.35083007812,-0.16784667968
1725969833453.569,-0.95983886718,0.35083007812,-0.16784667968
1725969833473.5583,-0.95983886718,0.35083007812,-0.16784667968
1725969833493.4253,-1.0224609375,0.318359375,-0.154296875
1725969833513.567,-1.0224609375,0.318359375,-0.154296875
1725969833533.556,-1.0224609375,0.318359375,-0.154296875
1725969833553.545,-1.0224609375,0.318359375,-0.154296875
1725969833573.4424,-1.01098632812,0.34069824218,-0.18139648437
1725969833593.5535,-1.01098632812,0.34069824218,-0.18139648437
1725969833613.5425,-1.01098632812,0.34069824218,-0.18139648437
1725969833633.44,-1.01098632812,0.34069824218,-0.18139648437
1725969833653.4287,-0.89099121093,0.34704589843,-0.18774414062
1725969833673.5703,-0.89099121093,0.34704589843,-0.18774414062
1725969833693.59,-0.89099121093,0.34704589843,-0.18774414062
1725969833713.5483,-0.89099121093,0.34704589843,-0.18774414062
1725969833733.4155,-0.8505859375,0.34375,-0.21154785156
1725969833753.5571,-0.8505859375,0.34375,-0.21154785156
1725969833773.546,-0.8505859375,0.34375,-0.21154785156
1725969833793.596,-0.89013671875,0.36608886718,-0.25085449218
1725969833813.4631,-0.89013671875,0.36608886718,-0.25085449218
1725969833833.5437,-0.89013671875,0.36608886718,-0.25085449218
1725969833853.5632,-0.89013671875,0.36608886718,-0.25085449218
1725969833873.5522,-0.89013671875,0.37866210937,-0.26293945312
1725969833893.4497,-0.93786621093,0.37866210937,-0.26293945312
1725969833913.5608,-0.93786621093,0.37866210937,-0.26293945312
1725969833933.5498,-0.93786621093,0.37866210937,-0.26293945312
1725969833953.5388,-0.93786621093,0.39587402343,-0.24560546875
1725969833973.4668,-0.99645996093,0.39587402343,-0.24560546875
1725969833993.547,-0.99645996093,0.39587402343,-0.24560546875
1725969834013.5364,-0.99645996093,0.39587402343,-0.24560546875
1725969834033.5864,-1.02905273437,0.42797851562,-0.21252441406
1725969834053.4531,-1.02905273437,0.42797851562,-0.21252441406
1725969834073.5645,-1.02905273437,0.42797851562,-0.21252441406
1725969834093.584,-1.02905273437,0.42797851562,-0.21252441406
1725969834113.5425,-0.95983886718,0.43041992187,-0.17834472656
1725969834133.44,-0.95983886718,0.43041992187,-0.17834472656
1725969834153.551,-0.95983886718,0.43041992187,-0.17834472656
1725969834173.54,-0.95983886718,0.43041992187,-0.17834472656
1725969834193.529,-0.9765625,0.40966796875,-0.13623046875
1725969834213.457,-0.9765625,0.40966796875,-0.13623046875
1725969834233.568,-0.9765625,0.40966796875,-0.13623046875
1725969834253.5266,-0.9765625,0.40966796875,-0.13623046875
1725969834273.5767,-1.08544921875,0.36560058593,-0.08642578125
1725969834293.413,-1.08544921875,0.36560058593,-0.08642578125
1725969834313.524,-1.08544921875,0.36560058593,-0.08642578125
1725969834333.5437,-1.08544921875,0.36560058593,-0.08642578125
1725969834353.5327,-1.08837890625,0.31799316406,-0.05590820312
1725969834373.3997,-1.08837890625,0.31799316406,-0.05590820312
1725969834393.5413,-1.08837890625,0.31799316406,-0.05590820312
1725969834413.5608,-1.08837890625,0.31799316406,-0.05590820312
1725969834433.5498,-0.91857910156,0.37329101562,-0.05786132812
1725969834453.4167,-0.91857910156,0.37329101562,-0.05786132812
1725969834473.5278,-0.91857910156,0.37329101562,-0.05786132812
1725969834493.547,-0.91857910156,0.37329101562,-0.05786132812
1725969834513.5364,-0.85205078125,0.47790527343,-0.07592773437
1725969834533.4033,-0.85205078125,0.47790527343,-0.07592773437
1725969834553.545,-0.85205078125,0.47790527343,-0.07592773437
1725969834573.534,-0.85205078125,0.47790527343,-0.07592773437
1725969834593.5227,-0.86682128906,0.54223632812,-0.123046875
1725969834613.4204,-0.86682128906,0.54223632812,-0.123046875
1725969834633.562,-0.86682128906,0.54223632812,-0.123046875
1725969834653.551,-0.86682128906,0.54223632812,-0.123046875
1725969834673.54,-0.85925292968,0.58068847656,-0.216796875
1725969834693.4067,-0.85925292968,0.58068847656,-0.216796875
1725969834713.518,-0.85925292968,0.58068847656,-0.216796875
1725969834733.5376,-0.85925292968,0.58068847656,-0.216796875
1725969834753.5571,-0.79516601562,0.54223632812,-0.25122070312
1725969834773.424,-0.79516601562,0.54223632812,-0.25122070312
1725969834793.5657,-0.79516601562,0.54223632812,-0.25122070312
1725969834813.524,-0.79516601562,0.54223632812,-0.25122070312
1725969834833.5132,-0.83618164062,0.46704101562,-0.21923828125
1725969834853.4106,-0.83618164062,0.46704101562,-0.21923828125
1725969834873.5215,-0.83618164062,0.46704101562,-0.21923828125
1725969834893.5107,-0.83618164062,0.46704101562,-0.21923828125
1725969834913.5303,-0.91577148437,0.41528320312,-0.22204589843
1725969834933.3972,-0.91577148437,0.41528320312,-0.22204589843
1725969834953.5083,-0.91577148437,0.41528320312,-0.22204589843
1725969834973.5278,-0.91577148437,0.41528320312,-0.22204589843
1725969834993.5168,-0.90283203125,0.37133789062,-0.2421875
1725969835013.3835,-0.90283203125,0.37133789062,-0.2421875
1725969835033.5251,-0.90283203125,0.37133789062,-0.2421875
1725969835053.5144,-0.90283203125,0.37133789062,-0.2421875
1725969835073.534,-0.890625,0.35400390625,-0.23278808593
1725969835093.401,-0.890625,0.35400390625,-0.23278808593
1725969835113.5425,-0.890625,0.35400390625,-0.23278808593
1725969835133.562,-0.890625,0.35400390625,-0.23278808593
1725969835153.5205,-0.93273925781,0.38134765625,-0.23571777343
1725969835173.3875,-0.93273925781,0.38134765625,-0.23571777343
1725969835193.5596,-0.93273925781,0.38134765625,-0.23571777343
1725969835213.579,-0.93273925781,0.38134765625,-0.23571777343
1725969835233.5376,-0.9619140625,0.38989257812,-0.24438476562
1725969835253.435,-0.9619140625,0.38989257812,-0.24438476562
1725969835273.546,-0.9619140625,0.38989257812,-0.24438476562
1725969835293.5046,-0.9619140625,0.38989257812,-0.24438476562
1725969835313.5547,-0.95141601562,0.36682128906,-0.24108886718
1725969835333.4216,-0.95141601562,0.36682128906,-0.24108886718
1725969835353.502,-0.95141601562,0.36682128906,-0.24108886718
1725969835373.5215,-0.95141601562,0.36682128906,-0.24108886718
1725969835393.5107,-0.93615722656,0.35607910156,-0.23327636718
1725969835413.3777,-0.93615722656,0.35607910156,-0.23327636718
1725969835433.5193,-0.93615722656,0.35607910156,-0.23327636718
1725969835453.5083,-0.93615722656,0.35607910156,-0.23327636718
1725969835473.4973,-0.90295410156,0.36462402343,-0.21618652343
1725969835493.3948,-0.90295410156,0.36462402343,-0.21618652343
1725969835513.5364,-0.90295410156,0.36462402343,-0.21618652343
1725969835533.5251,-0.90295410156,0.36462402343,-0.21618652343
1725969835553.5144,-0.92395019531,0.40197753906,-0.20922851562
1725969835573.381,-0.92395019531,0.40197753906,-0.20922851562
1725969835593.5227,-0.92395019531,0.40197753906,-0.20922851562
1725969835613.512,-0.92395019531,0.40197753906,-0.20922851562
1725969835633.5315,-0.9931640625,0.42456054687,-0.20483398437
1725969835653.368,-0.9931640625,0.42456054687,-0.20483398437
1725969835673.5095,-0.9931640625,0.42456054687,-0.20483398437
1725969835693.4983,-0.9931640625,0.42456054687,-0.20483398437
1725969835713.518,-1.00048828125,0.39440917968,-0.21228027343
1725969835733.385,-1.00048828125,0.39440917968,-0.21228027343
1725969835753.5266,-1.00048828125,0.39440917968,-0.21228027343
1725969835773.5156,-1.00048828125,0.39440917968,-0.21228027343
1725969835793.5046,-1.01940917968,0.36791992187,-0.22619628906
1725969835813.402,-1.01940917968,0.36791992187,-0.22619628906
1725969835833.5132,-1.01940917968,0.36791992187,-0.22619628906
1725969835853.502,-1.01940917968,0.36791992187,-0.22619628906
1725969835873.4912,-1.08666992187,0.35339355468,-0.20031738281
1725969835893.4192,-1.08666992187,0.35339355468,-0.20031738281
1725969835913.4995,-1.08666992187,0.35339355468,-0.20031738281
1725969835933.4888,-1.08666992187,0.35339355468,-0.20031738281
1725969835953.5083,-1.06286621093,0.33312988281,-0.17785644531
1725969835973.4055,-1.06286621093,0.33312988281,-0.17785644531
1725969835993.4863,-1.06286621093,0.33312988281,-0.17785644531
1725969836013.5059,-1.06286621093,0.33312988281,-0.17785644531
1725969836033.4949,-0.9609375,0.30493164062,-0.19860839843
1725969836053.3923,-0.9609375,0.30493164062,-0.19860839843
1725969836073.5034,-0.9609375,0.30493164062,-0.19860839843
1725969836093.4924,-0.9609375,0.30493164062,-0.19860839843
1725969836113.4814,-0.90307617187,0.26257324218,-0.22082519531
1725969836133.379,-0.90307617187,0.26257324218,-0.22082519531
1725969836153.49,-0.90307617187,0.26257324218,-0.22082519531
1725969836173.5095,-0.90307617187,0.26257324218,-0.22082519531
1725969836193.4983,-0.94799804687,0.25634765625,-0.21337890625
1725969836213.396,-0.94799804687,0.25634765625,-0.21337890625
1725969836233.507,-0.94799804687,0.25634765625,-0.21337890625
1725969836253.5266,-0.94799804687,0.25634765625,-0.21337890625
1725969836273.5156,-1.03259277343,0.29614257812,-0.19128417968
1725969836293.352,-1.03259277343,0.29614257812,-0.19128417968
1725969836313.524,-1.03259277343,0.29614257812,-0.19128417968
1725969836333.5132,-1.03259277343,0.29614257812,-0.19128417968
1725969836353.502,-1.076171875,0.34814453125,-0.14123535156
1725969836373.3691,-1.076171875,0.34814453125,-0.14123535156
1725969836393.4802,-1.076171875,0.34814453125,-0.14123535156
1725969836413.4995,-1.076171875,0.34814453125,-0.14123535156
1725969836433.4888,-1.07141113281,0.37023925781,-0.08666992187
1725969836453.3557,-1.07141113281,0.37023925781,-0.08666992187
1725969836473.4973,-1.07141113281,0.37023925781,-0.08666992187
1725969836493.5168,-1.07141113281,0.37023925781,-0.08666992187
1725969836513.475,-1.00256347656,0.35034179687,-0.06433105468
1725969836533.4033,-1.00256347656,0.35034179687,-0.06433105468
1725969836553.484,-1.00256347656,0.35034179687,-0.06433105468
1725969836573.5034,-1.00256347656,0.35034179687,-0.06433105468
1725969836598.833,-0.97143554687,0.33166503906,-0.07165527343
1725969836613.3591,-0.97143554687,0.33166503906,-0.07165527343
1725969836633.4705,-0.97143554687,0.33166503906,-0.07165527343
1725969836653.49,-0.97143554687,0.33166503906,-0.07165527343
1725969836673.479,-0.92468261718,0.32824707031,-0.11267089843
1725969836693.3765,-0.92468261718,0.32824707031,-0.11267089843
1725969836713.4875,-0.92468261718,0.32824707031,-0.11267089843
1725969836733.4763,-0.92468261718,0.32824707031,-0.11267089843
1725969836753.4656,-0.83715820312,0.32971191406,-0.16931152343
1725969836773.363,-0.83715820312,0.32971191406,-0.16931152343
1725969836793.5046,-0.83715820312,0.32971191406,-0.16931152343
1725969836813.4631,-0.83715820312,0.32971191406,-0.16931152343
1725969836838.8232,-0.87451171875,0.3408203125,-0.21032714843
1725969836853.38,-0.87451171875,0.3408203125,-0.21032714843
1725969836873.4607,-0.87451171875,0.3408203125,-0.21032714843
1725969836893.4802,-0.87451171875,0.3408203125,-0.21032714843
1725969836918.7488,-0.93579101562,0.36694335937,-0.24499511718
1725969836933.3667,-0.93579101562,0.36694335937,-0.24499511718
1725969836953.5083,-0.93579101562,0.36694335937,-0.24499511718
1725969836973.4668,-0.93579101562,0.36694335937,-0.24499511718
1725969836998.7964,-0.94555664062,0.36340332031,-0.24768066406
1725969837013.3533,-0.94555664062,0.36340332031,-0.24768066406
1725969837033.4949,-0.94555664062,0.36340332031,-0.24768066406
1725969837053.484,-0.94555664062,0.36340332031,-0.24768066406
1725969837078.8135,-0.98974609375,0.36901855468,-0.20922851562
1725969837093.3398,-0.98974609375,0.36901855468,-0.20922851562
1725969837113.6643,-0.98974609375,0.36901855468,-0.20922851562
1725969837133.5007,-0.98974609375,0.36901855468,-0.20922851562
1725969837158.739,-0.99462890625,0.40600585937,-0.2080078125
1725969837173.3875,-0.99462890625,0.40600585937,-0.2080078125
1725969837193.468,-0.99462890625,0.40600585937,-0.2080078125
1725969837213.4875,-0.99462890625,0.40600585937,-0.2080078125
1725969837238.756,-0.95007324218,0.416015625,-0.20642089843
1725969837253.374,-0.95007324218,0.416015625,-0.20642089843
1725969837273.4543,-0.95007324218,0.416015625,-0.20642089843
1725969837293.474,-0.95007324218,0.416015625,-0.20642089843
1725969837318.7732,-0.97619628906,0.41760253906,-0.17541503906
1725969837333.33,-0.97619628906,0.41760253906,-0.17541503906
1725969837353.502,-0.97619628906,0.41760253906,-0.17541503906
1725969837373.4912,-0.97619628906,0.41760253906,-0.17541503906
1725969837398.7595,-0.99975585937,0.37866210937,-0.16516113281
1725969837413.3472,-0.99975585937,0.37866210937,-0.16516113281
1725969837433.4583,-0.99975585937,0.37866210937,-0.16516113281
1725969837453.4473,-0.99975585937,0.37866210937,-0.16516113281
1725969837478.7769,-0.96398925781,0.3427734375,-0.17810058593
1725969837493.3335,-0.96398925781,0.3427734375,-0.17810058593
1725969837513.4448,-0.96398925781,0.3427734375,-0.17810058593
1725969837533.4644,-0.96398925781,0.3427734375,-0.17810058593
1725969837558.794,-0.94934082031,0.33959960937,-0.19982910156
1725969837573.3203,-0.94934082031,0.33959960937,-0.19982910156
1725969837593.462,-0.94934082031,0.33959960937,-0.19982910156
1725969837613.4814,-0.94934082031,0.33959960937,-0.19982910156
1725969837638.7805,-0.96643066406,0.33581542968,-0.20483398437
1725969837653.368,-0.96643066406,0.33581542968,-0.20483398437
1725969837673.479,-0.96643066406,0.33581542968,-0.20483398437
1725969837693.4983,-0.96643066406,0.33581542968,-0.20483398437
1725969837718.767,-1.11657714843,0.34887695312,-0.19030761718
1725969837733.3545,-1.11657714843,0.34887695312,-0.19030761718
1725969837753.4656,-1.11657714843,0.34887695312,-0.19030761718
1725969837773.4543,-1.11657714843,0.34887695312,-0.19030761718
1725969837798.7537,-0.92456054687,0.36437988281,-0.20959472656
1725969837813.341,-0.92456054687,0.36437988281,-0.20959472656
1725969837833.452,-0.92456054687,0.36437988281,-0.20959472656
1725969837853.4412,-0.92456054687,0.36437988281,-0.20959472656
1725969837878.7708,-0.89855957031,0.35180664062,-0.20300292968
1725969837893.358,-0.89855957031,0.35180664062,-0.20300292968
1725969837913.4387,-0.89855957031,0.35180664062,-0.20300292968
1725969837933.4583,-0.89855957031,0.35180664062,-0.20300292968
1725969837958.7268,-0.91772460937,0.32507324218,-0.21765136718
1725969837973.3142,-0.91772460937,0.32507324218,-0.21765136718
1725969837993.4558,-0.91772460937,0.32507324218,-0.21765136718
1725969838013.4448,-0.91772460937,0.32507324218,-0.21765136718
1725969838038.744,-0.87451171875,0.31567382812,-0.24426269531
1725969838053.3313,-0.87451171875,0.31567382812,-0.24426269531
1725969838073.4424,-0.87451171875,0.31567382812,-0.24426269531
1725969838093.4312,-0.87451171875,0.31567382812,-0.24426269531
1725969838118.7607,-0.88671875,0.32177734375,-0.259765625
1725969838133.3179,-0.88671875,0.32177734375,-0.259765625
1725969838153.4595,-0.88671875,0.32177734375,-0.259765625
1725969838173.4485,-0.88671875,0.32177734375,-0.259765625
1725969838198.717,-0.88623046875,0.32775878906,-0.29833984375
1725969838213.3044,-0.88623046875,0.32775878906,-0.29833984375
1725969838233.446,-0.88623046875,0.32775878906,-0.29833984375
1725969838253.435,-0.88623046875,0.32775878906,-0.29833984375
1725969838278.734,-0.86401367187,0.28576660156,-0.33618164062
1725969838293.3215,-0.86401367187,0.28576660156,-0.33618164062
1725969838313.4326,-0.86401367187,0.28576660156,-0.33618164062
1725969838333.452,-0.86401367187,0.28576660156,-0.33618164062
1725969838358.7815,-0.86206054687,0.25671386718,-0.35266113281
1725969838373.3386,-0.86206054687,0.25671386718,-0.35266113281
1725969838393.4497,-0.86206054687,0.25671386718,-0.35266113281
1725969838413.4692,-0.86206054687,0.25671386718,-0.35266113281
1725969838438.7375,-0.85693359375,0.2734375,-0.33642578125
1725969838453.3557,-0.85693359375,0.2734375,-0.33642578125
1725969838473.4363,-0.85693359375,0.2734375,-0.33642578125
1725969838493.4558,-0.85693359375,0.2734375,-0.33642578125
1725969838518.755,-0.91918945312,0.30932617187,-0.29443359375
1725969838533.3423,-0.91918945312,0.30932617187,-0.29443359375
1725969838553.4229,-0.91918945312,0.30932617187,-0.29443359375
1725969838573.4424,-0.91918945312,0.30932617187,-0.29443359375
1725969838598.7415,-0.97644042968,0.34167480468,-0.26647949218
1725969838613.3289,-0.97644042968,0.34167480468,-0.26647949218
1725969838633.4705,-0.97644042968,0.34167480468,-0.26647949218
1725969838653.4287,-0.97644042968,0.34167480468,-0.26647949218
1725969838678.7583,-0.97705078125,0.34436035156,-0.25146484375
1725969838693.3154,-0.97705078125,0.34436035156,-0.25146484375
1725969838713.4265,-0.97705078125,0.34436035156,-0.25146484375
1725969838733.446,-0.97705078125,0.34436035156,-0.25146484375
1725969838758.7756,-0.96484375,0.32885742187,-0.21520996093
1725969838773.3325,-0.96484375,0.32885742187,-0.21520996093
1725969838793.413,-0.96484375,0.32885742187,-0.21520996093
1725969838813.4326,-0.96484375,0.32885742187,-0.21520996093
1725969838838.7317,-0.93713378906,0.3310546875,-0.15344238281
1725969838853.2883,-0.93713378906,0.3310546875,-0.15344238281
1725969838873.4607,-0.93713378906,0.3310546875,-0.15344238281
1725969838893.4192,-0.93713378906,0.3310546875,-0.15344238281
1725969838918.7488,-0.95971679687,0.35083007812,-0.09338378906
1725969838933.336,-0.95971679687,0.35083007812,-0.09338378906
1725969838953.4167,-0.95971679687,0.35083007812,-0.09338378906
1725969838973.4363,-0.95971679687,0.35083007812,-0.09338378906
1725969838998.7659,-0.97448730468,0.34240722656,-0.07482910156
1725969839013.3228,-0.97448730468,0.34240722656,-0.07482910156
1725969839033.4338,-0.97448730468,0.34240722656,-0.07482910156
1725969839053.4229,-0.97448730468,0.34240722656,-0.07482910156
1725969839078.722,-0.94177246093,0.30603027343,-0.11303710937
1725969839093.309,-0.94177246093,0.30603027343,-0.11303710937
1725969839113.4204,-0.94177246093,0.30603027343,-0.11303710937
1725969839133.4094,-0.94177246093,0.30603027343,-0.11303710937
1725969839158.739,-0.90356445312,0.27978515625,-0.177734375
1725969839173.296,-0.90356445312,0.27978515625,-0.177734375
1725969839193.4067,-0.90356445312,0.27978515625,-0.177734375
1725969839213.457,-0.90356445312,0.27978515625,-0.177734375
1725969839238.7256,-0.91381835937,0.28210449218,-0.22875976562
1725969839253.3127,-0.91381835937,0.28210449218,-0.22875976562
1725969839273.424,-0.91381835937,0.28210449218,-0.22875976562
1725969839293.413,-0.91381835937,0.28210449218,-0.22875976562
1725969839318.712,-0.94567871093,0.28210449218,-0.23913574218
1725969839333.33,-0.94567871093,0.28210449218,-0.23913574218
1725969839353.4106,-0.94567871093,0.28210449218,-0.23913574218
1725969839373.3997,-0.94567871093,0.28210449218,-0.23913574218
1725969839398.7292,-1.0126953125,0.30517578125,-0.19384765625
1725969839413.3167,-1.0126953125,0.30517578125,-0.19384765625
1725969839433.3972,-1.0126953125,0.30517578125,-0.19384765625
1725969839453.4473,-1.0126953125,0.30517578125,-0.19384765625
1725969839478.7158,-1.18774414062,0.38464355468,-0.13098144531
1725969839493.2727,-1.18774414062,0.38464355468,-0.13098144531
1725969839513.4143,-1.18774414062,0.38464355468,-0.13098144531
1725969839533.4033,-1.18774414062,0.38464355468,-0.13098144531
1725969839558.7634,-1.12561035156,0.42590332031,-0.13293457031
1725969839573.3203,-1.12561035156,0.42590332031,-0.13293457031
1725969839593.401,-1.12561035156,0.42590332031,-0.13293457031
1725969839613.4204,-1.12561035156,0.42590332031,-0.13293457031
1725969839638.7195,-0.95483398437,0.37426757812,-0.14636230468
1725969839653.307,-0.95483398437,0.37426757812,-0.14636230468
1725969839673.418,-0.95483398437,0.37426757812,-0.14636230468
1725969839693.4067,-0.95483398437,0.37426757812,-0.14636230468
1725969839718.706,-0.92944335937,0.28442382812,-0.16516113281
1725969839736.8335,-0.92944335937,0.28442382812,-0.16516113281
1725969839753.2825,-0.92944335937,0.28442382812,-0.16516113281
1725969839773.3936,-0.92944335937,0.28442382812,-0.16516113281
1725969839798.7231,-0.88940429687,0.25927734375,-0.2021484375
1725969839813.28,-0.88940429687,0.25927734375,-0.2021484375
1725969839833.391,-0.88940429687,0.25927734375,-0.2021484375
1725969839853.4106,-0.88940429687,0.25927734375,-0.2021484375
1725969839878.7097,-0.87390136718,0.27258300781,-0.24841308593
1725969839893.2666,-0.87390136718,0.27258300781,-0.24841308593
1725969839913.4082,-0.87390136718,0.27258300781,-0.24841308593
1725969839933.3972,-0.87390136718,0.27258300781,-0.24841308593
1725969839958.6963,-0.859375,0.22863769531,-0.28576660156
1725969839973.2837,-0.859375,0.22863769531,-0.28576660156
1725969839993.3948,-0.859375,0.22863769531,-0.28576660156
1725969840013.4143,-0.859375,0.22863769531,-0.28576660156
1725969840038.7131,-0.91613769531,0.220703125,-0.27392578125
1725969840053.3008,-0.91613769531,0.220703125,-0.27392578125
1725969840073.381,-0.91613769531,0.220703125,-0.27392578125
1725969840093.4312,-0.91613769531,0.220703125,-0.27392578125
1725969840118.7,-1.12817382812,0.30773925781,-0.24658203125
1725969840133.2568,-1.12817382812,0.30773925781,-0.24658203125
1725969840153.3984,-1.12817382812,0.30773925781,-0.24658203125
1725969840173.3875,-1.12817382812,0.30773925781,-0.24658203125
1725969840198.717,-1.15405273437,0.39514160156,-0.22338867187
1725969840213.3044,-1.15405273437,0.39514160156,-0.22338867187
1725969840233.385,-1.15405273437,0.39514160156,-0.22338867187
1725969840253.4043,-1.15405273437,0.39514160156,-0.22338867187
1725969840278.7036,-0.947265625,0.44018554687,-0.18859863281
1725969840293.2605,-0.947265625,0.44018554687,-0.18859863281
1725969840313.402,-0.947265625,0.44018554687,-0.18859863281
1725969840333.391,-0.947265625,0.44018554687,-0.18859863281
1725969840358.69,-0.923828125,0.46325683593,-0.1337890625
1725969840373.308,-0.923828125,0.46325683593,-0.1337890625
1725969840393.3887,-0.923828125,0.46325683593,-0.1337890625
1725969840413.3777,-0.923828125,0.46325683593,-0.1337890625
1725969840438.7073,-0.98889160156,0.42907714843,-0.10925292968
1725969840453.2947,-0.98889160156,0.42907714843,-0.10925292968
1725969840473.3752,-0.98889160156,0.42907714843,-0.10925292968
1725969840493.4253,-0.98889160156,0.42907714843,-0.10925292968
1725969840518.7244,-1.0068359375,0.37255859375,-0.10827636718
1725969840533.2507,-1.0068359375,0.37255859375,-0.10827636718
1725969840553.3923,-1.0068359375,0.37255859375,-0.10827636718
1725969840573.381,-1.0068359375,0.37255859375,-0.10827636718
1725969840598.65,-0.99841308593,0.35034179687,-0.13903808593
1725969840613.2678,-0.99841308593,0.35034179687,-0.13903808593
1725969840633.379,-0.99841308593,0.35034179687,-0.13903808593
1725969840653.3984,-0.99841308593,0.35034179687,-0.13903808593
1725969840678.6975,-0.94458007812,0.32019042968,-0.17016601562
1725969840693.2544,-0.94458007812,0.32019042968,-0.17016601562
1725969840713.3655,-0.94458007812,0.32019042968,-0.17016601562
1725969840733.385,-0.94458007812,0.32019042968,-0.17016601562
1725969840758.684,-0.99645996093,0.30200195312,-0.16687011718
1725969840773.2715,-0.99645996093,0.30200195312,-0.16687011718
1725969840793.3823,-0.99645996093,0.30200195312,-0.16687011718
1725969840813.3716,-0.99645996093,0.30200195312,-0.16687011718
1725969840838.6707,-1.08642578125,0.32373046875,-0.17053222656
1725969840853.258,-1.08642578125,0.32373046875,-0.17053222656
1725969840873.3691,-1.08642578125,0.32373046875,-0.17053222656
1725969840893.3887,-1.08642578125,0.32373046875,-0.17053222656
1725969840918.6572,-0.91833496093,0.30310058593,-0.18054199218
1725969840933.2751,-0.91833496093,0.30310058593,-0.18054199218
1725969840953.3862,-0.91833496093,0.30310058593,-0.18054199218
1725969840973.3752,-0.91833496093,0.30310058593,-0.18054199218
1725969840998.6436,-0.94165039062,0.2783203125,-0.1904296875
1725969841013.2922,-0.94165039062,0.2783203125,-0.1904296875
1725969841033.3728,-0.94165039062,0.2783203125,-0.1904296875
1725969841053.3618,-0.94165039062,0.2783203125,-0.1904296875
1725969841078.6304,-0.87426757812,0.29711914062,-0.20971679687
1725969841093.2483,-0.87426757812,0.29711914062,-0.20971679687
1725969841113.39,-0.87426757812,0.29711914062,-0.20971679687
1725969841133.379,-0.87426757812,0.29711914062,-0.20971679687
1725969841158.6167,-0.8408203125,0.31201171875,-0.21765136718
1725969841173.2349,-0.8408203125,0.31201171875,-0.21765136718
1725969841193.3765,-0.8408203125,0.31201171875,-0.21765136718
1725969841213.3655,-0.8408203125,0.31201171875,-0.21765136718
1725969841238.6035,-0.86999511718,0.34509277343,-0.24108886718
1725969841253.2825,-0.86999511718,0.34509277343,-0.24108886718
1725969841273.363,-0.86999511718,0.34509277343,-0.24108886718
1725969841293.413,-0.86999511718,0.34509277343,-0.24108886718
1725969841318.59,-0.93774414062,0.39074707031,-0.25317382812
1725969841333.2383,-0.93774414062,0.39074707031,-0.25317382812
1725969841353.3496,-0.93774414062,0.39074707031,-0.25317382812
1725969841373.3691,-0.93774414062,0.39074707031,-0.25317382812
1725969841398.5767,-1.06945800781,0.42138671875,-0.23583984375
1725969841413.2556,-1.06945800781,0.42138671875,-0.23583984375
1725969841433.3972,-1.06945800781,0.42138671875,-0.23583984375
1725969841453.3862,-1.06945800781,0.42138671875,-0.23583984375
1725969841478.5632,-1.04638671875,0.44189453125,-0.22253417968
1725969841493.2727,-1.04638671875,0.44189453125,-0.22253417968
1725969841513.3835,-1.04638671875,0.44189453125,-0.22253417968
1725969841533.3728,-1.04638671875,0.44189453125,-0.22253417968
1725969841558.5498,-0.98461914062,0.4462890625,-0.19445800781
1725969841573.2593,-0.98461914062,0.4462890625,-0.19445800781
1725969841593.3704,-0.98461914062,0.4462890625,-0.19445800781
1725969841613.39,-0.98461914062,0.4462890625,-0.19445800781
1725969841638.5364,-1.02868652343,0.41088867187,-0.15417480468
1725969841653.2458,-1.02868652343,0.41088867187,-0.15417480468
1725969841673.3567,-1.02868652343,0.41088867187,-0.15417480468
1725969841693.3765,-1.02868652343,0.41088867187,-0.15417480468
1725969841718.5227,-1.025390625,0.34533691406,-0.125
1725969841733.2627,-1.025390625,0.34533691406,-0.125
1725969841753.3435,-1.025390625,0.34533691406,-0.125
1725969841773.363,-1.025390625,0.34533691406,-0.125
1725969841798.5095,-1.01965332031,0.30639648437,-0.11242675781
1725969841813.2188,-1.01965332031,0.30639648437,-0.11242675781
1725969841833.3604,-1.01965332031,0.30639648437,-0.11242675781
1725969841853.3496,-1.01965332031,0.30639648437,-0.11242675781
1725969841878.496,-0.98364257812,0.28405761718,-0.1201171875
1725969841893.236,-0.98364257812,0.28405761718,-0.1201171875
1725969841913.3777,-0.98364257812,0.28405761718,-0.1201171875
1725969841933.336,-0.98364257812,0.28405761718,-0.1201171875
1725969841958.4827,-0.96887207031,0.26953125,-0.13842773437
1725969841973.2227,-0.96887207031,0.26953125,-0.13842773437
1725969841993.3335,-0.96887207031,0.26953125,-0.13842773437
1725969842013.3533,-0.96887207031,0.26953125,-0.13842773437
1725969842038.4692,-1.01623535156,0.28771972656,-0.18029785156
1725969842053.2395,-1.01623535156,0.28771972656,-0.18029785156
1725969842073.3508,-1.01623535156,0.28771972656,-0.18029785156
1725969842093.3398,-1.01623535156,0.28771972656,-0.18029785156
1725969842118.4558,-0.98620605468,0.32958984375,-0.22375488281
1725969842133.2568,-0.98620605468,0.32958984375,-0.22375488281
1725969842153.368,-0.98620605468,0.32958984375,-0.22375488281
1725969842173.3567,-0.98620605468,0.32958984375,-0.22375488281
1725969842198.4424,-0.98364257812,0.31994628906,-0.20751953125
1725969842213.2434,-0.98364257812,0.31994628906,-0.20751953125
1725969842233.385,-0.98364257812,0.31994628906,-0.20751953125
1725969842253.3435,-0.98364257812,0.31994628906,-0.20751953125
1725969842278.4287,-1.00329589843,0.28515625,-0.19580078125
1725969842293.23,-1.00329589843,0.28515625,-0.19580078125
1725969842313.341,-1.00329589843,0.28515625,-0.19580078125
1725969842333.3604,-1.00329589843,0.28515625,-0.19580078125
1725969842358.4155,-0.94055175781,0.30334472656,-0.19653320312
1725969842373.247,-0.94055175781,0.30334472656,-0.19653320312
1725969842393.3276,-0.94055175781,0.30334472656,-0.19653320312
1725969842413.3472,-0.94055175781,0.30334472656,-0.19653320312
1725969842438.402,-0.89147949218,0.35046386718,-0.18969726562
1725969842453.2031,-0.89147949218,0.35046386718,-0.18969726562
1725969842473.3447,-0.89147949218,0.35046386718,-0.18969726562
1725969842493.3335,-0.89147949218,0.35046386718,-0.18969726562
1725969842518.3887,-0.87072753906,0.38171386718,-0.21459960937
1725969842533.2507,-0.87072753906,0.38171386718,-0.21459960937
1725969842553.3313,-0.87072753906,0.38171386718,-0.21459960937
1725969842573.3203,-0.87072753906,0.38171386718,-0.21459960937
1725969842598.3752,-0.92346191406,0.40161132812,-0.216796875
1725969842613.2373,-0.92346191406,0.40161132812,-0.216796875
1725969842633.3484,-0.92346191406,0.40161132812,-0.216796875
1725969842653.3374,-0.92346191406,0.40161132812,-0.216796875
1725969842678.3618,-1.04821777343,0.42639160156,-0.19592285156
1725969842693.2239,-1.04821777343,0.42639160156,-0.19592285156
1725969842713.3347,-1.04821777343,0.42639160156,-0.19592285156
1725969842733.324,-1.04821777343,0.42639160156,-0.19592285156
1725969842758.3484,-1.04699707031,0.43286132812,-0.1767578125
1725969842773.2407,-1.04699707031,0.43286132812,-0.1767578125
1725969842793.3215,-1.04699707031,0.43286132812,-0.1767578125
1725969842813.341,-1.04699707031,0.43286132812,-0.1767578125
1725969842838.3347,-0.99951171875,0.42749023437,-0.15222167968
1725969842853.2275,-0.99951171875,0.42749023437,-0.15222167968
1725969842873.3386,-0.99951171875,0.42749023437,-0.15222167968
1725969842893.358,-0.99951171875,0.42749023437,-0.15222167968
1725969842918.3215,-1.02526855468,0.39892578125,-0.13977050781
1725969842933.2446,-1.02526855468,0.39892578125,-0.13977050781
1725969842953.3252,-1.02526855468,0.39892578125,-0.13977050781
1725969842973.3142,-1.02526855468,0.39892578125,-0.13977050781
1725969842998.308,-1.01025390625,0.33142089843,-0.14331054687
1725969843013.2312,-1.01025390625,0.33142089843,-0.14331054687
1725969843033.3115,-1.01025390625,0.33142089843,-0.14331054687
1725969843053.3618,-1.01025390625,0.33142089843,-0.14331054687
1725969843078.2947,-0.97814941406,0.28015136718,-0.14184570312
1725969843093.2175,-0.97814941406,0.28015136718,-0.14184570312
1725969843113.3289,-0.97814941406,0.28015136718,-0.14184570312
1725969843133.3179,-0.97814941406,0.28015136718,-0.14184570312
1725969843158.2812,-0.92980957031,0.26147460937,-0.13806152343
1725969843173.2349,-0.92980957031,0.26147460937,-0.13806152343
1725969843193.3154,-0.92980957031,0.26147460937,-0.13806152343
1725969843213.3044,-0.92980957031,0.26147460937,-0.13806152343
1725969843238.2678,-0.91564941406,0.27355957031,-0.14990234375
1725969843253.2214,-0.91564941406,0.27355957031,-0.14990234375
1725969843273.302,-0.91564941406,0.27355957031,-0.14990234375
1725969843293.3215,-0.91564941406,0.27355957031,-0.14990234375
1725969843318.2544,-1.03515625,0.31359863281,-0.15747070312
1725969843333.1775,-1.03515625,0.31359863281,-0.15747070312
1725969843353.319,-1.03515625,0.31359863281,-0.15747070312
1725969843373.308,-1.03515625,0.31359863281,-0.15747070312
1725969843398.2407,-1.00854492187,0.36779785156,-0.18811035156
1725969843413.225,-1.00854492187,0.36779785156,-0.18811035156
1725969843433.3057,-1.00854492187,0.36779785156,-0.18811035156
1725969843453.3557,-1.00854492187,0.36779785156,-0.18811035156
1725969843478.2275,-0.92114257812,0.3720703125,-0.19396972656
1725969843493.2117,-0.92114257812,0.3720703125,-0.19396972656
1725969843513.3228,-0.92114257812,0.3720703125,-0.19396972656
1725969843533.3423,-0.92114257812,0.3720703125,-0.19396972656
1725969843558.4583,-0.94079589843,0.31262207031,-0.18005371093
1725969843573.1982,-0.94079589843,0.31262207031,-0.18005371093
1725969843593.309,-0.94079589843,0.31262207031,-0.18005371093
1725969843613.3289,-0.94079589843,0.31262207031,-0.18005371093
1725969843638.2007,-0.91027832031,0.31103515625,-0.18920898437
1725969843653.215,-0.91027832031,0.31103515625,-0.18920898437
1725969843673.296,-0.91027832031,0.31103515625,-0.18920898437
1725969843693.346,-0.91027832031,0.31103515625,-0.18920898437
1725969843718.1873,-0.88049316406,0.35192871093,-0.20190429687
1725969843733.202,-0.88049316406,0.35192871093,-0.20190429687
1725969843753.3127,-0.88049316406,0.35192871093,-0.20190429687
1725969843773.3325,-0.88049316406,0.35192871093,-0.20190429687
1725969843798.1738,-0.85302734375,0.36157226562,-0.23278808593
1725969843813.1885,-0.85302734375,0.36157226562,-0.23278808593
1725969843833.2996,-0.85302734375,0.36157226562,-0.23278808593
1725969843853.2883,-0.85302734375,0.36157226562,-0.23278808593
1725969843878.1604,-0.90380859375,0.37133789062,-0.24096679687
1725969843893.175,-0.90380859375,0.37133789062,-0.24096679687
1725969843913.286,-0.90380859375,0.37133789062,-0.24096679687
1725969843933.336,-0.90380859375,0.37133789062,-0.24096679687
1725969843958.1467,-1.07556152343,0.39147949218,-0.22595214843
1725969843973.192,-1.07556152343,0.39147949218,-0.22595214843
1725969843993.3335,-1.07556152343,0.39147949218,-0.22595214843
1725969844013.2922,-1.07556152343,0.39147949218,-0.22595214843
1725969844038.1335,-1.07006835937,0.39782714843,-0.20129394531
1725969844053.2092,-1.07006835937,0.39782714843,-0.20129394531
1725969844073.3203,-1.07006835937,0.39782714843,-0.20129394531
1725969844093.309,-1.07006835937,0.39782714843,-0.20129394531
1725969844118.12,-0.9873046875,0.39660644531,-0.16784667968
1725969844133.1958,-0.9873046875,0.39660644531,-0.16784667968
1725969844153.307,-0.9873046875,0.39660644531,-0.16784667968
1725969844173.296,-0.9873046875,0.39660644531,-0.16784667968
1725969844198.1067,-0.99084472656,0.34130859375,-0.11547851562
1725969844213.213,-0.99084472656,0.34130859375,-0.11547851562
1725969844233.2935,-0.99084472656,0.34130859375,-0.11547851562
1725969844253.2825,-0.99084472656,0.34130859375,-0.11547851562
1725969844278.0933,-0.94934082031,0.29309082031,-0.11950683593
1725969844293.1687,-0.94934082031,0.29309082031,-0.11950683593
1725969844313.341,-0.94934082031,0.29309082031,-0.11950683593
1725969844333.2996,-0.94934082031,0.29309082031,-0.11950683593
1725969844358.0798,-0.88208007812,0.28930664062,-0.14013671875
1725969844373.1555,-0.88208007812,0.28930664062,-0.14013671875
1725969844393.3276,-0.88208007812,0.28930664062,-0.14013671875
1725969844413.286,-0.88208007812,0.28930664062,-0.14013671875
1725969844438.0664,-0.84643554687,0.31262207031,-0.18420410156
1725969844453.1726,-0.84643554687,0.31262207031,-0.18420410156
1725969844473.2837,-0.84643554687,0.31262207031,-0.18420410156
1725969844493.2727,-0.84643554687,0.31262207031,-0.18420410156
1725969844518.0835,-1.01013183593,0.3349609375,-0.2109375
1725969844533.1897,-1.01013183593,0.3349609375,-0.2109375
1725969844553.3008,-1.01013183593,0.3349609375,-0.2109375
1725969844573.2896,-1.01013183593,0.3349609375,-0.2109375
1725969844598.07,-1.14184570312,0.36206054687,-0.24633789062
1725969844613.1455,-1.14184570312,0.36206054687,-0.24633789062
1725969844633.287,-1.14184570312,0.36206054687,-0.24633789062
1725969844653.2764,-1.14184570312,0.36206054687,-0.24633789062
1725969844678.0566,-1.01977539062,0.36840820312,-0.26599121093
1725969844693.2239,-1.01977539062,0.36840820312,-0.26599121093
1725969844713.274,-1.01977539062,0.36840820312,-0.26599121093
1725969844733.2935,-1.01977539062,0.36840820312,-0.26599121093
1725969844758.0432,-0.94299316406,0.34326171875,-0.23132324218
1725969844773.1494,-0.94299316406,0.34326171875,-0.23132324218
1725969844793.291,-0.94299316406,0.34326171875,-0.23132324218
1725969844813.28,-0.94299316406,0.34326171875,-0.23132324218
1725969844838.0295,-0.90930175781,0.33874511718,-0.21313476562
1725969844853.1665,-0.90930175781,0.33874511718,-0.21313476562
1725969844873.308,-0.90930175781,0.33874511718,-0.21313476562
1725969844893.2666,-0.90930175781,0.33874511718,-0.21313476562
1725969844918.0164,-0.84143066406,0.35546875,-0.20043945312
1725969844933.1836,-0.84143066406,0.35546875,-0.20043945312
1725969844953.264,-0.84143066406,0.35546875,-0.20043945312
1725969844973.2837,-0.84143066406,0.35546875,-0.20043945312
1725969844998.0027,-0.83801269531,0.3486328125,-0.2060546875
1725969845013.17,-0.83801269531,0.3486328125,-0.2060546875
1725969845033.3115,-0.83801269531,0.3486328125,-0.2060546875
1725969845053.2703,-0.83801269531,0.3486328125,-0.2060546875
1725969845078.2336,-0.85192871093,0.3486328125,-0.23889160156
1725969845093.1567,-0.85192871093,0.3486328125,-0.23889160156
1725969845113.2983,-0.85192871093,0.3486328125,-0.23889160156
1725969845133.2568,-0.85192871093,0.3486328125,-0.23889160156
1725969845157.976,-0.94604492187,0.38305664062,-0.234375
1725969845173.1738,-0.94604492187,0.38305664062,-0.234375
1725969845193.2544,-0.94604492187,0.38305664062,-0.234375
1725969845213.3044,-0.94604492187,0.38305664062,-0.234375
1725969845237.9626,-1.06713867187,0.404296875,-0.2197265625
1725969845253.1604,-1.06713867187,0.404296875,-0.2197265625
1725969845273.302,-1.06713867187,0.404296875,-0.2197265625
1725969845293.2605,-1.06713867187,0.404296875,-0.2197265625
1725969845317.9492,-1.01098632812,0.40588378906,-0.197265625
1725969845333.1467,-1.01098632812,0.40588378906,-0.197265625
1725969845353.258,-1.01098632812,0.40588378906,-0.197265625
1725969845373.2776,-1.01098632812,0.40588378906,-0.197265625
1725969845397.9053,-0.95556640625,0.41064453125,-0.1513671875
1725969845413.164,-0.95556640625,0.41064453125,-0.1513671875
1725969845433.2751,-0.95556640625,0.41064453125,-0.1513671875
1725969845453.2947,-0.95556640625,0.41064453125,-0.1513671875
1725969845477.8918,-0.96728515625,0.38793945312,-0.12683105468
1725969845493.1506,-0.96728515625,0.38793945312,-0.12683105468
1725969845513.2617,-0.96728515625,0.38793945312,-0.12683105468
1725969845533.2507,-0.96728515625,0.38793945312,-0.12683105468
1725969845557.8784,-0.94775390625,0.3544921875,-0.1123046875
1725969845573.1372,-0.94775390625,0.3544921875,-0.1123046875
1725969845593.2483,-0.94775390625,0.3544921875,-0.1123046875
1725969845613.2678,-0.94775390625,0.3544921875,-0.1123046875
1725969845637.8647,-0.95422363281,0.3232421875,-0.11279296875
1725969845653.1543,-0.95422363281,0.3232421875,-0.11279296875
1725969845673.2651,-0.95422363281,0.3232421875,-0.11279296875
1725969845693.285,-0.95422363281,0.3232421875,-0.11279296875
1725969845717.8516,-0.94787597656,0.30029296875,-0.12451171875
1725969845733.1711,-0.94787597656,0.30029296875,-0.12451171875
1725969845753.252,-0.94787597656,0.30029296875,-0.12451171875
1725969845773.2407,-0.94787597656,0.30029296875,-0.12451171875
1725969845797.838,-1.00439453125,0.30517578125,-0.12475585937
1725969845816.0266,-1.00439453125,0.30517578125,-0.12475585937
1725969845833.1775,-1.00439453125,0.30517578125,-0.12475585937
1725969845853.2883,-1.00439453125,0.30517578125,-0.12475585937
1725969845877.8247,-1.04846191406,0.33459472656,-0.1728515625
1725969845893.114,-1.04846191406,0.33459472656,-0.1728515625
1725969845913.286,-1.04846191406,0.33459472656,-0.1728515625
1725969845933.2446,-1.04846191406,0.33459472656,-0.1728515625
1725969845957.8113,-0.96362304687,0.34936523437,-0.22644042968
1725969845973.131,-0.96362304687,0.34936523437,-0.22644042968
1725969845993.2727,-0.96362304687,0.34936523437,-0.22644042968
1725969846013.2922,-0.96362304687,0.34936523437,-0.22644042968
1725969846037.7979,-0.93774414062,0.3115234375,-0.22436523437
1725969846053.148,-0.93774414062,0.3115234375,-0.22436523437
1725969846073.2896,-0.93774414062,0.3115234375,-0.22436523437
1725969846093.2788,-0.93774414062,0.3115234375,-0.22436523437
1725969846117.7844,-0.95275878906,0.30004882812,-0.21618652343
1725969846133.1348,-0.95275878906,0.30004882812,-0.21618652343
1725969846153.2764,-0.95275878906,0.30004882812,-0.21618652343
1725969846173.2349,-0.95275878906,0.30004882812,-0.21618652343
1725969846197.7708,-0.89404296875,0.31762695312,-0.20397949218
1725969846213.1519,-0.89404296875,0.31762695312,-0.20397949218
1725969846233.2324,-0.89404296875,0.31762695312,-0.20397949218
1725969846253.252,-0.89404296875,0.31762695312,-0.20397949218
1725969846277.7576,-0.84057617187,0.32678222656,-0.20556640625
1725969846293.1384,-0.84057617187,0.32678222656,-0.20556640625
1725969846313.2495,-0.84057617187,0.32678222656,-0.20556640625
1725969846333.2383,-0.84057617187,0.32678222656,-0.20556640625
1725969846357.744,-0.85327148437,0.34045410156,-0.23547363281
1725969846373.1555,-0.85327148437,0.34045410156,-0.23547363281
1725969846393.236,-0.85327148437,0.34045410156,-0.23547363281
1725969846413.225,-0.85327148437,0.34045410156,-0.23547363281
1725969846437.7612,-0.91333007812,0.34582519531,-0.24841308593
1725969846453.1116,-0.91333007812,0.34582519531,-0.24841308593
1725969846473.2227,-0.91333007812,0.34582519531,-0.24841308593
1725969846493.242,-0.91333007812,0.34582519531,-0.24841308593
1725969846517.7173,-1.03820800781,0.36401367187,-0.22937011718
1725969846533.1287,-1.03820800781,0.36401367187,-0.22937011718
1725969846553.2395,-1.03820800781,0.36401367187,-0.22937011718
1725969846573.2288,-1.03820800781,0.36401367187,-0.22937011718
1725969846597.8867,-1.02978515625,0.37976074218,-0.19970703125
1725969846613.1152,-1.02978515625,0.37976074218,-0.19970703125
1725969846633.2263,-1.02978515625,0.37976074218,-0.19970703125
1725969846653.2458,-1.02978515625,0.37976074218,-0.19970703125
1725969846677.6904,-0.95080566406,0.39965820312,-0.17443847656
1725969846693.1018,-0.95080566406,0.39965820312,-0.17443847656
1725969846713.2434,-0.95080566406,0.39965820312,-0.17443847656
1725969846733.2324,-0.95080566406,0.39965820312,-0.17443847656
1725969846757.677,-0.97448730468,0.40466308593,-0.15112304687
1725969846773.1494,-0.97448730468,0.40466308593,-0.15112304687
1725969846793.2605,-0.97448730468,0.40466308593,-0.15112304687
1725969846813.2188,-0.97448730468,0.40466308593,-0.15112304687
1725969846837.6636,-0.95520019531,0.35815429687,-0.13720703125
1725969846853.1055,-0.95520019531,0.35815429687,-0.13720703125
1725969846873.247,-0.95520019531,0.35815429687,-0.13720703125
1725969846893.236,-0.95520019531,0.35815429687,-0.13720703125
1725969846917.65,-0.93798828125,0.30932617187,-0.13488769531
1725969846933.092,-0.93798828125,0.30932617187,-0.13488769531
1725969846953.2336,-0.93798828125,0.30932617187,-0.13488769531
1725969846973.2227,-0.93798828125,0.30932617187,-0.13488769531
1725969846997.6367,-0.93505859375,0.28234863281,-0.12951660156
1725969847013.1396,-0.93505859375,0.28234863281,-0.12951660156
1725969847033.2202,-0.93505859375,0.28234863281,-0.12951660156
1725969847053.2092,-0.93505859375,0.28234863281,-0.12951660156
1725969847077.6538,-0.95043945312,0.2822265625,-0.12817382812
1725969847093.1262,-0.95043945312,0.2822265625,-0.12817382812
1725969847113.2068,-0.95043945312,0.2822265625,-0.12817382812
1725969847133.2263,-0.95043945312,0.2822265625,-0.12817382812
1725969847157.6404,-1.01391601562,0.30615234375,-0.15771484375
1725969847173.1128,-1.01391601562,0.30615234375,-0.15771484375
1725969847193.2239,-1.01391601562,0.30615234375,-0.15771484375
1725969847213.2434,-1.01391601562,0.30615234375,-0.15771484375
1725969847237.5964,-0.95593261718,0.30895996093,-0.20593261718
1725969847253.13,-0.95593261718,0.30895996093,-0.20593261718
1725969847273.2104,-0.95593261718,0.30895996093,-0.20593261718
1725969847293.2605,-0.95593261718,0.30895996093,-0.20593261718
1725969847317.583,-0.91845703125,0.298828125,-0.22314453125
1725969847333.086,-0.91845703125,0.298828125,-0.22314453125
1725969847353.2275,-0.91845703125,0.298828125,-0.22314453125
1725969847373.2163,-0.91845703125,0.298828125,-0.22314453125
1725969847397.5696,-0.95617675781,0.29833984375,-0.234375
1725969847413.1335,-0.95617675781,0.29833984375,-0.234375
1725969847433.214,-0.95617675781,0.29833984375,-0.234375
1725969847453.2031,-0.95617675781,0.29833984375,-0.234375
1725969847477.556,-0.89880371093,0.30017089843,-0.18884277343
1725969847493.0896,-0.89880371093,0.30017089843,-0.18884277343
1725969847513.2007,-0.89880371093,0.30017089843,-0.18884277343
1725969847533.2202,-0.89880371093,0.30017089843,-0.18884277343
1725969847557.5427,-0.85949707031,0.38000488281,-0.19018554687
1725969847573.076,-0.85949707031,0.38000488281,-0.19018554687
1725969847593.2175,-0.85949707031,0.38000488281,-0.19018554687
1725969847613.2068,-0.85949707031,0.38000488281,-0.19018554687
1725969847637.5293,-0.98083496093,0.40380859375,-0.17932128906
1725969847653.0933,-0.98083496093,0.40380859375,-0.17932128906
1725969847673.2043,-0.98083496093,0.40380859375,-0.17932128906
1725969847693.193,-0.98083496093,0.40380859375,-0.17932128906
1725969847717.5159,-1.08117675781,0.40148925781,-0.11181640625
1725969847733.1104,-1.08117675781,0.40148925781,-0.11181640625
1725969847753.191,-1.08117675781,0.40148925781,-0.11181640625
1725969847773.2104,-1.08117675781,0.40148925781,-0.11181640625
1725969847797.5024,-1.08117675781,0.3701171875,-0.0458984375
1725969847813.0664,-1.08117675781,0.3701171875,-0.0458984375
1725969847833.2383,-1.08117675781,0.3701171875,-0.0458984375
1725969847853.197,-1.08117675781,0.3701171875,-0.0458984375
1725969847877.489,-1.02062988281,0.35339355468,-0.01721191406
1725969847893.0835,-1.02062988281,0.35339355468,-0.01721191406
1725969847913.1943,-1.02062988281,0.35339355468,-0.01721191406
1725969847933.2446,-1.02062988281,0.35339355468,-0.01721191406
1725969847957.4756,-0.96838378906,0.34252929687,0.0263671875
1725969847973.07,-0.96838378906,0.34252929687,0.0263671875
1725969847993.2117,-0.96838378906,0.34252929687,0.0263671875
1725969848013.2007,-0.96838378906,0.34252929687,0.0263671875
1725969848037.462,-0.96179199218,0.33532714843,0.07067871093
1725969848053.1177,-0.96179199218,0.33532714843,0.07067871093
1725969848073.1982,-0.96179199218,0.33532714843,0.07067871093
1725969848093.2175,-0.96179199218,0.33532714843,0.07067871093
1725969848117.4487,-0.97534179687,0.34338378906,0.09545898437
1725969848133.0735,-0.97534179687,0.34338378906,0.09545898437
1725969848153.1848,-0.97534179687,0.34338378906,0.09545898437
1725969848173.2043,-0.97534179687,0.34338378906,0.09545898437
1725969848197.4353,-0.99633789062,0.32531738281,0.09558105468
1725969848213.0603,-0.99633789062,0.32531738281,0.09558105468
1725969848233.202,-0.99633789062,0.32531738281,0.09558105468
1725969848253.2214,-0.99633789062,0.32531738281,0.09558105468
1725969848277.4219,-1.09887695312,0.2939453125,0.07690429687
1725969848293.0771,-1.09887695312,0.2939453125,0.07690429687
1725969848313.1885,-1.09887695312,0.2939453125,0.07690429687
1725969848333.1775,-1.09887695312,0.2939453125,0.07690429687
1725969848357.4084,-1.04968261718,0.28039550781,-0.02978515625
1725969848373.0945,-1.04968261718,0.28039550781,-0.02978515625
1725969848393.175,-1.04968261718,0.28039550781,-0.02978515625
1725969848413.1943,-1.04968261718,0.28039550781,-0.02978515625
1725969848437.395,-0.896484375,0.26574707031,-0.16491699218
1725969848453.0503,-0.896484375,0.26574707031,-0.16491699218
1725969848473.192,-0.896484375,0.26574707031,-0.16491699218
1725969848493.1812,-0.896484375,0.26574707031,-0.16491699218
1725969848517.3816,-0.93664550781,0.22241210937,-0.2666015625
1725969848533.0676,-0.93664550781,0.22241210937,-0.2666015625
1725969848553.1787,-0.93664550781,0.22241210937,-0.2666015625
1725969848573.1982,-0.93664550781,0.22241210937,-0.2666015625
1725969848597.368,-0.9677734375,0.18444824218,-0.31298828125
1725969848613.0847,-0.9677734375,0.18444824218,-0.31298828125
1725969848633.1958,-0.9677734375,0.18444824218,-0.31298828125
1725969848653.1848,-0.9677734375,0.18444824218,-0.31298828125
1725969848677.3547,-0.92712402343,0.18347167968,-0.25439453125
1725969848693.1018,-0.92712402343,0.18347167968,-0.25439453125
1725969848713.1824,-0.92712402343,0.18347167968,-0.25439453125
1725969848733.1711,-0.92712402343,0.18347167968,-0.25439453125
1725969848757.3413,-0.9091796875,0.21740722656,-0.18640136718
1725969848773.0579,-0.9091796875,0.21740722656,-0.18640136718
1725969848793.1687,-0.9091796875,0.21740722656,-0.18640136718
1725969848813.1885,-0.9091796875,0.21740722656,-0.18640136718
1725969848837.328,-0.89978027343,0.24365234375,-0.14526367187
1725969848853.0444,-0.89978027343,0.24365234375,-0.14526367187
1725969848873.186,-0.89978027343,0.24365234375,-0.14526367187
1725969848893.175,-0.89978027343,0.24365234375,-0.14526367187
1725969848917.3145,-0.8974609375,0.24548339843,-0.14270019531
1725969848933.0615,-0.8974609375,0.24548339843,-0.14270019531
1725969848953.1726,-0.8974609375,0.24548339843,-0.14270019531
1725969848973.1616,-0.8974609375,0.24548339843,-0.14270019531
1725969848997.301,-0.93908691406,0.26196289062,-0.1728515625
1725969849013.0786,-0.93908691406,0.26196289062,-0.1728515625
1725969849033.1592,-0.93908691406,0.26196289062,-0.1728515625
1725969849053.2092,-0.93908691406,0.26196289062,-0.1728515625
1725969849077.2876,-1.08154296875,0.32495117187,-0.20043945312
1725969849093.0652,-1.08154296875,0.32495117187,-0.20043945312
1725969849113.2068,-1.08154296875,0.32495117187,-0.20043945312
1725969849133.1653,-1.08154296875,0.32495117187,-0.20043945312
1725969849157.274,-1.02502441406,0.37097167968,-0.21533203125
1725969849173.0823,-1.02502441406,0.37097167968,-0.21533203125
1725969849193.193,-1.02502441406,0.37097167968,-0.21533203125
1725969849213.213,-1.02502441406,0.37097167968,-0.21533203125
1725969849237.2607,-0.94750976562,0.37573242187,-0.20776367187
1725969849253.0688,-0.94750976562,0.37573242187,-0.20776367187
1725969849273.18,-0.94750976562,0.37573242187,-0.20776367187
1725969849293.1687,-0.94750976562,0.37573242187,-0.20776367187
1725969849317.2473,-1.08239746093,0.35913085937,-0.16772460937
1725969849333.0554,-1.08239746093,0.35913085937,-0.16772460937
1725969849353.1665,-1.08239746093,0.35913085937,-0.16772460937
1725969849373.186,-1.08239746093,0.35913085937,-0.16772460937
1725969849397.234,-1.09936523437,0.31604003906,-0.15112304687
1725969849413.0725,-1.09936523437,0.31604003906,-0.15112304687
1725969849433.153,-1.09936523437,0.31604003906,-0.15112304687
1725969849453.2031,-1.09936523437,0.31604003906,-0.15112304687
1725969849477.2205,-1.00927734375,0.29272460937,-0.16943359375
1725969849493.059,-1.00927734375,0.29272460937,-0.16943359375
1725969849513.2007,-1.00927734375,0.29272460937,-0.16943359375
1725969849533.1592,-1.00927734375,0.29272460937,-0.16943359375
1725969849557.207,-0.87976074218,0.26000976562,-0.18017578125
1725969849573.0457,-0.87976074218,0.26000976562,-0.18017578125
1725969849593.1567,-0.87976074218,0.26000976562,-0.18017578125
1725969849613.1455,-0.87976074218,0.26000976562,-0.18017578125
1725969849637.1936,-0.85266113281,0.24780273437,-0.16943359375
1725969849653.0322,-0.85266113281,0.24780273437,-0.16943359375
1725969849673.1738,-0.85266113281,0.24780273437,-0.16943359375
1725969849693.193,-0.85266113281,0.24780273437,-0.16943359375
1725969849717.18,-1.037109375,0.31201171875,-0.14782714843
1725969849733.0188,-1.037109375,0.31201171875,-0.14782714843
1725969849753.1604,-1.037109375,0.31201171875,-0.14782714843
1725969849773.1494,-1.037109375,0.31201171875,-0.14782714843
1725969849797.1667,-1.10119628906,0.37841796875,-0.14709472656
1725969849813.036,-1.10119628906,0.37841796875,-0.14709472656
1725969849833.1775,-1.10119628906,0.37841796875,-0.14709472656
1725969849853.1665,-1.10119628906,0.37841796875,-0.14709472656
1725969849877.1533,-1.01745605468,0.33544921875,-0.13842773437
1725969849893.0225,-1.01745605468,0.33544921875,-0.13842773437
1725969849913.164,-1.01745605468,0.33544921875,-0.13842773437
1725969849933.1836,-1.01745605468,0.33544921875,-0.13842773437
1725969849957.14,-0.95959472656,0.29650878906,-0.1240234375
1725969849973.07,-0.95959472656,0.29650878906,-0.1240234375
1725969849993.1506,-0.95959472656,0.29650878906,-0.1240234375
1725969850013.17,-0.95959472656,0.29650878906,-0.1240234375
1725969850037.1265,-0.8701171875,0.33471679687,-0.12243652343
1725969850053.0566,-0.8701171875,0.33471679687,-0.12243652343
1725969850073.1372,-0.8701171875,0.33471679687,-0.12243652343
1725969850093.1567,-0.8701171875,0.33471679687,-0.12243652343
1725969850117.113,-0.83044433593,0.36193847656,-0.15185546875
1725969850133.0127,-0.83044433593,0.36193847656,-0.15185546875
1725969850153.1543,-0.83044433593,0.36193847656,-0.15185546875
1725969850173.1433,-0.83044433593,0.36193847656,-0.15185546875
1725969850197.0996,-0.87658691406,0.38305664062,-0.19799804687
1725969850213.0295,-0.87658691406,0.38305664062,-0.19799804687
1725969850233.1711,-0.87658691406,0.38305664062,-0.19799804687
1725969850253.13,-0.87658691406,0.38305664062,-0.19799804687
1725969850277.086,-1.06799316406,0.41467285156,-0.19970703125
1725969850293.0164,-1.06799316406,0.41467285156,-0.19970703125
1725969850313.158,-1.06799316406,0.41467285156,-0.19970703125
1725969850333.1467,-1.06799316406,0.41467285156,-0.19970703125
1725969850357.0728,-1.14477539062,0.42736816406,-0.19836425781
1725969850373.0334,-1.14477539062,0.42736816406,-0.19836425781
1725969850393.175,-1.14477539062,0.42736816406,-0.19836425781
1725969850413.1335,-1.14477539062,0.42736816406,-0.19836425781
1725969850437.059,-1.02954101562,0.42700195312,-0.20080566406
1725969850453.02,-1.02954101562,0.42700195312,-0.20080566406
1725969850473.131,-1.02954101562,0.42700195312,-0.20080566406
1725969850493.1506,-1.02954101562,0.42700195312,-0.20080566406
1725969850517.046,-1.00903320312,0.41015625,-0.18640136718
1725969850533.0063,-1.00903320312,0.41015625,-0.18640136718
1725969850553.1787,-1.00903320312,0.41015625,-0.18640136718
1725969850573.1372,-1.00903320312,0.41015625,-0.18640136718
1725969850597.0325,-1.04541015625,0.3564453125,-0.17651367187
1725969850613.054,-1.04541015625,0.3564453125,-0.17651367187
1725969850633.1653,-1.04541015625,0.3564453125,-0.17651367187
1725969850653.1235,-1.04541015625,0.3564453125,-0.17651367187
1725969850677.019,-1.04357910156,0.30847167968,-0.16564941406
1725969850693.0408,-1.04357910156,0.30847167968,-0.16564941406
1725969850713.121,-1.04357910156,0.30847167968,-0.16564941406
1725969850733.1711,-1.04357910156,0.30847167968,-0.16564941406
1725969850757.0056,-1.0009765625,0.27880859375,-0.15234375
1725969850772.9968,-1.0009765625,0.27880859375,-0.15234375
1725969850793.1384,-1.0009765625,0.27880859375,-0.15234375
1725969850813.1274,-1.0009765625,0.27880859375,-0.15234375
1725969850837.0227,-0.96350097656,0.27124023437,-0.13879394531
1725969850853.0444,-0.96350097656,0.27124023437,-0.13879394531
1725969850873.125,-0.96350097656,0.27124023437,-0.13879394531
1725969850893.114,-0.96350097656,0.27124023437,-0.13879394531
1725969850916.9788,-1.00012207031,0.28002929687,-0.14514160156
1725969850933.0005,-1.00012207031,0.28002929687,-0.14514160156
1725969850953.142,-1.00012207031,0.28002929687,-0.14514160156
1725969850973.131,-1.00012207031,0.28002929687,-0.14514160156
1725969850996.965,-1.00476074218,0.27807617187,-0.17810058593
1725969851012.987,-1.00476074218,0.27807617187,-0.17810058593
1725969851033.1592,-1.00476074218,0.27807617187,-0.17810058593
1725969851053.1177,-1.00476074218,0.27807617187,-0.17810058593
1725969851076.952,-1.02880859375,0.28967285156,-0.22058105468
1725969851093.004,-1.02880859375,0.28967285156,-0.22058105468
1725969851113.1152,-1.02880859375,0.28967285156,-0.22058105468
1725969851133.1348,-1.02880859375,0.28967285156,-0.22058105468
1725969851157.1216,-0.94921875,0.28149414062,-0.21228027343
1725969851173.0212,-0.94921875,0.28149414062,-0.21228027343
1725969851193.1323,-0.94921875,0.28149414062,-0.21228027343
1725969851213.1519,-0.94921875,0.28149414062,-0.21228027343
1725969851236.925,-0.92053222656,0.32250976562,-0.16882324218
1725969851253.0078,-0.92053222656,0.32250976562,-0.16882324218
1725969851273.119,-0.92053222656,0.32250976562,-0.16882324218
1725969851293.108,-0.92053222656,0.32250976562,-0.16882324218
1725969851316.9116,-0.90197753906,0.37194824218,-0.14965820312
1725969851332.9944,-0.90197753906,0.37194824218,-0.14965820312
1725969851353.1055,-0.90197753906,0.37194824218,-0.14965820312
1725969851373.125,-0.90197753906,0.37194824218,-0.14965820312
1725969851396.898,-0.93188476562,0.41052246093,-0.15002441406
1725969851413.0115,-0.93188476562,0.41052246093,-0.15002441406
1725969851433.1223,-0.93188476562,0.41052246093,-0.15002441406
1725969851453.1116,-0.93188476562,0.41052246093,-0.15002441406
1725969851476.8848,-1.03332519531,0.4931640625,-0.15954589843
1725969851492.998,-1.03332519531,0.4931640625,-0.15954589843
1725969851513.1091,-1.03332519531,0.4931640625,-0.15954589843
1725969851533.098,-1.03332519531,0.4931640625,-0.15954589843
1725969851556.871,-1.08276367187,0.52124023437,-0.16931152343
1725969851572.9846,-1.08276367187,0.52124023437,-0.16931152343
1725969851593.1262,-1.08276367187,0.52124023437,-0.16931152343
1725969851613.1152,-1.08276367187,0.52124023437,-0.16931152343
1725969851636.858,-1.12243652343,0.4853515625,-0.1591796875
1725969851653.0017,-1.12243652343,0.4853515625,-0.1591796875
1725969851673.1128,-1.12243652343,0.4853515625,-0.1591796875
1725969851693.1018,-1.12243652343,0.4853515625,-0.1591796875
1725969851716.8445,-1.17016601562,0.42272949218,-0.14404296875
1725969851733.0188,-1.17016601562,0.42272949218,-0.14404296875
1725969851753.13,-1.17016601562,0.42272949218,-0.14404296875
1725969851773.119,-1.17016601562,0.42272949218,-0.14404296875
1725969851796.8616,-1.16003417968,0.35705566406,-0.13903808593
1725969851813.0051,-1.16003417968,0.35705566406,-0.13903808593
1725969851833.1467,-1.16003417968,0.35705566406,-0.13903808593
1725969851853.136,-1.16003417968,0.35705566406,-0.13903808593
1725969851876.8176,-1.07727050781,0.306640625,-0.12939453125
1725969851895.0366,-1.07727050781,0.306640625,-0.12939453125
1725969851913.042,-1.07727050781,0.306640625,-0.12939453125
1725969851933.1223,-1.07727050781,0.306640625,-0.12939453125
1725969851956.8347,-0.94165039062,0.267578125,-0.12182617187
1725969851973.009,-0.94165039062,0.267578125,-0.12182617187
1725969851993.0896,-0.94165039062,0.267578125,-0.12182617187
1725969852013.1396,-0.94165039062,0.267578125,-0.12182617187
1725969852036.8213,-0.87219238281,0.259765625,-0.1328125
1725969852052.9956,-0.87219238281,0.259765625,-0.1328125
1725969852073.1067,-0.87219238281,0.259765625,-0.1328125
1725969852093.0957,-0.87219238281,0.259765625,-0.1328125
1725969852116.777,-0.98461914062,0.29150390625,-0.15368652343
1725969852133.0127,-0.98461914062,0.29150390625,-0.15368652343
1725969852153.0933,-0.98461914062,0.29150390625,-0.15368652343
1725969852173.0823,-0.98461914062,0.29150390625,-0.15368652343
1725969852196.7944,-1.06323242187,0.34594726562,-0.19567871093
1725969852212.9993,-1.06323242187,0.34594726562,-0.19567871093
1725969852233.1104,-1.06323242187,0.34594726562,-0.19567871093
1725969852253.099,-1.06323242187,0.34594726562,-0.19567871093
1725969852276.7505,-1.04565429687,0.33374023437,-0.21313476562
1725969852292.9858,-1.04565429687,0.33374023437,-0.21313476562
1725969852313.0967,-1.04565429687,0.33374023437,-0.21313476562
1725969852333.1165,-1.04565429687,0.33374023437,-0.21313476562
1725969852356.737,-1.03527832031,0.30627441406,-0.19006347656
1725969852373.0027,-1.03527832031,0.30627441406,-0.19006347656
1725969852393.0835,-1.03527832031,0.30627441406,-0.19006347656
1725969852413.1335,-1.03527832031,0.30627441406,-0.19006347656
1725969852436.7236,-0.95861816406,0.35705566406,-0.15844726562
1725969852452.9587,-0.95861816406,0.35705566406,-0.15844726562
1725969852473.1003,-0.95861816406,0.35705566406,-0.15844726562
1725969852493.0896,-0.95861816406,0.35705566406,-0.15844726562
1725969852516.7102,-0.90307617187,0.41296386718,-0.14367675781
1725969852532.976,-0.90307617187,0.41296386718,-0.14367675781
1725969852553.0872,-0.90307617187,0.41296386718,-0.14367675781
1725969852573.076,-0.90307617187,0.41296386718,-0.14367675781
1725969852596.6968,-0.89794921875,0.45056152343,-0.17224121093
1725969852612.9932,-0.89794921875,0.45056152343,-0.17224121093
1725969852633.0735,-0.89794921875,0.45056152343,-0.17224121093
1725969852653.0933,-0.89794921875,0.45056152343,-0.17224121093
1725969852676.683,-0.96545410156,0.48474121093,-0.17834472656
1725969852692.9492,-0.96545410156,0.48474121093,-0.17834472656
1725969852713.0908,-0.96545410156,0.48474121093,-0.17834472656
1725969852733.0798,-0.96545410156,0.48474121093,-0.17834472656
1725969852756.67,-1.05737304687,0.48303222656,-0.173828125
1725969852772.9968,-1.05737304687,0.48303222656,-0.173828125
1725969852793.0771,-1.05737304687,0.48303222656,-0.173828125
1725969852813.0967,-1.05737304687,0.48303222656,-0.173828125
1725969852836.6565,-1.10021972656,0.47485351562,-0.16442871093
1725969852852.953,-1.10021972656,0.47485351562,-0.16442871093
1725969852873.0945,-1.10021972656,0.47485351562,-0.16442871093
1725969852893.0835,-1.10021972656,0.47485351562,-0.16442871093
1725969852916.643,-1.11499023437,0.46374511718,-0.12670898437
1725969852932.9395,-1.11499023437,0.46374511718,-0.12670898437
1725969852953.081,-1.11499023437,0.46374511718,-0.12670898437
1725969852973.07,-1.11499023437,0.46374511718,-0.12670898437
1725969852996.6296,-1.11560058593,0.39807128906,-0.0986328125
1725969853012.987,-1.11560058593,0.39807128906,-0.0986328125
1725969853033.0676,-1.11560058593,0.39807128906,-0.0986328125
1725969853053.0872,-1.11560058593,0.39807128906,-0.0986328125
1725969853076.6162,-1.10131835937,0.32470703125,-0.07934570312
1725969853092.9736,-1.10131835937,0.32470703125,-0.07934570312
1725969853113.0847,-1.10131835937,0.32470703125,-0.07934570312
1725969853133.0735,-1.10131835937,0.32470703125,-0.07934570312
1725969853156.6028,-1.0341796875,0.27905273437,-0.06823730468
1725969853172.9907,-1.0341796875,0.27905273437,-0.06823730468
1725969853193.1018,-1.0341796875,0.27905273437,-0.06823730468
1725969853213.0603,-1.0341796875,0.27905273437,-0.06823730468
1725969853236.589,-0.96643066406,0.26306152343,-0.07873535156
1725969853252.9773,-0.96643066406,0.26306152343,-0.07873535156
1725969853273.0579,-0.96643066406,0.26306152343,-0.07873535156
1725969853293.108,-0.96643066406,0.26306152343,-0.07873535156
1725969853316.576,-0.97863769531,0.27221679687,-0.10229492187
1725969853332.9639,-0.97863769531,0.27221679687,-0.10229492187
1725969853353.0747,-0.97863769531,0.27221679687,-0.10229492187
1725969853373.064,-0.97863769531,0.27221679687,-0.10229492187
1725969853396.593,-0.94360351562,0.28588867187,-0.14465332031
1725969853412.9807,-0.94360351562,0.28588867187,-0.14465332031
1725969853433.0615,-0.94360351562,0.28588867187,-0.14465332031
1725969853453.0503,-0.94360351562,0.28588867187,-0.14465332031
1725969853476.549,-0.96166992187,0.30578613281,-0.21545410156
1725969853492.9675,-0.96166992187,0.30578613281,-0.21545410156
1725969853513.048,-0.96166992187,0.30578613281,-0.21545410156
1725969853533.098,-0.96166992187,0.30578613281,-0.21545410156
1725969853556.5356,-1.03784179687,0.31091308593,-0.25158691406
1725969853572.954,-1.03784179687,0.31091308593,-0.25158691406
1725969853593.0652,-1.03784179687,0.31091308593,-0.25158691406
1725969853613.054,-1.03784179687,0.31091308593,-0.25158691406
1725969853636.5222,-1.01916503906,0.34033203125,-0.23413085937
1725969853652.9712,-1.01916503906,0.34033203125,-0.23413085937
1725969853673.0515,-1.01916503906,0.34033203125,-0.23413085937
1725969853693.0713,-1.01916503906,0.34033203125,-0.23413085937
1725969853716.5393,-0.98645019531,0.40112304687,-0.220703125
1725969853732.9272,-0.98645019531,0.40112304687,-0.220703125
1725969853753.0688,-0.98645019531,0.40112304687,-0.220703125
1725969853773.0579,-0.98645019531,0.40112304687,-0.220703125
1725969853796.648,-0.95666503906,0.44714355468,-0.21545410156
1725969853812.9749,-0.95666503906,0.44714355468,-0.21545410156
1725969853833.0554,-0.95666503906,0.44714355468,-0.21545410156
1725969853853.0444,-0.95666503906,0.44714355468,-0.21545410156
1725969853876.5125,-0.9677734375,0.47485351562,-0.19116210937
1725969853892.9614,-0.9677734375,0.47485351562,-0.19116210937
1725969853913.042,-0.9677734375,0.47485351562,-0.19116210937
1725969853933.0615,-0.9677734375,0.47485351562,-0.19116210937
1725969853956.499,-1.06787109375,0.48461914062,-0.15795898437
1725969853972.948,-1.06787109375,0.48461914062,-0.15795898437
1725969853993.0896,-1.06787109375,0.48461914062,-0.15795898437
1725969854013.048,-1.06787109375,0.48461914062,-0.15795898437
1725969854036.4856,-1.126953125,0.47143554687,-0.13098144531
1725969854052.9343,-1.126953125,0.47143554687,-0.13098144531
1725969854073.0457,-1.126953125,0.47143554687,-0.13098144531
1725969854093.0347,-1.126953125,0.47143554687,-0.13098144531
1725969854116.472,-1.14416503906,0.458984375,-0.09753417968
1725969854132.9517,-1.14416503906,0.458984375,-0.09753417968
1725969854153.0322,-1.14416503906,0.458984375,-0.09753417968
1725969854173.0515,-1.14416503906,0.458984375,-0.09753417968
1725969854196.4587,-1.16784667968,0.40942382812,-0.08508300781
1725969854212.9382,-1.16784667968,0.40942382812,-0.08508300781
1725969854233.0798,-1.16784667968,0.40942382812,-0.08508300781
1725969854253.0383,-1.16784667968,0.40942382812,-0.08508300781
1725969854276.4453,-1.13403320312,0.32177734375,-0.08557128906
1725969854292.955,-1.13403320312,0.32177734375,-0.08557128906
1725969854313.0664,-1.13403320312,0.32177734375,-0.08557128906
1725969854333.0554,-1.13403320312,0.32177734375,-0.08557128906
1725969854356.432,-0.95959472656,0.25744628906,-0.10864257812
1725969854372.9111,-0.95959472656,0.25744628906,-0.10864257812
1725969854393.0527,-0.95959472656,0.25744628906,-0.10864257812
1725969854413.042,-0.95959472656,0.25744628906,-0.10864257812
1725969854436.4185,-0.93579101562,0.26123046875,-0.1298828125
1725969854452.9587,-0.93579101562,0.26123046875,-0.1298828125
1725969854473.07,-0.93579101562,0.26123046875,-0.1298828125
1725969854493.0283,-0.93579101562,0.26123046875,-0.1298828125
1725969854516.405,-0.96740722656,0.29541015625,-0.14916992187
1725969854532.915,-0.96740722656,0.29541015625,-0.14916992187
1725969854553.0566,-0.96740722656,0.29541015625,-0.14916992187
1725969854573.0457,-0.96740722656,0.29541015625,-0.14916992187
1725969854596.3916,-1.02905273437,0.37377929687,-0.20715332031
1725969854612.9016,-1.02905273437,0.37377929687,-0.20715332031
1725969854633.0735,-1.02905273437,0.37377929687,-0.20715332031
1725969854653.0322,-1.02905273437,0.37377929687,-0.20715332031
1725969854676.378,-1.06616210937,0.32287597656,-0.23095703125
1725969854692.9492,-1.06616210937,0.32287597656,-0.23095703125
1725969854713.0295,-1.06616210937,0.32287597656,-0.23095703125
1725969854733.0188,-1.06616210937,0.32287597656,-0.23095703125
1725969854756.3647,-1.02404785156,0.25732421875,-0.197265625
1725969854772.9355,-1.02404785156,0.25732421875,-0.197265625
1725969854793.0469,-1.02404785156,0.25732421875,-0.197265625
1725969854813.036,-1.02404785156,0.25732421875,-0.197265625
1725969854836.3513,-0.96179199218,0.34252929687,-0.17529296875
1725969854852.9224,-0.96179199218,0.34252929687,-0.17529296875
1725969854873.0334,-0.96179199218,0.34252929687,-0.17529296875
1725969854893.0225,-0.96179199218,0.34252929687,-0.17529296875
1725969854916.338,-0.87841796875,0.41455078125,-0.17346191406
1725969854932.9395,-0.87841796875,0.41455078125,-0.17346191406
1725969854953.02,-0.87841796875,0.41455078125,-0.17346191406
1725969854973.0396,-0.87841796875,0.41455078125,-0.17346191406
1725969854996.3245,-0.91564941406,0.45861816406,-0.18200683593
1725969855012.926,-0.91564941406,0.45861816406,-0.18200683593
1725969855033.0676,-0.91564941406,0.45861816406,-0.18200683593
1725969855053.026,-0.91564941406,0.45861816406,-0.18200683593
1725969855076.311,-1.05810546875,0.48742675781,-0.16613769531
1725969855092.943,-1.05810546875,0.48742675781,-0.16613769531
1725969855113.0237,-1.05810546875,0.48742675781,-0.16613769531
1725969855133.0127,-1.05810546875,0.48742675781,-0.16613769531
1725969855156.267,-1.1162109375,0.46545410156,-0.13269042968
1725969855172.8992,-1.1162109375,0.46545410156,-0.13269042968
1725969855193.0408,-1.1162109375,0.46545410156,-0.13269042968
1725969855213.0295,-1.1162109375,0.46545410156,-0.13269042968
1725969855236.2537,-1.12353515625,0.43542480468,-0.11291503906
1725969855252.9163,-1.12353515625,0.43542480468,-0.11291503906
1725969855273.027,-1.12353515625,0.43542480468,-0.11291503906
1725969855293.0469,-1.12353515625,0.43542480468,-0.11291503906
1725969855316.3928,-1.1123046875,0.39526367187,-0.10888671875
1725969855332.9028,-1.1123046875,0.39526367187,-0.10888671875
1725969855353.014,-1.1123046875,0.39526367187,-0.10888671875
1725969855373.0027,-1.1123046875,0.39526367187,-0.10888671875
1725969855396.2268,-1.08935546875,0.33801269531,-0.08728027343
1725969855412.92,-1.08935546875,0.33801269531,-0.08728027343
1725969855433.0005,-1.08935546875,0.33801269531,-0.08728027343
1725969855453.02,-1.08935546875,0.33801269531,-0.08728027343
1725969855476.2131,-1.05151367187,0.28430175781,-0.0615234375
1725969855492.876,-1.05151367187,0.28430175781,-0.0615234375
1725969855513.0176,-1.05151367187,0.28430175781,-0.0615234375
1725969855533.0063,-1.05151367187,0.28430175781,-0.0615234375
1725969855556.2,-1.00158691406,0.25598144531,-0.0537109375
1725969855572.893,-1.00158691406,0.25598144531,-0.0537109375
1725969855593.0347,-1.00158691406,0.25598144531,-0.0537109375
1725969855613.0237,-1.00158691406,0.25598144531,-0.0537109375
1725969855636.1863,-1.01794433593,0.25854492187,-0.06665039062
1725969855652.91,-1.01794433593,0.25854492187,-0.06665039062
1725969855673.0212,-1.01794433593,0.25854492187,-0.06665039062
1725969855693.1018,-1.01794433593,0.25854492187,-0.06665039062
1725969855716.173,-0.9775390625,0.27429199218,-0.10192871093
1725969855732.8967,-0.9775390625,0.27429199218,-0.10192871093
1725969855753.0078,-0.9775390625,0.27429199218,-0.10192871093
1725969855772.9968,-0.9775390625,0.27429199218,-0.10192871093
1725969855796.1597,-0.97436523437,0.31811523437,-0.18090820312
1725969855812.8833,-0.97436523437,0.31811523437,-0.18090820312
1725969855832.9944,-0.97436523437,0.31811523437,-0.18090820312
1725969855853.014,-0.97436523437,0.31811523437,-0.18090820312
1725969855876.1462,-1.02819824218,0.31457519531,-0.23449707031
1725969855892.8699,-1.02819824218,0.31457519531,-0.23449707031
1725969855913.0115,-1.02819824218,0.31457519531,-0.23449707031
1725969855933.031,-1.02819824218,0.31457519531,-0.23449707031
1725969855956.1328,-1.00634765625,0.31188964843,-0.22082519531
1725969855972.8867,-1.00634765625,0.31188964843,-0.22082519531
1725969855992.998,-1.00634765625,0.31188964843,-0.22082519531
1725969856013.0176,-1.00634765625,0.31188964843,-0.22082519531
1725969856036.1191,-0.99096679687,0.37939453125,-0.21142578125
1725969856052.8735,-0.99096679687,0.37939453125,-0.21142578125
1725969856073.0151,-0.99096679687,0.37939453125,-0.21142578125
1725969856093.004,-0.99096679687,0.37939453125,-0.21142578125
1725969856116.106,-0.97021484375,0.44213867187,-0.21215820312
1725969856132.8906,-0.97021484375,0.44213867187,-0.21215820312
1725969856153.0017,-0.97021484375,0.44213867187,-0.21215820312
1725969856172.9907,-0.97021484375,0.44213867187,-0.21215820312
1725969856196.0923,-0.97619628906,0.48815917968,-0.17919921875
1725969856212.9077,-0.97619628906,0.48815917968,-0.17919921875
1725969856232.9883,-0.97619628906,0.48815917968,-0.17919921875
1725969856253.0078,-0.97619628906,0.48815917968,-0.17919921875
1725969856276.079,-1.03942871093,0.50122070312,-0.14404296875
1725969856292.8635,-1.03942871093,0.50122070312,-0.14404296875
1725969856313.0051,-1.03942871093,0.50122070312,-0.14404296875
1725969856332.9944,-1.03942871093,0.50122070312,-0.14404296875
1725969856356.0657,-1.10021972656,0.49377441406,-0.12036132812
1725969856372.9111,-1.10021972656,0.49377441406,-0.12036132812
1725969856392.992,-1.10021972656,0.49377441406,-0.12036132812
1725969856412.9807,-1.10021972656,0.49377441406,-0.12036132812
1725969856436.0522,-1.14831542968,0.46740722656,-0.08630371093
1725969856452.8674,-1.14831542968,0.46740722656,-0.08630371093
1725969856472.9785,-1.14831542968,0.46740722656,-0.08630371093
1725969856492.998,-1.14831542968,0.46740722656,-0.08630371093
1725969856516.0388,-1.17700195312,0.39672851562,-0.07360839843
1725969856532.8845,-1.17700195312,0.39672851562,-0.07360839843
1725969856552.9956,-1.17700195312,0.39672851562,-0.07360839843
1725969856572.9846,-1.17700195312,0.39672851562,-0.07360839843
1725969856596.0251,-1.14660644531,0.32727050781,-0.06665039062
1725969856612.871,-1.14660644531,0.32727050781,-0.06665039062
1725969856632.982,-1.14660644531,0.32727050781,-0.06665039062
1725969856652.9712,-1.14660644531,0.32727050781,-0.06665039062
1725969856676.012,-1.03869628906,0.28759765625,-0.06433105468
1725969856692.8577,-1.03869628906,0.28759765625,-0.06433105468
1725969856712.9688,-1.03869628906,0.28759765625,-0.06433105468
1725969856733.0188,-1.03869628906,0.28759765625,-0.06433105468
1725969856755.9983,-0.92578125,0.26904296875,-0.07897949218
1725969856772.8442,-0.92578125,0.26904296875,-0.07897949218
1725969856792.9858,-0.92578125,0.26904296875,-0.07897949218
1725969856812.9749,-0.92578125,0.26904296875,-0.07897949218
1725969856836.3208,-0.90026855468,0.26354980468,-0.11291503906
1725969856852.861,-0.90026855468,0.26354980468,-0.11291503906
1725969856872.9724,-0.90026855468,0.26354980468,-0.11291503906
1725969856893.0225,-0.90026855468,0.26354980468,-0.11291503906
1725969856915.9717,-0.96643066406,0.29223632812,-0.16625976562
1725969856932.848,-0.96643066406,0.29223632812,-0.16625976562
1725969856953.02,-0.96643066406,0.29223632812,-0.16625976562
1725969856972.9785,-0.96643066406,0.29223632812,-0.16625976562
1725969856995.9583,-1.0859375,0.34216308593,-0.21606445312
1725969857012.8647,-1.0859375,0.34216308593,-0.21606445312
1725969857032.976,-1.0859375,0.34216308593,-0.21606445312
1725969857052.965,-1.0859375,0.34216308593,-0.21606445312
1725969857075.9448,-1.13024902343,0.34765625,-0.22058105468
1725969857092.8516,-1.13024902343,0.34765625,-0.22058105468
1725969857112.9932,-1.13024902343,0.34765625,-0.22058105468
1725969857132.982,-1.13024902343,0.34765625,-0.22058105468
1725969857155.9312,-1.07995605468,0.31372070312,-0.19458007812
1725969857172.838,-1.07995605468,0.31372070312,-0.19458007812
1725969857192.9795,-1.07995605468,0.31372070312,-0.19458007812
1725969857212.9688,-1.07995605468,0.31372070312,-0.19458007812
1725969857235.918,-1.00231933593,0.34802246093,-0.15747070312
1725969857252.8552,-1.00231933593,0.34802246093,-0.15747070312
1725969857272.9663,-1.00231933593,0.34802246093,-0.15747070312
1725969857292.955,-1.00231933593,0.34802246093,-0.15747070312
1725969857315.9043,-0.90881347656,0.42651367187,-0.15368652343
1725969857332.8416,-0.90881347656,0.42651367187,-0.15368652343
1725969857352.953,-0.90881347656,0.42651367187,-0.15368652343
1725969857372.9724,-0.90881347656,0.42651367187,-0.15368652343
1725969857395.891,-0.87255859375,0.46105957031,-0.18115234375
1725969857412.859,-0.87255859375,0.46105957031,-0.18115234375
1725969857432.97,-0.87255859375,0.46105957031,-0.18115234375
1725969857452.9587,-0.87255859375,0.46105957031,-0.18115234375
1725969857475.8777,-1.0234375,0.47924804687,-0.15539550781
1725969857492.8455,-1.0234375,0.47924804687,-0.15539550781
1725969857512.9563,-1.0234375,0.47924804687,-0.15539550781
1725969857533.0063,-1.0234375,0.47924804687,-0.15539550781
1725969857555.8643,-1.16882324218,0.46057128906,-0.1318359375
1725969857572.832,-1.16882324218,0.46057128906,-0.1318359375
1725969857593.004,-1.16882324218,0.46057128906,-0.1318359375
1725969857612.9626,-1.16882324218,0.46057128906,-0.1318359375
1725969857635.8508,-1.15222167968,0.44250488281,-0.11254882812
1725969857652.849,-1.15222167968,0.44250488281,-0.11254882812
1725969857672.9907,-1.15222167968,0.44250488281,-0.11254882812
1725969857692.9492,-1.15222167968,0.44250488281,-0.11254882812
1725969857715.8374,-1.13708496093,0.42785644531,-0.08374023437
1725969857732.8357,-1.13708496093,0.42785644531,-0.08374023437
1725969857752.9773,-1.13708496093,0.42785644531,-0.08374023437
1725969857772.9968,-1.13708496093,0.42785644531,-0.08374023437
1725969857795.824,-1.04663085937,0.30541992187,-0.07495117187
1725969857812.8223,-1.04663085937,0.30541992187,-0.07495117187
1725969857832.9639,-1.04663085937,0.30541992187,-0.07495117187
1725969857852.953,-1.04663085937,0.30541992187,-0.07495117187
1725969857875.8103,-0.94519042968,0.27319335937,-0.09118652343
1725969857892.839,-0.94519042968,0.27319335937,-0.09118652343
1725969857912.9807,-0.94519042968,0.27319335937,-0.09118652343
1725969857932.8171,-0.94519042968,0.27319335937,-0.09118652343
1725969857955.797,-0.92175292968,0.26452636718,-0.10400390625
1725969857972.826,-0.92175292968,0.26452636718,-0.10400390625
1725969857992.937,-0.92175292968,0.26452636718,-0.10400390625
1725969858012.9563,-0.92175292968,0.26452636718,-0.10400390625
1725969858035.7837,-1.0087890625,0.26867675781,-0.10998535156
1725969858052.8125,-1.0087890625,0.26867675781,-0.10998535156
1725969858072.9846,-1.0087890625,0.26867675781,-0.10998535156
1725969858092.9736,-1.0087890625,0.26867675781,-0.10998535156
1725969858115.7703,-1.01818847656,0.31652832031,-0.14929199218
1725969858132.86,-1.01818847656,0.31652832031,-0.14929199218
1725969858152.9407,-1.01818847656,0.31652832031,-0.14929199218
1725969858172.9602,-1.01818847656,0.31652832031,-0.14929199218
1725969858195.7568,-1.02038574218,0.36499023437,-0.19775390625
1725969858212.816,-1.02038574218,0.36499023437,-0.19775390625
1725969858232.9575,-1.02038574218,0.36499023437,-0.19775390625
1725969858252.9468,-1.02038574218,0.36499023437,-0.19775390625
1725969858275.7434,-1.05895996093,0.33642578125,-0.21105957031
1725969858292.8333,-1.05895996093,0.33642578125,-0.21105957031
1725969858312.9443,-1.05895996093,0.33642578125,-0.21105957031
1725969858332.933,-1.05895996093,0.33642578125,-0.21105957031
1725969858355.73,-1.00512695312,0.32104492187,-0.20886230468
1725969858372.8198,-1.00512695312,0.32104492187,-0.20886230468
1725969858392.931,-1.00512695312,0.32104492187,-0.20886230468
1725969858412.9504,-1.00512695312,0.32104492187,-0.20886230468
1725969858435.7163,-0.93725585937,0.38061523437,-0.1943359375
1725969858452.8064,-0.93725585937,0.38061523437,-0.1943359375
1725969858472.948,-0.93725585937,0.38061523437,-0.1943359375
1725969858492.937,-0.93725585937,0.38061523437,-0.1943359375
1725969858515.7031,-0.88256835937,0.43542480468,-0.20422363281
1725969858532.854,-0.88256835937,0.43542480468,-0.20422363281
1725969858552.9343,-0.88256835937,0.43542480468,-0.20422363281
1725969858572.9236,-0.88256835937,0.43542480468,-0.20422363281
1725969858595.7202,-0.93640136718,0.46105957031,-0.1953125
1725969858612.81,-0.93640136718,0.46105957031,-0.1953125
1725969858632.9211,-0.93640136718,0.46105957031,-0.1953125
1725969858652.9407,-0.93640136718,0.46105957031,-0.1953125
1725969858675.6763,-1.08862304687,0.47082519531,-0.15881347656
1725969858692.8271,-1.08862304687,0.47082519531,-0.15881347656
1725969858712.9382,-1.08862304687,0.47082519531,-0.15881347656
1725969858732.9272,-1.08862304687,0.47082519531,-0.15881347656
1725969858755.6628,-1.13781738281,0.44836425781,-0.12622070312
1725969858772.8137,-1.13781738281,0.44836425781,-0.12622070312
1725969858792.9248,-1.13781738281,0.44836425781,-0.12622070312
1725969858812.9443,-1.13781738281,0.44836425781,-0.12622070312
1725969858835.6494,-1.10229492187,0.41284179687,-0.0859375
1725969858852.8003,-1.10229492187,0.41284179687,-0.0859375
1725969858872.9724,-1.10229492187,0.41284179687,-0.0859375
1725969858892.931,-1.10229492187,0.41284179687,-0.0859375
1725969858915.636,-1.09411621093,0.36499023437,-0.04943847656
1725969858932.8171,-1.09411621093,0.36499023437,-0.04943847656
1725969858952.9285,-1.09411621093,0.36499023437,-0.04943847656
1725969858972.9175,-1.09411621093,0.36499023437,-0.04943847656
1725969858995.6223,-1.068359375,0.31042480468,-0.01049804687
1725969859012.804,-1.068359375,0.31042480468,-0.01049804687
1725969859032.915,-1.068359375,0.31042480468,-0.01049804687
1725969859052.9343,-1.068359375,0.31042480468,-0.01049804687
1725969859075.6091,-1.01159667968,0.27453613281,0.02844238281
1725969859092.7903,-1.01159667968,0.27453613281,0.02844238281
1725969859112.932,-1.01159667968,0.27453613281,0.02844238281
1725969859132.9211,-1.01159667968,0.27453613281,0.02844238281
1725969859155.5957,-0.98193359375,0.26916503906,0.06127929687
1725969859172.8076,-0.98193359375,0.26916503906,0.06127929687
1725969859192.9187,-0.98193359375,0.26916503906,0.06127929687
1725969859212.9077,-0.98193359375,0.26916503906,0.06127929687
1725969859235.5823,-1.00671386718,0.2958984375,0.06201171875
1725969859252.8247,-1.00671386718,0.2958984375,0.06201171875
1725969859272.9053,-1.00671386718,0.2958984375,0.06201171875
1725969859292.9248,-1.00671386718,0.2958984375,0.06201171875
1725969859315.5688,-1.00573730468,0.31469726562,-0.03674316406
1725969859332.7808,-1.00573730468,0.31469726562,-0.03674316406
1725969859352.953,-1.00573730468,0.31469726562,-0.03674316406
1725969859372.9111,-1.00573730468,0.31469726562,-0.03674316406
1725969859395.586,-0.96142578125,0.26611328125,-0.18286132812
1725969859412.8284,-0.96142578125,0.26611328125,-0.18286132812
1725969859432.9087,-0.96142578125,0.26611328125,-0.18286132812
1725969859452.9587,-0.96142578125,0.26611328125,-0.18286132812
1725969859475.5725,-0.99096679687,0.23510742187,-0.27697753906
1725969859492.8147,-0.99096679687,0.23510742187,-0.27697753906
1725969859512.926,-0.99096679687,0.23510742187,-0.27697753906
1725969859532.915,-0.99096679687,0.23510742187,-0.27697753906
1725969859555.5283,-0.99108886718,0.28942871093,-0.33239746093
1725969859572.832,-0.99108886718,0.28942871093,-0.33239746093
1725969859592.9124,-0.99108886718,0.28942871093,-0.33239746093
1725969859612.9016,-0.99108886718,0.28942871093,-0.33239746093
1725969859635.5151,-0.93908691406,0.33557128906,-0.328125
1725969859652.8186,-0.93908691406,0.33557128906,-0.328125
1725969859672.8992,-0.93908691406,0.33557128906,-0.328125
1725969859692.9187,-0.93908691406,0.33557128906,-0.328125
1725969859715.5017,-0.93041992187,0.36755371093,-0.29370117187
1725969859732.7747,-0.93041992187,0.36755371093,-0.29370117187
1725969859752.9163,-0.93041992187,0.36755371093,-0.29370117187
1725969859772.9053,-0.93041992187,0.36755371093,-0.29370117187
1725969859795.4883,-0.91589355468,0.40747070312,-0.25573730468
1725969859812.8223,-0.91589355468,0.40747070312,-0.25573730468
1725969859832.9028,-0.91589355468,0.40747070312,-0.25573730468
1725969859852.9224,-0.91589355468,0.40747070312,-0.25573730468
1725969859875.4749,-0.99157714843,0.43957519531,-0.18176269531
1725969859892.7783,-0.99157714843,0.43957519531,-0.18176269531
1725969859912.8894,-0.99157714843,0.43957519531,-0.18176269531
1725969859932.9087,-0.99157714843,0.43957519531,-0.18176269531
1725969859955.4614,-1.11645507812,0.42858886718,-0.13269042968
1725969859972.765,-1.11645507812,0.42858886718,-0.13269042968
1725969859992.9065,-1.11645507812,0.42858886718,-0.13269042968
1725969860012.8955,-1.11645507812,0.42858886718,-0.13269042968
1725969860035.448,-1.14123535156,0.42346191406,-0.1025390625
1725969860052.782,-1.14123535156,0.42346191406,-0.1025390625
1725969860072.893,-1.14123535156,0.42346191406,-0.1025390625
1725969860092.9124,-1.14123535156,0.42346191406,-0.1025390625
1725969860115.4343,-1.1123046875,0.4189453125,-0.06030273437
1725969860132.7683,-1.1123046875,0.4189453125,-0.06030273437
1725969860152.91,-1.1123046875,0.4189453125,-0.06030273437
1725969860172.9297,-1.1123046875,0.4189453125,-0.06030273437
1725969860195.4211,-1.09350585937,0.357421875,-0.03857421875
1725969860212.7856,-1.09350585937,0.357421875,-0.03857421875
1725969860232.9272,-1.09350585937,0.357421875,-0.03857421875
1725969860252.9163,-1.09350585937,0.357421875,-0.03857421875
1725969860275.4077,-1.04833984375,0.30065917968,-0.02111816406
1725969860292.7722,-1.04833984375,0.30065917968,-0.02111816406
1725969860312.9138,-1.04833984375,0.30065917968,-0.02111816406
1725969860332.9028,-1.04833984375,0.30065917968,-0.02111816406
1725969860355.4248,-0.96472167968,0.27514648437,-0.01916503906
1725969860372.7588,-0.96472167968,0.27514648437,-0.01916503906
1725969860392.9004,-0.96472167968,0.27514648437,-0.01916503906
1725969860412.92,-0.96472167968,0.27514648437,-0.01916503906
1725969860435.3809,-0.94653320312,0.28625488281,-0.04125976562
