timestamp,accel.mag,detected
0.0,1.0,False
0.02,0.9994778242586743,False
0.04,0.9992676549558548,False
0.06,0.9998572571129636,False
0.08,1.000078685747336,False
0.1,1.0015987080005644,False
0.12,1.0030058194903844,False
0.14,1.0038542299030575,False
0.16,1.002977391464591,False
0.18,1.0021067675212556,False
0.2,1.0026148440458877,False
0.22,1.0000678880553395,False
0.24,1.000410516620395,False
0.26,1.0045795853793877,False
0.28,1.002911731702609,False
0.3,1.0016435588499484,False
0.32,1.0025850272267722,False
0.34,1.0053837283554077,False
0.36,1.0079227217263185,False
0.38,1.0078208026438522,False
0.4,1.0092126386142155,False
0.42,1.0123627595648796,False
0.44,1.010553144041949,False
0.46,1.0106301436216805,False
0.48,1.0101805451815822,False
0.5,1.0110169917049596,False
0.52,1.009655168153555,False
0.54,1.0107068975852103,False
0.56,1.0096864785407,False
0.58,1.0121005746351714,False
0.6,1.0140996414264112,False
0.62,1.0079757819609394,False
0.64,1.005040820846911,False
0.66,1.0047033778066605,False
0.68,1.002051573759235,False
0.7000000000000001,1.002952042229039,False
0.72,1.0028687034488957,False
0.74,1.0033384042824782,False
0.76,1.003058229226692,False
0.78,1.002416260088517,False
0.8,1.0007800593443315,False
0.8200000000000001,0.9975088990751796,False
0.84,0.9963883636668647,False
0.86,0.9954149713265822,False
0.88,0.9967590915147161,False
0.9,0.9985686899667879,False
0.92,0.9968372823692807,False
0.9400000000000001,0.9929341816282131,False
0.96,0.997031731645375,False
0.98,0.9939417260804166,False
1.0,0.9962329825143248,False
1.02,0.9951372496100154,False
1.04,0.992900606940722,False
1.06,0.9929648774326082,False
1.08,0.9941755991651255,False
1.1,0.9948948987600849,False
1.12,0.9985059119589511,False
1.1400000000000001,0.9990086544435954,False
1.16,0.9969939665234075,False
1.18,0.997382384176806,False
1.2,0.9991503734542432,False
1.22,0.9989543963787807,False
1.24,0.9985903067113541,False
1.26,1.0039467027316178,False
1.28,1.0040485840008968,False
1.3,1.0020672575128273,False
1.32,1.0017389688354978,False
1.34,0.9995802325741578,False
1.36,0.9989539801560192,False
1.3800000000000001,1.0011886098174518,False
1.4000000000000001,1.0021925824761917,False
1.42,1.0025140459404867,False
1.44,1.0029124009528034,False
1.46,1.0007272517404433,False
1.48,0.996854041358107,False
1.5,0.9944676192224348,False
1.52,0.9937763221980597,False
1.54,0.9929177143790893,False
1.56,0.9939632032556294,False
1.58,0.9925523465463022,False
1.6,0.9930183764329806,False
1.62,0.9935559275142021,False
1.6400000000000001,0.9955886176261833,False
1.6600000000000001,0.9968743552838777,False
1.68,0.9972105285401645,False
1.7,0.9937353912976713,False
1.72,0.9929415859955797,False
1.74,0.9964498913768587,False
1.76,0.9990086255225775,False
1.78,0.9993348090625646,False
1.8,0.9955363616080175,False
1.82,0.9932261484971037,False
1.84,0.9931727223749642,False
1.86,0.9969224136687954,False
1.8800000000000001,0.9995893559315381,False
1.9000000000000001,0.9967519729537972,False
1.92,0.9973529309856004,False
1.94,0.997724584340314,False
1.96,0.9989122724390405,False
1.98,1.0011462507319147,False
2.0,0.997989768014363,False
2.02,0.9994781470989215,False
2.04,0.9979676082849438,False
2.06,0.9976842460586464,False
2.08,0.995391211518476,False
2.1,0.9947108011458063,False
2.12,0.9929285456850283,False
2.14,0.9907898153128392,False
2.16,0.9918283531188355,False
2.18,0.9903259482960668,False
2.2,0.9901072573930759,False
2.22,0.9881072938165119,False
2.24,0.988451635031736,False
2.2600000000000002,0.9889711510624626,False
2.2800000000000002,0.9957135799742695,False
2.3000000000000003,0.9945168884797119,False
2.32,0.9947746672069482,False
2.34,0.9897426914195386,False
2.36,0.9903545629234681,False
2.38,0.9914193597102341,False
2.4,0.9905519306716979,False
2.42,0.9912172398940744,False
2.44,0.9917854951674688,False
2.46,0.9889369907083277,False
2.48,0.9881683592920035,False
2.5,0.9923012033537884,False
2.52,0.9934591643737262,False
2.54,0.9957779878282388,False
2.56,0.9983962281741078,False
2.58,1.0018591005595363,False
2.6,1.000948681981117,False
2.62,1.0028588755031889,False
2.64,1.002156517635251,False
2.66,0.9992196842992013,False
2.68,0.9973996672211735,False
2.7,0.9951499775693863,False
2.72,0.9983229918203339,False
2.74,0.9990973198412743,False
2.7600000000000002,0.999077408958212,False
2.7800000000000002,1.00136751253892,False
2.8000000000000003,1.002347933505132,False
2.82,1.0001361675729525,False
2.84,1.0013836263268023,False
2.86,0.9991186693239495,False
2.88,0.998500219193244,False
2.9,1.001326521731908,False
2.92,1.004864437590651,False
2.94,1.0037649627593994,False
2.96,1.0057565728615325,False
2.98,1.0063936863723328,False
3.0,1.0077206808275057,False
3.02,1.0112876297285234,False
3.04,1.006445192437232,False
3.06,1.0043492269802283,False
3.08,1.0062210528811835,False
3.1,1.0061048210321188,False
3.12,1.0074610813905218,False
3.14,1.0071780338173317,False
3.16,1.0054992574377986,False
3.18,1.0029071234821296,False
3.2,1.0074179553487137,False
3.22,1.004127586961856,False
3.24,1.0046881741630322,False
3.2600000000000002,1.0074092156172714,False
3.2800000000000002,1.0053576031813607,False
3.3000000000000003,1.0025284314550735,False
3.3200000000000003,1.0033653755283072,False
3.34,1.0034094719316775,False
3.36,1.0002895764440976,False
3.38,1.001691347824193,False
3.4,1.0031308017083431,False
3.42,0.9993066502019788,False
3.44,1.0015426549716722,False
3.46,0.9987396301591154,False
3.48,1.0011460996543944,False
3.5,1.0027003353343087,False
3.52,1.0045016898800445,False
3.54,1.0064159887546968,False
3.56,1.0059965103456363,False
3.58,1.0080098490877265,False
3.6,1.005596676031903,False
3.62,1.0034122904567757,False
3.64,1.0019354961980957,False
3.66,1.0042657385343932,False
3.68,1.0070819861303653,False
3.7,1.0067751738191364,False
3.72,1.005987084575218,False
3.74,1.0017119886597727,False
3.7600000000000002,0.9961327976328307,False
3.7800000000000002,0.9958469897996196,False
3.8000000000000003,0.9934990761489507,False
3.8200000000000003,0.9924774750831705,False
3.84,0.9943467710086871,False
3.86,0.990949720618273,False
3.88,0.9920619485789914,False
3.9,0.9927049496941535,False
3.92,0.9936288975949294,False
3.94,0.9994843017383407,False
3.96,1.0003421639031165,False
3.98,0.997946214842907,False
4.0,1.0004452833148956,False
4.0200000000000005,0.997064417518599,False
4.04,0.9927250251202858,False
4.0600000000000005,0.9969581171835344,False
4.08,0.9922389267660474,False
4.1,0.9959886784044272,False
4.12,0.996161304525271,False
4.14,0.9988653639514886,False
4.16,0.9958247374652075,False
4.18,0.9989012248615811,False
4.2,0.9995952483361197,False
4.22,0.9990713510588511,False
4.24,0.9999359753878756,False
4.26,0.9998827392614222,False
4.28,0.9986267580630768,False
4.3,0.997930490723258,False
4.32,0.9964028232325993,False
4.34,0.994302648985757,False
4.36,0.9959527774110005,False
4.38,0.9947580516309716,False
4.4,0.9972457188858131,False
4.42,0.9995369830456893,False
4.44,0.999340083850311,False
4.46,0.9976015283032031,False
4.48,0.9953021422751377,False
4.5,0.9990447495088515,False
4.5200000000000005,0.9984145853118241,False
4.54,0.9983731072616604,False
4.5600000000000005,0.9981658348402219,False
4.58,0.9986395067550486,False
4.6000000000000005,0.9971653953943733,False
4.62,0.9968066237404858,False
4.64,0.9964524938922728,False
4.66,0.9954936697639065,False
4.68,0.9957835332189843,False
4.7,0.9944438256279888,False
4.72,0.997355058168955,False
4.74,0.9986468510749119,False
4.76,1.0034980758248855,False
4.78,1.0013971185769799,False
4.8,1.0009350744870844,False
4.82,1.0011781626164276,False
4.84,0.9988597802043068,False
4.86,0.9966051477174912,False
4.88,0.9994211040603934,False
4.9,1.0010779422192224,False
4.92,1.0014516386224057,False
4.94,1.001320832742466,False
4.96,0.9989534146288915,False
4.98,0.9961270845561596,False
5.0,0.9947516869164467,False
5.0200000000000005,0.9925760104688094,False
5.04,0.9912824771002109,False
5.0600000000000005,0.989783355931146,False
5.08,0.9894953963789118,False
5.1000000000000005,0.9906470436613274,False
5.12,0.9899430173048215,False
5.14,0.9879388239217225,False
5.16,0.9913956264994419,False
5.18,0.9905157818087392,False
5.2,0.9917990860005718,False
5.22,0.9942901449444834,False
5.24,0.9936889704970961,False
5.26,0.9950133426605559,False
5.28,0.9972627153983314,False
5.3,1.0000093149596196,False
5.32,0.9977811376973552,False
5.34,0.9986566540220793,False
5.36,0.9980386387084856,False
5.38,0.9990854742799051,False
5.4,1.000977418074533,False
5.42,0.9998569327104764,False
5.44,1.0019099468038881,False
5.46,1.0031914206958708,False
5.48,1.0030709130405278,False
5.5,1.000873868930833,False
5.5200000000000005,1.0003342131604054,False
5.54,0.9977669108302158,False
5.5600000000000005,1.0008925439298002,False
5.58,1.0021896247715925,False
5.6000000000000005,1.0013873845753407,False
5.62,1.0035465426558225,False
5.64,1.0032956233271544,False
5.66,1.0053525375114887,False
5.68,1.0033244596587094,False
5.7,1.0059633304965419,False
5.72,1.0041242795734004,False
5.74,1.0002408658313697,False
5.76,1.0013792034959632,False
5.78,0.9984583178511248,False
5.8,1.0030932507742016,False
5.82,0.9999424691436091,False
5.84,0.9947140060820727,False
5.86,0.9969603305252827,False
5.88,0.9952471045319043,False
5.9,0.9937025271453808,False
5.92,0.9955208514761479,False
5.94,0.9938412011846817,False
5.96,0.9945284140513039,False
5.98,0.9931888787203482,False
6.0,0.9990432633636483,False
6.0200000000000005,1.0001177767780953,False
6.04,1.0040633049191994,False
6.0600000000000005,1.0015013403896833,False
6.08,0.9988924994078258,False
6.1000000000000005,0.9989675206805286,False
6.12,0.9993227754979939,False
6.140000000000001,0.9971239706045089,False
6.16,0.9984321167934045,False
6.18,0.9975081814628332,False
6.2,1.000665261356739,False
6.22,0.9947299147374931,False
6.24,0.993817729792681,False
6.26,0.9944529148013992,False
6.28,0.9948309274603042,False
6.3,0.9984432661897918,False
6.32,0.9974824858610994,False
6.34,0.9956295198520778,False
6.36,0.9919154008157899,False
6.38,0.9909101522320892,False
6.4,0.9891064235658779,False
6.42,0.9893738309827041,False
6.44,0.9911094294679624,False
6.46,0.9913101569192208,False
6.48,0.9940458825910214,False
6.5,0.9935294788785328,False
6.5200000000000005,0.9937951867227112,False
6.54,0.9915240522149527,False
6.5600000000000005,0.9918283408480443,False
6.58,0.9903486101271688,False
6.6000000000000005,0.9949738237885078,False
6.62,0.9961166128701461,False
6.640000000000001,0.9970357432912633,False
6.66,0.9952610945434174,False
6.68,0.9960721012228134,False
6.7,0.9976072232144876,False
6.72,0.9994092742811997,False
6.74,0.9979220277880034,False
6.76,0.9998903698387163,False
6.78,1.0000901420007051,False
6.8,1.000488809968487,False
6.82,1.000153704426936,False
6.84,0.9996182180624965,False
6.86,0.9968907097469933,False
6.88,1.002630276730484,False
6.9,1.001217714369863,False
6.92,0.9992367657838332,False
6.94,1.0007596207990124,False
6.96,0.9991447267775663,False
6.98,1.0017351499922564,False
7.0,1.0048453991888202,False
7.0200000000000005,1.0073725803659088,False
7.04,1.0046035245993177,False
7.0600000000000005,1.0029837133585393,False
7.08,1.006748063934574,False
7.1000000000000005,1.0031529323707464,False
7.12,1.0020240504206088,False
7.140000000000001,1.0021232941419376,False
7.16,1.000652566101523,False
7.18,0.9979548101544733,False
7.2,0.9987491565238645,False
7.22,1.0001867257777273,False
7.24,0.999081800900666,False
7.26,0.9960057533675081,False
7.28,0.9954356166328839,False
7.3,0.9979760348989202,False
7.32,0.9993866608568593,False
7.34,1.0015214863553894,False
7.36,1.000197860603401,False
7.38,0.9982639069319195,False
7.4,1.0010250807132113,False
7.42,1.0005286589183597,False
7.44,1.0017082204104508,False
7.46,1.0042404620058785,False
7.48,1.0049187741934744,False
7.5,1.0056729895724388,False
7.5200000000000005,1.0052910876496892,False
7.54,1.0021881279197815,False
7.5600000000000005,1.0008498084236452,False
7.58,1.0003727434471004,False
7.6000000000000005,1.0019055595423338,False
7.62,1.0035947833399397,False
7.640000000000001,1.003515003334088,False
7.66,1.0043637442460065,False
7.68,1.0045774195873063,False
7.7,0.9980658655010916,False
7.72,0.9995034385117294,False
7.74,0.9971143767034127,False
7.76,0.9982719760420345,False
7.78,1.0016845801756173,False
7.8,1.0039162666991839,False
7.82,1.0005104255523198,False
7.84,0.9983985024483872,False
7.86,0.9978856010743623,False
7.88,0.9961660057297879,False
7.9,0.9953489445170629,False
7.92,0.9921830240285634,False
7.94,0.9955178985239675,False
7.96,0.9957201777697443,False
7.98,0.9976704379095094,False
8.0,0.9980521864222421,False
8.02,0.9965081510333328,False
8.040000000000001,0.9985921715907299,False
8.06,0.9984265164157513,False
8.08,0.998238255229703,False
8.1,1.0005335165660207,False
8.120000000000001,0.999503726169235,False
8.14,0.9973018188061004,False
8.16,0.9963512274049611,False
8.18,0.9980766279544752,False
8.2,0.9987447714465942,False
8.22,1.0021440161614104,False
8.24,1.0017729778632947,False
8.26,1.0027672374120562,False
8.28,0.9993985670766334,False
8.3,0.9978423211512542,False
8.32,0.9966342243592237,False
8.34,0.9959857967745721,False
8.36,0.9952749893700473,False
8.38,0.9947936071252202,False
8.4,0.9927965317561542,False
8.42,0.9921606443218585,False
8.44,0.9975542254285605,False
8.46,0.9991064805457954,False
8.48,0.9988605425385222,False
8.5,0.9981789238670161,False
8.52,0.9992196233477787,False
8.540000000000001,1.002197109276375,False
8.56,1.003255616502494,False
8.58,1.0048036581302755,False
8.6,1.0049102884035497,False
8.620000000000001,1.007592191615887,False
8.64,1.0054383387064025,False
8.66,1.0030196451844942,False
8.68,1.0006444902128426,False
8.700000000000001,1.0009364359910589,False
8.72,0.9991137339895397,False
8.74,1.0023397970447037,False
8.76,1.002539897234043,False
8.78,1.003068133961336,False
8.8,1.001746694418616,False
8.82,0.998156046500071,False
8.84,0.9999702517750919,False
8.86,1.0032852622620452,False
8.88,1.003171301799787,False
8.9,1.0039731299844203,False
8.92,1.0018912473468664,False
8.94,1.00140519154137,False
8.96,1.0003077389353392,False
8.98,0.9995229106049921,False
9.0,1.0023383563956128,False
9.02,1.0027520829968182,False
9.040000000000001,1.0032565395403201,False
9.06,1.003790126031256,False
9.08,1.0061275773766765,False
9.1,1.0063863018013757,False
9.120000000000001,1.0070329521171768,False
9.14,1.0067897557742138,False
9.16,1.0048212456564738,False
9.18,1.0045032999139587,False
9.200000000000001,1.0012201997550614,False
9.22,1.002470817179875,False
9.24,1.0047095144781435,False
9.26,1.0030839705985397,False
9.28,1.0045328326892446,False
9.3,1.004919135885134,False
9.32,1.0052649150383275,False
9.34,1.009029912703778,False
9.36,1.0082730097656651,False
9.38,1.0054769364798213,False
9.4,1.0037580599194436,False
9.42,1.004363761666519,False
9.44,1.0001715563878264,False
9.46,1.0020006771491043,False
9.48,1.002091199507681,False
9.5,1.003776155021091,False
9.52,1.004966921381236,False
9.540000000000001,1.0058502321495466,False
9.56,1.0033998929615866,False
9.58,1.0042157836466805,False
9.6,1.0041108737110382,False
9.620000000000001,0.999920340981117,False
9.64,0.9949443361135519,False
9.66,0.9929211273326646,False
9.68,0.9934287131844677,False
9.700000000000001,0.9931816075499261,False
9.72,0.9937213930395353,False
9.74,0.9968426034872684,False
9.76,0.993159233322279,False
9.78,0.9950276633480757,False
9.8,0.9961241497764532,False
9.82,0.9975542072192084,False
9.84,0.9950942658944468,False
9.86,0.9982089696994421,False
9.88,1.0009957048805218,False
9.9,1.0041297207724,False
9.92,1.0028964161069183,False
9.94,1.0013896015230745,False
9.96,1.003346754733417,False
9.98,1.0018562187280409,False
10.0,1.000677914053004,False
10.02,0.9997325604699432,False
10.040000000000001,1.0010592720568732,False
10.06,1.0040269810261062,False
10.08,1.0026731948281176,False
10.1,0.9985263484200035,False
10.120000000000001,1.000697595214988,False
10.14,1.0033793223023262,False
10.16,1.0006341691995617,False
10.18,1.0023187543773542,False
10.200000000000001,1.0054270731027346,False
10.22,1.002423358253643,False
10.24,1.000844558237507,False
10.26,1.0030348858616216,False
10.28,1.0037643042959372,False
10.3,1.0033672671283984,False
10.32,1.0030636391534271,False
10.34,1.0008113912325949,False
10.36,0.9974003406759911,False
10.38,0.9961825537198503,False
10.4,0.9969786766601793,False
10.42,1.0013123577450105,False
10.44,1.0041086920295534,False
10.46,1.0028190892027358,False
10.48,1.0001366549745174,False
10.5,0.997109061919643,False
10.52,0.9974150046724523,False
10.540000000000001,0.9981391078081941,False
10.56,1.0016878219581966,False
10.58,0.9976494466456293,False
10.6,0.9987965214852045,False
10.620000000000001,0.9974543170232789,False
10.64,0.9966598847141807,False
10.66,0.9928732968869213,False
10.68,0.991702771312538,False
10.700000000000001,0.9940417401811324,False
10.72,0.9940545066925184,False
10.74,0.9949285779631106,False
10.76,0.9979586288082861,False
10.78,0.9973873885329876,False
10.8,0.9948581186788209,False
10.82,0.9949571762482747,False
10.84,0.9969976270676125,False
10.86,0.994638845942353,False
10.88,0.9953502048168867,False
10.9,0.996044469003908,False
10.92,0.996533151445934,False
10.94,0.9969412892912511,False
10.96,0.9978917893948707,False
10.98,0.9969563231028434,False
11.0,0.9978609954304761,False
11.02,0.9958970652818638,False
11.040000000000001,0.996435826353735,False
11.06,0.999437462815872,False
11.08,1.0025381910907867,False
11.1,1.0031472785280189,False
11.120000000000001,1.003273485893874,False
11.14,1.005925074950085,False
11.16,1.0098844017142916,False
11.18,1.0077001966285264,False
11.200000000000001,1.005802949997051,False
11.22,1.0057417654074619,False
11.24,1.005897719437575,False
11.26,1.0052766774111066,False
11.28,1.0047844734201836,False
11.3,1.0063003222055997,False
11.32,1.0046768845883816,False
11.34,1.0041886127182027,False
11.36,1.0052251230712859,False
11.38,1.009011979939713,False
11.4,1.0061104033039239,False
11.42,1.0034195757604518,False
11.44,0.9996424774806074,False
11.46,1.0012345618641483,False
11.48,1.0016082604861425,False
11.5,0.9988884911712576,False
11.52,0.9947969794871976,False
11.540000000000001,0.99795722616667,False
11.56,1.000595691183514,False
11.58,0.9972296683294811,False
11.6,0.9984518032617251,False
11.620000000000001,0.9981339453361318,False
11.64,0.9964496823853706,False
11.66,1.0007078075667137,False
11.68,1.0038768251643362,False
11.700000000000001,1.0020207483205237,False
11.72,1.0000220699646991,False
11.74,0.9985861105425782,False
11.76,0.9970655126963645,False
11.78,0.9964883953407102,False
11.8,0.9975376279131,False
11.82,0.9992049493136227,False
11.84,1.0030156010552123,False
11.86,1.004141935673577,False
11.88,1.0040343792645845,False
11.9,1.0035118407399357,False
11.92,1.0054425452044882,False
11.94,1.0062187539725418,False
11.96,1.0043662692571098,False
11.98,1.0019345059465417,False
12.0,1.0032395807036372,False
12.02,1.0009657093188686,False
12.040000000000001,1.0032225541604658,False
12.06,1.0055825312410367,False
12.08,1.0029017128206155,False
12.1,1.0026298521044454,False
12.120000000000001,1.0031935289652285,False
12.14,1.0021550013574707,False
12.16,1.000047537091795,False
12.18,0.9987036045807066,False
12.200000000000001,1.0007025335607784,False
12.22,0.9985058145091902,False
12.24,0.9985173240510262,False
12.26,0.9956267131786701,False
12.280000000000001,0.9992198062957558,False
12.3,0.9996904769368022,False
12.32,1.0004251581478634,False
12.34,1.0057071416512438,False
12.36,1.0041243081735005,False
12.38,1.0045982126830844,False
12.4,1.0012889313690543,False
12.42,0.9973203040141223,False
12.44,0.9967357764428109,False
12.46,1.0023360357355258,False
12.48,1.003025645181222,False
12.5,1.0022500963254177,False
12.52,1.00200678546589,False
12.540000000000001,1.002902056359233,False
12.56,1.0044184994441467,False
12.58,1.0023814947519678,False
12.6,1.0032803584332595,False
12.620000000000001,1.0030517975860958,False
12.64,1.003229782654411,False
12.66,1.004308318085552,False
12.68,1.004432088444074,False
12.700000000000001,1.0027368486783201,False
12.72,1.0033793720624566,False
12.74,1.0044586255895558,False
12.76,1.0035941889680842,False
12.780000000000001,1.0048851599832962,False
12.8,1.0038056219305476,False
12.82,1.0016127767911724,False
12.84,1.0006815166259382,False
12.86,0.9976217631213129,False
12.88,0.9979715065292497,False
12.9,0.9945941422240302,False
12.92,0.992497390281436,False
12.94,0.9957286308748963,False
12.96,0.9948211020372515,False
12.98,0.9969164933934755,False
13.0,0.9958210740018828,False
13.02,0.993545110234295,False
13.040000000000001,0.9929467293712644,False
13.06,0.9932182760507633,False
13.08,0.995254340161125,False
13.1,0.996490938576346,False
13.120000000000001,1.0007796420349937,False
13.14,1.0009911423568336,False
13.16,0.9993342213435592,False
13.18,0.998830841202813,False
13.200000000000001,1.0018135226583724,False
13.22,1.001632747323631,False
13.24,1.0042526500589537,False
13.26,1.0054990627666278,False
13.280000000000001,1.0041239583954709,False
13.3,1.005016029128993,False
13.32,1.0053549256365324,False
13.34,1.0033310253578909,False
13.36,1.0021021121996778,False
13.38,1.0025506422386883,False
13.4,1.0030091977855673,False
13.42,1.0011104693437827,False
13.44,1.0003561047486764,False
13.46,1.0007300581491663,False
13.48,1.0002716023538942,False
13.5,1.0046433455881179,False
13.52,1.003354752332089,False
13.540000000000001,1.0019346309931945,False
13.56,1.002238667106758,False
13.58,1.000742176176499,False
13.6,1.0005851810459598,False
13.620000000000001,0.9977046584265953,False
13.64,0.9976890823334013,False
13.66,0.9989410971296652,False
13.68,0.998094572801341,False
13.700000000000001,0.9966204634275667,False
13.72,0.9981896036498719,False
13.74,0.9984676715084599,False
13.76,0.9964119282965759,False
13.780000000000001,0.9983184119571954,False
13.8,0.99990365336735,False
13.82,0.9987307886861325,False
13.84,1.0044125800257668,False
13.86,1.0071678860488538,False
13.88,1.0075262677536374,False
13.9,1.0063927871034577,False
13.92,1.0060945218094308,False
13.94,1.004950909245589,False
13.96,1.0046353924949698,False
13.98,1.0026340185635934,False
14.0,1.0034621171165814,False
14.02,1.0032171354192712,False
14.040000000000001,1.0012469418706142,False
14.06,1.0019903229128493,False
14.08,0.9988482171860315,False
14.1,0.9990980066179124,False
14.120000000000001,1.0007498313108087,False
14.14,1.0014943778935161,False
14.16,1.00166526521129,False
14.18,1.0021270014393429,False
14.200000000000001,1.0043845943525487,False
14.22,1.0028563270596313,False
14.24,1.0026358188971147,False
14.26,1.0001541985950564,False
14.280000000000001,1.0004180045787463,False
14.3,0.9997406329564846,False
14.32,0.9996446363043912,False
14.34,1.0036165493169327,False
14.36,0.9989769070322654,False
14.38,1.0022812039241065,False
14.4,1.0046748055133914,False
14.42,1.0039162505918817,False
14.44,1.0038266210230038,False
14.46,1.0044987445417428,False
14.48,1.0046856860955153,False
14.5,1.0045005902030366,False
14.52,1.00507101636814,False
14.540000000000001,1.005697935779552,False
14.56,1.0040250233701589,False
14.58,1.0035674455245733,False
14.6,1.003737116870177,False
14.620000000000001,1.0025758448134618,False
14.64,1.003587743942718,False
14.66,1.0037148406160996,False
14.68,1.003478243588386,False
14.700000000000001,1.004089296504891,False
14.72,1.0078317898462243,False
14.74,1.0087122943543088,False
14.76,1.0087792762688437,False
14.780000000000001,1.0091867775381913,False
14.8,1.0097556642141017,False
14.82,1.0085587473292081,False
14.84,1.0077911110830382,False
14.86,1.00405452091554,False
14.88,1.000119658664118,False
14.9,1.0007640594463498,False
14.92,0.9991863706104717,False
14.94,1.0021749393576094,False
14.96,1.0041814186647224,False
14.98,1.00352418457731,False
15.0,1.0050838225070062,False
15.02,1.0044876281549522,False
15.040000000000001,1.0074059979139958,False
15.06,1.0061953326180768,False
15.08,1.001985738281655,False
15.1,1.000353161818724,False
15.120000000000001,0.9981851643204307,False
15.14,0.9982372701160606,False
15.16,0.9975307612442142,False
15.18,0.999479180466546,False
15.200000000000001,0.9983923092917548,False
15.22,0.9964963307217056,False
15.24,0.995196564371288,False
15.26,0.9963739418331485,False
15.280000000000001,0.9950982633349863,False
15.3,0.9941096570025445,False
15.32,0.9967680074791221,False
15.34,0.9963776135326905,False
15.36,0.9943749241123808,False
15.38,0.9939103362856843,False
15.4,0.993217855109167,False
15.42,0.9969209264267647,False
15.44,0.9968670387635613,False
15.46,0.9995842931389782,False
15.48,0.9996552323122858,False
15.5,0.9993808652816843,False
15.52,0.9978520373402119,False
15.540000000000001,0.9999991495637267,False
15.56,1.0033477409832714,False
15.58,1.0014149537779844,False
15.6,1.0042599339796847,False
15.620000000000001,1.0062220574534289,False
15.64,1.0067473871368466,False
15.66,1.0036237440142708,False
15.68,1.0029467679380155,False
15.700000000000001,1.0015369787580153,False
15.72,0.9999310720359922,False
15.74,0.9979536983273348,False
15.76,0.9961249630119511,False
15.780000000000001,0.998362815190461,False
15.8,1.0008008815008667,False
15.82,0.9998944677849846,False
15.84,1.0017863071317215,False
15.860000000000001,0.9958116958388366,False
15.88,0.9992270824149883,False
15.9,0.9986242591140005,False
15.92,0.9985306881615825,False
15.94,0.9999557873218609,False
15.96,0.9988388780104831,False
15.98,0.9998671503211914,False
16.0,1.00177469250868,False
16.02,1.0040582782684662,False
16.04,1.0040654484654512,False
16.06,1.0024895920367307,False
16.080000000000002,1.005218944595048,False
16.1,1.0056781190543265,False
16.12,1.0041805720984542,False
16.14,1.0030426966163153,False
16.16,1.0015443637264632,False
16.18,0.9997453281084813,False
16.2,1.0014651649562716,False
16.22,1.003900354886527,False
16.240000000000002,1.0055546855627195,False
16.26,1.0069523740204152,False
16.28,1.006195568500672,False
16.3,1.0044366733905652,False
16.32,1.0038053982686468,False
16.34,1.0037042429548249,False
16.36,1.0028411184806585,False
16.38,1.0038734893246841,False
16.4,1.0052707274782993,False
16.42,1.003903355136487,False
16.44,1.0031756201822535,False
16.46,1.0049971526155077,False
16.48,1.0011525613622292,False
16.5,1.0000645968653743,False
16.52,0.9997247931791884,False
16.54,0.9991585778524649,False
16.56,0.9984559645723196,False
16.580000000000002,0.9988590310568505,False
16.6,0.9980922443441737,False
16.62,0.9975067970187472,False
16.64,0.998082377800076,False
16.66,0.9967272458571177,False
16.68,0.9959308126454806,False
16.7,0.9950406761776004,False
16.72,0.9961159066034335,False
16.740000000000002,1.0000568073868152,False
16.76,1.000816640284065,False
16.78,1.000258523635934,False
16.8,0.9995668867879934,False
16.82,0.9998426453903048,False
16.84,1.0014212074801416,False
16.86,1.0016311205656379,False
16.88,0.9991409574150605,False
16.9,0.9994040247290545,False
16.92,1.0003005731432102,False
16.94,0.9992447888533589,False
16.96,0.9987674385959329,False
16.98,0.9977565652423112,False
17.0,0.9989692606568702,False
17.02,1.0020618542695052,False
17.04,1.0019565058825028,False
17.06,1.0024807326091985,False
17.080000000000002,1.0047100780216238,False
17.1,1.004013660482105,False
17.12,1.0016841319892358,False
17.14,1.0033311264574896,False
17.16,1.0029029661823994,False
17.18,1.003557440231132,False
17.2,1.000607111075189,False
17.22,1.0000662921318269,False
17.240000000000002,1.0011190483021204,False
17.26,1.0002636690737667,False
17.28,0.9964721606054844,False
17.3,0.9951544476299118,False
17.32,0.9912744513010023,False
17.34,0.9917649064185439,False
17.36,0.9921754245624195,False
17.38,0.9937406718019106,False
17.400000000000002,0.9931196445366538,False
17.42,0.9940978188361236,False
17.44,0.9949421263589324,False
17.46,0.99615622698431,False
17.48,0.9948588416437094,False
17.5,0.9983073886465237,False
17.52,0.9976606508795943,False
17.54,1.001663626680552,False
17.56,0.9990797492189,False
17.580000000000002,1.0002948851249247,False
17.6,1.0003842909238916,False
17.62,0.9981988444169133,False
17.64,0.9978652985518247,False
17.66,0.9973471936418938,False
17.68,0.998649902754516,False
17.7,1.000591554771255,False
17.72,1.0050146747998805,False
17.740000000000002,1.0059668078181696,False
17.76,1.0067638316815928,False
17.78,1.006739091909541,False
17.8,1.0024655436898575,False
17.82,1.0019127080290726,False
17.84,0.9999749398337436,False
17.86,1.0021717576151954,False
17.88,0.9999991493008099,False
17.900000000000002,1.0042342017386228,False
17.92,1.0031323130322876,False
17.94,1.0053595588101396,False
17.96,1.005027227379923,False
17.98,1.0050270995655732,False
18.0,1.0062218663216438,False
18.02,1.007988888453968,False
18.04,1.0077889683559058,False
18.06,1.006971166096472,False
18.080000000000002,1.0067342365432241,False
18.1,1.0079566343228235,False
18.12,1.0078478302334477,False
18.14,1.0063750904033042,False
18.16,1.0021299314467471,False
18.18,1.003695728213287,False
18.2,1.0039201546247205,False
18.22,1.0030279383831244,False
18.240000000000002,0.9991767858301701,False
18.26,0.9977046930208672,False
18.28,0.9987098593297346,False
18.3,1.0008472646367015,False
18.32,1.0022774950890332,False
18.34,1.0009407843781373,False
18.36,1.0013824860208356,False
18.38,1.00121381013038,False
18.400000000000002,1.0020588395949654,False
18.42,1.001932545302963,False
18.44,0.999456408751531,False
18.46,1.0019692603729466,False
18.48,1.00056647907294,False
18.5,1.0034857853399028,False
18.52,1.0013182849326379,False
18.54,1.000763944041353,False
18.56,1.0029474434879193,False
18.580000000000002,1.0052824954161736,False
18.6,1.005806027335934,False
18.62,1.0051698194652816,False
18.64,1.0057788387438453,False
18.66,1.0071287888663676,False
18.68,1.0062250908590018,False
18.7,1.0034941596217308,False
18.72,1.0049296889233876,False
18.740000000000002,1.004178942672394,False
18.76,1.003121000976916,False
18.78,1.0026221341746315,False
18.8,1.003330433117946,False
18.82,1.0014189457553873,False
18.84,1.0021920814226266,False
18.86,0.998810782244197,False
18.88,0.9992458208067287,False
18.900000000000002,1.0015589768273097,False
18.92,0.9994802359381596,False
18.94,0.9995293023209917,False
18.96,0.9997386559658469,False
18.98,1.0000621719851777,False
19.0,1.0016247487334278,False
19.02,1.0002651874480029,False
19.04,0.9971118834616383,False
19.06,0.9985265040421423,False
19.080000000000002,0.9975948376342392,False
19.1,0.9985713477997571,False
19.12,1.001084561523676,False
19.14,1.0045032658651063,False
19.16,1.0045050127958532,False
19.18,1.0048189712687967,False
19.2,1.0065324367458233,False
19.22,1.00498739132831,False
19.240000000000002,1.004745159933569,False
19.26,1.0021976071991563,False
19.28,1.0025682252001076,False
19.3,1.0030793655549395,False
19.32,1.0040254210269983,False
19.34,1.0039535577840633,False
19.36,1.0023268400883552,False
19.38,1.000245790151321,False
19.400000000000002,1.0001178098118166,False
19.42,1.0044891562213258,False
19.44,1.0046873430794747,False
19.46,1.0059445167608811,False
19.48,1.0043738507964666,False
19.5,1.0041968098284648,False
19.52,1.0045195860735234,False
19.54,1.002964966225857,False
19.56,1.001686837997908,False
19.580000000000002,1.001780301476159,False
19.6,0.998877486126047,False
19.62,1.0003011111303992,False
19.64,1.0009958427538495,False
19.66,1.0016504694103383,False
19.68,1.0033457323171722,False
19.7,1.0042383530833705,False
19.72,1.0052387867208576,False
19.740000000000002,1.004347170704224,False
19.76,1.0044166240322008,False
19.78,1.0056288443142114,False
19.8,1.0053365314372107,False
19.82,1.0042215745654155,False
19.84,1.0050742149949092,False
19.86,1.00646593885046,False
19.88,1.0067586803177404,False
19.900000000000002,1.0051462632417656,False
19.92,1.0042203528364013,False
19.94,1.0038262394306405,False
19.96,1.0023438418065111,False
19.98,1.0042968751946755,False
20.0,1.0007987047028224,False
20.02,1.0024342002979165,False
20.04,1.0028871878499221,False
20.06,1.0017854136913202,False
20.080000000000002,1.0016600422685025,False
20.1,1.0020831807209005,False
20.12,1.001347020390695,False
20.14,1.0015764446439823,False
20.16,1.0026237726241956,False
20.18,1.0022603563545214,False
20.2,1.0009364202851283,False
20.22,1.0029635080179915,False
20.240000000000002,1.0003430287136121,False
20.26,1.0027961485261518,False
20.28,0.9985891988827853,False
20.3,0.9981025390277559,False
20.32,0.9982022175843805,False
20.34,0.9983315217321871,False
20.36,0.996291622203424,False
20.38,0.9989877175879096,False
20.400000000000002,0.9979426011934548,False
20.42,0.9972682880454801,False
20.44,0.9990049367472863,False
20.46,0.9997045484742489,False
20.48,1.0020809881924921,False
20.5,1.0001082845666158,False
20.52,0.9967254695299028,False
20.54,0.9955375453429921,False
20.56,0.9975204403423689,False
20.580000000000002,0.9974458400163981,False
20.6,0.9971449325598862,False
20.62,0.99321978733009,False
20.64,0.9944695252829271,False
20.66,0.9936964115504362,False
20.68,0.9972047892178378,False
20.7,0.9999628812181285,False
20.72,1.0009447800450995,False
20.740000000000002,1.000997381699289,False
20.76,0.998965887638303,False
20.78,1.0005631191496984,False
20.8,1.0015630874513501,False
20.82,1.0019120790778366,False
20.84,0.9997070705256008,False
20.86,1.0027207357066386,False
20.88,1.0068068665026515,False
20.900000000000002,1.0066951529504435,False
20.92,1.006382419569172,False
20.94,1.0090894340058563,False
20.96,1.0075019871385231,False
20.98,1.0054932507189722,False
21.0,1.002500078916527,False
21.02,0.9999536300895893,False
21.04,0.9979831555694041,False
21.06,0.9989041147417561,False
21.080000000000002,1.0000075380501239,False
21.1,0.9973042069336022,False
21.12,0.9966272961835037,False
21.14,0.9991975087624253,False
21.16,1.0004350954374481,False
21.18,1.0015070897708789,False
21.2,1.0005721926470856,False
21.22,0.9984847702953958,False
21.240000000000002,0.994066773266554,False
21.26,0.9952960422365633,False
21.28,0.9925563226173494,False
21.3,0.9956160543849807,False
21.32,0.9986201787265953,False
21.34,0.9979642343410948,False
21.36,0.9959739106273303,False
21.38,0.997010098458778,False
21.400000000000002,0.9972770076313812,False
21.42,0.9972857221853211,False
21.44,0.9991021041837899,False
21.46,0.99999377858934,False
21.48,0.9975263385293383,False
21.5,0.9950272385353511,False
21.52,0.9978782828753483,False
21.54,0.9984198243522868,False
21.56,0.9943246657447989,False
21.580000000000002,0.9936333494608672,False
21.6,0.9963324595822729,False
21.62,0.9973614045097088,False
21.64,0.9974053148382389,False
21.66,0.9972449935364951,False
21.68,0.9990700188750112,False
21.7,1.0008301124336483,False
21.72,0.9991565864465825,False
21.740000000000002,0.9967488779339752,False
21.76,0.9941163535126862,False
21.78,0.9957730811858695,False
21.8,0.9961212399913928,False
21.82,0.9957037396305503,False
21.84,1.0007645737590336,False
21.86,1.0013255564529293,False
21.88,0.9995475932590517,False
21.900000000000002,0.9974512471955959,False
21.92,0.9967324095014531,False
21.94,1.00181345659054,False
21.96,0.9999188013155846,False
21.98,0.9979784485394689,False
22.0,1.0002948933442306,False
22.02,1.000593264666125,False
22.04,0.9967310733939789,False
22.06,0.9980577640236136,False
22.080000000000002,0.9972121075850848,False
22.1,0.999160655661002,False
22.12,1.000618379226022,False
22.14,0.9988874597465986,False
22.16,0.9998620128116211,False
22.18,0.9985894759721062,False
22.2,0.9951724035094454,False
22.22,0.9953213302802848,False
22.240000000000002,0.994007771105332,False
22.26,0.9948144715842225,False
22.28,0.9924097004850215,False
22.3,0.9925310283476321,False
22.32,0.9956865279955001,False
22.34,0.9960292037422577,False
22.36,0.9993991315284488,False
22.38,0.9997291137867567,False
22.400000000000002,1.000492190320621,False
22.42,1.00172371944837,False
22.44,1.0030369084182476,False
22.46,0.9999825922551221,False
22.48,1.0015048504138793,False
22.5,1.0044789827023053,False
22.52,1.0033072582467975,False
22.54,1.0056872188086752,False
22.56,1.0070789900113803,False
22.580000000000002,1.0036533289158187,False
22.6,1.003709805064025,False
22.62,1.0041021442598779,False
22.64,1.0026057158246748,False
22.66,1.0069526422236819,False
22.68,1.006497692096792,False
22.7,1.0019393074743053,False
22.72,1.0032367099613653,False
22.740000000000002,1.00399439014093,False
22.76,1.001970938523135,False
22.78,1.000443584474954,False
22.8,0.9987271449179274,False
22.82,0.9996435573342294,False
22.84,0.9989949656987006,False
22.86,1.002266311962514,False
22.88,1.0032141724954255,False
22.900000000000002,1.0008233348589957,False
22.92,0.9987083729717208,False
22.94,0.9987578017363754,False
22.96,0.9994390349068258,False
22.98,0.9974742910949536,False
23.0,0.9995950822003088,False
23.02,1.0011777674320348,False
23.04,1.0034787871945428,False
23.06,1.0038544036716937,False
23.080000000000002,1.0009402008636838,False
23.1,1.0009410190358004,False
23.12,0.9982622477569353,False
23.14,0.998166581648251,False
23.16,0.9972437019472266,False
23.18,0.9998379893041173,False
23.2,0.9980364501859146,False
23.22,0.9976770502826972,False
23.240000000000002,0.9969766672012139,False
23.26,0.9970800955106266,False
23.28,0.9963475139502818,False
23.3,0.9961684158758318,False
23.32,0.9980474456524416,False
23.34,0.9992468305382513,False
23.36,0.9956614480679484,False
23.38,0.9961051833092408,False
23.400000000000002,0.9962182144481019,False
23.42,0.9965951468440203,False
23.44,0.9964001097338154,False
23.46,0.995244838496869,False
23.48,0.9959822542022221,False
23.5,0.9959386104706289,False
23.52,0.9957991535575806,False
23.54,0.9957679528067299,False
23.56,0.9990010755242071,False
23.580000000000002,1.0004599705051824,False
23.6,1.0004361555433317,False
23.62,0.9993370519414456,False
23.64,0.999170255324159,False
23.66,0.9987068632472988,False
23.68,0.9992789678837639,False
23.7,1.0027519152215014,False
23.72,1.0011493471514625,False
23.740000000000002,1.0025853667601703,False
23.76,1.0053836985898281,False
23.78,1.0030073351321798,False
23.8,1.0034750259037415,False
23.82,1.0050884201558035,False
23.84,1.00379329276396,False
23.86,1.0027643426677602,False
23.88,1.0006301438737748,False
23.900000000000002,1.0016611132133546,False
23.92,1.0038843633810843,False
23.94,1.0030987345467692,False
23.96,1.002923583260028,False
23.98,1.0058425015643697,False
24.0,1.005510466108325,False
24.02,1.0067074274206027,False
24.04,1.0028310183733746,False
24.060000000000002,1.0030088882092494,False
24.080000000000002,1.0000349142542668,False
24.1,0.9991658182342541,False
24.12,1.002586044654926,False
24.14,1.001454814164885,False
24.16,0.99934977886757,False
24.18,1.0023203795963964,False
24.2,1.0032197847314301,False
24.22,1.0008279650558864,False
24.240000000000002,1.003513195537703,False
24.26,1.00142728618345,False
24.28,1.001390543293974,False
24.3,1.0003698478695606,False
24.32,1.0005327570225302,False
24.34,0.9961972945679807,False
24.36,0.9951315914148916,False
24.38,0.9998272264616095,False
24.400000000000002,1.0008782655091863,False
24.42,1.0027732520567427,False
24.44,1.0036500982476193,False
24.46,1.0014109889471714,False
24.48,1.0029864352839812,False
24.5,1.0031352541670344,False
24.52,1.0024349822407792,False
24.54,1.000693712571295,False
24.560000000000002,1.001004323334509,False
24.580000000000002,0.997473726879928,False
24.6,1.0010033951422161,False
24.62,1.0000672556914945,False
24.64,1.00043619288913,False
24.66,1.000961582523181,False
24.68,1.000276102513021,False
24.7,0.9993877212653277,False
24.72,1.0034427313842726,False
24.740000000000002,1.0067690602925277,False
24.76,1.0083292335684204,False
24.78,1.007763567596356,False
24.8,1.0056482002598222,False
24.82,1.0065047920066794,False
24.84,1.0040209963933644,False
24.86,1.0056598999366333,False
24.88,1.0060268614065475,False
24.900000000000002,1.003352833020656,False
24.92,1.0004880412279022,False
24.94,1.003711919764872,False
24.96,1.0042094472542358,False
24.98,1.0034320507048116,False
25.0,1.0016679275562062,False
25.02,1.0023238163078854,False
25.04,1.0041608183165138,False
25.060000000000002,1.0071328508996307,False
25.080000000000002,1.0066288473780678,False
25.1,1.0049637077020879,False
25.12,1.007177119056366,False
25.14,1.0058521813609964,False
25.16,1.0077058091036386,False
25.18,1.0052981049840402,False
25.2,1.003832619182042,False
25.22,1.0063166019661822,False
25.240000000000002,1.006195741717336,False
25.26,1.0064912457541417,False
25.28,1.003955096078331,False
25.3,1.0003297201174668,False
25.32,0.9985959572164109,False
25.34,0.9947293001227817,False
25.36,0.9971259010519326,False
25.38,1.0014175835615262,False
25.400000000000002,1.001156432329739,False
25.42,1.006099842320523,False
25.44,1.0088693486454554,False
25.46,1.0093663895343938,False
25.48,1.0102995823743095,False
25.5,1.0087140179406076,False
25.52,1.008276150090863,False
25.54,1.007289945197301,False
25.560000000000002,1.0110189912488416,False
25.580000000000002,1.0125447311470757,False
25.6,1.0083840990308852,False
25.62,1.009616414976804,False
25.64,1.0095327166842227,False
25.66,1.0078190903937698,False
25.68,1.0078482767372168,False
25.7,1.0086580072750069,False
25.72,1.0100148180188835,False
25.740000000000002,1.0133669365452738,False
25.76,1.0138477648011963,False
25.78,1.0160644899186457,False
25.8,1.0150576732809744,False
25.82,1.0094153215968533,False
25.84,1.0090780039356004,False
25.86,1.0066195624962095,False
25.88,1.0028679504229248,False
25.900000000000002,1.0010776301686335,False
25.92,1.0039216513925964,False
25.94,1.0004898247958167,False
25.96,1.0046571694869297,False
25.98,1.0042114457859679,False
26.0,1.005055859750356,False
26.02,1.0021147908496817,False
26.04,0.9985134047369872,False
26.060000000000002,0.9964347347783543,False
26.080000000000002,0.9983713131855921,False
26.1,0.9982711065281575,False
26.12,0.9999669855777401,False
26.14,1.007213012922258,False
26.16,1.009599279416932,False
26.18,1.0090704332415537,False
26.2,1.006832959997659,False
26.22,1.0042311462123137,False
26.240000000000002,1.0018248577369093,False
26.26,1.0027472927289383,False
26.28,1.0019492246832051,False
26.3,1.0049578395018697,False
26.32,1.001805455918272,False
26.34,1.0036597617682057,False
26.36,1.0017568113830178,False
26.38,1.0018883133685639,False
26.400000000000002,1.0014151463949965,False
26.42,1.002806280204333,False
26.44,0.999638634475895,False
26.46,1.0016450828359587,False
26.48,1.0030065621713138,False
26.5,1.0022019177938324,False
26.52,1.005478554770124,False
26.54,1.003723380915703,False
26.560000000000002,1.002407386149072,False
26.580000000000002,1.0023077093033244,False
26.6,1.0024392871981704,False
26.62,1.0034111772263192,False
26.64,1.0050195889236395,False
26.66,1.004956361400599,False
26.68,1.0061065914897978,False
26.7,1.003070110720211,False
26.72,1.0017945316400942,False
26.740000000000002,1.0005947883418285,False
26.76,0.9997073463758361,False
26.78,0.9979964681530903,False
26.8,0.9982636154471892,False
26.82,0.9998964461308185,False
26.84,1.000413817668796,False
26.86,0.9998154375419247,False
26.88,1.0001983746298435,False
26.900000000000002,0.9978024205345145,False
26.92,0.9967793047057969,False
26.94,0.9986733464144341,False
26.96,0.9964239674355099,False
26.98,0.9932102233439769,False
27.0,0.9964770812070921,False
27.02,0.9990733456839656,False
27.04,1.0023544725236424,False
27.060000000000002,1.0020485134883663,False
27.080000000000002,0.9973900866242799,False
27.1,0.9992003360711675,False
27.12,1.0052991186766724,False
27.14,1.0065204586063952,False
27.16,1.0049013941866636,False
27.18,1.0049682160817126,False
27.2,1.0068423952240404,False
27.22,1.0073957913922025,False
27.240000000000002,1.0080164366978268,False
27.26,1.0085316585664452,False
27.28,1.0106571702483806,False
27.3,1.0108560876000825,False
27.32,1.01383415423902,False
27.34,1.011781969617386,False
27.36,1.011273970576182,False
27.38,1.0093098273518666,False
27.400000000000002,1.0087954154115555,False
27.42,1.00826520655553,False
27.44,1.0050189840057844,False
27.46,1.0059752039500274,False
27.48,1.005578445288389,False
27.5,1.0033212794542243,False
27.52,1.0060657279622076,False
27.54,1.0047280440796535,False
27.560000000000002,1.004994588811785,False
27.580000000000002,1.0047695859046968,False
27.6,1.0057715144764297,False
27.62,1.0043830018023021,False
27.64,1.007078837363074,False
27.66,1.0065663925931234,False
27.68,1.002608768504517,False
27.7,1.000395770731538,False
27.72,0.9999441342985181,False
27.740000000000002,0.9994526964312168,False
27.76,1.0032071844341213,False
27.78,1.0033631321052234,False
27.8,1.0047249376369614,False
27.82,1.0103941427992607,False
27.84,1.0083796788294663,False
27.86,1.0120524732055047,False
27.88,1.0116553879403352,False
27.900000000000002,1.0097532961936664,False
27.92,1.0098778311826808,False
27.94,1.008516909981904,False
27.96,1.0087987033282804,False
27.98,1.0081460455105022,False
28.0,1.0059715936947877,False
28.02,1.0091107282723466,False
28.04,1.0080707870512262,False
28.060000000000002,1.0065755026039753,False
28.080000000000002,1.0101684662768797,False
28.1,1.0106010875156601,False
28.12,1.0090216579340492,False
28.14,1.0075580193492955,False
28.16,1.0030022899737685,False
28.18,1.0018022469877668,False
28.2,1.0004497533803545,False
28.22,0.9990078948797539,False
28.240000000000002,1.0009232618601756,False
28.26,0.9997175562932238,False
28.28,0.9998436720033851,False
28.3,0.9984066075575657,False
28.32,0.9980616230076631,False
28.34,0.9987207627675863,False
28.36,1.000735910535494,False
28.38,0.9989561030559756,False
28.400000000000002,0.9986451889165713,False
28.42,1.0004133159976867,False
28.44,0.9946691996587375,False
28.46,0.9942585432848015,False
28.48,0.9952319899038724,False
28.5,0.9931412492974422,False
28.52,0.9940417142502401,False
28.54,0.995392866267868,False
28.560000000000002,0.9951691275039113,False
28.580000000000002,0.9933495973376867,False
28.6,0.9939272591087761,False
28.62,0.9902417111312724,False
28.64,0.9945670252201972,False
28.66,0.9966820224109137,False
28.68,0.9955343632138548,False
28.7,0.99455310854821,False
28.72,0.9985633261949388,False
28.740000000000002,0.9968034709299655,False
28.76,0.9979182625612976,False
28.78,0.9979401665065495,False
28.8,0.9972608044754487,False
28.82,1.0016736512169284,False
28.84,1.0024271697688751,False
28.86,1.0028904781994754,False
28.88,1.0008905041660243,False
28.900000000000002,0.9984477029571489,False
28.92,0.9991359381760218,False
28.94,0.9945708955321223,False
28.96,0.9956587127545391,False
28.98,0.9956148388476629,False
29.0,0.9983304356638943,False
29.02,0.9971501697715403,False
29.04,0.9962986734124513,False
29.060000000000002,0.9962772825347007,False
29.080000000000002,0.9937400162500889,False
29.1,0.9897128124649087,False
29.12,0.988404883877732,False
29.14,0.9892820380445424,False
29.16,0.9894054054944426,False
29.18,0.9920351309135534,False
29.2,0.9944619389446476,False
29.22,0.9959586492177356,False
29.240000000000002,0.9995193540009691,False
29.26,1.002950006441369,False
29.28,1.001340918018158,False
29.3,1.0016394066378027,False
29.32,1.0018331842542114,False
29.34,1.0042583667008125,False
29.36,1.0054947776636256,False
29.38,1.006222382045653,False
29.400000000000002,1.0081276454854027,False
29.42,1.0052947629060403,False
29.44,1.0081413873563814,False
29.46,1.0066107566198972,False
29.48,1.0063940899923371,False
29.5,1.005672336343623,False
29.52,0.9990484061861821,False
29.54,0.9974217620733402,False
29.560000000000002,0.9991047175126351,False
29.580000000000002,1.0033197874293542,False
29.6,1.0045232944540474,False
29.62,1.004893404443893,False
29.64,1.0054061979183033,False
29.66,1.0056447856718143,False
29.68,1.002770822560758,False
29.7,1.0024182099719254,False
29.72,1.0053323944200918,False
29.740000000000002,1.0047640313439192,False
29.76,1.0060238592504274,False
29.78,1.0046570469062468,False
29.8,1.0056360461016298,False
29.82,1.0048148745947016,False
29.84,1.0032218652025173,False
29.86,1.0014958746437848,False
29.88,1.0009568760932444,False
29.900000000000002,0.9996073534919919,False
29.92,0.9999719600947684,False
29.94,1.0032519452963335,False
29.96,1.001918300677681,False
29.98,1.0011231518073656,False
30.0,0.999199680765205,False
30.02,0.996905300131812,False
30.04,0.9961033600688485,False
30.060000000000002,0.9989356062697727,False
30.080000000000002,0.9987703663747397,False
30.1,0.9994858076857207,False
30.12,0.9974768937722769,False
30.14,0.9961905830170263,False
30.16,0.9978973018911756,False
30.18,0.9964931959801991,False
30.2,0.9961709239705295,False
30.22,0.9987392427234977,False
30.240000000000002,0.9995815759495414,False
30.26,0.9965889567837665,False
30.28,0.9975777865312272,False
30.3,0.9974264165527372,False
30.32,0.9928065431475434,False
30.34,0.9929141623882246,False
30.36,0.9922807310464192,False
30.38,0.9930648058105155,False
30.400000000000002,0.9908906183074536,False
30.42,0.9905727715079251,False
30.44,0.989756849817741,False
30.46,0.990460832759505,False
30.48,0.9906662377981037,False
30.5,0.9910781329273461,False
30.52,0.9907806742380337,False
30.54,0.9939936968772705,False
30.560000000000002,0.9933868390683097,False
30.580000000000002,0.9918483290852327,False
30.6,0.9956442589804827,False
30.62,0.9959125710026665,False
30.64,0.9947039548773088,False
30.66,0.9978656227274126,False
30.68,0.9964693159782168,False
30.7,0.999130595245476,False
30.72,1.0021593383390723,False
30.740000000000002,1.002169090782112,False
30.76,1.000386073292703,False
30.78,0.9977209330004665,False
30.8,0.9979740859052647,False
30.82,1.0008523062425416,False
30.84,0.9990701154118163,False
30.86,0.9993114839011197,False
30.88,0.9969213315132353,False
30.900000000000002,0.9978092831705002,False
30.92,0.9954144243454857,False
30.94,0.9963350354362417,False
30.96,0.9976961307669405,False
30.98,0.9989070175609819,False
31.0,0.9995037852159901,False
31.02,0.9986043506682971,False
31.04,0.9968592556829052,False
31.060000000000002,0.9963852760973148,False
31.080000000000002,0.9977239263125631,False
31.1,0.9963817092990785,False
31.12,0.9979054822675926,False
31.14,0.9994797030867903,False
31.16,1.0007187915424283,False
31.18,1.0042706309261555,False
31.2,1.003974297086298,False
31.220000000000002,1.0047856560064172,False
31.240000000000002,1.0057285687660371,False
31.26,1.005902886630279,False
31.28,1.0053286706514717,False
31.3,1.0071564894638732,False
31.32,1.0089362948058709,False
31.34,1.0103363934402583,False
31.36,1.009208319537648,False
31.38,1.009628100341145,False
31.400000000000002,1.0058602774831904,False
31.42,1.0033972983429416,False
31.44,1.0026577971945787,False
31.46,1.0019043580827491,False
31.48,0.998608339499139,False
31.5,0.9954829645482342,False
31.52,0.9909214361326727,False
31.54,0.9925606488149755,False
31.560000000000002,0.9937857397977773,False
31.580000000000002,0.9926310987672279,False
31.6,0.9959079087771998,False
31.62,0.9985929255518281,False
31.64,0.9981099132809355,False
31.66,0.9981683226690319,False
31.68,0.9995996816973703,False
31.7,1.002633694011149,False
31.720000000000002,1.0011785849131534,False
31.740000000000002,1.002712804871879,False
31.76,1.0056121196774757,False
31.78,1.0062881606902494,False
31.8,1.0048445195732056,False
31.82,1.0034119837300972,False
31.84,1.000884066598365,False
31.86,1.000352693111618,False
31.88,0.9989065583000113,False
31.900000000000002,1.0003868693437177,False
31.92,1.007027744402908,False
31.94,1.0029252617045101,False
31.96,1.0019903268018542,False
31.98,1.0001035588313727,False
32.0,0.9979795180297791,False
32.02,0.9960916530508852,False
32.04,0.9934713631748102,False
32.06,0.9958151437889885,False
32.08,0.9951761104348179,False
32.1,0.9974932594489793,False
32.12,0.995785487710749,False
32.14,0.9954484308290431,False
32.160000000000004,0.9943215176409628,False
32.18,0.9915542835746778,False
32.2,0.9957447754104701,False
32.22,0.993106652682868,False
32.24,0.99417336741991,False
32.26,0.9960904193674253,False
32.28,0.9967606573414722,False
32.3,1.0005553589023872,False
32.32,1.0029271816069225,False
32.34,1.0008796956912152,False
32.36,1.0020187700061183,False
32.38,1.0004601754016527,False
32.4,1.0019234090868043,False
32.42,0.9990213630448308,False
32.44,0.9991961921202218,False
32.46,1.0017304233032722,False
32.480000000000004,1.0016559815617938,False
32.5,0.9968393407509466,False
32.52,0.9969182761219556,False
32.54,0.9967827744892965,False
32.56,0.9987485105595432,False
32.58,0.9980531369633276,False
32.6,0.9976557036191757,False
32.62,0.9960842887900653,False
32.64,0.9968054928123103,False
32.660000000000004,0.9975317253299926,False
32.68,0.9966706190456738,False
32.7,0.9952521865832917,False
32.72,0.9926332516115414,False
32.74,0.9955293034149527,False
32.76,0.9963607609110555,False
32.78,0.9959639013055536,False
32.8,0.9943688801665274,False
32.82,0.9974896644375274,False
32.84,0.9987871770859011,False
32.86,0.9963680505540562,False
32.88,0.9950180291009517,False
32.9,0.9973453245555476,False
32.92,1.0028430129859662,False
32.94,1.0003902382579994,False
32.96,1.0016200689733534,False
32.980000000000004,0.9983558916321822,False
33.0,0.9983237857576169,False
33.02,0.9988092024337571,False
33.04,1.0000687964212698,False
33.06,0.9975992166767631,False
33.08,0.9993465315396047,False
33.1,1.0036227388655599,False
33.12,1.0034562799993836,False
33.14,1.0005995795734168,False
33.160000000000004,0.9982076080513735,False
33.18,0.993488411687599,False
33.2,0.9937390466390819,False
33.22,0.9957262402662161,False
33.24,1.0008205973326763,False
33.26,1.0028813435980657,False
33.28,1.0018786304064056,False
33.3,1.0015686638502985,False
33.32,1.0013706528217041,False
33.34,1.002514460121808,False
33.36,1.002048166215946,False
33.38,1.0007674650544442,False
33.4,0.9982993950277679,False
33.42,0.9976160955900637,False
33.44,0.9975101742482336,False
33.46,0.995716700632904,False
33.480000000000004,0.9933030864041467,False
33.5,0.9960536103097121,False
33.52,0.9970486603597002,False
33.54,0.9990593710699656,False
33.56,1.0005385469220074,False
33.58,1.0019017223551225,False
33.6,1.003325068457229,False
33.62,1.0006481656184563,False
33.64,0.9974186374283713,False
33.660000000000004,0.9984084987544405,False
33.68,0.996114111692326,False
33.7,0.9948540969060097,False
33.72,0.9957121998614945,False
33.74,0.9970828664928324,False
33.76,1.0007500207961653,False
33.78,1.0045187136424385,False
33.8,1.0024487841810534,False
33.82,1.0054834118782578,False
33.84,1.0068736590846694,False
33.86,1.004112663466892,False
33.88,1.003865175819079,False
33.9,1.0013045691553992,False
33.92,1.0013516107752165,False
33.94,1.0006894716907038,False
33.96,1.002815816814673,False
33.980000000000004,1.0038796763177587,False
34.0,0.9998627293205037,False
34.02,1.003599955563088,False
34.04,1.0032621491103133,False
34.06,1.002366251308698,False
34.08,1.0008444884351428,False
34.1,1.002934119584977,False
34.12,0.9998092645422191,False
34.14,0.9988105497005948,False
34.160000000000004,0.9990734335496049,False
34.18,0.9976926417351435,False
34.2,0.9980328951822144,False
34.22,1.000696014371839,False
34.24,0.9960645246561153,False
34.26,0.9976277071226567,False
34.28,0.9949616305660952,False
34.300000000000004,0.9945579453050659,False
34.32,0.9960686562300434,False
34.34,0.9964936836078044,False
34.36,0.9935908664637607,False
34.38,0.9905576908629339,False
34.4,0.9935940338843008,False
34.42,0.996986752429923,False
34.44,0.9998516020238142,False
34.46,0.9980816503218692,False
34.480000000000004,0.9970409453465463,False
34.5,0.9992225400759308,False
34.52,0.9954040566886893,False
34.54,0.9953688944768132,False
34.56,0.9942263648832143,False
34.58,0.9959107300493477,False
34.6,0.9947154631284088,False
34.62,0.9947443015389734,False
34.64,0.9939261579536698,False
34.660000000000004,0.997533282041187,False
34.68,0.9964821570642947,False
34.7,0.9956426908628168,False
34.72,0.9908816741483442,False
34.74,0.9936512936163506,False
34.76,0.9961905369536936,False
34.78,1.002834105636372,False
34.800000000000004,1.001632274488208,False
34.82,1.0042215789838753,False
34.84,1.0034236200322353,False
34.86,1.0005405771736717,False
34.88,0.999721305267391,False
34.9,1.001160718709918,False
34.92,1.0044881670185073,False
34.94,1.005464310126845,False
34.96,1.0041373855172788,False
34.980000000000004,1.0034477461181304,False
35.0,1.0029791426082226,False
35.02,1.0019416508861114,False
35.04,1.0012051960648856,False
35.06,1.0020678869434045,False
35.08,1.0027348770835318,False
35.1,1.0031078357631158,False
35.12,1.0022801167852213,False
35.14,1.0048809434838497,False
35.160000000000004,1.0036180963219161,False
35.18,1.0072014957609712,False
35.2,1.0034585796786077,False
35.22,1.0035750308495492,False
35.24,1.0043411232321624,False
35.26,1.0018872695312755,False
35.28,1.003338474890411,False
35.300000000000004,1.0035813329077743,False
35.32,1.0018301586211011,False
35.34,1.0022385479998295,False
35.36,1.0046496210195761,False
35.38,1.003077562042231,False
35.4,1.0002676002071407,False
35.42,0.9978994198821681,False
35.44,0.9986426804542182,False
35.46,1.0023286717733872,False
35.480000000000004,1.0019347450900513,False
35.5,0.9995612030601584,False
35.52,0.9998103485539737,False
35.54,0.999375334876563,False
35.56,1.004188845071451,False
35.58,1.0037428950622724,False
35.6,1.0081791659144153,False
35.62,1.007211295094101,False
35.64,1.00344447550498,False
35.660000000000004,1.0050340108596842,False
35.68,1.0050224343329186,False
35.7,1.004454824070948,False
35.72,1.001276198467646,False
35.74,1.0023791141234644,False
35.76,1.0008535278318298,False
35.78,1.0005363007383419,False
35.800000000000004,1.0005956761636192,False
35.82,1.000819028519717,False
35.84,0.9978848907232086,False
35.86,0.9988268803284883,False
35.88,0.9972495985823737,False
35.9,0.998511082563545,False
35.92,0.9981807919287718,False
35.94,0.9960054278005893,False
35.96,0.9949498881208823,False
35.980000000000004,0.996162372848129,False
36.0,0.9979129292803687,False
36.02,0.9985853156285234,False
36.04,1.0006340965696814,False
36.06,1.0011866497584474,False
36.08,0.9990109203879037,False
36.1,0.9995683569879227,False
36.12,0.9967031574433839,False
36.14,0.99732972593121,False
36.160000000000004,1.0014982488082422,False
36.18,1.0000781078944314,False
36.2,0.9991431328415574,False
36.22,0.9993260701338157,False
36.24,0.9945224119390926,False
36.26,0.9963488555385891,False
36.28,0.9948677585658553,False
36.300000000000004,0.9961848802001667,False
36.32,0.999321690842671,False
36.34,1.0019163809038558,False
36.36,1.0024076926815118,False
36.38,1.0030434351081492,False
36.4,1.005496045384599,False
36.42,1.007523477061349,False
36.44,1.0032625568567295,False
36.46,1.0016466128816328,False
36.480000000000004,1.0031358623953708,False
36.5,1.0019513086900547,False
36.52,1.0015266818515811,False
36.54,1.0060645948464984,False
36.56,1.0049778218829102,False
36.58,1.005365185201069,False
36.6,1.0004054850315214,False
36.62,0.9986598533203263,False
36.64,0.9997176658591441,False
36.660000000000004,0.9975211400336701,False
36.68,0.9957884248739535,False
36.7,0.9962100719188739,False
36.72,0.9991980459665585,False
36.74,0.9995807954395584,False
36.76,1.0008425247882229,False
36.78,1.0015438795676093,False
36.800000000000004,0.9993660198787613,False
36.82,0.9995377233551492,False
36.84,1.0012480703237185,False
36.86,0.9987462308225031,False
36.88,0.9989497432153058,False
36.9,0.9967638910874823,False
36.92,0.9992820356822233,False
36.94,0.9995769398385763,False
36.96,0.9987849117498271,False
36.980000000000004,0.997975626590717,False
37.0,0.9988841338903522,False
37.02,0.9975229316073363,False
37.04,0.995129773917013,False
37.06,0.991429050523967,False
37.08,0.9935828768200452,False
37.1,0.9915058425737542,False
37.12,0.9924190516818666,False
37.14,0.9950569966951621,False
37.160000000000004,0.9968017207993564,False
37.18,0.9986578770261704,False
37.2,0.9976976256104194,False
37.22,0.9957652848119771,False
37.24,0.9981320878872431,False
37.26,0.9975818498976959,False
37.28,0.9957324421787849,False
37.300000000000004,0.9966743116064543,False
37.32,0.9962183804131743,False
37.34,0.9986259603754386,False
37.36,0.998997037730083,False
37.38,0.9989048937923899,False
37.4,0.9990054756776615,False
37.42,0.9983094754030584,False
37.44,0.9958624847420847,False
37.46,0.9967689860978722,False
37.480000000000004,0.9961920882092936,False
37.5,0.996300718465517,False
37.52,0.9989957251378335,False
37.54,1.0011460085761918,False
37.56,0.9996790851038252,False
37.58,1.0057422793651574,False
37.6,1.0081367108558368,False
37.62,1.0091308026739985,False
37.64,1.0050485124102666,False
37.660000000000004,1.0049446054683746,False
37.68,1.0027125392223342,False
37.7,0.9997388691116081,False
37.72,0.9979203727150011,False
37.74,0.9939849607297652,False
37.76,0.993122962072035,False
37.78,0.9930204088697323,False
37.800000000000004,0.9949900090386161,False
37.82,0.9963452776960333,False
37.84,0.9971265551983497,False
37.86,0.9959048523189009,False
37.88,0.9978176338026333,False
37.9,0.9946559019076325,False
37.92,0.9948885265036532,False
37.94,0.9978467113312961,False
37.96,0.9969686260248517,False
37.980000000000004,0.9951072990607399,False
38.0,0.9975814772510416,False
38.02,0.9984555858818965,False
38.04,0.9960747419424687,False
38.06,0.9964797075622019,False
38.08,0.9948676264015306,False
38.1,0.993288916891396,False
38.12,0.9962419778017704,False
38.14,0.9948599426956005,False
38.160000000000004,0.9970453767949626,False
38.18,0.9943579937573659,False
38.2,0.9865838756853568,False
38.22,0.9889892814989545,False
38.24,0.9912201033951934,False
38.26,0.9908295431528542,False
38.28,0.9908179017341212,False
38.300000000000004,0.9915706637717185,False
38.32,0.9914504049707499,False
38.34,0.9894999134797859,False
38.36,0.9908793234085662,False
38.38,0.9920219961547335,False
38.4,0.9920842024041461,False
38.42,0.992284378935027,False
38.44,0.9952264053836399,False
38.46,0.9972628364483711,False
38.480000000000004,0.999336481449447,False
38.5,0.9980439968464141,False
38.52,0.9978950228148631,False
38.54,0.9988384022763458,False
38.56,0.995771799632333,False
38.58,0.9991460036653761,False
38.6,1.0006087281006861,False
38.62,1.000175197153873,False
38.64,1.0013445967220902,False
38.660000000000004,0.9994200587465538,False
38.68,1.0015721263524389,False
38.7,1.0020421612544765,False
38.72,0.9981132236635314,False
38.74,0.9992893871227174,False
38.76,1.0035787922170425,False
38.78,1.0056234558109542,False
38.800000000000004,1.012194649174411,False
38.82,1.017752396095116,False
38.84,1.026620105315228,False
38.86,1.039830714384962,False
38.88,1.0587308554891368,False
38.9,1.0769921145895156,False
38.92,1.0961268562644861,True
38.94,1.1127795632488027,True
38.96,1.1216398578296305,True
38.980000000000004,1.1207678606908584,True
39.0,1.0171276420886717,True
39.02,0.9947573384986792,True
39.04,0.9759377658196249,True
39.06,0.9580662526227356,True
39.08,0.9519348379271203,True
39.1,0.9510731435611388,True
39.12,0.962510124196617,True
39.14,0.9770256426452575,True
39.160000000000004,0.9965445724339738,True
39.18,1.0215922680567426,True
39.2,1.0533710742827591,True
39.22,1.0777103026923878,True
39.24,1.0902699948272399,True
39.26,1.085503268148748,True
39.28,1.0706057453052291,True
39.300000000000004,1.0445205752618734,True
39.32,1.003251285672264,True
39.34,0.9820707577821238,True
39.36,0.9594766946784458,True
39.38,0.9423008724048331,True
39.4,0.9318715489145867,True
39.42,0.9292701951891225,True
39.44,0.9328543310660489,True
39.46,0.9525714723647577,True
39.480000000000004,0.9738461827476068,True
39.5,0.9984087430725916,True
39.52,1.0361667550189468,True
39.54,1.073282923529627,True
39.56,1.0971280942504311,True
39.58,1.109404442054264,True
39.6,1.1086882187268772,True
39.62,1.090644993034204,True
39.64,1.0604702433436772,True
39.660000000000004,1.0231271846817591,True
39.68,0.9922255794049419,True
39.7,0.9712854352820351,True
39.72,0.9554413786652693,True
39.74,0.9487737909310904,True
39.76,0.9470375200261847,True
39.78,0.9575600727128258,True
39.800000000000004,0.9727917383424888,True
39.82,0.9920184600240695,True
39.84,1.0297870652103496,True
39.86,1.068710390735483,True
39.88,1.0980138166162845,True
39.9,1.117017424253696,True
39.92,1.1206099650500243,True
39.94,1.109469813510655,True
39.96,1.0864923688508759,True
39.980000000000004,1.0548425292435786,True
40.0,1.2149053721289378,True
40.02,1.212160114342316,True
40.04,1.2000921188045994,True
40.06,1.1795367121282254,True
40.08,1.1548057925159263,True
40.1,1.124271007549887,True
40.12,1.0909062995076926,True
40.14,1.055895844032895,True
40.160000000000004,1.0200069569497672,True
40.18,0.98768211712347,True
40.2,0.9639614601141844,True
40.22,0.9383116748685878,True
40.24,0.9162228500232719,True
40.26,0.893256015299406,True
40.28,0.8684350451138856,True
40.300000000000004,0.8498636964239054,True
40.32,0.8368935732828804,True
40.34,0.831217942103267,True
40.36,0.8354263939834794,True
40.38,0.8488701271670316,True
40.4,0.871051081014496,True
40.42,0.8997196433352261,True
40.44,0.9366137382155876,True
40.46,0.9757238924507209,True
40.480000000000004,1.0358012391774147,True
40.5,1.102878281444272,True
40.52,1.1601435084040392,True
40.54,1.2039291139537391,True
40.56,1.2313819932003094,True
40.58,1.2398990695704177,True
40.6,1.2247225191855189,True
40.62,1.1928678264392492,True
40.64,1.1449046089732478,True
40.660000000000004,1.0854691863300998,True
40.68,1.0212383480824876,True
40.7,0.9739594437805524,True
40.72,0.9432282143532442,True
40.74,0.9185551532810561,True
40.76,0.901300122687295,True
40.78,0.8948353526298456,True
40.800000000000004,0.9023922391974787,True
40.82,0.9195021684850206,True
40.84,0.9423677837007844,True
40.86,0.9748867978428407,True
40.88,1.0098261044540195,True
40.9,1.0635034714951843,True
40.92,1.1124479848152278,True
40.94,1.1534126942784584,True
40.96,1.1830223894278382,True
40.980000000000004,1.2072222716242154,True
41.0,1.067033199759707,True
41.02,1.0141792447499727,True
41.04,0.9798337805161944,True
41.06,0.9581329946148199,True
41.08,0.950435707703484,True
41.1,0.9536123815482027,True
41.12,0.9625987377298997,True
41.14,0.9696135055063491,True
41.160000000000004,0.9871096507067656,True
41.18,1.0056861801166541,True
41.2,1.032461039693448,True
41.22,1.05289155600283,True
41.24,1.0597225197733182,True
41.26,1.0453673030450452,True
41.28,1.0142891016023106,True
41.300000000000004,0.9820867368681562,True
41.32,0.9545435148834794,True
41.34,0.9278209026697787,True
41.36,0.9065521861892598,True
41.38,0.8910874651654278,True
41.4,0.8848318984258752,True
41.42,0.8886827375722567,True
41.44,0.9023322813555001,True
41.46,0.9296986086685849,True
41.480000000000004,0.9611570719334854,True
41.5,0.9926404462878252,True
41.52,1.0436248668044683,True
41.54,1.0893276762566129,True
41.56,1.117622935304148,True
41.58,1.1256669776584431,True
41.6,1.1138613566733802,True
41.62,1.0908371825270706,True
41.64,1.0557631190309493,True
41.660000000000004,1.0228594332233003,False
41.68,0.996207060781187,False
41.7,0.987078724589256,False
41.72,0.9817093264461682,False
41.74,0.9834865095655678,False
41.76,0.9870737936686972,False
41.78,0.9931786384474742,False
41.800000000000004,1.000342105408433,False
41.82,1.0038274740022255,False
41.84,1.0061266115830363,False
41.86,1.0083170548191678,False
41.88,1.0059321171106697,False
41.9,1.00563283663926,False
41.92,1.0060832862169782,False
41.94,1.00252231919286,False
41.96,0.9991188047225482,False
41.980000000000004,0.9963626277573584,False
42.0,0.9968376819617911,False
42.02,0.999195567574398,False
42.04,0.9991759286476241,False
42.06,0.9998958442661017,False
42.08,0.9991657273111921,False
42.1,0.9978815146372919,False
42.12,1.000050599357474,False
42.14,0.9985198065512413,False
42.160000000000004,1.0008487220359532,False
42.18,1.0014389351617239,False
42.2,0.9996802168086313,False
42.22,0.9984301592733629,False
42.24,1.0001022482884843,False
42.26,1.0009546495757105,False
42.28,0.9965331706457661,False
42.300000000000004,0.9974048941332573,False
42.32,0.9956131841090132,False
42.34,0.9976799576719658,False
42.36,1.0008332302888947,False
42.38,1.0016497338935073,False
42.4,1.0013373211985945,False
42.42,1.002564785445864,False
42.44,1.0015323997988745,False
42.46,1.000754057795985,False
42.480000000000004,1.0007724763952117,False
42.5,0.999687308055463,False
42.52,0.9993682167997279,False
42.54,1.0016397762744016,False
42.56,1.0020664137295086,False
42.58,0.9971076768430464,False
42.6,0.9966666408141989,False
42.62,0.997140215543424,False
42.64,0.9981487409736204,False
42.660000000000004,0.9936369635421011,False
42.68,0.9960585197475756,False
42.7,0.998770598199163,False
42.72,0.9987811220288205,False
42.74,0.9995342326078701,False
42.76,0.9982929427527507,False
42.78,0.9996001108646853,False
42.800000000000004,1.0022908035329063,False
42.82,0.999168827107938,False
42.84,0.9974312413726404,False
42.86,0.9959505050727578,False
42.88,0.9935054081486203,False
42.9,0.9951418939807933,False
42.92,0.9939291626222323,False
42.94,0.9956889674674849,False
42.96,0.994329245079574,False
42.980000000000004,0.9928922816568758,False
43.0,0.9957802774200927,False
43.02,0.9987727258201912,False
43.04,1.0025271246557048,False
43.06,1.0024724066444888,False
43.08,1.0033583057229256,False
43.1,1.0042998245436634,False
43.12,1.0060145741994004,False
43.14,1.0051089607351749,False
43.160000000000004,1.0037423803946084,False
43.18,1.0042512648569584,False
43.2,1.0072680229313258,False
43.22,1.0091885585955453,False
43.24,1.0089965942813635,False
43.26,1.0113103685388192,False
43.28,1.007779192804919,False
43.300000000000004,1.0049275019054125,False
43.32,1.0043094100255707,False
43.34,1.0071463901697066,False
43.36,1.0085615747382672,False
43.38,1.0082510209426343,False
43.4,1.0085052934869174,False
43.42,1.007694921860229,False
43.44,1.0051229403055486,False
43.46,1.0044404238457456,False
43.480000000000004,1.0064824810786959,False
43.5,1.0075466388998595,False
43.52,1.006452567008511,False
43.54,1.0062586028891631,False
43.56,1.0060322395148111,False
43.58,1.001980896878709,False
43.6,1.0054876127650483,False
43.62,1.0040803007160441,False
43.64,1.0041486501622388,False
43.660000000000004,1.00249290795273,False
43.68,1.0018591881538474,False
43.7,1.0026351337866348,False
43.72,1.00025034153389,False
43.74,0.9991219915404952,False
43.76,0.9976094540787838,False
43.78,0.9983301333819413,False
43.800000000000004,0.9985627644892684,False
43.82,1.0012180251794882,False
43.84,1.001864234087247,False
43.86,0.9997320311488312,False
43.88,1.0002598316772187,False
43.9,0.9967355000122804,False
43.92,0.9952876709044794,False
43.94,0.9958714832114064,False
43.96,0.9970866318010791,False
43.980000000000004,0.9969758587908755,False
44.0,0.9990511672799095,False
44.02,1.0001753044627315,False
44.04,1.0004421347355645,False
44.06,0.9986760164760144,False
44.08,0.9999575905927983,False
44.1,1.0011266403857364,False
44.12,0.9967637744638984,False
44.14,0.9981353045603945,False
44.160000000000004,1.0007193691412828,False
44.18,1.003396049516701,False
44.2,1.0050429174372326,False
44.22,1.0050785387025276,False
44.24,1.0053445327538975,False
44.26,1.0045589480664106,False
44.28,1.0047356232396325,False
44.300000000000004,1.0038095350406848,False
44.32,0.9992653544003098,False
44.34,1.001034124692126,False
44.36,1.0009304936451506,False
44.38,1.001655673946565,False
44.4,1.0021112771390543,False
44.42,1.001718954653463,False
44.44,1.0000732474589065,False
44.46,0.9977718629785702,False
44.480000000000004,0.997742381476347,False
44.5,1.0018727588113518,False
44.52,1.0001484893172636,False
44.54,1.0015746419678027,False
44.56,1.0013114317266165,False
44.58,1.0013293886699883,False
44.6,0.9996319462239177,False
44.62,1.0000834167787225,False
44.64,0.9999889367463306,False
44.660000000000004,1.001505073173665,False
44.68,1.002092211819157,False
44.7,1.0028216864630584,False
44.72,0.9978922894353089,False
44.74,1.000494288127852,False
44.76,1.0007742586113013,False
44.78,1.0009319287982377,False
44.800000000000004,0.9984975212617482,False
44.82,1.002585680550081,False
44.84,1.002065917676013,False
44.86,1.0023365586107171,False
44.88,1.005302449915706,False
44.9,1.0056791593857868,False
44.92,0.9981777120922594,False
44.94,0.9999571785798308,False
44.96,1.0023227197064741,False
44.980000000000004,1.0043453133979598,False
45.0,1.00259435149202,False
45.02,1.006254553052679,False
45.04,1.007576697560095,False
45.06,1.005680810163574,False
45.08,1.0036952033469313,False
45.1,1.0056818837243355,False
45.12,1.0042252907611144,False
45.14,1.00235714849407,False
45.160000000000004,1.0005809414302518,False
45.18,1.0020356788871019,False
45.2,1.0002861499290951,False
45.22,1.0019533879460805,False
45.24,1.000758365171997,False
45.26,0.998768486159747,False
45.28,0.9988129828075099,False
45.300000000000004,0.995137254242247,False
45.32,0.9936612147863282,False
45.34,0.9956721277178628,False
45.36,0.9958633125531878,False
45.38,0.996337609007903,False
45.4,0.9992881509719431,False
45.42,0.9965617782547272,False
45.44,0.9959554898186571,False
45.46,0.9928254547213881,False
45.480000000000004,0.9948181479503126,False
45.5,0.9971448509891025,False
45.52,1.0034043994067192,False
45.54,1.000785798568004,False
45.56,1.0010600403679204,False
45.58,1.00215282447728,False
45.6,1.0019557336056963,False
45.62,1.0034076648319668,False
45.64,1.000771820726038,False
45.660000000000004,1.0007788393162595,False
45.68,1.0007194520211944,False
45.7,1.0025440554924725,False
45.72,1.0048309126521129,False
45.74,1.0045917681416552,False
45.76,1.003031204628111,False
45.78,1.0017968368785952,False
45.800000000000004,1.0023823267013539,False
45.82,0.9990400021842691,False
45.84,1.0003084425417155,False
45.86,0.9997094635596115,False
45.88,0.9979993333722931,False
45.9,0.9975902899706937,False
45.92,0.998883659123811,False
45.94,0.999583993036119,False
45.96,0.9976133536014001,False
45.980000000000004,1.001761522285606,False
46.0,1.0038294106215275,False
46.02,1.0013940520983802,False
46.04,1.0000538656308,False
46.06,0.9982914690603077,False
46.08,0.9988023441165792,False
46.1,0.9965935584266813,False
46.12,0.9952453833350395,False
46.14,0.9941358847092593,False
46.160000000000004,0.9946674213484236,False
46.18,0.9932562512853154,False
46.2,0.9922349983220812,False
46.22,0.9892928093509964,False
46.24,0.9915053455997949,False
46.26,0.9901865580843763,False
46.28,0.9907898765487225,False
46.300000000000004,0.9909926948166183,False
46.32,0.9916380238792789,False
46.34,0.994982250768062,False
46.36,0.9934333971175947,False
46.38,0.9962614886549556,False
46.4,0.9952483200347979,False
46.42,0.9951182529937166,False
46.44,0.9944057240540214,False
46.46,0.9920174325957177,False
46.480000000000004,0.9887468401023811,False
46.5,0.9911657076471804,False
46.52,0.9919224677559677,False
46.54,0.9937008575171762,False
46.56,0.9928041797159723,False
46.58,0.9924271629617983,False
46.6,0.989753003369888,False
46.62,0.9949524457428196,False
46.64,0.9917903969431776,False
46.660000000000004,0.9920703297423338,False
46.68,0.9908695064573364,False
46.7,0.993868558079456,False
46.72,0.9990287250724028,False
46.74,0.9955195396125718,False
46.76,0.9954320538024238,False
46.78,0.9927268839881239,False
46.800000000000004,0.9926751812846503,False
46.82,0.994531406254637,False
46.84,0.9954978437383832,False
46.86,0.99507280455445,False
46.88,0.9959985321633594,False
46.9,0.9953332302480676,False
46.92,0.9962448556595587,False
46.94,0.9962324971061112,False
46.96,0.9972456667295883,False
46.980000000000004,0.9978196123041299,False
47.0,0.9994851211091716,False
47.02,0.9974817327651172,False
47.04,1.0000459359375675,False
47.06,0.9989629568117483,False
47.08,1.0043209758196152,False
47.1,1.0039626033315145,False
47.12,1.0047047905517177,False
47.14,1.0062663988654408,False
47.160000000000004,1.0071849160142372,False
47.18,1.0072483119979985,False
47.2,1.002707440661483,False
47.22,1.0037591201498555,False
47.24,1.0052384847749072,False
47.26,1.0053259284183214,False
47.28,1.0039471358012664,False
47.300000000000004,1.003660160217931,False
47.32,1.0034977379539387,False
47.34,1.0036626590262026,False
47.36,1.0032997305864273,False
47.38,1.0008869687902902,False
47.4,0.9992809230326724,False
47.42,0.9990672967146255,False
47.44,1.0015867682277415,False
47.46,1.0007332589112834,False
47.480000000000004,1.0011300064818676,False
47.5,0.9989390633171585,False
47.52,0.9988693723543258,False
47.54,0.9964656871728292,False
47.56,0.9972786149924762,False
47.58,0.9950928624826151,False
47.6,0.9943093947401829,False
47.62,0.9941583523551333,False
47.64,0.9968192389669583,False
47.660000000000004,0.998816189819305,False
47.68,1.0016771451887896,False
47.7,1.0026964160965643,False
47.72,1.0000389942376475,False
47.74,1.0010026195752737,False
47.76,1.0024884782611985,False
47.78,1.0000947922666195,False
47.800000000000004,1.0008557621926863,False
47.82,0.9980045182342425,False
47.84,0.9979136892705185,False
47.86,0.997168799782281,False
47.88,0.9949891940212708,False
47.9,0.9945337761846085,False
47.92,0.9933490733811988,False
47.94,0.9924854620334828,False
47.96,0.9934875292894777,False
47.980000000000004,0.990254301392314,False
48.0,0.9936757693832484,False
48.02,0.9954931985630032,False
48.04,0.9990115319097725,False
48.06,1.0051166484318697,False
48.08,1.0039159954056334,False
48.1,1.0073115984527852,False
48.120000000000005,1.0046096243201823,False
48.14,0.9999128068353264,False
48.160000000000004,1.0038290552099869,False
48.18,1.003507608403218,False
48.2,1.0036728293958896,False
48.22,1.0051089372514286,False
48.24,1.0064798582852608,False
48.26,1.006315126465141,False
48.28,1.0063536496074907,False
48.300000000000004,1.006347594663535,False
48.32,1.0030754079341415,False
48.34,1.0013153996862902,False
48.36,0.9986801910595545,False
48.38,1.0009670678937548,False
48.4,1.0012136809660082,False
48.42,0.9983410722634973,False
48.44,0.9976180765741997,False
48.46,0.9962588728228245,False
48.480000000000004,0.9963101886723197,False
48.5,0.9959023706059181,False
48.52,0.9944710311282995,False
48.54,0.994161538208071,False
48.56,0.994297869761715,False
48.58,0.9944238069836698,False
48.6,0.9971438069472599,False
48.620000000000005,1.0023443352898496,False
48.64,1.0038159021731945,False
48.660000000000004,1.00422284341002,False
48.68,1.0042159534100998,False
48.7,1.0066983575426955,False
48.72,1.0048237686291384,False
48.74,1.003610463797604,False
48.76,1.0055083527541444,False
48.78,1.0074830623373507,False
48.800000000000004,1.0083601891167737,False
48.82,1.009478863853337,False
48.84,1.00835849162835,False
48.86,1.0075550537495819,False
48.88,1.0105094344313206,False
48.9,1.0104704930549582,False
48.92,1.0104023180747714,False
48.94,1.0073883948350468,False
48.96,1.0078553024401344,False
48.980000000000004,1.0065145569572682,False
49.0,1.004415795470368,False
49.02,1.0055249287090222,False
49.04,1.0045155241244197,False
49.06,1.0030626341848905,False
49.08,1.002502171534914,False
49.1,0.9971339489532841,False
49.120000000000005,0.9970794938379335,False
49.14,0.9977766048019853,False
49.160000000000004,0.9942318902202608,False
49.18,0.9952850105993948,False
49.2,0.9993926072291496,False
49.22,0.9959370871846615,False
49.24,0.9983591323407784,False
49.26,0.9971379748151862,False
49.28,0.998760158204202,False
49.300000000000004,0.9962327006280575,False
49.32,0.9947540233760818,False
49.34,0.9915245215324772,False
49.36,0.9918180071138876,False
49.38,0.9921907552186247,False
49.4,0.9926838953669549,False
49.42,0.9872617619479204,False
49.44,0.9864737867162727,False
49.46,0.9875667186151974,False
49.480000000000004,0.9888994077455141,False
49.5,0.9904458457312115,False
49.52,0.9917097658895498,False
49.54,0.9925132400085722,False
49.56,0.9921435805431502,False
49.58,0.9921561497025313,False
49.6,0.9926519561083691,False
49.620000000000005,0.9989223234751088,False
49.64,0.9998695309774756,False
49.660000000000004,1.0001537837795662,False
49.68,1.001358318297344,False
49.7,1.0011714162054468,False
49.72,0.9998048559676604,False
49.74,0.997589472121368,False
49.76,1.0010275586092618,False
49.78,1.0042715976228247,False
49.800000000000004,1.0048686397952233,False
49.82,1.0048063472892501,False
49.84,1.0035822754690968,False
49.86,1.002049287716282,False
49.88,1.006086260500374,False
49.9,1.003594279055475,False
49.92,1.0016527649037377,False
49.94,1.0030747770713837,False
49.96,1.0012693950330476,False
49.980000000000004,0.9996153545912596,False
50.0,0.9974160326183711,False
50.02,0.9967702813782505,False
50.04,0.996610293864307,False
50.06,0.9972328843991923,False
50.08,0.9978059253742237,False
50.1,0.9938830531105648,False
50.120000000000005,0.9961310423262784,False
50.14,0.9967732926792681,False
50.160000000000004,0.9980155937283299,False
50.18,0.9972461640417392,False
50.2,0.998261323669742,False
50.22,0.995827667643017,False
50.24,0.9929424599970901,False
50.26,0.9936266917581614,False
50.28,0.9923608890855974,False
50.300000000000004,0.992352818856488,False
50.32,0.9960841147977464,False
50.34,0.9990282719226984,False
50.36,0.9973430168287514,False
50.38,0.9964532059129326,False
50.4,0.9943811875230744,False
50.42,0.9937247410769207,False
50.44,0.9990714788834557,False
50.46,0.9982047169420188,False
50.480000000000004,0.9972523088847377,False
50.5,0.996940546827958,False
50.52,0.9928556414344077,False
50.54,0.9941767901306832,False
50.56,0.9938995757805104,False
50.58,0.999486796633025,False
50.6,0.9998541469072704,False
50.620000000000005,0.9965245770370044,False
50.64,0.9997655523027041,False
50.660000000000004,1.002655448036587,False
50.68,0.9969165999724611,False
50.7,0.9970075363881614,False
50.72,0.9984370682058787,False
50.74,0.9951727516832923,False
50.76,0.9972280413356719,False
50.78,0.9980945760023167,False
50.800000000000004,1.0005453819661034,False
50.82,0.9990507366987529,False
50.84,0.99840549845027,False
50.86,1.0002218787359167,False
50.88,1.0009334642839067,False
50.9,1.002216777604466,False
50.92,0.9987762699663107,False
50.94,1.0002630712670262,False
50.96,1.000051155295866,False
50.980000000000004,0.9998616088117086,False
51.0,0.9986943872364746,False
51.02,0.9992939676486648,False
51.04,0.9955550924598364,False
51.06,0.9987591577012926,False
51.08,1.0010856182643955,False
51.1,1.0013019018294387,False
51.120000000000005,1.0000003233856154,False
51.14,1.0008419500418249,False
51.160000000000004,1.0009689585020949,False
51.18,0.9971645457484994,False
51.2,1.000908105665757,False
51.22,1.0024977284957368,False
51.24,1.0045890744591552,False
51.26,1.0048217247469435,False
51.28,1.003416330609993,False
51.300000000000004,1.0046835496967768,False
51.32,1.004733017577188,False
51.34,1.0053303279864139,False
51.36,1.0010234025115408,False
51.38,1.0028178035228952,False
51.4,1.0045715418105645,False
51.42,1.002591538723985,False
51.44,1.004005071736841,False
51.46,1.0051016196310159,False
51.480000000000004,1.0069389552487946,False
51.5,1.007234363328736,False
51.52,1.0062768517236347,False
51.54,1.0031262651393542,False
51.56,0.9988388610398092,False
51.58,1.0000789626033488,False
51.6,0.9987138677792575,False
51.620000000000005,1.0013913889549748,False
51.64,1.0033564708912628,False
51.660000000000004,1.0019866040470615,False
51.68,1.0054899580723726,False
51.7,1.0024989403902709,False
51.72,1.0026542996785326,False
51.74,1.0026316060297185,False
51.76,1.000350821743685,False
51.78,1.0035613843424793,False
51.800000000000004,1.0037863727627392,False
51.82,1.002193488003453,False
51.84,1.0033870597586754,False
51.86,1.001357738713643,False
51.88,1.0011117355586399,False
51.9,1.0019573270552542,False
51.92,0.9998495864367,False
51.94,0.9980120502039831,False
51.96,0.9950679480257087,False
51.980000000000004,0.9966724549113853,False
52.0,0.9953337793811451,False
52.02,0.9953731391291811,False
52.04,0.9958758539592962,False
52.06,0.9921268418835641,False
52.08,0.9893072239857591,False
52.1,0.9935130870618069,False
52.120000000000005,0.993815811873907,False
52.14,0.9921731025626671,False
52.160000000000004,0.9903007531496275,False
52.18,0.9927096741063114,False
52.2,0.9884583798235915,False
52.22,0.9880656691874382,False
52.24,0.9931945720959298,False
52.26,0.993350716737472,False
52.28,0.9912555251301916,False
52.300000000000004,0.9906535543246014,False
52.32,0.9901373639198607,False
52.34,0.9912128990740523,False
52.36,0.9915356321408563,False
52.38,0.9902223981827514,False
52.4,0.9912374869287132,False
52.42,0.9912022269443133,False
52.44,0.9926895636593965,False
52.46,0.9938828868838397,False
52.480000000000004,0.9933489579725577,False
52.5,0.9915808290827827,False
52.52,0.991584835120156,False
52.54,0.997003444415799,False
52.56,0.9939248898793386,False
52.58,0.9942978652114588,False
52.6,0.994624302268453,False
52.620000000000005,0.9989494659224987,False
52.64,0.9979815114301113,False
52.660000000000004,0.9964062545481155,False
52.68,0.9956008216547859,False
52.7,0.9951174149790661,False
52.72,0.9971919500341894,False
52.74,1.001267888050182,False
52.76,1.0022995744984533,False
52.78,1.000554662785477,False
52.800000000000004,1.0042399912219644,False
52.82,1.0043166258972425,False
52.84,1.0063269842125993,False
52.86,1.0049276203429462,False
52.88,1.0067111819261942,False
52.9,1.0082665790227034,False
52.92,1.0079263278050477,False
52.94,1.0054059491125005,False
52.96,1.0043342539175475,False
52.980000000000004,1.0049889435663608,False
53.0,1.0060967963567924,False
53.02,1.0053499830087762,False
53.04,1.0084472119847436,False
53.06,1.0065461813602385,False
53.08,1.0078314062207003,False
53.1,1.009809195543903,False
53.120000000000005,1.0099998660731964,False
53.14,1.010786809045918,False
53.160000000000004,1.0097377637261156,False
53.18,1.0107251351053133,False
53.2,1.00915121667867,False
53.22,1.0113749835699806,False
53.24,1.0081992673986866,False
53.26,1.0061376659659877,False
53.28,1.0039715671042397,False
53.300000000000004,1.004076565185429,False
53.32,1.0042900812098012,False
53.34,1.0039021889486806,False
53.36,1.0017800281618159,False
53.38,1.0024546222206998,False
53.4,1.002577731968955,False
53.42,1.002339175832844,False
53.44,1.0034744255459385,False
53.46,1.0039599644616297,False
53.480000000000004,1.006792802851926,False
53.5,1.0067213412635334,False
53.52,1.005246582005605,False
53.54,1.0065837613973387,False
53.56,1.0040395589485027,False
53.58,1.0014046283571623,False
53.6,1.0027502252990157,False
53.620000000000005,1.0048774074760702,False
53.64,1.0042043509202419,False
53.660000000000004,1.006696561137953,False
53.68,1.0061564478081273,False
53.7,1.0036770810089986,False
53.72,1.0021997034005659,False
53.74,1.0013908473548592,False
53.76,1.0014605455675796,False
53.78,1.0001052252626108,False
53.800000000000004,0.9981269751944889,False
53.82,0.9965432249073032,False
53.84,0.996736124708302,False
53.86,0.999184306248141,False
53.88,0.9970522917675643,False
53.9,0.9972512239815318,False
53.92,0.9963782838796456,False
53.94,1.000365756231608,False
53.96,1.0003502860155262,False
53.980000000000004,1.0015123781832858,False
54.0,1.0030033094213007,False
54.02,1.0006061856633164,False
54.04,1.0013300235610973,False
54.06,1.001078147828772,False
54.08,1.0000640163365067,False
54.1,0.9959127977400968,False
54.120000000000005,0.9980389537494376,False
54.14,0.9974173098339988,False
54.160000000000004,0.9988075482816178,False
54.18,1.0056964462848312,False
54.2,1.00412569354763,False
54.22,1.0028594533296535,False
54.24,1.003027843847766,False
54.26,1.0041760871960645,False
54.28,1.0017447251531597,False
54.300000000000004,1.0033410802510896,False
54.32,1.0027889986649599,False
54.34,1.0048390195924157,False
54.36,1.0040012444632735,False
54.38,1.0027046788829734,False
54.4,1.002993522276531,False
54.42,1.005302866820736,False
54.44,1.0030078692863644,False
54.46,1.0030842297499913,False
54.480000000000004,1.002946403953332,False
54.5,1.0028516105933736,False
54.52,1.004640005696263,False
54.54,1.0086417943414068,False
54.56,1.0091509642668652,False
54.58,1.012997527432646,False
54.6,1.01122890702823,False
54.620000000000005,1.0105520325287698,False
54.64,1.0085519745336942,False
54.660000000000004,1.0066127241987135,False
54.68,1.0065599538071819,False
54.7,1.0058591233474727,False
54.72,1.006007927763318,False
54.74,1.0087267124193875,False
54.76,1.0035412743287535,False
54.78,1.0038168286311908,False
54.800000000000004,1.0006828990022305,False
54.82,1.0003857485701937,False
54.84,1.0013290896364897,False
54.86,1.0014455733258016,False
54.88,0.9982218666262526,False
54.9,0.999016063636704,False
54.92,0.9996567414416813,False
54.94,1.0032905586363707,False
54.96,1.0017828556411446,False
54.980000000000004,1.001191137505153,False
55.0,1.0021540732422354,False
55.02,0.9992447404800354,False
55.04,1.0020226575908853,False
55.06,1.0028720667771653,False
55.08,1.0030144183167644,False
55.1,1.002950505738838,False
55.120000000000005,1.000110078496751,False
55.14,0.9983393117416197,False
55.160000000000004,0.9962592838334946,False
55.18,0.997155221949975,False
55.2,1.0013495482580264,False
55.22,1.001949222411367,False
55.24,1.0045721357385742,False
55.26,1.004756058255201,False
55.28,1.0079897247264764,False
55.300000000000004,1.0081163853321216,False
55.32,1.0055019564542282,False
55.34,1.002843096202387,False
55.36,1.0057182700961067,False
55.38,1.0024133796420822,False
55.4,1.005463671329668,False
55.42,1.002636002658388,False
55.44,1.0008478513047478,False
55.46,0.9956027735513732,False
55.480000000000004,0.9971047294116243,False
55.5,0.9960767577193056,False
55.52,0.999542873346175,False
55.54,0.9993973941886195,False
55.56,0.9969169092759543,False
55.58,0.995993916710115,False
55.6,0.9926245402862727,False
55.620000000000005,0.9937687620592712,False
55.64,0.992447069414782,False
55.660000000000004,0.9952833077204442,False
55.68,0.9984524914527297,False
55.7,0.9966955755372106,False
55.72,0.9979613061968993,False
55.74,0.9954143449178745,False
55.76,0.992807760163515,False
55.78,0.9933439761430226,False
55.800000000000004,0.9943789989775332,False
55.82,0.9920348723386239,False
55.84,0.990663100904954,False
55.86,0.9911669917649988,False
55.88,0.9932114382572714,False
55.9,0.9921749916879405,False
55.92,0.9950762155886094,False
55.94,0.9948639045818009,False
55.96,0.9958487020443575,False
55.980000000000004,0.9971890513967895,False
56.0,0.9987283676120687,False
56.02,0.9984999680676273,False
56.04,0.9980733919537407,False
56.06,1.0031798012126198,False
56.08,1.0020016339635442,False
56.1,1.0016135082334954,False
56.120000000000005,1.0024936898201253,False
56.14,1.0023806069182275,False
56.160000000000004,0.9999504966097968,False
56.18,0.9985190071838737,False
56.2,1.0016672946812395,False
56.22,1.0013063156331126,False
56.24,1.0007820329614945,False
56.26,1.0021622858710322,False
56.28,1.0009882662674798,False
56.300000000000004,1.0013433836168064,False
56.32,1.000495974853602,False
56.34,1.0008871808133577,False
56.36,1.0014856346064416,False
56.38,0.9981560959910875,False
56.4,0.9990659787784069,False
56.42,1.0018317068392264,False
56.44,1.0023794478024854,False
56.46,1.0041917102387847,False
56.480000000000004,1.002705486097501,False
56.5,1.0040712793014017,False
56.52,1.0032359147285785,False
56.54,1.0041819077577503,False
56.56,1.0021508816996259,False
56.58,0.9966534154996444,False
56.6,0.9935508704048451,False
56.620000000000005,0.9920429195310669,False
56.64,0.9931598678937601,False
56.660000000000004,0.9938861159069459,False
56.68,0.9979877993243529,False
56.7,0.9976141332377031,False
56.72,0.9972917340407574,False
56.74,0.9965771749859065,False
56.76,0.9931857634198531,False
56.78,0.9927117730404101,False
56.800000000000004,0.9898142117136777,False
56.82,0.9899013461107367,False
56.84,0.9870860439129534,False
56.86,0.9858428653464706,False
56.88,0.9885798928586816,False
56.9,0.9932871293398392,False
56.92,0.998492384629267,False
56.94,0.998889697391498,False
56.96,0.995943683903203,False
56.980000000000004,0.9990292504021425,False
57.0,0.9987982980170812,False
57.02,0.9978302318628839,False
57.04,0.9963690992696473,False
57.06,0.9951008292098255,False
57.08,0.9945685102267652,False
57.1,0.9952598627027234,False
57.120000000000005,0.9961155911784897,False
57.14,0.9954307290985278,False
57.160000000000004,0.9939906339037105,False
57.18,0.9930725898373307,False
57.2,0.9955495725301111,False
57.22,0.9935419281006326,False
57.24,0.9901284453909753,False
57.26,0.9873952630547254,False
57.28,0.9918888177571005,False
57.300000000000004,0.9947196044836218,False
57.32,0.9951183557966379,False
57.34,0.9941580046480003,False
57.36,0.9904948993437809,False
57.38,0.9941995208998503,False
57.4,0.9941334640457362,False
57.42,0.993127345844023,False
57.44,0.9930125096059673,False
57.46,0.9958380411121234,False
57.480000000000004,0.9988742991345074,False
57.5,0.9948622134175186,False
57.52,0.9938247888281112,False
57.54,0.9943151193163163,False
57.56,0.9919717626247937,False
57.58,0.9928245516957698,False
57.6,0.9921456869946926,False
57.620000000000005,0.9920533551023902,False
57.64,0.9908814946883321,False
57.660000000000004,0.99333785157962,False
57.68,0.9911085047756995,False
57.7,0.9866058302243779,False
57.72,0.9865817480003258,False
57.74,0.9901819802674133,False
57.76,0.9913252549690372,False
57.78,0.9939272685248939,False
57.800000000000004,0.9956526907099982,False
57.82,0.9971121163051905,False
57.84,0.9928991810668274,False
57.86,0.9920115693419056,False
57.88,0.9943609687022839,False
57.9,0.9954885228369222,False
57.92,0.994440617141731,False
57.94,0.999801111961653,False
57.96,0.9992566551662788,False
57.980000000000004,0.9965644146587056,False
58.0,1.000424255402198,False
58.02,1.0007412430880354,False
58.04,1.0018316555320577,False
58.06,1.0059750319934693,False
58.08,1.0072636589024853,False
58.1,1.0079833276921477,False
58.120000000000005,1.0041947086980871,False
58.14,1.0040323746332667,False
58.160000000000004,1.006496536334491,False
58.18,1.0060882637934982,False
58.2,1.0041009665588365,False
58.22,1.0019716607544893,False
58.24,1.0013404438492304,False
58.26,1.0021200404107287,False
58.28,1.0002486069974652,False
58.300000000000004,1.0028449201183969,False
58.32,1.0015694060056515,False
58.34,1.001729693399441,False
58.36,1.0008084544598992,False
58.38,0.9998265284365779,False
58.4,1.0003554734837974,False
58.42,0.9964034063886297,False
58.44,0.9986964466555484,False
58.46,0.9985760162997591,False
58.480000000000004,1.0002171603996337,False
58.5,0.9994747348809165,False
58.52,1.0029149014767,False
58.54,1.0015271411440925,False
58.56,1.0032536412973512,False
58.58,1.0008236212641681,False
58.6,0.9990252982318015,False
58.620000000000005,0.9989765331644452,False
58.64,0.9999668733401467,False
58.660000000000004,1.0006183169701703,False
58.68,1.0010080569321518,False
58.7,1.003489951666456,False
58.72,1.0033695963946427,False
58.74,1.002615272699674,False
58.76,1.003947575916788,False
58.78,1.0001892924459392,False
58.800000000000004,0.9991860596563419,False
58.82,0.9985448804618737,False
58.84,0.9994875745294536,False
58.86,1.0004508995496857,False
58.88,1.0026475499440595,False
58.9,1.0030337082823095,False
58.92,0.9972785980751718,False
58.94,0.998293131534866,False
58.96,0.9974686463939747,False
58.980000000000004,0.9973283594407466,False
59.0,0.9984905259056767,False
59.02,1.0012784607876581,False
59.04,1.0001981702324758,False
59.06,0.9967252253932063,False
59.08,0.9960936571357196,False
59.1,0.9983753155533925,False
59.120000000000005,0.9959865860940111,False
59.14,0.9928568869219734,False
59.160000000000004,0.9945571331022114,False
59.18,0.9972488617242558,False
59.2,1.0014226643123685,False
59.22,0.9978499127732195,False
59.24,0.9992889630278129,False
59.26,0.9988535665917785,False
59.28,1.0001345146511658,False
59.300000000000004,0.9979868788151063,False
59.32,0.997311233201497,False
59.34,0.9956018733523979,False
59.36,0.9942912749038079,False
59.38,0.9932164910543153,False
59.4,0.9961741348579566,False
59.42,0.995715642292354,False
59.44,0.994886755825227,False
59.46,0.9960968801935898,False
59.480000000000004,0.9961910456666144,False
59.5,1.0005439807598453,False
59.52,1.0011932401586556,False
59.54,1.0004055844569395,False
59.56,0.9990712771468738,False
59.58,0.9980604010446953,False
59.6,0.9989507535296125,False
59.620000000000005,1.000504408410394,False
59.64,1.0004231206225787,False
59.660000000000004,1.003784526330049,False
59.68,1.007274686303343,False
59.7,1.006260720005878,False
59.72,1.0032883948073263,False
59.74,1.0043382350158596,False
59.76,1.0051720008725173,False
59.78,1.0023327353742104,False
59.800000000000004,1.0022114673785316,False
59.82,1.0029407813172257,False
59.84,0.9993850833076843,False
59.86,0.9985754819077601,False
59.88,0.9987915008841077,False
59.9,0.9990281007713148,False
59.92,0.9982516931940411,False
59.94,0.9978848313709088,False
59.96,0.9938084582968791,False
59.980000000000004,0.9945010872367738,False
60.0,0.9903733186628941,False
60.02,0.992633755521458,False
60.04,0.9963491033979334,False
60.06,0.9950512072237422,False
60.08,0.9906200001714462,False
60.1,0.9942200507713755,False
60.120000000000005,0.9960593161985966,False
60.14,0.9976544965776702,False
60.160000000000004,0.9967083124646599,False
60.18,0.9966474427822897,False
60.2,0.9932971380376703,False
60.22,0.9923246385521939,False
60.24,0.9936003175977928,False
60.26,0.9977222666467274,False
60.28,0.9996555513276268,False
60.300000000000004,1.0010059157497946,False
60.32,1.0015753175391657,False
60.34,1.0015180183286994,False
60.36,1.0033617724625716,False
60.38,0.9990879946572315,False
60.4,0.9973435631970373,False
60.42,0.9991383911137633,False
60.44,1.0014510621473685,False
60.46,0.9986398070087641,False
60.480000000000004,0.9959472474445159,False
60.5,0.9943231118423557,False
60.52,0.9926328525246366,False
60.54,0.9933142937920078,False
60.56,0.9937199667678347,False
60.58,0.9961160099775592,False
60.6,0.9987615029432799,False
60.620000000000005,0.9986490632175304,False
60.64,0.999787632590431,False
60.660000000000004,0.9986440372972945,False
60.68,0.9959243956094292,False
60.7,0.9991241416034387,False
60.72,1.0034332831462247,False
60.74,1.0055787918887038,False
60.76,1.00526597550786,False
60.78,1.0055001655436007,False
60.800000000000004,1.0030558573720547,False
60.82,1.0029108022988842,False
60.84,1.0034492461104882,False
60.86,1.000614273972175,False
60.88,0.9985881768974196,False
60.9,1.0007444613550598,False
60.92,1.0006354598961935,False
60.94,1.0007365408261915,False
60.96,1.0031685621549884,False
60.980000000000004,1.0002282603929409,False
61.0,1.0013779885657856,False
61.02,0.9999467796429573,False
61.04,1.0001927919536096,False
61.06,1.0007421623956605,False
61.08,1.001193729499074,False
61.1,0.9995645172711216,False
61.120000000000005,0.9999383088487319,False
61.14,0.9990587067508898,False
61.160000000000004,1.000512565997109,False
61.18,0.9990951063490985,False
61.2,1.0001668378583697,False
61.22,0.9956296190347661,False
61.24,0.9958384004942787,False
61.26,0.9990952208768824,False
61.28,0.9983488010815353,False
61.300000000000004,1.001564021626141,False
61.32,1.002351933650045,False
61.34,1.0022724216566001,False
61.36,1.0012170125769981,False
61.38,1.0013565262394786,False
61.4,1.002218570979388,False
61.42,1.001009418180552,False
61.44,1.003423268690537,False
61.46,1.0042161937658562,False
61.480000000000004,1.004007231617656,False
61.5,1.0027345804972816,False
61.52,1.0021998724639778,False
61.54,0.9993467518719323,False
61.56,1.0037810238575038,False
61.58,1.0035967204282115,False
61.6,1.0026492456106406,False
61.620000000000005,0.9986964510530959,False
61.64,0.9957606557882805,False
61.660000000000004,0.9965506116125452,False
61.68,0.9978262209314532,False
61.7,0.9985347572779464,False
61.72,0.9953652481062455,False
61.74,0.9976587609480335,False
61.76,0.9935484849277453,False
61.78,0.9907437190357311,False
61.800000000000004,0.9902878575096838,False
61.82,0.9898940728937579,False
61.84,0.993009013857384,False
61.86,0.9918627829748055,False
61.88,0.9928443476454586,False
61.9,0.9963786324969108,False
61.92,0.9971136356923355,False
61.940000000000005,0.999310781964819,False
61.96,1.0000882966134534,False
61.980000000000004,0.9987070141856169,False
62.0,0.9964996650518382,False
62.02,0.9976734987485272,False
62.04,0.998784018090964,False
62.06,0.9981173400232488,False
62.08,0.9993768616905322,False
62.1,1.00190061547942,False
62.120000000000005,1.003443115766326,False
62.14,1.0054036784283382,False
62.160000000000004,1.0060477855605539,False
62.18,1.005768347315264,False
62.2,1.0042530994359766,False
62.22,1.0046865598538697,False
62.24,1.0065092910562115,False
62.26,1.0064067460864523,False
62.28,1.0047486451401737,False
62.300000000000004,1.0029166799522307,False
62.32,0.9993481123042889,False
62.34,0.9975922154868823,False
62.36,1.0002906627657342,False
62.38,0.9999884993596297,False
62.4,1.0023690830245509,False
62.42,1.0074490448303868,False
62.440000000000005,1.0082947209549153,False
62.46,1.0081930697884929,False
62.480000000000004,1.009178965102491,False
62.5,1.0050968672670446,False
62.52,1.005749110720354,False
62.54,1.007544590087454,False
62.56,1.0110566427923935,False
62.58,1.0134439331107692,False
62.6,1.013925703027416,False
62.620000000000005,1.0095400005344513,False
62.64,1.01109267300701,False
62.660000000000004,1.0052691016783468,False
62.68,1.0056226686661505,False
62.7,1.0025358205307622,False
62.72,0.9974937823774196,False
62.74,0.9985318104833104,False
62.76,0.9969702051711161,False
62.78,0.9985114182389868,False
62.800000000000004,0.9983503607206053,False
62.82,1.0011016411963563,False
62.84,0.996983074299725,False
62.86,0.996775806392182,False
62.88,0.9950768816610706,False
62.9,0.9978711350735007,False
62.92,0.9954996690412523,False
62.940000000000005,0.9941719492698876,False
62.96,0.9944933582499748,False
62.980000000000004,0.9952187910047796,False
63.0,0.9973731548704319,False
63.02,0.9975026142787907,False
63.04,0.9963360170272324,False
63.06,0.9966278504314029,False
63.08,0.998971753129941,False
63.1,0.9999981568352317,False
63.120000000000005,1.0002655539632834,False
63.14,1.000233076189684,False
63.160000000000004,1.0002952228632227,False
63.18,0.9998394584298969,False
63.2,1.0005455204321358,False
63.22,0.9975935870732355,False
63.24,0.9995539459878978,False
63.26,0.9978474894617444,False
63.28,0.9996767925034657,False
63.300000000000004,1.0026488576838974,False
63.32,1.0004319171787606,False
63.34,1.002200903521679,False
63.36,0.9998942707287548,False
63.38,1.0009106620177373,False
63.4,1.0034234562517717,False
63.42,1.001683703961348,False
63.440000000000005,1.0010125454885352,False
63.46,0.9982621051491973,False
63.480000000000004,0.9982000830622276,False
63.5,0.9981964429682577,False
63.52,0.9972210830310658,False
63.54,0.9985978057170463,False
63.56,0.9992509155455829,False
63.58,0.9978833339449891,False
63.6,0.9996434191127339,False
63.620000000000005,1.0017180594574193,False
63.64,1.0010784428452661,False
63.660000000000004,0.9974135269538111,False
63.68,0.9940645503595248,False
63.7,0.9940635308392133,False
63.72,0.9930491927255044,False
63.74,0.9926747284728419,False
63.76,0.993059032905105,False
63.78,0.9928338526013899,False
63.800000000000004,0.9937648878692996,False
63.82,0.9919704849372099,False
63.84,0.9907064576913531,False
63.86,0.9892948532600933,False
63.88,0.989341529035178,False
63.9,0.9910996271028147,False
63.92,0.9933489386780568,False
63.940000000000005,0.9912806657486606,False
63.96,0.9929357599137473,False
63.980000000000004,0.9957591358406781,False
64.0,0.9945717557195296,False
64.02,0.9956920274262998,False
64.04,0.9973422320768482,False
64.06,0.9938770816333139,False
64.08,0.9953143504980212,False
64.1,0.9982406897975635,False
64.12,1.000708849857256,False
64.14,1.0009906641654718,False
64.16,1.0008215497325903,False
64.18,1.001244709673243,False
64.2,0.9993115194835531,False
64.22,0.9984517205824125,False
64.24,0.997225730734257,False
64.26,1.0010620096476908,False
64.28,1.0010128044236988,False
64.3,1.0008117267144465,False
64.32000000000001,1.0039456208265711,False
64.34,1.0041559899797015,False
64.36,1.0024363081322794,False
64.38,1.0014753046321052,False
64.4,0.9999689308895385,False
64.42,0.9972626262494678,False
64.44,0.9953546776721766,False
64.46000000000001,0.9903464209978075,False
64.48,0.9939588456030825,False
64.5,0.9925553439409546,False
64.52,0.9922389928348219,False
64.54,0.9933513769715872,False
64.56,0.9955879139339958,False
64.58,0.9974068383988711,False
64.6,0.9955799973210725,False
64.62,0.9970014797590696,False
64.64,0.9968666336303956,False
64.66,0.9944729085664218,False
64.68,0.9927658063798933,False
64.7,0.9917714914642786,False
64.72,0.9924067576662239,False
64.74,0.993469004093351,False
64.76,0.9960523789638226,False
64.78,0.996232831159594,False
64.8,0.9948518200288203,False
64.82000000000001,0.9940675231392241,False
64.84,0.9948353451168711,False
64.86,0.9943727679250299,False
64.88,0.9936472034011119,False
64.9,0.9935531168898089,False
64.92,0.9910230504154893,False
64.94,0.9911140012585858,False
64.96000000000001,0.9905000207368643,False
64.98,0.9859691539515026,False
65.0,0.984281580535928,False
65.02,0.9845805721104903,False
65.04,0.9868231116801759,False
65.06,0.9868317261067223,False
65.08,0.9893776024183083,False
65.1,0.992206307911743,False
65.12,0.9927284734135197,False
65.14,0.9959828384061052,False
65.16,0.9986774174884747,False
65.18,1.0013459206604345,False
65.2,1.0021140312780137,False
65.22,1.003522856261326,False
65.24,0.9996696797124947,False
65.26,1.0013804540333886,False
65.28,1.0034530200808227,False
65.3,0.9996038662838352,False
65.32000000000001,0.9966651641476496,False
65.34,0.9971926112946135,False
65.36,0.9999544795051039,False
65.38,1.0012365765811562,False
65.4,1.000863756351995,False
65.42,1.0028557594842884,False
65.44,1.0047013423966098,False
65.46000000000001,1.0052682180360202,False
65.48,1.00581162141034,False
65.5,1.0059930295734731,False
65.52,1.0028331125308847,False
65.54,1.0028356567210492,False
65.56,1.0027454094274104,False
65.58,1.0015002295660145,False
65.6,1.004690055934361,False
65.62,1.0018624230974673,False
65.64,1.003751647713715,False
65.66,1.0064376262986698,False
65.68,1.009003008069095,False
65.7,1.0115662513099886,False
65.72,1.0126036902723532,False
65.74,1.0110326742390887,False
65.76,1.012715046015776,False
65.78,1.0127974227221055,False
65.8,1.013913186758201,False
65.82000000000001,1.0114997215397667,False
65.84,1.0145283752925094,False
65.86,1.01319542546033,False
65.88,1.011503179031363,False
65.9,1.0097387745673265,False
65.92,1.0109527064395234,False
65.94,1.012985670087355,False
65.96000000000001,1.0096509473064,False
65.98,1.009791172659643,False
66.0,1.0126571343717248,False
66.02,1.0101072028862679,False
66.04,1.0100593517572816,False
66.06,1.0107465348884133,False
66.08,1.0074500088472162,False
66.1,1.007153560119894,False
66.12,1.0080280932828978,False
66.14,1.0059293354929357,False
66.16,1.0054491848618836,False
66.18,1.0002987664225,False
66.2,1.0009246376301204,False
66.22,0.9981240658939298,False
66.24,0.996250370027675,False
66.26,0.9969229027825999,False
66.28,0.9955643436248064,False
66.3,0.9976790110581287,False
66.32000000000001,0.9985084831972506,False
66.34,0.996682620100982,False
66.36,0.9930381921660973,False
66.38,0.9907155451067593,False
66.4,0.9881008956891002,False
66.42,0.9841355948729089,False
66.44,0.9812251624522901,False
66.46000000000001,0.9800264527412023,False
66.48,0.9854714534367482,False
66.5,0.9853524658828272,False
66.52,0.9914480518014872,False
66.54,1.0052575718746524,True
66.56,1.0173902006338211,True
66.58,1.0337320046845262,True
66.6,1.0484578194320069,True
66.62,1.0535018174051842,True
66.64,1.0496786591597933,True
66.66,1.0378825603370803,True
66.68,1.023505850313735,True
66.7,1.0108208373039576,True
66.72,0.9996897650096237,True
66.74,0.99518552227189,True
66.76,1.0020624915158995,True
66.78,1.0156050308994466,True
66.8,1.0424020615015812,True
66.82000000000001,1.0747208482194326,True
66.84,1.108069969082128,True
66.86,1.1386961817733294,True
66.88,1.1649957026222773,True
66.9,1.1812258468854762,True
66.92,1.1833197363460457,True
66.94,1.173671580976026,True
66.96000000000001,1.1507563295464478,True
66.98,1.11996288684348,True
67.0,1.2404609473872215,True
67.02,1.2316764934840208,True
67.04,1.2169562466855597,True
67.06,1.1915968117849371,True
67.08,1.162537978961126,True
67.1,1.1232313417919293,True
67.12,1.0856432082747471,True
67.14,1.0408560854378042,True
67.16,0.9958502907294867,True
67.18,0.9672915143238551,True
67.2,0.9359095394724802,True
67.22,0.9059349142165138,True
67.24,0.8773067772003907,True
67.26,0.8508942398214001,True
67.28,0.829830479880652,True
67.3,0.8129287695622954,True
67.32000000000001,0.8042482234832689,True
67.34,0.8032932189441523,True
67.36,0.8081175323670958,True
67.38,0.8191746708723784,True
67.4,0.8406293656467925,True
67.42,0.8674982370475042,True
67.44,0.904721239735697,True
67.46000000000001,0.9423633445331533,True
67.48,0.9804812840518872,True
67.5,1.0330061400293393,True
67.52,1.0890136327349451,True
67.54,1.135186990804017,True
67.56,1.1628952901479854,True
67.58,1.176640270591404,True
67.6,1.1790277681810737,True
67.62,1.162283264531787,True
67.64,1.1310707506210693,True
67.66,1.0951764278979144,True
67.68,1.0528540887940887,True
67.7,1.0150376022106653,True
67.72,0.9893319396482919,True
67.74,0.9725052309764924,True
67.76,0.9597900152746016,True
67.78,0.9569456831713581,True
67.8,0.9602950507947732,True
67.82000000000001,0.9769503348250343,True
67.84,0.9976758072041866,True
67.86,1.0383766733980275,True
67.88,1.0800985216782208,True
67.9,1.122018252150238,True
67.92,1.1667176156807586,True
67.94,1.2024207840716554,True
67.96000000000001,1.2278840580743466,True
67.98,1.2413557017287864,True
68.0,1.4639368760790201,True
68.02,1.4782617397209772,True
68.04,1.4701456701077256,True
68.06,1.441682947984137,True
68.08,1.3955216548240217,True
68.1,1.3403361594318945,True
68.12,1.2729904969356747,True
68.14,1.2006368861818424,True
68.16,1.1225801796093164,True
68.18,1.0377772055300412,True
68.2,0.9664160089515752,True
68.22,0.9102846729819414,True
68.24,0.8567413048298114,True
68.26,0.798373971169527,True
68.28,0.7501518474396576,True
68.3,0.7065867995889387,True
68.32000000000001,0.6753419980515474,True
68.34,0.6642712424710207,True
68.36,0.6722915190672267,True
68.38,0.705534586954885,True
68.4,0.764581635680326,True
68.42,0.8475090419469975,True
68.44,0.9417765431008427,True
68.46000000000001,1.0913172051474584,True
68.48,1.28100104556172,True
68.5,1.4551724534228305,True
68.52,1.597877169511642,True
68.54,1.7021674579603987,True
68.56,1.7529924743108984,True
68.58,1.7405754069591755,True
68.60000000000001,1.6704966218969988,True
68.62,1.5470778735964523,True
68.64,1.3762748235239959,True
68.66,1.1742538727209466,True
68.68,0.9795407671341325,True
68.7,0.8601884984799988,True
68.72,0.7532935497745328,True
68.74,0.6711549301668784,True
68.76,0.6154944417038637,True
68.78,0.5931732477821039,True
68.8,0.6028473898778085,True
68.82000000000001,0.6439735921174929,True
68.84,0.7073899271462967,True
68.86,0.7899614313320593,True
68.88,0.8838896916329079,True
68.9,0.9761936326723433,True
68.92,1.1087657899728804,True
68.94,1.2405661343001853,True
68.96000000000001,1.343984841264819,True
68.98,1.4182807983746106,True
69.0,1.056452970695053,True
69.02,0.9855111494348265,True
69.04,0.9441697056573912,True
69.06,0.9148019320966182,True
69.08,0.8982439680564223,True
69.10000000000001,0.8963603726964297,True
69.12,0.9172769030823283,True
69.14,0.9457013122524108,True
69.16,0.9774172012509625,True
69.18,1.0222936667825255,True
69.2,1.081748042176177,True
69.22,1.1233847645581252,True
69.24,1.136097414993916,True
69.26,1.1259805246582424,True
69.28,1.087396341934759,True
69.3,1.02859283676198,True
69.32000000000001,0.9726576220744313,True
69.34,0.9280872442468575,True
69.36,0.8826166957735734,True
69.38,0.8500307230113109,True
69.4,0.8305663773508046,True
69.42,0.8306198423892367,True
69.44,0.8478846860456991,True
69.46000000000001,0.8820667064726881,True
69.48,0.9284343080278745,True
69.5,0.9768673244253527,True
69.52,1.0473592355512986,True
69.54,1.1213193036527485,True
69.56,1.173067354612608,True
69.58,1.2010740475642878,True
69.60000000000001,1.1973367363382248,True
69.62,1.1661533906495771,True
69.64,1.1125319600361838,True
69.66,1.0480892284226289,True
69.68,0.9858029944776963,True
69.7,0.9456378321876178,True
69.72,0.9187777357798512,True
69.74,0.9058400555515713,True
69.76,0.9071444279147944,True
69.78,0.9264655481446954,True
69.8,0.9587379140481866,True
69.82000000000001,1.0065563811826463,True
69.84,1.0872563026963418,True
69.86,1.1671781039995464,True
69.88,1.229495242340396,True
69.9,1.2649016495016492,True
69.92,1.2744386507885483,True
69.94,1.254297502598348,True
69.96000000000001,1.2071240126793117,True
69.98,1.1405917772879868,True
70.0,1.0466341672803918,True
70.02,1.0214253562762041,True
70.04,0.9982924916312271,True
70.06,0.9875418384907603,True
70.08,0.9800880245157332,True
70.10000000000001,0.9783996878302286,True
70.12,0.9783635792230458,True
70.14,0.984089523580276,True
70.16,0.9930853384632219,True
70.18,1.0035365911018317,True
70.2,1.0172803309789116,True
70.22,1.024290512398109,True
70.24,1.0250955412007021,True
70.26,1.0171957709870312,True
70.28,1.0027991931868399,True
70.3,0.9889255645529852,True
70.32000000000001,0.9710936658403421,True
70.34,0.9568860200225116,True
70.36,0.942593943685093,True
70.38,0.9285566467577995,True
70.4,0.9276386345683846,True
70.42,0.9302941616219567,True
70.44,0.9428505534814631,True
70.46000000000001,0.956075011187859,True
70.48,0.976624809221404,True
70.5,1.0006537704091483,True
70.52,1.0321365237916047,True
70.54,1.0608270097105839,True
70.56,1.0804223241637358,True
70.58,1.0944206739074178,True
70.60000000000001,1.0923239128244948,True
70.62,1.079647344853619,True
70.64,1.059441509017049,True
70.66,1.0327108062909518,True
70.68,1.0013373989939216,True
70.7,0.9843313222123061,True
70.72,0.9707079989169616,True
70.74,0.9678056352058356,True
70.76,0.9713374527568676,True
70.78,0.9783802684937923,True
70.8,0.9898172588387278,True
70.82000000000001,1.0069026115299125,True
70.84,1.0353255298922068,True
70.86,1.0698680417634812,True
70.88,1.09428247196891,True
70.9,1.1138258284657634,True
70.92,1.1217823784093643,True
70.94,1.1161914718821795,True
70.96000000000001,1.100396789451576,True
70.98,1.075313510489603,True
71.0,1.0320048238925272,True
71.02,1.021756958344964,True
71.04,1.013616424414359,True
71.06,1.0003885628366107,True
71.08,0.998924852724277,True
71.10000000000001,0.9971001901597771,True
71.12,0.9975272054321705,True
71.14,0.9982547613017386,True
71.16,0.9966475734475703,True
71.18,0.9972888079235153,True
71.2,1.0004547992255872,True
71.22,0.9996690315571456,True
71.24,0.9963800591328664,True
71.26,0.9911628122116121,True
71.28,0.9874283802208579,True
71.3,0.9817885286043169,True
71.32000000000001,0.9777899514386978,True
71.34,0.9726092126066535,True
71.36,0.9672183557743417,True
71.38,0.9641291738305495,True
71.4,0.9597657903106643,True
71.42,0.9595818258479148,True
71.44,0.962105031424799,True
71.46000000000001,0.9722417582777483,True
71.48,0.9854963209260656,True
71.5,0.996199699150934,True
71.52,1.0124513573109457,True
71.54,1.0277903442819025,True
71.56,1.036132518426962,True
71.58,1.0397781479081298,True
71.60000000000001,1.038749062335361,True
71.62,1.036090106463231,True
71.64,1.0243659260209137,True
71.66,1.0100038321903801,True
71.68,0.9968704127110324,True
71.7,0.9856283792549755,True
71.72,0.983712903692373,True
71.74,0.9776622888396762,True
71.76,0.9768928316306965,True
71.78,0.9790396026430155,True
71.8,0.982900374248124,True
71.82000000000001,0.9931218842765551,True
71.84,1.007286737414377,True
71.86,1.021692896751418,True
71.88,1.0365869476763119,True
71.9,1.046716120919177,True
71.92,1.0478967447009326,True
71.94,1.0466723561211957,True
71.96000000000001,1.0423704435568908,True
71.98,1.0374614353975766,True
72.0,1.0904590260472642,True
72.02,1.0598717453212154,True
72.04,1.022048542680106,True
72.06,0.9981448003047917,True
72.08,0.9881474753020355,True
72.10000000000001,0.9812731934721637,True
72.12,0.9745352898335821,True
72.14,0.9780608529634907,True
72.16,0.9850957038556977,True
72.18,0.9938024634328905,True
72.2,0.9999481441493815,True
72.22,1.0030245108571918,True
72.24,0.9988899923057446,True
72.26,0.9881809938206118,True
72.28,0.9734554081459833,True
72.3,0.9560049299536517,True
72.32000000000001,0.9385611700702166,True
72.34,0.9204850628534189,True
72.36,0.9056077878953761,True
72.38,0.9001855814082402,True
72.4,0.89516916646698,True
72.42,0.8985102422131629,True
72.44,0.9144290743039778,True
72.46000000000001,0.9348785629701244,True
72.48,0.9639679153317576,True
72.5,0.9936262388631854,True
72.52,1.0427687713673917,True
72.54,1.0814958064910778,True
72.56,1.1108367701661173,True
72.58,1.1280390591747895,True
72.60000000000001,1.1283622560726547,True
72.62,1.1112355363542257,True
72.64,1.0826600646360496,True
72.66,1.0494469433547922,True
72.68,1.0107750206303527,True
72.7,0.9817383946809247,True
72.72,0.9676118367853177,True
72.74,0.9559567572495745,True
72.76,0.9538239451582621,True
72.78,0.9601721411971068,True
72.8,0.9768511373030527,True
72.82000000000001,1.0009707768528626,True
72.84,1.0387841924147043,True
72.86,1.0797973753124663,True
72.88,1.1142883516039053,True
72.9,1.1408176301051425,True
72.92,1.151168649051736,True
72.94,1.1533758542536905,True
72.96000000000001,1.140276296878836,True
72.98,1.1159400712910847,True
73.0,1.080894188335777,True
73.02,1.0470943445369119,True
73.04,1.0193076696025634,True
73.06,0.9985988566707318,True
73.08,0.9850636395204868,True
73.10000000000001,0.9810206904301695,True
73.12,0.9795219238521831,True
73.14,0.9810285894060041,True
73.16,0.9878956074309454,True
73.18,0.9936547490099719,True
73.2,1.0011463803139058,True
73.22,1.0001009414180368,True
73.24,0.9903900774541157,True
73.26,0.9773944738685574,True
73.28,0.963830853271515,True
73.3,0.9484875280023077,True
73.32000000000001,0.930022323412218,True
73.34,0.911412584877544,True
73.36,0.8991673631111836,True
73.38,0.8867843175398269,True
73.4,0.8888678676678204,True
73.42,0.8964778976165079,True
73.44,0.9139860742283774,True
73.46000000000001,0.9363325739437953,True
73.48,0.9628926850923399,True
73.5,0.9937517589351551,True
73.52,1.0430167553826044,True
73.54,1.0818402307744548,True
73.56,1.1105168234538954,True
73.58,1.1250598288552476,True
73.60000000000001,1.1198422602229154,True
73.62,1.1020815798579635,True
73.64,1.072856837857541,True
73.66,1.0337873249556673,True
73.68,0.9969997389652703,True
73.7,0.975713626261737,True
73.72,0.9609733446711249,True
73.74,0.9478853308771358,True
73.76,0.9479459402628487,True
73.78,0.9541726232273606,True
73.8,0.9688788010658556,True
73.82000000000001,0.9881641974944673,True
73.84,1.022659913495186,True
73.86,1.0617664764425438,True
73.88,1.0950045526938417,True
73.9,1.1243370958506547,True
73.92,1.1387497987079545,True
73.94,1.1419360581824036,True
73.96000000000001,1.131149027285161,True
73.98,1.1106115863145811,True
74.0,1.0444477593965795,True
74.02,1.0281500776878147,True
74.04,1.0079658038981782,True
74.06,0.9953880287418049,True
74.08,0.9855833172625061,True
74.10000000000001,0.9845667742361406,True
74.12,0.9883183156652362,True
74.14,0.9914914431814412,True
74.16,0.9968085018588669,True
74.18,0.9991968260028143,True
74.2,1.0005949227906248,True
74.22,1.0015356199853376,True
74.24,0.9949405482567403,True
74.26,0.9885313326861532,True
74.28,0.980903087352393,True
74.3,0.9691634840264746,True
74.32000000000001,0.9648812646408674,True
74.34,0.958624181893292,True
74.36,0.9516304358994169,True
74.38,0.9472625445638151,True
74.4,0.9484844031435563,True
74.42,0.9534259689505626,True
74.44,0.9647730170228318,True
74.46000000000001,0.975064051240343,True
74.48,0.9896428435569112,True
74.5,1.007257666799801,True
74.52,1.031368875646685,True
74.54,1.051518779514677,True
74.56,1.0692707487490059,True
74.58,1.0744005652113267,True
74.60000000000001,1.0704933928729679,True
74.62,1.0575368588929566,True
74.64,1.03942899750899,True
74.66,1.0202900655908655,True
74.68,0.9978431027009913,True
74.7,0.9866159714163905,True
74.72,0.979814756836797,True
74.74,0.9763882048146667,True
74.76,0.9752828910486208,True
74.78,0.9782374226590541,True
74.8,0.9839939946618652,True
74.82000000000001,0.9926049191245788,True
74.84,1.0062497497251128,True
74.86,1.0254179469938842,True
74.88,1.0434276789132428,True
74.9,1.054517446350163,True
74.92,1.0649586664530872,True
74.94,1.0667869459266097,True
74.96000000000001,1.0635348225891943,True
74.98,1.0548989807407128,True
75.0,1.189053176746245,True
75.02,1.1093997990376772,True
75.04,1.0300098577769368,True
75.06,0.9810221857527169,True
75.08,0.9530837914737783,True
75.10000000000001,0.937066776431826,True
75.12,0.93051454469665,True
75.14,0.9375159599784644,True
75.16,0.9532232362359174,True
75.18,0.9670061082210794,True
75.2,0.9799768634001197,True
75.22,0.9815131753374954,True
75.24,0.9793742502312373,True
75.26,0.9637040947682075,True
75.28,0.9343795519472258,True
75.3,0.90085400995739,True
75.32000000000001,0.861636925061819,True
75.34,0.8226709776339668,True
75.36,0.7881299446594278,True
75.38,0.7638143248858659,True
75.4,0.7560417497688366,True
75.42,0.7658014391856197,True
75.44,0.7881817935366633,True
75.46000000000001,0.8271935449243961,True
75.48,0.8805429338859743,True
75.5,0.9322319946420397,True
75.52,0.9891580027489689,True
75.54,1.0645827501162954,True
75.56,1.1300503562079691,True
75.58,1.175193373843188,True
75.60000000000001,1.192755921686612,True
75.62,1.182417185287079,True
75.64,1.1501956319842555,True
75.66,1.110073433695872,True
75.68,1.0624214869189943,True
75.7,1.0172275095150694,True
75.72,0.9939121250315265,True
75.74,0.9904487043654995,True
75.76,1.0008020364630419,True
75.78,1.0326409059329522,True
75.8,1.0880895439393767,True
75.82000000000001,1.159674520672549,True
75.84,1.2327625564710802,True
75.86,1.3042015205054898,True
75.88,1.3643089421452612,True
75.9,1.4000088504754826,True
75.92,1.406365297858439,True
75.94,1.3871510969486547,True
75.96000000000001,1.340349310561127,True
75.98,1.27567441344284,True
76.0,1.0931910075433477,True
76.02,1.075753480450129,True
76.04,1.054393352990704,True
76.06,1.0354941390120662,True
76.08,1.0215459382575693,True
76.10000000000001,1.0129236473605279,True
76.12,1.0043192297786563,True
76.14,1.0001598081122571,True
76.16,0.9972235403749402,True
76.18,0.9947915866177682,True
76.2,0.9937034818363354,True
76.22,0.9905862427635541,True
76.24,0.9858786029141785,True
76.26,0.9758981634370922,True
76.28,0.9615362738103929,True
76.3,0.9510094021472436,True
76.32000000000001,0.9388186834550405,True
76.34,0.9325598741807853,True
76.36,0.927101544555472,True
76.38,0.9261236634008523,True
76.4,0.9331361476945212,True
76.42,0.9414956348151527,True
76.44,0.9576458697803877,True
76.46000000000001,0.9801716587569291,True
76.48,1.0006734472459307,True
76.5,1.0343856300433185,True
76.52,1.0689088743224047,True
76.54,1.0983099828532554,True
76.56,1.1186456349463683,True
76.58,1.1220292195846788,True
76.60000000000001,1.118328663853971,True
76.62,1.0989993181782785,True
76.64,1.0709510546550147,True
76.66,1.0403506517926013,True
76.68,1.0049018495328492,True
76.7,0.9841548251477856,True
76.72,0.9671144015240681,True
76.74,0.9559650240804688,True
76.76,0.9486721471256909,True
76.78,0.946958306314062,True
76.8,0.9541305662436526,True
76.82000000000001,0.9678232266876079,True
76.84,0.9889531295231284,True
76.86,1.0139695846191896,True
76.88,1.046034864090577,True
76.9,1.0714604422355973,True
76.92,1.0902111772560228,True
76.94,1.1016011067262794,True
76.96000000000001,1.103585467735862,True
76.98,1.1020430297285482,True
77.0,1.1119030694787513,True
77.02,1.1072935355949705,True
77.04,1.0970561430652066,True
77.06,1.0818153223287221,True
77.08,1.0653567350145183,True
77.10000000000001,1.04845174166838,True
77.12,1.0287368896020217,True
77.14,1.0120873666311345,True
77.16,0.9958208496346095,True
77.18,0.9830364170828121,True
77.2,0.9714571576256644,True
77.22,0.9600019432029924,True
77.24,0.9461054589376541,True
77.26,0.9309851791002478,True
77.28,0.9217458450981559,True
77.3,0.9155007123342205,True
77.32000000000001,0.9115318220329355,True
77.34,0.9056069968101874,True
77.36,0.9068570515203166,True
77.38,0.9151138378319092,True
77.4,0.9243956079457265,True
77.42,0.9377890283488979,True
77.44,0.9537723552178277,True
77.46000000000001,0.9665448583091426,True
77.48,0.9839963096251633,True
77.5,0.9997792609712998,True
77.52,1.0280448198615675,True
77.54,1.047932394819121,True
77.56,1.0617367629741985,True
77.58,1.0719215392564492,True
77.60000000000001,1.071938170470778,True
77.62,1.0679585574476247,True
77.64,1.0544558285884427,True
77.66,1.0410956141261303,True
77.68,1.0251365565113404,True
77.7,1.0070457116337828,True
77.72,0.9922792627265669,True
77.74,0.9858557944043552,True
77.76,0.9854251198027241,True
77.78,0.9847674396043179,True
77.8,0.9900884643975341,True
77.82000000000001,0.9967469442702747,True
77.84,1.014341493622351,True
77.86,1.0318451633004213,True
77.88,1.0520924355407946,True
77.9,1.0699161315926755,True
77.92,1.0855451063570356,True
77.94,1.0992540818757683,True
77.96000000000001,1.1072694355645283,True
77.98,1.106291819537174,True
78.0,1.1475963490822536,True
78.02,1.059444300099434,True
78.04,0.987013613285131,True
78.06,0.9505846324878489,True
78.08,0.9291682160512342,True
78.10000000000001,0.9245615714973165,True
78.12,0.9369323740207474,True
78.14,0.9578757602841947,True
78.16,0.9933186772502819,True
78.18,1.0390453223697003,True
78.2,1.0839353882215788,True
78.22,1.1078259742340566,True
78.24,1.1098860445203016,True
78.26,1.0826590814281205,True
78.28,1.0223268756025061,True
78.3,0.9683365431971329,True
78.32000000000001,0.9157349841173307,True
78.34,0.8610696960051617,True
78.36,0.8194970313099642,True
78.38,0.7936125389449286,True
78.4,0.7854142093875393,True
78.42,0.8003319230865187,True
78.44,0.8343746245123079,True
78.46000000000001,0.8906960515154809,True
78.48,0.9585518974710201,True
78.5,1.0585033852188117,True
78.52,1.1798241533438436,True
78.54,1.2802485465266753,True
78.56,1.3456459843842938,True
78.58,1.370382767088546,True
78.60000000000001,1.3506599277581612,True
78.62,1.2870456757956537,True
78.64,1.1986927721511014,True
78.66,1.0849084263346755,True
78.68,0.9810403056519816,True
78.7,0.9140406699410353,True
78.72,0.8631035816087699,True
78.74,0.8355280677986272,True
78.76,0.826897090981122,True
78.78,0.8418830392425704,True
78.8,0.8817245704332327,True
78.82000000000001,0.9379987465538393,True
78.84,0.9974894112548321,True
78.86,1.1015257673891148,True
78.88,1.2007152413824738,True
78.9,1.2707670163410745,True
78.92,1.3086653880115162,True
78.94,1.3161424198527882,True
78.96000000000001,1.2839541525340625,True
78.98,1.2219851893422395,True
79.0,1.094838776211274,True
79.02,1.0724701205221578,True
79.04,1.0496141605432812,True
79.06,1.0230521885343806,True
79.08,1.0013536895935033,True
79.10000000000001,0.9934611608536056,True
79.12,0.9868938396521332,True
79.14,0.9834401207027649,True
79.16,0.9819011280353381,True
79.18,0.9805039776338738,True
79.2,0.9815501111188999,True
79.22,0.9768346931345528,True
79.24,0.9714132411747054,True
79.26,0.9628161924888567,True
79.28,0.9535557706536969,True
79.3,0.9391007516883059,True
79.32000000000001,0.9293786969118836,True
79.34,0.9232435523925315,True
79.36,0.915688618364666,True
79.38,0.9086253042604536,True
79.4,0.9095604653649938,True
79.42,0.9171192950066664,True
79.44,0.9253686719402046,True
79.46000000000001,0.9372880512665229,True
79.48,0.9535747031787462,True
79.5,0.9741845064498442,True
79.52,0.9932901963808277,True
79.54,1.0125762650598802,True
79.56,1.038732988511913,True
79.58,1.0566308845984131,True
79.60000000000001,1.0652037554422646,True
79.62,1.0652489221706192,True
79.64,1.0598437928284528,True
79.66,1.044775276484428,True
79.68,1.029221163513083,True
79.7,1.0180249804498696,True
79.72,1.0105324839586411,True
79.74,1.006867854934325,True
79.76,1.012295597944792,True
79.78,1.0239345220471032,True
79.8,1.0415687798098214,True
79.82000000000001,1.0625695040704757,True
79.84,1.0869560842239483,True
79.86,1.1109970802540585,True
79.88,1.131088317806764,True
79.9,1.1396213465065266,True
79.92,1.1438958932117018,True
79.94,1.1406967483296873,True
79.96000000000001,1.1309907459850561,True
79.98,1.1121308027918322,True
80.0,1.2363038829178206,True
80.02,1.2114209116313797,True
80.04,1.1793573684555434,True
80.06,1.1433974987740554,True
80.08,1.1077045025310186,True
80.10000000000001,1.071364340976438,True
80.12,1.0389021067899393,True
80.14,1.012034594911295,True
80.16,0.9941791542215993,True
80.18,0.9777243946672695,True
80.2,0.9602630387151813,True
80.22,0.9394759778600336,True
80.24,0.9152458537418842,True
80.26,0.8912244986869167,True
80.28,0.8625104410736074,True
80.3,0.8379245459100026,True
80.32000000000001,0.8207611115555522,True
80.34,0.8039259816106804,True
80.36,0.801837362388867,True
80.38,0.8066014884900294,True
80.4,0.820970312806419,True
80.42,0.8468056765054268,True
80.44,0.882297824808093,True
80.46000000000001,0.9251149105715715,True
80.48,0.9736357835159474,True
80.5,1.0219020209418161,True
80.52,1.0805820853260346,True
80.54,1.1229259196310195,True
80.56,1.1417775671090058,True
80.58,1.1396132255986435,True
80.60000000000001,1.1202310470946402,False
80.62,1.0899607285928763,False
80.64,1.0593512071127795,False
80.66,1.0303778306288593,False
80.68,1.0107767972386594,False
80.7,0.9993043589193765,False
80.72,0.999050086742383,False
80.74,0.9997729906425356,False
80.76,0.9982822507558562,False
80.78,0.9988308805269054,False
80.8,1.0021354567788774,False
80.82000000000001,1.0036749616069327,False
80.84,1.00612401273148,False
80.86,1.0075388197127053,False
80.88,1.0084930788415116,False
80.9,1.004141471957669,False
80.92,1.0025717596109398,False
80.94,1.0028365993594894,False
80.96000000000001,1.0031058719930364,False
80.98,1.0003774669781875,False
81.0,0.9974026124525149,False
81.02,0.9974143511864957,False
81.04,0.9978395353397285,False
81.06,0.9974937797485024,False
81.08,0.9975295203981959,False
81.10000000000001,0.9981169145635516,False
81.12,0.9983048622046171,False
81.14,0.998288247196921,False
81.16,0.9990846070510517,False
81.18,0.9981767809904966,False
81.2,0.9980774750417644,False
81.22,0.9959788153613384,False
81.24,0.9923238719011682,False
81.26,0.9896710852676166,False
81.28,0.9910181293256308,False
81.3,0.9924161440855381,False
81.32000000000001,0.9980977557326025,False
81.34,0.9970256342483467,False
81.36,1.0001688990415933,False
81.38,0.9973673629753688,False
81.4,0.9985717640268965,False
81.42,0.9997848700975115,False
81.44,0.9999003869419593,False
81.46000000000001,1.000042238853515,False
81.48,1.0013554495459391,False
81.5,0.9993147630876873,False
81.52,0.9992401244551594,False
81.54,0.9981358976079033,False
81.56,1.000718970330205,False
81.58,0.9974112785805997,False
81.60000000000001,0.9967016356258127,False
81.62,1.0005206148062655,False
81.64,1.0017132525790633,False
81.66,1.0032674374818935,False
81.68,1.0016364103816033,False
81.7,1.00245994016769,False
81.72,1.0020922132389423,False
81.74,1.0008363974377403,False
81.76,0.99939241315446,False
81.78,1.0010641747788838,False
81.8,1.001754877392912,False
81.82000000000001,1.0006284788541293,False
81.84,1.0018822019827975,False
81.86,0.9982752438567418,False
81.88,0.9975455361266223,False
81.9,0.9951016774697692,False
81.92,0.9924700777908381,False
81.94,0.9895119854921212,False
81.96000000000001,0.9878635960358283,False
81.98,0.9861403784894961,False
82.0,0.987174625779586,False
82.02,0.9860935931178818,False
82.04,0.9843289848328325,False
82.06,0.9848752267192954,False
82.08,0.9852354738324349,False
82.10000000000001,0.9905954093697593,False
82.12,0.9898056467316034,False
82.14,0.9974083126208098,False
82.16,0.9984959072363704,False
82.18,0.9973345772478733,False
82.2,1.0003021153933804,False
82.22,1.0006811083862794,False
82.24,0.9998111564874835,False
82.26,1.0012062690009447,False
82.28,1.0014026498683348,False
82.3,1.0004987625307422,False
82.32000000000001,0.9994846561360674,False
82.34,0.9967909941950432,False
82.36,0.9980588481742291,False
82.38,1.001117193647043,False
82.4,0.9994923143479557,False
82.42,1.0007809719265603,False
82.44,0.9969174212573207,False
82.46000000000001,0.9975093475523013,False
82.48,0.9984590214261547,False
82.5,0.995791722540574,False
82.52,0.9969349675208001,False
82.54,0.9969934387181166,False
82.56,0.9961598660735784,False
82.58,0.9929408111373779,False
82.60000000000001,0.9952388956815625,False
82.62,0.9938838650214765,False
82.64,0.9944749989310819,False
82.66,0.9960431379903661,False
82.68,0.9957810557303549,False
82.7,0.9984232731690124,False
82.72,1.001409560082845,False
82.74,1.0015836011165444,False
82.76,1.00209075440847,False
82.78,1.0005524633616636,False
82.8,1.0030589143784538,False
82.82000000000001,1.0042570076347954,False
82.84,1.0033411179505956,False
82.86,1.0004185497862585,False
82.88,1.000343968852733,False
82.9,1.0013258135567482,False
82.92,1.0021891397609355,False
82.94,1.0000406414757443,False
82.96000000000001,1.001372846467408,False
82.98,1.0016863682771897,False
83.0,1.0036014604952395,False
83.02,1.0031210860172335,False
83.04,1.0037871497245243,False
83.06,1.004475417854895,False
83.08,1.0063065040210257,False
83.10000000000001,1.0038399909119444,False
83.12,1.0041464094307528,False
83.14,1.003604835830079,False
83.16,1.0037254977636196,False
83.18,1.0029097517552736,False
83.2,1.0028936628322342,False
83.22,1.0018064577349648,False
83.24,0.998484682291112,False
83.26,0.9972640264033726,False
83.28,1.0014194521873618,False
83.3,1.0005718070071241,False
83.32000000000001,1.0003866863417725,False
83.34,0.9991998045382902,False
83.36,0.9969227980875736,False
83.38,0.9962153247340545,False
83.4,0.9955050997034726,False
83.42,0.9962823920212713,False
83.44,0.9993187251047805,False
83.46000000000001,1.001051323855588,False
83.48,1.00176423765377,False
83.5,1.001889515360625,False
83.52,1.0017659076048546,False
83.54,1.0042745567922835,False
83.56,1.0047926690227462,False
83.58,1.0050429065714097,False
83.60000000000001,1.007421935848629,False
83.62,1.0087021962617904,False
83.64,1.0105655276772965,False
83.66,1.009434180256872,False
83.68,1.0077494706949897,False
83.7,1.0069683437005155,False
83.72,1.0063352755530472,False
83.74,1.0071630406260097,False
83.76,1.0060150882556513,False
83.78,1.0065097775576202,False
83.8,1.0023736325526869,False
83.82000000000001,1.001520897890735,False
83.84,1.0030356905991595,False
83.86,1.005636616356525,False
83.88,1.007368476677019,False
83.9,1.006583275736898,False
83.92,1.0027162554011757,False
83.94,1.0022049320782516,False
83.96000000000001,1.0023394450228806,False
83.98,0.998867730519742,False
84.0,0.9972079693073641,False
84.02,0.9990005985206394,False
84.04,0.9997900794278322,False
84.06,1.000651317936691,False
84.08,0.9984154389750026,False
84.10000000000001,0.9993355686095352,False
84.12,1.0005012303476297,False
84.14,0.9996292655537399,False
84.16,1.0007208093120994,False
84.18,0.9992426580403375,False
84.2,0.999783801264773,False
84.22,0.9990109419978712,False
84.24,0.9986348259799267,False
84.26,0.9994295872724696,False
84.28,0.9980837448547277,False
84.3,0.9976763703105435,False
84.32000000000001,0.9963306609937415,False
84.34,0.9962874998063601,False
84.36,0.9972315745875967,False
84.38,0.9997226149105604,False
84.4,0.9974981236318311,False
84.42,0.9971452025355271,False
84.44,0.9952989673016727,False
84.46000000000001,0.9972284890231999,False
84.48,0.994098851069719,False
84.5,0.99389132667185,False
84.52,0.9943448304464909,False
84.54,0.9953419644091444,False
84.56,0.9976825154281395,False
84.58,1.0018007474127792,False
84.60000000000001,0.9986369992652974,False
84.62,0.9970311936107854,False
84.64,1.0025777624325616,False
84.66,0.9993329131474884,False
84.68,1.002151976082813,False
84.7,1.0018353390869956,False
84.72,1.0017812648557596,False
84.74,1.0018315007760221,False
84.76,0.9975182436741231,False
84.78,0.9981369537123892,False
84.8,0.9964593380145325,False
84.82000000000001,0.9973630500996865,False
84.84,0.9990140443766321,False
84.86,0.9992508879627098,False
84.88,0.9989315319709537,False
84.9,0.9973424524747136,False
84.92,0.9970655021010604,False
84.94,0.9944493262794896,False
84.96000000000001,0.9917279916557463,False
84.98,0.9895593928194009,False
85.0,0.9916667345740069,False
85.02,0.9962042969136388,False
85.04,0.9991658594360955,False
85.06,0.9966873571494494,False
85.08,0.9956453985752337,False
85.10000000000001,0.9957564413024896,False
85.12,0.9936360698539741,False
85.14,0.9941642318643842,False
85.16,0.9959851006340503,False
85.18,0.9968742357596563,False
85.2,0.9990729641949407,False
85.22,0.9984890834450038,False
85.24,0.9990676912230264,False
85.26,1.0005118358569391,False
85.28,0.9997143103321389,False
85.3,0.9974081785856812,False
85.32000000000001,0.9989971989693186,False
85.34,0.9991460276285056,False
85.36,0.9996776751758834,False
85.38,1.0011773794956247,False
85.4,1.0014486418440591,False
85.42,1.0009242118604254,False
85.44,1.0027880658683592,False
85.46000000000001,1.0003215015504847,False
85.48,0.9966925324466861,False
85.5,0.9966971949773962,False
85.52,0.9963528480995526,False
85.54,0.9951623589496935,False
85.56,0.9959074683043802,False
85.58,0.9948257977059546,False
85.60000000000001,0.9920976631066755,False
85.62,0.9946457705543977,False
85.64,0.9956014797839511,False
85.66,0.9947140889970499,False
85.68,0.9957102048558757,False
85.7,0.992717544442535,False
85.72,0.9904261549074919,False
85.74,0.9895709926527962,False
85.76,0.9906844902996372,False
85.78,0.9914427496118586,False
85.8,0.9926114669369988,False
85.82000000000001,0.9925284376590635,False
85.84,0.995130452874291,False
85.86,0.9974397233363715,False
85.88,0.9979496602682849,False
85.9,0.9977496965487864,False
85.92,0.9999323120206086,False
85.94,0.9989792732162492,False
85.96000000000001,0.9979534367170915,False
85.98,0.9957145429530142,False
86.0,0.9989727597266165,False
86.02,0.9985640330176437,False
86.04,0.9994949568586392,False
86.06,1.0011428245046359,False
86.08,1.0029793508475058,False
86.10000000000001,1.000616676925667,False
86.12,0.9994231131541577,False
86.14,1.0015112840620468,False
86.16,1.00073769456483,False
86.18,1.003006830824201,False
86.2,1.0044938634615905,False
86.22,1.0038378252218851,False
86.24,1.0035394313165094,False
86.26,1.0017057135340233,False
86.28,1.0020221749605331,False
86.3,1.0002667350676058,False
86.32000000000001,1.0014332190953674,False
86.34,0.9998627181837291,False
86.36,1.0014498726289214,False
86.38,1.0036211662557575,False
86.4,1.0037540089934884,False
86.42,1.0067526846900587,False
86.44,1.0101754035956039,False
86.46000000000001,1.0080811934366873,False
86.48,1.0066369520944272,False
86.5,1.0023873315110523,False
86.52,1.0059735096581404,False
86.54,1.0056980050967894,False
86.56,1.0035707440846289,False
86.58,1.0049456049132979,False
86.60000000000001,1.0032736745967854,False
86.62,1.0016678333161728,False
86.64,1.0008181642023086,False
86.66,1.0035094337418362,False
86.68,1.00702815729201,False
86.7,1.0056073096129248,False
86.72,1.0061690262782725,False
86.74,1.007430749872209,False
86.76,1.008960651748776,False
86.78,1.0070866873644067,False
86.8,1.0048818313148715,False
86.82000000000001,1.0049939607709415,False
86.84,1.0029561230964519,False
86.86,1.0039000846315216,False
86.88,1.0085751181146796,False
86.9,1.0070911056803047,False
86.92,1.0037721969138074,False
86.94,0.9983924228821188,False
86.96000000000001,0.9958921730720299,False
86.98,0.995633732185987,False
87.0,0.9999524318359514,False
87.02,1.00038463373343,False
87.04,1.00293762312218,False
87.06,1.000238271384588,False
87.08,0.9992099176418932,False
87.10000000000001,1.0004279480779839,False
87.12,1.002103379222549,False
87.14,0.9999381376446129,False
87.16,0.9981937582495686,False
87.18,0.9969229982665578,False
87.2,0.9974580944623788,False
87.22,0.9943858846523957,False
87.24,0.9928107463929239,False
87.26,0.9910590949159508,False
87.28,0.9943549048436672,False
87.3,0.9947678034490117,False
87.32000000000001,0.9919150572910693,False
87.34,0.9938483502856083,False
87.36,0.994344593035571,False
87.38,0.9937766265623463,False
87.4,0.9962115641003496,False
87.42,0.9950874407640373,False
87.44,0.9919883352030262,False
87.46000000000001,0.995464531294354,False
87.48,0.9923899292673858,False
87.5,0.9959669480727529,False
87.52,0.9972553294715217,False
87.54,1.0014900953710122,False
87.56,1.0001183493876844,False
87.58,1.005081362562981,False
87.60000000000001,1.0041240916507412,False
87.62,1.003539086813606,False
87.64,1.000538388948208,False
87.66,1.0002179081392382,False
87.68,1.0014662262790612,False
87.7,1.0000485111158637,False
87.72,0.9987221953714509,False
87.74,0.9967909356525118,False
87.76,0.9956288382588416,False
87.78,0.9980617347900724,False
87.8,1.0035320483328423,False
87.82000000000001,1.008660273848657,False
87.84,1.0103249276040396,False
87.86,1.0084749090413894,False
87.88,1.009065368735097,False
87.9,1.007019567680122,False
87.92,1.0114201150663111,False
87.94,1.0096677546378456,False
87.96000000000001,1.0063127029172396,False
87.98,1.0079447439453446,False
88.0,1.012506649210404,False
88.02,1.0080475818179209,False
88.04,1.0056823836984676,False
88.06,1.0049934367026225,False
88.08,1.0052134432414224,False
88.10000000000001,1.0034678077223635,False
88.12,1.0047617171289034,False
88.14,1.0036703685133606,False
88.16,1.001972873525033,False
88.18,1.0031893098826847,False
88.2,1.007447973579719,False
88.22,1.005383521703935,False
88.24,1.0021622110617572,False
88.26,1.001435790518686,False
88.28,0.9987379561623684,False
88.3,0.9986771236964052,False
88.32000000000001,0.9989472576758471,False
88.34,0.995015589753948,False
88.36,0.9964537321414805,False
88.38,0.9978992633743512,False
88.4,0.9982094367606983,False
88.42,1.000302060659928,False
88.44,1.0017638593001366,False
88.46000000000001,1.0038041106636082,False
88.48,1.0054984996956746,False
88.5,1.0116997344825556,False
88.52,1.018950080763241,False
88.54,1.028039649730806,False
88.56,1.0404695900505054,False
88.58,1.0553698709360446,False
88.60000000000001,1.068061419811926,False
88.62,1.0722937294822605,False
88.64,1.0691687584509046,False
88.66,1.0526638054060848,False
88.68,1.0189264107679323,True
88.7,0.9841152326186654,True
88.72,0.9525470407081983,True
88.74,0.920640419241265,True
88.76,0.892671173802639,True
88.78,0.866887774835537,True
88.8,0.8584809399458158,True
88.82000000000001,0.8663025583688262,True
88.84,0.8850030413697866,True
88.86,0.9132473499462592,True
88.88,0.9581804791785279,True
88.9,1.0097732532091421,True
88.92,1.095427845509883,True
88.94,1.1774025201079683,True
88.96000000000001,1.257766291290555,True
88.98,1.3217811093981018,True
89.0,1.1375085485338294,True
89.02,1.1111071714992062,True
89.04,1.08275173877956,True
89.06,1.052437417699285,True
89.08,1.0299538820286065,True
89.10000000000001,1.0105947137266695,True
89.12,0.9996475981576257,True
89.14,0.9893685554177138,True
89.16,0.982072710562399,True
89.18,0.9798168770873894,True
89.2,0.9715649763779659,True
89.22,0.9650277678826424,True
89.24,0.9536265264998814,True
89.26,0.9414994923678622,True
89.28,0.9283596711327583,True
89.3,0.9118869075757854,True
89.32000000000001,0.897262852083892,True
89.34,0.8841712128089353,True
89.36,0.876447962326984,True
89.38,0.8777343602786322,True
89.4,0.8827013019070883,True
89.42,0.8920924023044564,True
89.44,0.9124024200818905,True
89.46000000000001,0.9400867160829769,True
89.48,0.9698193750883152,True
89.5,0.9961063200625465,True
89.52,1.0305539747975143,True
89.54,1.0685562501862895,True
89.56,1.0940265134068956,True
89.58,1.109378433325458,True
89.60000000000001,1.115161773870499,True
89.62,1.1074708556087205,True
89.64,1.0905759578871932,True
89.66,1.0689049525548304,True
89.68,1.0453256537007247,True
89.7,1.019560708664696,True
89.72,1.0008311437603838,True
89.74,0.9944648049158659,True
89.76,0.9949195235470624,True
89.78,0.9971781841309416,True
89.8,1.015000052650204,True
89.82000000000001,1.0421082407403497,True
89.84,1.0721058534945738,True
89.86,1.1053413428104053,True
89.88,1.1343704212236017,True
89.9,1.1542786672442276,True
89.92,1.1686627748787866,True
89.94,1.1759375074953133,True
89.96000000000001,1.1674693898312998,True
89.98,1.158008179473949,True
90.0,1.064918479052556,True
90.02,1.0323894523863648,True
90.04,1.0008152501900147,True
90.06,0.9885709003699724,True
90.08,0.9755178717436301,True
90.10000000000001,0.9709564159839732,True
90.12,0.9744667255127123,True
90.14,0.9805976947981594,True
90.16,0.9872469199700018,True
90.18,0.9980682781044612,True
90.2,1.0075760549336665,True
90.22,1.0130387246030512,True
90.24,1.013378379522257,True
90.26,1.004878533588863,True
90.28,0.9902871786105023,True
90.3,0.9717294628094654,True
90.32000000000001,0.9531495057643458,True
90.34,0.9342167238472289,True
90.36,0.9198099821094781,True
90.38,0.9124306886564939,True
90.4,0.9073205504248298,True
90.42,0.9126425860639795,True
90.44,0.9284873767010458,True
90.46000000000001,0.9477380212218711,True
90.48,0.9680365218309788,True
90.5,0.9844875909225677,True
90.52,1.0227452133807922,True
90.54,1.0580992730548968,True
90.56,1.0847686146188475,True
90.58,1.0963224712344735,True
90.60000000000001,1.093633883132604,True
90.62,1.0832160645727185,True
90.64,1.0597297267832313,True
90.66,1.0318883067376288,True
90.68,0.9995751148382795,True
90.7,0.9839368681944256,True
90.72,0.9726857770231494,True
90.74,0.9678375386072032,True
90.76,0.9675832960996058,True
90.78,0.9796519003282121,True
90.8,0.9929967984601759,True
90.82000000000001,1.0133048008005368,True
90.84,1.0463300706023555,True
90.86,1.0812734915796722,True
90.88,1.1125799579514235,True
90.9,1.1325100251561429,True
90.92,1.1390322383645994,True
90.94,1.1329757263721123,True
90.96000000000001,1.1160952231746846,True
90.98,1.0911128109820183,True
91.0,1.069984833054323,True
91.02,1.0376291972558476,True
91.04,1.000185825438279,True
91.06,0.9824245320103983,True
91.08,0.9734604148206734,True
91.10000000000001,0.971082973541382,True
91.12,0.9767710484418269,True
91.14,0.985489525513434,True
91.16,0.9939820919867272,True
91.18,1.0132735661118917,True
91.2,1.0318594206700227,True
91.22,1.0422829684120551,True
91.24,1.039571762129107,True
91.26,1.027066827597716,True
91.28,1.0006865764383344,True
91.3,0.9801150955382456,True
91.32000000000001,0.9552843550083252,True
91.34,0.936127611776326,True
91.36,0.9175820287474473,True
91.38,0.9070587955167532,True
91.4,0.9079395235302432,True
91.42,0.9163279200458293,True
91.44,0.9319910909631877,True
91.46000000000001,0.95438479736126,True
91.48,0.9874243164300103,True
91.5,1.0390538305202859,True
91.52,1.094276583239953,True
91.54,1.136437708598875,True
91.56,1.1659936176053247,True
91.58,1.1748390487157858,True
91.60000000000001,1.1612360765215244,True
91.62,1.1313830031930352,True
91.64,1.0858300636084444,True
91.66,1.02617190554249,True
91.68,0.9777798500175711,True
91.7,0.9488223839434897,True
91.72,0.9278663730939012,True
91.74,0.9202453371955233,True
91.76,0.9227397559368392,True
91.78,0.9332172210112701,True
91.8,0.9491141710666364,True
91.82000000000001,0.967190188268317,False
91.84,0.9856751906035117,False
91.86,1.0022712230235193,False
91.88,1.0114086933261133,False
91.9,1.020494796005664,False
91.92,1.0213916248694477,False
91.94,1.0138867959218902,False
91.96000000000001,1.0101344883779668,False
91.98,1.0014290072663719,False
92.0,1.002804090702807,False
92.02,0.9999124158215322,False
92.04,0.9953626461731908,False
92.06,0.9956162549925894,False
92.08,0.9944101529451377,False
92.10000000000001,0.9951763319006169,False
92.12,0.9959988583223719,False
92.14,0.996258849727134,False
92.16,0.9934948606100793,False
92.18,0.9952844588774804,False
92.2,0.9994322269385361,False
92.22,1.0007740095932,False
92.24,0.9992138006196629,False
92.26,0.9996841877307975,False
92.28,0.9989274424783142,False
92.3,0.9993019380646728,False
92.32000000000001,0.9976764186049112,False
92.34,0.9961022304209525,False
92.36,0.994944706837499,False
92.38,0.9962615558489976,False
92.4,0.9986278992663228,False
92.42,1.0024862420291778,False
92.44,1.0005722339065268,False
92.46000000000001,0.9996476793639485,False
92.48,1.000629151433809,False
92.5,0.9997196618260972,False
92.52,0.9996231601025729,False
92.54,1.00031068938168,False
92.56,1.00442481609362,False
92.58,1.0016527949469003,False
92.60000000000001,1.0023546306138287,False
92.62,1.0023085428373906,False
92.64,1.0001336123693878,False
92.66,0.9987156895439655,False
92.68,0.99988280994045,False
92.7,0.9985052913372787,False
92.72,0.9976780806342328,False
92.74,0.9962513732291294,False
92.76,0.9958890743950579,False
92.78,0.9991531467649416,False
92.8,1.00034568906316,False
92.82000000000001,1.0023785425478156,False
92.84,1.00434199145383,False
92.86,1.004054594856816,False
92.88,1.0038926738650469,False
92.9,1.0019779809058076,False
92.92,1.001275907743458,False
92.94,1.0001250470020844,False
92.96000000000001,0.9978064746187838,False
92.98,0.9979487641223656,False
93.0,0.9947864789406914,False
93.02,0.9967566556268306,False
93.04,0.9973333801820087,False
93.06,0.9955916442043853,False
93.08,0.9951556807240788,False
93.10000000000001,0.9940166108762534,False
93.12,0.9953192942311304,False
93.14,0.9910340107873009,False
93.16,0.9893343151258727,False
93.18,0.991076884873016,False
93.2,0.9915137993101493,False
93.22,0.9949797056063788,False
93.24,0.997299161082768,False
93.26,0.9960346364628829,False
93.28,0.9952612696802038,False
93.3,0.9963771282197424,False
93.32000000000001,0.997090088794211,False
93.34,0.9991063123964482,False
93.36,0.9988912881905065,False
93.38,0.9997049305239963,False
93.4,1.0037772011382466,False
93.42,1.0029670862656002,False
93.44,1.0044931048184562,False
93.46000000000001,1.005353770080207,False
93.48,1.0075948455136237,False
93.5,1.0066601695621442,False
93.52,1.0055312223444994,False
93.54,1.0028594988744046,False
93.56,1.0020990843714548,False
93.58,1.00582368503669,False
93.60000000000001,1.003194624686929,False
93.62,1.0047396326225402,False
93.64,1.0039942903451313,False
93.66,1.0011691096735111,False
93.68,0.9997901865063245,False
93.7,1.000091802498306,False
93.72,0.9977167218426717,False
93.74,0.995652690370399,False
93.76,0.9954474972044969,False
93.78,0.9963525857072703,False
93.8,0.9968906882855013,False
93.82000000000001,0.9978439028668509,False
93.84,0.9947254081884465,False
93.86,0.9998440585041068,False
93.88,0.9994842677819372,False
93.9,0.9972150275770542,False
93.92,0.9979274675763883,False
93.94,0.9964639638388101,False
93.96000000000001,0.9949770868509052,False
93.98,0.9938241208668047,False
94.0,0.9940094242025871,False
94.02,0.9942503125014643,False
94.04,0.9925441003883068,False
94.06,0.9914642615550989,False
94.08,0.9922458346751467,False
94.10000000000001,0.9932088444643323,False
94.12,0.9904313942524933,False
94.14,0.9932545814491422,False
94.16,0.9955074286386676,False
94.18,0.996630538570598,False
94.2,0.995947723508612,False
94.22,0.9954892594857443,False
94.24,0.9934517128581861,False
94.26,0.9897047344129031,False
94.28,0.9910893760416317,False
94.3,0.9913863512353821,False
94.32000000000001,0.9895853105678267,False
94.34,0.994200250966724,False
94.36,0.9952774837665598,False
94.38,1.0001233365993172,False
94.4,0.9980201769204367,False
94.42,0.9962821965288527,False
94.44,0.9967285785167931,False
94.46000000000001,0.9998024088027824,False
94.48,0.9981002075899971,False
94.5,0.9976436425460504,False
94.52,1.0013820678437,False
94.54,1.0032255278328077,False
94.56,1.0021052012939642,False
94.58,0.9993649294337444,False
94.60000000000001,0.9973494341943849,False
94.62,0.9977325434533568,False
94.64,0.9989416525834658,False
94.66,0.9974099763293476,False
94.68,0.9941436183427014,False
94.7,0.9947985470981671,False
94.72,0.9987808509802691,False
94.74,0.9988398321965889,False
94.76,1.0017420084957778,False
94.78,0.9989091815300009,False
94.8,0.9976194657491475,False
94.82000000000001,0.999790392935142,False
94.84,1.0000320331870005,False
94.86,0.996717283416733,False
94.88,0.9975279272847932,False
94.9,1.0002857839665276,False
94.92,0.99988033934587,False
94.94,1.0033382684568575,False
94.96000000000001,1.000903996211338,False
94.98,1.0026693227420669,False
95.0,1.0042187409619001,False
95.02,1.005030012846087,False
95.04,1.001213777398647,False
95.06,1.0008118103115633,False
95.08,1.0049217935187453,False
95.10000000000001,1.0022643687579789,False
95.12,0.999613715325703,False
95.14,1.0000255580640949,False
95.16,0.9991721192204921,False
95.18,0.9953926695269538,False
95.2,0.9940457647085691,False
95.22,0.993726865207883,False
95.24,0.9921206193680302,False
95.26,0.9945245973620558,False
95.28,0.9973697827918544,False
95.3,0.9993276187709496,False
95.32000000000001,0.9945590511142395,False
95.34,0.995029123547019,False
95.36,0.9959364701243014,False
95.38,0.9955817336564228,False
95.4,0.9956089446280944,False
95.42,0.9940501302251836,False
95.44,0.9918956085497928,False
95.46000000000001,0.9940295374255737,False
95.48,0.9950010643188563,False
95.5,0.9962701841460743,False
95.52,0.998006305745951,False
95.54,0.999507142251266,False
95.56,0.9990216009947251,False
95.58,0.9982647277259049,False
95.60000000000001,0.998969949034593,False
95.62,1.0032626604771988,False
95.64,1.0016775687294468,False
95.66,0.9995937885062736,False
95.68,0.9990611329140983,False
95.7,0.9990292525708835,False
95.72,0.9997823617720835,False
95.74000000000001,0.9978993599961492,False
95.76,0.9999073154276458,False
95.78,1.0012010985936293,False
95.8,1.0008085946101224,False
95.82000000000001,0.9997604991110917,False
95.84,0.9997804174486851,False
95.86,1.0014046958716623,False
95.88,0.9997999733478203,False
95.9,0.9963523797226441,False
95.92,0.9989775285554879,False
95.94,0.9991772529963973,False
95.96000000000001,1.002918300757706,False
95.98,1.002187458608437,False
96.0,1.0012793335120098,False
96.02,1.0032586552673626,False
96.04,1.0041590771669835,False
96.06,0.9993759829481694,False
96.08,1.0014185952299928,False
96.10000000000001,1.0072353438692545,False
96.12,1.0060914816203128,False
96.14,1.0087418557147811,False
96.16,1.0051519725204683,False
96.18,1.003306615032901,False
96.2,1.0012731309135074,False
96.22,1.002244984234449,False
96.24000000000001,1.0036806762262103,False
96.26,1.00623766409059,False
96.28,1.0046391160811714,False
96.3,1.00454828456107,False
96.32000000000001,1.004612943076867,False
96.34,1.0061453762036843,False
96.36,1.0027487624952531,False
96.38,0.9995493302720801,False
96.4,1.0004237690969928,False
96.42,1.0003988289441206,False
96.44,0.9980280838668212,False
96.46000000000001,0.9987094599623899,False
96.48,0.9974793262295865,False
96.5,0.9984579109381928,False
96.52,0.9942568595940218,False
96.54,0.9935485233960132,False
96.56,0.9920116021304172,False
96.58,0.9932448649327063,False
96.60000000000001,0.9944590473467944,False
96.62,0.996713080039351,False
96.64,0.9961650759136372,False
96.66,0.9995900933962696,False
96.68,0.9974038366452993,False
96.7,0.9957133148868017,False
96.72,0.9952734551936521,False
96.74000000000001,0.9945692122664265,False
96.76,0.994245291402832,False
96.78,0.9934848479592001,False
96.8,0.9951668184073927,False
96.82000000000001,0.9942983930592691,False
96.84,0.9939573069771396,False
96.86,1.0003355770876334,False
96.88,1.0010143575244708,False
96.9,1.0012076884591654,False
96.92,0.9997057165820669,False
96.94,1.0001373388418573,False
96.96000000000001,0.9975010756391656,False
96.98,0.9979765437682254,False
97.0,0.9992703607962715,False
97.02,1.0003236962439643,False
97.04,0.998872045766157,False
97.06,0.9980852288271571,False
97.08,0.998316148412673,False
97.10000000000001,0.9959433676470852,False
97.12,0.998901044210211,False
97.14,0.9988244686084945,False
97.16,1.0011415903751035,False
97.18,1.00101608536153,False
97.2,1.0047919374659593,False
97.22,1.0057323424814588,False
97.24000000000001,1.004066770235515,False
97.26,1.0051081054852544,False
97.28,1.0047064046988918,False
97.3,1.0036531578153256,False
97.32000000000001,1.005652455299618,False
97.34,1.0056981728793486,False
97.36,1.0053343220397737,False
97.38,1.0058117160081013,False
97.4,1.0063279464572177,False
97.42,1.0083473187209453,False
97.44,1.0061590690198299,False
97.46000000000001,1.0052221424828198,False
97.48,1.0029660895579628,False
97.5,1.0012563766069311,False
97.52,0.9989678678390191,False
97.54,1.0021110219916562,False
97.56,1.0006298025546487,False
97.58,1.001212593131385,False
97.60000000000001,1.0018295088036895,False
97.62,1.0026406920744935,False
97.64,0.9996202083361183,False
97.66,1.0008250406365489,False
97.68,0.9983940722768038,False
97.7,0.9989823736083684,False
97.72,1.0024192179262044,False
97.74000000000001,1.000124227905239,False
97.76,1.0007070871005836,False
97.78,1.0030217336669585,False
97.8,1.0006482639353274,False
97.82000000000001,1.0006693384347225,False
97.84,1.0012172737512404,False
97.86,1.004274776235089,False
97.88,1.0038722957133186,False
97.9,1.0003361599791827,False
97.92,0.9997273568410642,False
97.94,0.9974026065805653,False
97.96000000000001,0.998840272574108,False
97.98,0.9996867208885909,False
98.0,1.0009780885808102,False
98.02,0.9993601819478523,False
98.04,0.9999621548141815,False
98.06,0.9994986907466443,False
98.08,0.9993907817780237,False
98.10000000000001,0.9995609582301265,False
98.12,0.9952162439535958,False
98.14,0.9958783278297003,False
98.16,0.9954689717652992,False
98.18,0.9911822916786485,False
98.2,0.9948559250839428,False
98.22,0.9951702151142848,False
98.24000000000001,0.9964201121355766,False
98.26,0.9922659607752934,False
98.28,0.9896064233689122,False
98.3,0.9908691766850762,False
98.32000000000001,0.992470058308298,False
98.34,0.9944966699264283,False
98.36,0.9961205026071124,False
98.38,0.9963354691417936,False
98.4,0.9928830437737148,False
98.42,0.9973048840364548,False
98.44,0.9927387654530743,False
98.46000000000001,0.9932240115585927,False
98.48,0.9912083654768674,False
98.5,0.9907409823232051,False
98.52,0.993092477088027,False
98.54,0.9969821043962498,False
98.56,0.9956157132842799,False
98.58,0.9985857442603138,False
98.60000000000001,0.998331057246005,False
98.62,1.001628559481178,False
98.64,0.9987010576401568,False
98.66,1.0013070851553183,False
98.68,1.0035649732796639,False
98.7,1.0065955741451798,False
98.72,1.0043063052254144,False
98.74000000000001,1.0047376655940616,False
98.76,1.0039374135036079,False
98.78,1.0016481845579468,False
98.8,1.001166300524212,False
98.82000000000001,1.0027901631019476,False
98.84,1.0015461264027916,False
98.86,0.9997255025008299,False
98.88,0.997397605260106,False
98.9,1.0006462990237897,False
98.92,0.9977520314944914,False
98.94,1.0005179549354255,False
98.96000000000001,0.9991502992845334,False
98.98,1.0023658124425294,False
99.0,1.0056321518001483,False
99.02,1.0048229136241,False
99.04,1.0072633692052528,False
99.06,1.005127437859553,False
99.08,1.0023885928009748,False
99.10000000000001,1.004177619914981,False
99.12,1.005188763338352,False
99.14,1.0027754517557286,False
99.16,1.0047369465911515,False
99.18,1.0068679193662178,False
99.2,1.004633499014971,False
99.22,1.0061935862660156,False
99.24000000000001,1.007277848417501,False
99.26,1.0068037539599135,False
99.28,1.007018632152703,False
99.3,1.0046097160217464,False
99.32000000000001,1.0059307537582995,False
99.34,1.0026146562919256,False
99.36,1.0042809977625013,False
99.38,1.0057650652486692,False
99.4,1.0025301123234067,False
99.42,1.0027287700716312,False
99.44,0.9996614585488082,False
99.46000000000001,0.997868484472795,False
99.48,0.9976268860191733,False
99.5,0.9975581404938586,False
99.52,0.9965632116698775,False
99.54,0.9946466612431267,False
99.56,0.9946078166009826,False
99.58,0.9930889707374841,False
99.60000000000001,0.9918591566060194,False
99.62,0.9945143779746318,False
99.64,0.9987357771755486,False
99.66,0.9947853686507986,False
99.68,0.9962860775198168,False
99.7,0.9964850864893655,False
99.72,0.9914565361324934,False
99.74000000000001,0.9943490613481053,False
99.76,0.9959685783788604,False
99.78,0.9988535700893488,False
99.8,0.9990446064825392,False
99.82000000000001,0.997079915543496,False
99.84,0.9944003712757664,False
99.86,0.9944677613180759,False
99.88,0.9948985553351547,False
99.9,0.9959877040341826,False
99.92,0.9965546446369666,False
99.94,0.9983157625399605,False
99.96000000000001,0.9960726134967479,False
99.98,0.9985702769918338,False
100.0,1.0029615940199796,False
100.02,1.0043968027914048,False
100.04,1.0059016592740986,False
100.06,1.0044397663012596,False
100.08,1.0033825544318677,False
100.10000000000001,1.001469015106819,False
100.12,1.0013699368309357,False
100.14,0.9984210152621813,False
100.16,0.9983688528159752,False
100.18,0.9986017935401179,False
100.2,1.0006822312724912,False
100.22,1.0002695269909945,False
100.24000000000001,0.9997715104616719,False
100.26,0.9999830013435886,False
100.28,0.9964965756318811,False
100.3,0.9967062658720112,False
100.32000000000001,1.0004045517457067,False
100.34,1.0012337502145552,False
100.36,0.9984427163208109,False
100.38,0.9979574321395339,False
100.4,1.0016881087491813,False
100.42,1.0005503421667603,False
100.44,0.9969245712684732,False
100.46000000000001,0.9998541524554941,False
100.48,0.9994420762125926,False
100.5,0.9991378067942004,False
100.52,1.0003747255307183,False
100.54,0.9997093709517098,False
100.56,0.9971008680283675,False
100.58,0.9952332946614615,False
100.60000000000001,0.9949397993561354,False
100.62,0.993394063732045,False
100.64,0.9909489766722106,False
100.66,0.9934465477863877,False
100.68,0.9953280557154406,False
100.7,0.9958446044244406,False
100.72,0.998887017266267,False
100.74000000000001,1.0001392751863323,False
100.76,0.997251809564918,False
100.78,1.000652567083167,False
100.8,1.0030567749461223,False
100.82000000000001,1.0035863607973714,False
100.84,0.9989969123624135,False
100.86,0.9967394427551127,False
100.88,0.9975875680006618,False
100.9,0.998299382906117,False
100.92,0.9963112939450165,False
100.94,1.0017491988897544,False
100.96000000000001,0.9990752450441935,False
100.98,1.0004218731665016,False
101.0,1.0005843214393502,False
101.02,1.003364696450356,False
101.04,1.0038260631285882,False
101.06,1.005607075683151,False
101.08,1.0072476977269391,False
101.10000000000001,1.0044484623153629,False
101.12,1.002406426679853,False
101.14,0.9997787548671587,False
101.16,0.9989569152240187,False
101.18,0.998381834629665,False
101.2,1.0014877006597382,False
101.22,1.0002059775611043,False
101.24000000000001,1.0008455875846491,False
101.26,0.9984979840384793,False
101.28,1.0000516114463633,False
101.3,1.0009511691413426,False
101.32000000000001,0.9987517328873031,False
101.34,1.0047157693904805,False
101.36,1.0031567320060295,False
101.38,0.9996060972400075,False
101.4,0.9995327591910279,False
101.42,1.000761072077023,False
101.44,1.0023114829349096,False
101.46000000000001,1.0024621974949435,False
101.48,1.0044999605628933,False
101.5,1.0042481435336337,False
101.52,1.002747130356106,False
101.54,1.002740454793526,False
101.56,0.9997519982327722,False
101.58,1.0039039176024993,False
101.60000000000001,1.0040640656545097,False
101.62,1.0064307849558576,False
101.64,1.0090495233270909,False
101.66,1.0067775976720283,False
101.68,1.003915574786875,False
101.7,1.0031469664095436,False
101.72,1.0031408242559092,False
101.74000000000001,1.0024001223110754,False
101.76,1.0013627975432915,False
101.78,1.0026949404798577,False
101.8,1.0037649988379234,False
101.82000000000001,1.0042698481905494,False
101.84,1.003377511737433,False
101.86,1.006080769098377,False
101.88,1.00286598450311,False
101.9,1.0004086664413836,False
101.92,1.002330081801096,False
101.94,1.0009423042754093,False
101.96000000000001,1.0032277092180264,False
101.98,1.0054235969471028,False
102.0,1.0087930049429312,False
102.02,1.0056504684874827,False
102.04,1.003340271613507,False
102.06,1.0056067653389598,False
102.08,1.0077839347926347,False
102.10000000000001,1.0059937111902806,False
102.12,1.0057646581108681,False
102.14,1.0020857185869874,False
102.16,1.003231784581811,False
102.18,1.0053482569723722,False
102.2,1.0054679248669693,False
102.22,1.00219614765924,False
102.24000000000001,0.9995266745553021,False
102.26,0.9985947145443923,False
102.28,0.9991544035448775,False
102.3,0.9994689773743098,False
102.32000000000001,0.9977706406822316,False
102.34,0.998101736087733,False
102.36,0.9992422816635065,False
102.38,0.9998901208227366,False
102.4,0.9985222790066445,False
102.42,1.000920719828574,False
102.44,1.0018861762437477,False
102.46000000000001,1.0020982059548882,False
102.48,1.0046967313024848,False
102.5,1.005311493198605,False
102.52,1.0002699134945106,False
102.54,1.0017043835654487,False
102.56,1.001022789502126,False
102.58,1.0037498294460843,False
102.60000000000001,1.0074260050320627,False
102.62,1.0077738367910336,False
102.64,1.0033707122567281,False
102.66,1.0036162700900302,False
102.68,1.0030261522699695,False
102.7,1.0044421322325834,False
102.72,1.006008425967285,False
102.74000000000001,1.0032265015284887,False
102.76,1.0060092414056139,False
102.78,1.007638769864829,False
102.8,1.0061689941205103,False
102.82000000000001,1.0094659867666698,False
102.84,1.0038710198275491,False
102.86,1.0011779195192596,False
102.88,1.001148034239486,False
102.9,1.0023784137126266,False
102.92,1.0025659420727124,False
102.94,1.0042314871153721,False
102.96000000000001,1.006303845509356,False
102.98,1.0081308895280718,False
103.0,1.004785364963871,False
103.02,1.001859786093443,False
103.04,1.0013372488479069,False
103.06,1.0040174905534365,False
103.08,1.0016772526272912,False
103.10000000000001,1.0007380450206733,False
103.12,1.0024516824957697,False
103.14,1.000676379445377,False
103.16,0.9995743501574585,False
103.18,0.9987486865321934,False
103.2,1.0008705103530957,False
103.22,0.9984484306408996,False
103.24000000000001,0.9984691628596214,False
103.26,1.0003712259932058,False
103.28,1.0001692084801248,False
103.3,0.9982795962139928,False
103.32000000000001,1.000672320258998,False
103.34,1.002576848596774,False
103.36,0.99743728457315,False
103.38,0.9975351758006418,False
103.4,1.0000928168915042,False
103.42,0.999439556827334,False
103.44,1.0021881347194566,False
103.46000000000001,1.0032065509503718,False
103.48,1.0028106326919417,False
103.5,0.9984375205153204,False
103.52,0.9968851501110455,False
103.54,0.9976789534054749,False
103.56,0.9976341572341865,False
103.58,0.9980411626030276,False
103.60000000000001,0.9943432960921808,False
103.62,0.9923678738239798,False
103.64,0.9906605323592333,False
103.66,0.9907125428849181,False
103.68,0.9917318471658291,False
103.7,0.9922289317548373,False
103.72,0.9930603726101107,False
103.74000000000001,0.994854590087656,False
103.76,0.9974739284612332,False
103.78,0.9957744104489111,False
103.8,0.994219781189257,False
103.82000000000001,0.9918418223990351,False
103.84,0.991204048197663,False
103.86,0.9910060783013824,False
103.88,0.9989522170379848,False
103.9,0.9973187579738595,False
103.92,0.9969082817975689,False
103.94,0.9959920851930778,False
103.96000000000001,0.9968526149507781,False
103.98,0.9943088659046613,False
104.0,0.9938381551203119,False
104.02,0.9935804562256595,False
104.04,0.9942130512814557,False
104.06,0.995789123905726,False
104.08,0.993936806418004,False
104.10000000000001,0.996703338332137,False
104.12,0.9952637357097402,False
104.14,0.9972453754381626,False
104.16,0.9983588286817769,False
104.18,0.9984657533334469,False
104.2,0.996428694622752,False
104.22,0.9962330444141128,False
104.24000000000001,0.9978329914586541,False
104.26,0.999664516166788,False
104.28,1.0036579496255509,False
104.3,1.0074720587049162,False
104.32000000000001,1.0078833586446263,False
104.34,1.0084754028860414,False
104.36,1.0080446156268534,False
104.38,1.0042865705537334,False
104.4,1.0042521999353464,False
104.42,1.0035069736336113,False
104.44,1.002590782095621,False
104.46000000000001,1.001475629851113,False
104.48,1.000980180333876,False
104.5,1.0017415053328511,False
104.52,0.9996462541545109,False
104.54,0.9967041553841983,False
104.56,0.9966388969188811,False
104.58,0.9960856033719167,False
104.60000000000001,0.9966740918668759,False
104.62,0.9973312381142995,False
104.64,0.994888655358958,False
104.66,0.9969587806224496,False
104.68,0.9958126734103518,False
104.7,0.9997260863000529,False
104.72,0.9987248738318334,False
104.74000000000001,0.99489079768566,False
104.76,0.9929288024385601,False
104.78,0.9911040329040883,False
104.8,0.9917703643988856,False
104.82000000000001,0.9928553330187565,False
104.84,0.9946713721963043,False
104.86,0.9950674149488994,False
104.88,0.9951503838695966,False
104.9,0.9950386694221586,False
104.92,0.99692495395975,False
104.94,0.9958282426830506,False
104.96000000000001,0.9967522223511827,False
104.98,0.9992277633289021,False
105.0,0.9974503594465103,False
105.02,0.9949281330416335,False
105.04,0.9919340087620677,False
105.06,0.9920341197519709,False
105.08,0.9929879856946424,False
105.10000000000001,0.9923012066920446,False
105.12,0.9925702742284719,False
105.14,0.9930547602580058,False
105.16,0.9907926768858437,False
105.18,0.9908250989729633,False
105.2,0.9953704326260965,False
105.22,0.9964700559070888,False
105.24000000000001,0.9967011956255133,False
105.26,0.9967346329630489,False
105.28,0.9939568928118083,False
105.3,0.996679194084289,False
105.32000000000001,0.9962564713447183,False
105.34,0.9957852708797716,False
105.36,1.0010915506830858,False
105.38,0.9988264813851404,False
105.4,0.9964953484063717,False
105.42,0.9957999472954758,False
105.44,0.9952538280798098,False
105.46000000000001,0.9949296817775272,False
105.48,0.9956502680567335,False
105.5,0.9965270270039235,False
105.52,0.998484514243756,False
105.54,0.9968467879123225,False
105.56,0.9991922016646178,False
105.58,1.0007305808701032,False
105.60000000000001,0.9990340797872287,False
105.62,0.9979632638542972,False
105.64,0.9958053018784728,False
105.66,0.9914752803133858,False
105.68,0.9909883962311626,False
105.7,0.9923782380010211,False
105.72,0.9977729826969052,False
105.74000000000001,1.0019796880029632,False
105.76,1.0039051146440108,False
105.78,1.0036079934648745,False
105.8,1.0056611548903844,False
105.82000000000001,1.0091349133778968,False
105.84,1.0089732880694267,False
105.86,1.0070127613231428,False
105.88,1.005383803879746,False
105.9,1.0090623819793774,False
105.92,1.0095777589495665,False
105.94,1.0088883739682322,False
105.96000000000001,1.0062075832764206,False
105.98,1.0018930478528958,False
106.0,0.9991507185603834,False
106.02,0.9969773913277709,False
106.04,0.99591368830077,False
106.06,0.9967207753399541,False
106.08,0.995870052093525,False
106.10000000000001,0.9963357636093064,False
106.12,0.9956381476837516,False
106.14,0.9977016145861203,False
106.16,0.9962631459701397,False
106.18,0.9960633406374304,False
106.2,0.9958748719775421,False
106.22,0.9975669271831712,False
106.24000000000001,0.9983177741835139,False
106.26,0.9994053415983721,False
106.28,0.9986247709036833,False
106.3,0.9981410508858263,False
106.32000000000001,0.9962567128800709,False
106.34,0.9934025607435342,False
106.36,0.9942009029355395,False
106.38,0.9959114552652264,False
106.4,0.9954775900012196,False
106.42,0.9978728048986628,False
106.44,0.9971912452786239,False
106.46000000000001,1.0037624334389814,False
106.48,1.0059193501235915,False
106.5,1.0042296918318419,False
106.52,1.0098250308932277,False
106.54,1.0091563736639402,False
106.56,1.0067089302411878,False
106.58,1.0030953754398715,False
106.60000000000001,1.0057204133919517,False
106.62,1.0076241845847131,False
106.64,1.0018290471061881,False
106.66,1.0014427069677292,False
106.68,1.0011492623738565,False
106.7,0.9977604671943752,False
106.72,0.9975336010696565,False
106.74000000000001,0.9981839417552522,False
106.76,0.9970183264446971,False
106.78,0.9994535001745372,False
106.8,1.0001862987318297,False
106.82000000000001,0.9996630423422851,False
106.84,0.9981019595909939,False
106.86,0.9954013479311796,False
106.88,0.9949476154762831,False
106.9,0.9946107370355189,False
106.92,0.9956480361375347,False
106.94,0.998138188063574,False
106.96000000000001,1.0014803838639001,False
106.98,0.9993185391199372,False
107.0,0.9992929638895017,False
107.02,1.0029379491945778,False
107.04,1.0035605288555784,False
107.06,1.0043839394003136,False
107.08,1.0029904544853026,False
107.10000000000001,1.0041243813156067,False
107.12,1.0064949089786241,False
107.14,1.0072062884631579,False
107.16,1.005483342416013,False
107.18,1.005345098736566,False
107.2,1.0040117716359485,False
107.22,1.0034168807298471,False
107.24000000000001,1.0034885435223706,False
107.26,1.0031356486807532,False
107.28,1.0041658285746955,False
107.3,1.0019954080183293,False
107.32000000000001,1.0039661429164384,False
107.34,1.0018848516204775,False
107.36,0.9987577082316532,False
107.38,0.9965572502753717,False
107.4,0.9976149254434392,False
107.42,0.9931825645778293,False
107.44,0.9953626731464031,False
107.46000000000001,0.9956773937296263,False
107.48,0.9973540955098403,False
107.5,0.9939785252479858,False
107.52,0.9972874111327285,False
107.54,0.9949131548040784,False
107.56,0.9973503818338149,False
107.58,0.9977040389658579,False
107.60000000000001,0.9987057425944942,False
107.62,1.0014054187084975,False
107.64,1.0026122399970898,False
107.66,1.0024809072608907,False
107.68,1.0015283902843641,False
107.7,1.0028653680727164,False
107.72,1.0012515804185103,False
107.74000000000001,1.0018948299632744,False
107.76,1.001370835204448,False
107.78,0.9988411859977497,False
107.8,1.0013499306930598,False
107.82000000000001,1.0013974220360962,False
107.84,1.0004660301120485,False
107.86,1.0032722680421269,False
107.88,1.003136390879647,False
107.9,1.004827969801575,False
107.92,1.0078014028332376,False
107.94,1.0076696157712226,False
107.96000000000001,1.0044636970337448,False
107.98,1.0036181972503238,False
108.0,1.0068444926341888,False
108.02,1.0107922270733325,False
108.04,1.0113041034498476,False
108.06,1.0120911720695909,False
108.08,1.010364467273127,False
108.10000000000001,1.0061629003184998,False
108.12,1.0042719941256786,False
108.14,1.0040958906243487,False
108.16,0.9982967400748008,False
108.18,0.9997745077459037,False
108.2,0.9995479420211922,False
108.22,0.9976125418692539,False
108.24000000000001,0.9970651107156707,False
108.26,0.9997508563420107,False
108.28,1.0007719279519762,False
108.3,1.0004399741812795,False
108.32000000000001,1.0062892715199143,False
108.34,1.0058952506038112,False
108.36,1.0046432985067137,False
108.38,1.005023395598146,False
108.4,1.0067878708498958,False
108.42,1.0086362658273662,False
108.44,1.0098993556690503,False
108.46000000000001,1.0108318451197569,False
108.48,1.0151338091149769,False
108.5,1.0141205868669279,False
108.52,1.0092640136865934,False
108.54,1.0089153389981118,False
108.56,1.007965059914034,False
108.58,1.0034363105680228,False
108.60000000000001,0.9995721816715938,False
108.62,0.9999137133832561,False
108.64,0.9991571785563342,False
108.66,0.9978401785899723,False
108.68,0.998548817895186,False
108.7,0.994909498217287,False
108.72,0.9959008379788822,False
108.74000000000001,0.9972439035537263,False
108.76,0.9989172460175288,False
108.78,0.9972619801326404,False
108.8,0.9942304517932835,False
108.82000000000001,0.9918076356900484,False
108.84,0.9946951899032809,False
108.86,0.9946183337435238,False
108.88,0.99621539831132,False
108.9,0.9918677274582528,False
108.92,0.9928720486049987,False
108.94,0.993144989211604,False
108.96000000000001,0.99110681663925,False
108.98,0.9949027813491506,False
109.0,0.994695594328789,False
109.02,0.9981057447451294,False
109.04,0.998342306452226,False
109.06,0.9996371825679913,False
109.08,0.9991594702777846,False
109.10000000000001,0.9992954283397126,False
109.12,0.9970608331266188,False
109.14,0.9986257675989815,False
109.16,0.9971224320236216,False
109.18,0.9978265119623618,False
109.2,0.9978249557408061,False
109.22,0.9982493591359657,False
109.24000000000001,0.9973130678818345,False
109.26,0.9971224667606894,False
109.28,0.9975382982236659,False
109.3,0.9968470535192322,False
109.32000000000001,0.9969415784025513,False
109.34,0.9943703356596625,False
109.36,0.9967107461728264,False
109.38,0.9979888134632792,False
109.4,1.0002292815619243,False
109.42,1.0011807172335263,False
109.44,1.0006196735538564,False
109.46000000000001,0.9973802250687043,False
109.48,0.9986966937191365,False
109.5,0.9987859213216703,False
109.52,1.0003491898723846,False
109.54,0.9998734706110924,False
109.56,1.0008341234856581,False
109.58,1.002170861338945,False
109.60000000000001,1.0010395638219576,False
109.62,0.9973488966729901,False
109.64,0.9984379531240982,False
109.66,1.000190922728831,False
109.68,0.9993503097627631,False
109.7,1.0003144444083132,False
109.72,0.9976248017744256,False
109.74000000000001,0.996421127780243,False
109.76,0.9950416996154918,False
109.78,0.9950199079854827,False
109.8,0.9953121150276947,False
109.82000000000001,0.9942497781372576,False
109.84,0.9944275178806414,False
109.86,0.9948646689184771,False
109.88,0.9968807261267462,False
109.9,0.9959567053845515,False
109.92,0.9968752734290504,False
109.94,0.9944063962694267,False
109.96000000000001,0.9902836320211482,False
109.98,0.9918163197764933,False
110.0,0.9898472574241782,False
110.02,0.9903333606047987,False
110.04,0.9918659846003607,False
110.06,0.9912294672783146,False
110.08,0.9913142408401735,False
110.10000000000001,0.992048275244645,False
110.12,0.9878113680327961,False
110.14,0.9913599388781887,False
110.16,0.9896881117072954,False
110.18,0.9946292709275139,False
110.2,0.9971696661542371,False
110.22,0.9999922091453948,False
110.24000000000001,0.9977349867514976,False
110.26,1.0022973024106336,False
110.28,1.0033025061332883,False
110.3,1.0031416633109587,False
110.32000000000001,1.0036970337567424,False
110.34,1.000220481975102,False
110.36,0.9993299425453271,False
110.38,0.9992948998584791,False
110.4,0.9992893813538525,False
110.42,0.9990197397539148,False
110.44,0.9970589470870516,False
110.46000000000001,0.9945444111191181,False
110.48,0.9937330493476929,False
110.5,0.9952110025742447,False
110.52,0.9972810552858348,False
110.54,0.9989962858220762,False
110.56,0.9958114324760537,False
110.58,0.9956033771279603,False
110.60000000000001,0.9968104902206576,False
110.62,0.9992886311171796,False
110.64,0.9965009818963774,False
110.66,0.9990245725073181,False
110.68,0.9967853867999089,False
110.7,0.994909403367772,False
110.72,0.9941934014434091,False
110.74000000000001,0.9941528824663716,False
110.76,0.9949283174368111,False
110.78,0.9924223458702854,False
110.8,0.9907648145113718,False
110.82000000000001,0.9913464722472752,False
110.84,0.9925430798046747,False
110.86,0.9911675110051922,False
110.88,0.9921324175503452,False
110.9,0.9905485026325027,False
110.92,0.990356238438008,False
110.94,0.9915204075862332,False
110.96000000000001,0.9940356400717393,False
110.98,0.9974630619800021,False
111.0,0.9989567245140264,False
111.02,0.9988572032054693,False
111.04,1.0019629931355756,False
111.06,1.0005322751322412,False
111.08,1.0000705225188087,False
111.10000000000001,1.0012998706765641,False
111.12,1.0008921006222724,False
111.14,0.9987959310862876,False
111.16,0.9975052976262339,False
111.18,0.9984686824326168,False
111.2,0.9970181599351995,False
111.22,0.9963951437745112,False
111.24000000000001,0.9999123233875173,False
111.26,0.9996992023262185,False
111.28,0.9999910223972109,False
111.3,0.9997364549385287,False
111.32000000000001,0.9954761290908373,False
111.34,0.9985460991799636,False
111.36,1.000390130441981,False
111.38,1.0028261861522465,False
111.4,0.9984813271705375,False
111.42,0.9997052317117884,False
111.44,0.997875504404614,False
111.46000000000001,0.9960239750921318,False
111.48,0.996011149184856,False
111.5,0.9957023704031736,False
111.52,0.9950600157670235,False
111.54,0.9962290470430353,False
111.56,0.9959802734670485,False
111.58,0.9983835825588755,False
111.60000000000001,0.9996417455218334,False
111.62,0.9987164843620538,False
111.64,1.0011541590151132,False
111.66,1.0024220656001863,False
111.68,0.9998886205864889,False
111.7,0.9989290787427724,False
111.72,0.9984939542852216,False
111.74000000000001,0.9997144418072279,False
111.76,1.0004558973886297,False
111.78,0.9999135718906563,False
111.8,1.0015815245066637,False
111.82000000000001,0.9978956895875483,False
111.84,0.9973630396469961,False
111.86,0.9991124158187069,False
111.88,1.0040476498870732,False
111.9,1.005595624359381,False
111.92,1.0062376966160884,False
111.94,1.0041282856464377,False
111.96000000000001,1.0054754888954807,False
111.98,1.002430594894137,False
112.0,1.0004869193990187,False
112.02,1.0013360996280025,False
112.04,1.0012691910354612,False
112.06,1.0010781305091971,False
112.08,1.00273883299349,False
112.10000000000001,1.0021998742274043,False
112.12,1.0046192388953106,False
112.14,1.0061296767827212,False
112.16,1.0048180980467891,False
112.18,1.0039807309882431,False
112.2,1.0061187037562138,False
112.22,1.0117016977315656,False
112.24000000000001,1.012336854949736,False
112.26,1.013380102755905,False
112.28,1.0148073368357249,False
112.3,1.0142422037981385,False
112.32000000000001,1.0128990465605376,False
112.34,1.0105419968122036,False
112.36,1.0121827669804588,False
112.38,1.0105380698993867,False
112.4,1.0091070044573809,False
112.42,1.0058795127185376,False
112.44,1.004685528279247,False
112.46000000000001,1.0042166789578717,False
112.48,1.005141021889359,False
112.5,1.002198355526187,False
112.52,0.9972189616493387,False
112.54,0.9963776148197581,False
112.56,0.9980391325543355,False
112.58,1.0013640226524478,False
112.60000000000001,0.9985357609435884,False
112.62,0.9987115543442604,False
112.64,1.0014481097045718,False
112.66,0.9956357013561834,False
112.68,0.9934854563298792,False
112.7,0.9912912331895003,False
112.72,0.9939673042154468,False
112.74000000000001,0.9947886156766846,False
112.76,0.9972467163307853,False
112.78,1.0003773337529822,False
112.8,0.9979294459045761,False
112.82000000000001,1.0027452281167106,False
112.84,1.005330810299725,False
112.86,1.0047835216880583,False
112.88,1.0027894197963538,False
112.9,1.0008771660607365,False
112.92,1.0006309345453277,False
112.94,1.0023684101777164,False
112.96000000000001,1.002378451469728,False
112.98,1.0002753136942013,False
113.0,0.998856153706219,False
113.02,1.0035245042867076,False
113.04,1.0009005589409483,False
113.06,0.9991805046284642,False
113.08,0.9989964796242595,False
113.10000000000001,0.9977650342378503,False
113.12,0.9991385149408265,False
113.14,0.9987095713250657,False
113.16,1.0011706639661508,False
113.18,1.0011694247746439,False
113.2,1.0001064380597817,False
113.22,1.0011713168831926,False
113.24000000000001,1.0000664590995212,False
113.26,1.0019348580065495,False
113.28,1.0027227905144662,False
113.3,1.0030883527183287,False
113.32000000000001,1.002636319304939,False
113.34,1.004693544393063,False
113.36,1.0048188208631355,False
113.38,0.9994903061683431,False
113.4,1.001662249226992,False
113.42,0.9999208892808922,False
113.44,1.002023485494957,False
113.46000000000001,1.0003189881283394,False
113.48,1.0015335770633687,False
113.5,0.999724308485695,False
113.52,0.9998149758889645,False
113.54,0.9952655976637107,False
113.56,0.99808932605566,False
113.58,0.9994206702136774,False
113.60000000000001,1.0005437705351954,False
113.62,1.0017549386154208,False
113.64,1.0010112730181127,False
113.66,1.0016162300369529,False
113.68,1.0002704666312294,False
113.7,1.0018812142695201,False
113.72,0.998752348825508,False
113.74000000000001,0.9983062367802167,False
113.76,0.9972464285601776,False
113.78,0.9971225085926657,False
113.8,0.9981381886288863,False
113.82000000000001,1.0012594653990596,False
113.84,1.000658715830489,False
113.86,0.9984170479761713,False
113.88,0.997957392484319,False
113.9,0.9945574532756548,False
113.92,0.9984080625290428,False
113.94,0.9976695895161644,False
113.96000000000001,0.9999476703876337,False
113.98,1.0017112021879813,False
114.0,1.0017131318820067,False
114.02,1.0044024516993013,False
114.04,1.0051220300615247,False
114.06,1.0010891750769952,False
114.08,1.0043795551940684,False
114.10000000000001,1.0026813077874022,False
114.12,1.0029525367889327,False
114.14,1.004627861125097,False
114.16,1.0042797925834273,False
114.18,1.0059714244511464,False
114.2,1.0093008122421123,False
114.22,1.0038146020532561,False
114.24000000000001,1.0038505201601033,False
114.26,1.0043926485755972,False
114.28,1.005317492496931,False
114.3,1.0047422709327316,False
114.32000000000001,1.0044079045494338,False
114.34,1.0029423640031843,False
114.36,1.0040645047041108,False
114.38,1.00145880871902,False
114.4,1.0008173599626131,False
114.42,1.0000341573114098,False
114.44,1.0034086998710663,False
114.46000000000001,1.003121313386708,False
114.48,1.006878968046767,False
114.5,1.0055696666887002,False
114.52,1.0046903504585858,False
114.54,1.008338393287482,False
114.56,1.006976832134481,False
114.58,1.0068602246788323,False
114.60000000000001,1.0072131523520924,False
114.62,1.0060998756825277,False
114.64,1.0084145858907552,False
114.66,1.0071828797379112,False
114.68,1.0056869858681023,False
114.7,1.006863925564299,False
114.72,1.0060009636343532,False
114.74000000000001,1.0074092752126889,False
114.76,1.0053496918903002,False
114.78,1.0052165816951872,False
114.8,1.0032373580580196,False
114.82000000000001,1.0044039986136584,False
114.84,1.005353553762209,False
114.86,1.0040471267364626,False
114.88,1.003762973196951,False
114.9,1.003357862016272,False
114.92,1.0051064267085295,False
114.94,1.0040493477925194,False
114.96000000000001,1.0046731296093483,False
114.98,1.0020168759158568,False
115.0,1.0029257194482588,False
115.02,1.0022229120329182,False
115.04,1.0026049278390872,False
115.06,1.001249651356651,False
115.08,1.0011799673091966,False
115.10000000000001,1.000960737964961,False
115.12,1.0030895805417719,False
115.14,1.0046948422767967,False
115.16,1.0036256770229055,False
115.18,1.004876580886258,False
115.2,1.0022016146041957,False
115.22,0.996319479296156,False
115.24000000000001,0.9939024830507838,False
115.26,0.9930943364616642,False
115.28,0.9960480572157195,False
115.3,0.9964405694445901,False
115.32000000000001,0.9983148920190751,False
115.34,0.9961916224988535,False
115.36,0.9955603409334541,False
115.38,0.9960754769087387,False
115.4,0.9972910364867584,False
115.42,0.9972805849276741,False
115.44,0.9973926731613469,False
115.46000000000001,0.9963863433570085,False
115.48,0.9952400877434412,False
115.5,0.9950301060164304,False
115.52,0.9970858902122904,False
115.54,0.9959462497280086,False
115.56,0.9939935130702758,False
115.58,0.993337379362514,False
115.60000000000001,0.9947858126157073,False
115.62,0.9958530648380802,False
115.64,0.998084119243396,False
115.66,0.9987473682579443,False
115.68,0.9979302191714591,False
115.7,0.9990920159927125,False
115.72,0.9958750406213125,False
115.74000000000001,0.9964159558059227,False
115.76,0.9969280640130852,False
115.78,0.9953801918811823,False
115.8,0.9981724587783423,False
115.82000000000001,0.9904113287011204,False
115.84,0.9907117100437098,False
115.86,0.9897954243436174,False
115.88,0.9914348307347189,False
115.9,0.9934402857139225,False
115.92,0.9936718293376241,False
115.94,0.9973807650609664,False
115.96000000000001,0.9977688822487324,False
115.98,0.9965509986279969,False
116.0,0.9973010337334335,False
116.02,0.9966125445169565,False
116.04,0.999223072436308,False
116.06,1.0008432738699224,False
116.08,1.0020088760476034,False
116.10000000000001,1.0030148475980802,False
116.12,1.0074930134618933,False
116.14,1.0046312214118163,False
116.16,1.0055482441103114,False
116.18,1.005982512344023,False
116.2,1.003055935953882,False
116.22,1.0045978749720967,False
116.24000000000001,1.0015986407215967,False
116.26,1.0019966275897205,False
116.28,1.0034912837680754,False
116.3,1.0017815850434932,False
116.32000000000001,1.0006170497129778,False
116.34,1.0013522154599432,False
116.36,1.0049398419823583,False
116.38,1.0073279870777558,False
116.4,1.0065577748344752,False
116.42,1.0100623013120178,False
116.44,1.0083629417612994,False
116.46000000000001,1.0065091900902055,False
116.48,1.0043362874413808,False
116.5,1.0051529820467002,False
116.52,1.0074802538335361,False
116.54,1.0048553575499166,False
116.56,1.004519542715197,False
116.58,1.0054512369084363,False
116.60000000000001,1.0033399695678684,False
116.62,1.002406761822257,False
116.64,1.000446472986403,False
116.66,0.9989044167420312,False
116.68,0.9994269312773327,False
116.7,1.0007255623745204,False
116.72,1.002411423944497,False
116.74000000000001,1.003662711183421,False
116.76,1.0052105233244184,False
116.78,1.0070127632883163,False
116.8,1.0037180699335488,False
116.82000000000001,0.9983403905865766,False
116.84,0.9941277495906823,False
116.86,0.9920262403391056,False
116.88,0.9945023822406811,False
116.9,0.9965711424603556,False
116.92,0.9942739498892919,False
116.94,0.9928116950428034,False
116.96000000000001,0.9988443031229137,False
116.98,0.9986386687390625,False
117.0,1.0009801539846466,False
117.02,1.0024498205618075,False
117.04,1.006117878786582,False
117.06,1.0047413781845997,False
117.08,1.0074645700770424,False
117.10000000000001,1.0071355469760428,False
117.12,1.0065082832033323,False
117.14,1.0038046192617887,False
117.16,1.0026853288593582,False
117.18,1.0047721884531482,False
117.2,1.0035238405177582,False
117.22,0.9995118339365456,False
117.24000000000001,0.9993252144057113,False
117.26,0.9982799946256165,False
117.28,0.9971223921607936,False
117.3,0.9943616418119237,False
117.32000000000001,0.9911992873927095,False
117.34,0.9938563350681119,False
117.36,0.996572365622135,False
117.38,0.9969711814380712,False
117.4,0.995205932322936,False
117.42,0.9957287968501388,False
117.44,0.9970738411861396,False
117.46000000000001,0.9958741510244042,False
117.48,0.9932567408566464,False
117.5,0.9962668512848405,False
117.52,0.9980849633868245,False
117.54,0.9997487877729645,False
117.56,0.9978777653995029,False
117.58,0.998070297321144,False
117.60000000000001,1.0007154438951695,False
117.62,1.0013513903895734,False
117.64,1.0023784647727787,False
117.66,1.0052954148440378,False
117.68,1.0067298586737117,False
117.7,1.0065770581537872,False
117.72,1.0037669723373435,False
117.74000000000001,1.001063631859781,False
117.76,0.9996422977000139,False
117.78,1.0005810688846863,False
117.8,0.9983147457285849,False
117.82000000000001,0.9941871701721716,False
117.84,0.9964537067976118,False
117.86,0.9948070486994134,False
117.88,0.9952535228020676,False
117.9,0.9963247556735785,False
117.92,0.9966630743836191,False
117.94,0.9985105462060605,False
117.96000000000001,0.9988044556359513,False
117.98,1.0008184008313579,False
118.0,1.0033042835308523,False
118.02,1.000505649805881,False
118.04,0.9972205786810385,False
118.06,1.0001156478860456,False
118.08,1.0013122734163626,False
118.10000000000001,0.9973368678976487,False
118.12,0.9972847323060832,False
118.14,0.9968554609871036,False
118.16,0.9959443275263523,False
118.18,0.9974242269318463,False
118.2,0.9996744966846653,False
118.22,0.9995549169365187,False
118.24000000000001,0.996286034433925,False
118.26,0.9945223871803024,False
118.28,0.9966862646844118,False
118.3,0.9940931764798336,False
118.32000000000001,0.9957582066428905,False
118.34,0.9954214133496313,False
118.36,0.9954642431403724,False
118.38,0.9941645071177234,False
118.4,0.9960725271118587,False
118.42,0.9961035459873163,False
118.44,0.9956924290962591,False
118.46000000000001,0.9975537349438411,False
118.48,0.9977975039048533,False
118.5,0.9963433141805277,False
118.52,0.9961668442036204,False
118.54,0.9940994399036113,False
118.56,0.9958561578239573,False
118.58,0.9972549986863263,False
118.60000000000001,1.0003841255474202,False
118.62,0.9991362630756838,False
118.64,1.0005462949365447,False
118.66,0.9993580851508573,False
118.68,1.0030816511608072,False
118.7,1.0048743901220984,False
118.72,1.0058143203471304,False
118.74000000000001,1.004017089506915,False
118.76,1.0002306997521213,False
118.78,1.0019113924851049,False
118.8,1.003512748474826,False
118.82000000000001,1.0028002787802877,False
118.84,1.001962197831979,False
118.86,0.999677345683956,False
118.88,0.9995828187170901,False
118.9,0.9972111664117754,False
118.92,0.9979483463993989,False
118.94,0.9987786787891401,False
118.96000000000001,1.0021655818558939,False
118.98,1.0034057595539563,False
119.0,1.0029160802064383,False
119.02,1.0033965702220393,False
119.04,1.000450946203105,False
119.06,0.9997029106682764,False
119.08,1.0020716498221067,False
119.10000000000001,1.0029485651087233,False
119.12,1.001635340541591,False
119.14,1.0009212034825292,False
119.16,0.9988676206396958,False
119.18,0.997958434312988,False
119.2,0.9961552236445937,False
119.22,0.9957089271452791,False
119.24000000000001,0.9969972738820098,False
119.26,0.9969800046400136,False
119.28,0.9950672225768138,False
119.3,0.9962807185346573,False
119.32000000000001,0.9988065135416445,False
119.34,0.9950812480155452,False
119.36,0.994882321796375,False
119.38,0.9939416146041932,False
119.4,0.9969368166761636,False
119.42,0.9982231219560258,False
119.44,1.0005704877645907,False
119.46000000000001,1.0014808866615248,False
119.48,1.0006213461692937,False
119.5,1.0003168777242952,False
119.52,0.9984876582285369,False
119.54,1.001742894093483,False
119.56,1.0042265156029766,False
119.58,0.9999392438619584,False
119.60000000000001,0.996852675665122,False
119.62,0.9989842782699757,False
119.64,1.0015092366812963,False
119.66,1.0017328390421167,False
119.68,0.9988646013026656,False
119.7,0.998558885663798,False
119.72,0.9957245843516336,False
119.74000000000001,1.0003368142803188,False
119.76,1.0009356969317684,False
119.78,1.00371048780001,False
119.8,1.0069436373378318,False
119.82000000000001,1.0038976254573617,False
119.84,1.0036164950169655,False
119.86,1.0008559578728693,False
119.88,1.003725372633689,False
119.9,1.0023338658371024,False
119.92,0.9990184787426986,False
119.94,0.997878166243754,False
119.96000000000001,0.9948371840704177,False
119.98,0.9921726301791247,False
